{
"type": "FeatureCollection",
"name": "Chicago_grid_1km_odiac",
"crs": { "type": "name", "properties": { "name": "urn:ogc:def:crs:OGC:1.3:CRS84" } },
"features": [
{ "type": "Feature", "properties": { "cell_id": "r0_c32", "row": 0, "col": 32, "global_row": 5757, "global_col": 11079, "lon": -87.670833333333334, "lat": 42.020833333333329 }, "geometry": { "type": "Polygon", "coordinates": [ [ [ -87.666666666666657, 42.016666666666666 ], [ -87.666666666666657, 42.025 ], [ -87.675, 42.025 ], [ -87.675, 42.016666666666666 ], [ -87.666666666666657, 42.016666666666666 ] ] ] } },
{ "type": "Feature", "properties": { "cell_id": "r1_c15", "row": 1, "col": 15, "global_row": 5758, "global_col": 11062, "lon": -87.8125, "lat": 42.0125 }, "geometry": { "type": "Polygon", "coordinates": [ [ [ -87.808333333333323, 42.008333333333333 ], [ -87.808333333333323, 42.016666666666666 ], [ -87.816666666666663, 42.016666666666666 ], [ -87.816666666666663, 42.008333333333333 ], [ -87.808333333333323, 42.008333333333333 ] ] ] } },
{ "type": "Feature", "properties": { "cell_id": "r1_c19", "row": 1, "col": 19, "global_row": 5758, "global_col": 11066, "lon": -87.779166666666654, "lat": 42.0125 }, "geometry": { "type": "Polygon", "coordinates": [ [ [ -87.775, 42.008333333333333 ], [ -87.775, 42.016666666666666 ], [ -87.783333333333331, 42.016666666666666 ], [ -87.783333333333331, 42.008333333333333 ], [ -87.775, 42.008333333333333 ] ] ] } },
{ "type": "Feature", "properties": { "cell_id": "r1_c28", "row": 1, "col": 28, "global_row": 5758, "global_col": 11075, "lon": -87.704166666666666, "lat": 42.0125 }, "geometry": { "type": "Polygon", "coordinates": [ [ [ -87.7, 42.008333333333333 ], [ -87.7, 42.016666666666666 ], [ -87.708333333333329, 42.016666666666666 ], [ -87.708333333333329, 42.008333333333333 ], [ -87.7, 42.008333333333333 ] ] ] } },
{ "type": "Feature", "properties": { "cell_id": "r1_c29", "row": 1, "col": 29, "global_row": 5758, "global_col": 11076, "lon": -87.695833333333326, "lat": 42.0125 }, "geometry": { "type": "Polygon", "coordinates": [ [ [ -87.691666666666663, 42.008333333333333 ], [ -87.691666666666663, 42.016666666666666 ], [ -87.7, 42.016666666666666 ], [ -87.7, 42.008333333333333 ], [ -87.691666666666663, 42.008333333333333 ] ] ] } },
{ "type": "Feature", "properties": { "cell_id": "r1_c30", "row": 1, "col": 30, "global_row": 5758, "global_col": 11077, "lon": -87.6875, "lat": 42.0125 }, "geometry": { "type": "Polygon", "coordinates": [ [ [ -87.683333333333323, 42.008333333333333 ], [ -87.683333333333323, 42.016666666666666 ], [ -87.691666666666663, 42.016666666666666 ], [ -87.691666666666663, 42.008333333333333 ], [ -87.683333333333323, 42.008333333333333 ] ] ] } },
{ "type": "Feature", "properties": { "cell_id": "r1_c31", "row": 1, "col": 31, "global_row": 5758, "global_col": 11078, "lon": -87.679166666666674, "lat": 42.0125 }, "geometry": { "type": "Polygon", "coordinates": [ [ [ -87.675, 42.008333333333333 ], [ -87.675, 42.016666666666666 ], [ -87.683333333333323, 42.016666666666666 ], [ -87.683333333333323, 42.008333333333333 ], [ -87.675, 42.008333333333333 ] ] ] } },
{ "type": "Feature", "properties": { "cell_id": "r1_c32", "row": 1, "col": 32, "global_row": 5758, "global_col": 11079, "lon": -87.670833333333334, "lat": 42.0125 }, "geometry": { "type": "Polygon", "coordinates": [ [ [ -87.666666666666657, 42.008333333333333 ], [ -87.666666666666657, 42.016666666666666 ], [ -87.675, 42.016666666666666 ], [ -87.675, 42.008333333333333 ], [ -87.666666666666657, 42.008333333333333 ] ] ] } },
{ "type": "Feature", "properties": { "cell_id": "r1_c33", "row": 1, "col": 33, "global_row": 5758, "global_col": 11080, "lon": -87.6625, "lat": 42.0125 }, "geometry": { "type": "Polygon", "coordinates": [ [ [ -87.658333333333331, 42.008333333333333 ], [ -87.658333333333331, 42.016666666666666 ], [ -87.666666666666657, 42.016666666666666 ], [ -87.666666666666657, 42.008333333333333 ], [ -87.658333333333331, 42.008333333333333 ] ] ] } },
{ "type": "Feature", "properties": { "cell_id": "r2_c1", "row": 2, "col": 1, "global_row": 5759, "global_col": 11048, "lon": -87.929166666666646, "lat": 42.004166666666663 }, "geometry": { "type": "Polygon", "coordinates": [ [ [ -87.925, 42.0 ], [ -87.925, 42.008333333333333 ], [ -87.933333333333323, 42.008333333333333 ], [ -87.933333333333323, 42.0 ], [ -87.925, 42.0 ] ] ] } },
{ "type": "Feature", "properties": { "cell_id": "r2_c3", "row": 2, "col": 3, "global_row": 5759, "global_col": 11050, "lon": -87.9125, "lat": 42.004166666666663 }, "geometry": { "type": "Polygon", "coordinates": [ [ [ -87.908333333333331, 42.0 ], [ -87.908333333333331, 42.008333333333333 ], [ -87.916666666666657, 42.008333333333333 ], [ -87.916666666666657, 42.0 ], [ -87.908333333333331, 42.0 ] ] ] } },
{ "type": "Feature", "properties": { "cell_id": "r2_c4", "row": 2, "col": 4, "global_row": 5759, "global_col": 11051, "lon": -87.904166666666669, "lat": 42.004166666666663 }, "geometry": { "type": "Polygon", "coordinates": [ [ [ -87.9, 42.0 ], [ -87.9, 42.008333333333333 ], [ -87.908333333333331, 42.008333333333333 ], [ -87.908333333333331, 42.0 ], [ -87.9, 42.0 ] ] ] } },
{ "type": "Feature", "properties": { "cell_id": "r2_c5", "row": 2, "col": 5, "global_row": 5759, "global_col": 11052, "lon": -87.895833333333329, "lat": 42.004166666666663 }, "geometry": { "type": "Polygon", "coordinates": [ [ [ -87.891666666666666, 42.0 ], [ -87.891666666666666, 42.008333333333333 ], [ -87.9, 42.008333333333333 ], [ -87.9, 42.0 ], [ -87.891666666666666, 42.0 ] ] ] } },
{ "type": "Feature", "properties": { "cell_id": "r2_c14", "row": 2, "col": 14, "global_row": 5759, "global_col": 11061, "lon": -87.820833333333326, "lat": 42.004166666666663 }, "geometry": { "type": "Polygon", "coordinates": [ [ [ -87.816666666666663, 42.0 ], [ -87.816666666666663, 42.008333333333333 ], [ -87.825, 42.008333333333333 ], [ -87.825, 42.0 ], [ -87.816666666666663, 42.0 ] ] ] } },
{ "type": "Feature", "properties": { "cell_id": "r2_c15", "row": 2, "col": 15, "global_row": 5759, "global_col": 11062, "lon": -87.8125, "lat": 42.004166666666663 }, "geometry": { "type": "Polygon", "coordinates": [ [ [ -87.808333333333323, 42.0 ], [ -87.808333333333323, 42.008333333333333 ], [ -87.816666666666663, 42.008333333333333 ], [ -87.816666666666663, 42.0 ], [ -87.808333333333323, 42.0 ] ] ] } },
{ "type": "Feature", "properties": { "cell_id": "r2_c19", "row": 2, "col": 19, "global_row": 5759, "global_col": 11066, "lon": -87.779166666666654, "lat": 42.004166666666663 }, "geometry": { "type": "Polygon", "coordinates": [ [ [ -87.775, 42.0 ], [ -87.775, 42.008333333333333 ], [ -87.783333333333331, 42.008333333333333 ], [ -87.783333333333331, 42.0 ], [ -87.775, 42.0 ] ] ] } },
{ "type": "Feature", "properties": { "cell_id": "r2_c20", "row": 2, "col": 20, "global_row": 5759, "global_col": 11067, "lon": -87.770833333333329, "lat": 42.004166666666663 }, "geometry": { "type": "Polygon", "coordinates": [ [ [ -87.766666666666666, 42.0 ], [ -87.766666666666666, 42.008333333333333 ], [ -87.775, 42.008333333333333 ], [ -87.775, 42.0 ], [ -87.766666666666666, 42.0 ] ] ] } },
{ "type": "Feature", "properties": { "cell_id": "r2_c21", "row": 2, "col": 21, "global_row": 5759, "global_col": 11068, "lon": -87.7625, "lat": 42.004166666666663 }, "geometry": { "type": "Polygon", "coordinates": [ [ [ -87.758333333333326, 42.0 ], [ -87.758333333333326, 42.008333333333333 ], [ -87.766666666666666, 42.008333333333333 ], [ -87.766666666666666, 42.0 ], [ -87.758333333333326, 42.0 ] ] ] } },
{ "type": "Feature", "properties": { "cell_id": "r2_c28", "row": 2, "col": 28, "global_row": 5759, "global_col": 11075, "lon": -87.704166666666666, "lat": 42.004166666666663 }, "geometry": { "type": "Polygon", "coordinates": [ [ [ -87.7, 42.0 ], [ -87.7, 42.008333333333333 ], [ -87.708333333333329, 42.008333333333333 ], [ -87.708333333333329, 42.0 ], [ -87.7, 42.0 ] ] ] } },
{ "type": "Feature", "properties": { "cell_id": "r2_c29", "row": 2, "col": 29, "global_row": 5759, "global_col": 11076, "lon": -87.695833333333326, "lat": 42.004166666666663 }, "geometry": { "type": "Polygon", "coordinates": [ [ [ -87.691666666666663, 42.0 ], [ -87.691666666666663, 42.008333333333333 ], [ -87.7, 42.008333333333333 ], [ -87.7, 42.0 ], [ -87.691666666666663, 42.0 ] ] ] } },
{ "type": "Feature", "properties": { "cell_id": "r2_c30", "row": 2, "col": 30, "global_row": 5759, "global_col": 11077, "lon": -87.6875, "lat": 42.004166666666663 }, "geometry": { "type": "Polygon", "coordinates": [ [ [ -87.683333333333323, 42.0 ], [ -87.683333333333323, 42.008333333333333 ], [ -87.691666666666663, 42.008333333333333 ], [ -87.691666666666663, 42.0 ], [ -87.683333333333323, 42.0 ] ] ] } },
{ "type": "Feature", "properties": { "cell_id": "r2_c31", "row": 2, "col": 31, "global_row": 5759, "global_col": 11078, "lon": -87.679166666666674, "lat": 42.004166666666663 }, "geometry": { "type": "Polygon", "coordinates": [ [ [ -87.675, 42.0 ], [ -87.675, 42.008333333333333 ], [ -87.683333333333323, 42.008333333333333 ], [ -87.683333333333323, 42.0 ], [ -87.675, 42.0 ] ] ] } },
{ "type": "Feature", "properties": { "cell_id": "r2_c32", "row": 2, "col": 32, "global_row": 5759, "global_col": 11079, "lon": -87.670833333333334, "lat": 42.004166666666663 }, "geometry": { "type": "Polygon", "coordinates": [ [ [ -87.666666666666657, 42.0 ], [ -87.666666666666657, 42.008333333333333 ], [ -87.675, 42.008333333333333 ], [ -87.675, 42.0 ], [ -87.666666666666657, 42.0 ] ] ] } },
{ "type": "Feature", "properties": { "cell_id": "r2_c33", "row": 2, "col": 33, "global_row": 5759, "global_col": 11080, "lon": -87.6625, "lat": 42.004166666666663 }, "geometry": { "type": "Polygon", "coordinates": [ [ [ -87.658333333333331, 42.0 ], [ -87.658333333333331, 42.008333333333333 ], [ -87.666666666666657, 42.008333333333333 ], [ -87.666666666666657, 42.0 ], [ -87.658333333333331, 42.0 ] ] ] } },
{ "type": "Feature", "properties": { "cell_id": "r3_c0", "row": 3, "col": 0, "global_row": 5760, "global_col": 11047, "lon": -87.9375, "lat": 41.995833333333337 }, "geometry": { "type": "Polygon", "coordinates": [ [ [ -87.933333333333323, 41.991666666666667 ], [ -87.933333333333323, 42.0 ], [ -87.941666666666663, 42.0 ], [ -87.941666666666663, 41.991666666666667 ], [ -87.933333333333323, 41.991666666666667 ] ] ] } },
{ "type": "Feature", "properties": { "cell_id": "r3_c1", "row": 3, "col": 1, "global_row": 5760, "global_col": 11048, "lon": -87.929166666666646, "lat": 41.995833333333344 }, "geometry": { "type": "Polygon", "coordinates": [ [ [ -87.925, 41.991666666666667 ], [ -87.925, 42.0 ], [ -87.933333333333323, 42.0 ], [ -87.933333333333323, 41.991666666666667 ], [ -87.925, 41.991666666666667 ] ] ] } },
{ "type": "Feature", "properties": { "cell_id": "r3_c2", "row": 3, "col": 2, "global_row": 5760, "global_col": 11049, "lon": -87.92083333333332, "lat": 41.995833333333337 }, "geometry": { "type": "Polygon", "coordinates": [ [ [ -87.916666666666657, 41.991666666666667 ], [ -87.916666666666657, 42.0 ], [ -87.925, 42.0 ], [ -87.925, 41.991666666666667 ], [ -87.916666666666657, 41.991666666666667 ] ] ] } },
{ "type": "Feature", "properties": { "cell_id": "r3_c3", "row": 3, "col": 3, "global_row": 5760, "global_col": 11050, "lon": -87.9125, "lat": 41.995833333333344 }, "geometry": { "type": "Polygon", "coordinates": [ [ [ -87.908333333333331, 41.991666666666667 ], [ -87.908333333333331, 42.0 ], [ -87.916666666666657, 42.0 ], [ -87.916666666666657, 41.991666666666667 ], [ -87.908333333333331, 41.991666666666667 ] ] ] } },
{ "type": "Feature", "properties": { "cell_id": "r3_c4", "row": 3, "col": 4, "global_row": 5760, "global_col": 11051, "lon": -87.904166666666669, "lat": 41.995833333333337 }, "geometry": { "type": "Polygon", "coordinates": [ [ [ -87.9, 41.991666666666667 ], [ -87.9, 42.0 ], [ -87.908333333333331, 42.0 ], [ -87.908333333333331, 41.991666666666667 ], [ -87.9, 41.991666666666667 ] ] ] } },
{ "type": "Feature", "properties": { "cell_id": "r3_c5", "row": 3, "col": 5, "global_row": 5760, "global_col": 11052, "lon": -87.895833333333329, "lat": 41.995833333333344 }, "geometry": { "type": "Polygon", "coordinates": [ [ [ -87.891666666666666, 41.991666666666667 ], [ -87.891666666666666, 42.0 ], [ -87.9, 42.0 ], [ -87.9, 41.991666666666667 ], [ -87.891666666666666, 41.991666666666667 ] ] ] } },
{ "type": "Feature", "properties": { "cell_id": "r3_c6", "row": 3, "col": 6, "global_row": 5760, "global_col": 11053, "lon": -87.8875, "lat": 41.995833333333337 }, "geometry": { "type": "Polygon", "coordinates": [ [ [ -87.883333333333326, 41.991666666666667 ], [ -87.883333333333326, 42.0 ], [ -87.891666666666666, 42.0 ], [ -87.891666666666666, 41.991666666666667 ], [ -87.883333333333326, 41.991666666666667 ] ] ] } },
{ "type": "Feature", "properties": { "cell_id": "r3_c14", "row": 3, "col": 14, "global_row": 5760, "global_col": 11061, "lon": -87.820833333333326, "lat": 41.995833333333337 }, "geometry": { "type": "Polygon", "coordinates": [ [ [ -87.816666666666663, 41.991666666666667 ], [ -87.816666666666663, 42.0 ], [ -87.825, 42.0 ], [ -87.825, 41.991666666666667 ], [ -87.816666666666663, 41.991666666666667 ] ] ] } },
{ "type": "Feature", "properties": { "cell_id": "r3_c15", "row": 3, "col": 15, "global_row": 5760, "global_col": 11062, "lon": -87.8125, "lat": 41.995833333333337 }, "geometry": { "type": "Polygon", "coordinates": [ [ [ -87.808333333333323, 41.991666666666667 ], [ -87.808333333333323, 42.0 ], [ -87.816666666666663, 42.0 ], [ -87.816666666666663, 41.991666666666667 ], [ -87.808333333333323, 41.991666666666667 ] ] ] } },
{ "type": "Feature", "properties": { "cell_id": "r3_c16", "row": 3, "col": 16, "global_row": 5760, "global_col": 11063, "lon": -87.80416666666666, "lat": 41.995833333333344 }, "geometry": { "type": "Polygon", "coordinates": [ [ [ -87.8, 41.991666666666667 ], [ -87.8, 42.0 ], [ -87.808333333333323, 42.0 ], [ -87.808333333333323, 41.991666666666667 ], [ -87.8, 41.991666666666667 ] ] ] } },
{ "type": "Feature", "properties": { "cell_id": "r3_c17", "row": 3, "col": 17, "global_row": 5760, "global_col": 11064, "lon": -87.79583333333332, "lat": 41.995833333333337 }, "geometry": { "type": "Polygon", "coordinates": [ [ [ -87.791666666666657, 41.991666666666667 ], [ -87.791666666666657, 42.0 ], [ -87.8, 42.0 ], [ -87.8, 41.991666666666667 ], [ -87.791666666666657, 41.991666666666667 ] ] ] } },
{ "type": "Feature", "properties": { "cell_id": "r3_c18", "row": 3, "col": 18, "global_row": 5760, "global_col": 11065, "lon": -87.7875, "lat": 41.995833333333344 }, "geometry": { "type": "Polygon", "coordinates": [ [ [ -87.783333333333331, 41.991666666666667 ], [ -87.783333333333331, 42.0 ], [ -87.791666666666657, 42.0 ], [ -87.791666666666657, 41.991666666666667 ], [ -87.783333333333331, 41.991666666666667 ] ] ] } },
{ "type": "Feature", "properties": { "cell_id": "r3_c19", "row": 3, "col": 19, "global_row": 5760, "global_col": 11066, "lon": -87.779166666666654, "lat": 41.995833333333337 }, "geometry": { "type": "Polygon", "coordinates": [ [ [ -87.775, 41.991666666666667 ], [ -87.775, 42.0 ], [ -87.783333333333331, 42.0 ], [ -87.783333333333331, 41.991666666666667 ], [ -87.775, 41.991666666666667 ] ] ] } },
{ "type": "Feature", "properties": { "cell_id": "r3_c20", "row": 3, "col": 20, "global_row": 5760, "global_col": 11067, "lon": -87.770833333333329, "lat": 41.995833333333344 }, "geometry": { "type": "Polygon", "coordinates": [ [ [ -87.766666666666666, 41.991666666666667 ], [ -87.766666666666666, 42.0 ], [ -87.775, 42.0 ], [ -87.775, 41.991666666666667 ], [ -87.766666666666666, 41.991666666666667 ] ] ] } },
{ "type": "Feature", "properties": { "cell_id": "r3_c21", "row": 3, "col": 21, "global_row": 5760, "global_col": 11068, "lon": -87.7625, "lat": 41.995833333333337 }, "geometry": { "type": "Polygon", "coordinates": [ [ [ -87.758333333333326, 41.991666666666667 ], [ -87.758333333333326, 42.0 ], [ -87.766666666666666, 42.0 ], [ -87.766666666666666, 41.991666666666667 ], [ -87.758333333333326, 41.991666666666667 ] ] ] } },
{ "type": "Feature", "properties": { "cell_id": "r3_c22", "row": 3, "col": 22, "global_row": 5760, "global_col": 11069, "lon": -87.754166666666663, "lat": 41.995833333333344 }, "geometry": { "type": "Polygon", "coordinates": [ [ [ -87.75, 41.991666666666667 ], [ -87.75, 42.0 ], [ -87.758333333333326, 42.0 ], [ -87.758333333333326, 41.991666666666667 ], [ -87.75, 41.991666666666667 ] ] ] } },
{ "type": "Feature", "properties": { "cell_id": "r3_c23", "row": 3, "col": 23, "global_row": 5760, "global_col": 11070, "lon": -87.745833333333337, "lat": 41.995833333333337 }, "geometry": { "type": "Polygon", "coordinates": [ [ [ -87.74166666666666, 41.991666666666667 ], [ -87.74166666666666, 42.0 ], [ -87.75, 42.0 ], [ -87.75, 41.991666666666667 ], [ -87.74166666666666, 41.991666666666667 ] ] ] } },
{ "type": "Feature", "properties": { "cell_id": "r3_c24", "row": 3, "col": 24, "global_row": 5760, "global_col": 11071, "lon": -87.7375, "lat": 41.995833333333344 }, "geometry": { "type": "Polygon", "coordinates": [ [ [ -87.733333333333334, 41.991666666666667 ], [ -87.733333333333334, 42.0 ], [ -87.74166666666666, 42.0 ], [ -87.74166666666666, 41.991666666666667 ], [ -87.733333333333334, 41.991666666666667 ] ] ] } },
{ "type": "Feature", "properties": { "cell_id": "r3_c25", "row": 3, "col": 25, "global_row": 5760, "global_col": 11072, "lon": -87.729166666666671, "lat": 41.995833333333337 }, "geometry": { "type": "Polygon", "coordinates": [ [ [ -87.725, 41.991666666666667 ], [ -87.725, 42.0 ], [ -87.733333333333334, 42.0 ], [ -87.733333333333334, 41.991666666666667 ], [ -87.725, 41.991666666666667 ] ] ] } },
{ "type": "Feature", "properties": { "cell_id": "r3_c26", "row": 3, "col": 26, "global_row": 5760, "global_col": 11073, "lon": -87.720833333333317, "lat": 41.995833333333344 }, "geometry": { "type": "Polygon", "coordinates": [ [ [ -87.716666666666669, 41.991666666666667 ], [ -87.716666666666669, 42.0 ], [ -87.725, 42.0 ], [ -87.725, 41.991666666666667 ], [ -87.716666666666669, 41.991666666666667 ] ] ] } },
{ "type": "Feature", "properties": { "cell_id": "r3_c27", "row": 3, "col": 27, "global_row": 5760, "global_col": 11074, "lon": -87.7125, "lat": 41.995833333333337 }, "geometry": { "type": "Polygon", "coordinates": [ [ [ -87.708333333333329, 41.991666666666667 ], [ -87.708333333333329, 42.0 ], [ -87.716666666666669, 42.0 ], [ -87.716666666666669, 41.991666666666667 ], [ -87.708333333333329, 41.991666666666667 ] ] ] } },
{ "type": "Feature", "properties": { "cell_id": "r3_c28", "row": 3, "col": 28, "global_row": 5760, "global_col": 11075, "lon": -87.704166666666666, "lat": 41.995833333333344 }, "geometry": { "type": "Polygon", "coordinates": [ [ [ -87.7, 41.991666666666667 ], [ -87.7, 42.0 ], [ -87.708333333333329, 42.0 ], [ -87.708333333333329, 41.991666666666667 ], [ -87.7, 41.991666666666667 ] ] ] } },
{ "type": "Feature", "properties": { "cell_id": "r3_c29", "row": 3, "col": 29, "global_row": 5760, "global_col": 11076, "lon": -87.695833333333326, "lat": 41.995833333333337 }, "geometry": { "type": "Polygon", "coordinates": [ [ [ -87.691666666666663, 41.991666666666667 ], [ -87.691666666666663, 42.0 ], [ -87.7, 42.0 ], [ -87.7, 41.991666666666667 ], [ -87.691666666666663, 41.991666666666667 ] ] ] } },
{ "type": "Feature", "properties": { "cell_id": "r3_c30", "row": 3, "col": 30, "global_row": 5760, "global_col": 11077, "lon": -87.6875, "lat": 41.995833333333337 }, "geometry": { "type": "Polygon", "coordinates": [ [ [ -87.683333333333323, 41.991666666666667 ], [ -87.683333333333323, 42.0 ], [ -87.691666666666663, 42.0 ], [ -87.691666666666663, 41.991666666666667 ], [ -87.683333333333323, 41.991666666666667 ] ] ] } },
{ "type": "Feature", "properties": { "cell_id": "r3_c31", "row": 3, "col": 31, "global_row": 5760, "global_col": 11078, "lon": -87.679166666666674, "lat": 41.995833333333344 }, "geometry": { "type": "Polygon", "coordinates": [ [ [ -87.675, 41.991666666666667 ], [ -87.675, 42.0 ], [ -87.683333333333323, 42.0 ], [ -87.683333333333323, 41.991666666666667 ], [ -87.675, 41.991666666666667 ] ] ] } },
{ "type": "Feature", "properties": { "cell_id": "r3_c32", "row": 3, "col": 32, "global_row": 5760, "global_col": 11079, "lon": -87.670833333333334, "lat": 41.995833333333337 }, "geometry": { "type": "Polygon", "coordinates": [ [ [ -87.666666666666657, 41.991666666666667 ], [ -87.666666666666657, 42.0 ], [ -87.675, 42.0 ], [ -87.675, 41.991666666666667 ], [ -87.666666666666657, 41.991666666666667 ] ] ] } },
{ "type": "Feature", "properties": { "cell_id": "r3_c33", "row": 3, "col": 33, "global_row": 5760, "global_col": 11080, "lon": -87.6625, "lat": 41.995833333333344 }, "geometry": { "type": "Polygon", "coordinates": [ [ [ -87.658333333333331, 41.991666666666667 ], [ -87.658333333333331, 42.0 ], [ -87.666666666666657, 42.0 ], [ -87.666666666666657, 41.991666666666667 ], [ -87.658333333333331, 41.991666666666667 ] ] ] } },
{ "type": "Feature", "properties": { "cell_id": "r4_c0", "row": 4, "col": 0, "global_row": 5761, "global_col": 11047, "lon": -87.9375, "lat": 41.9875 }, "geometry": { "type": "Polygon", "coordinates": [ [ [ -87.933333333333323, 41.983333333333334 ], [ -87.933333333333323, 41.991666666666667 ], [ -87.941666666666663, 41.991666666666667 ], [ -87.941666666666663, 41.983333333333334 ], [ -87.933333333333323, 41.983333333333334 ] ] ] } },
{ "type": "Feature", "properties": { "cell_id": "r4_c1", "row": 4, "col": 1, "global_row": 5761, "global_col": 11048, "lon": -87.929166666666646, "lat": 41.9875 }, "geometry": { "type": "Polygon", "coordinates": [ [ [ -87.925, 41.983333333333334 ], [ -87.925, 41.991666666666667 ], [ -87.933333333333323, 41.991666666666667 ], [ -87.933333333333323, 41.983333333333334 ], [ -87.925, 41.983333333333334 ] ] ] } },
{ "type": "Feature", "properties": { "cell_id": "r4_c2", "row": 4, "col": 2, "global_row": 5761, "global_col": 11049, "lon": -87.92083333333332, "lat": 41.9875 }, "geometry": { "type": "Polygon", "coordinates": [ [ [ -87.916666666666657, 41.983333333333334 ], [ -87.916666666666657, 41.991666666666667 ], [ -87.925, 41.991666666666667 ], [ -87.925, 41.983333333333334 ], [ -87.916666666666657, 41.983333333333334 ] ] ] } },
{ "type": "Feature", "properties": { "cell_id": "r4_c3", "row": 4, "col": 3, "global_row": 5761, "global_col": 11050, "lon": -87.9125, "lat": 41.9875 }, "geometry": { "type": "Polygon", "coordinates": [ [ [ -87.908333333333331, 41.983333333333334 ], [ -87.908333333333331, 41.991666666666667 ], [ -87.916666666666657, 41.991666666666667 ], [ -87.916666666666657, 41.983333333333334 ], [ -87.908333333333331, 41.983333333333334 ] ] ] } },
{ "type": "Feature", "properties": { "cell_id": "r4_c4", "row": 4, "col": 4, "global_row": 5761, "global_col": 11051, "lon": -87.904166666666669, "lat": 41.9875 }, "geometry": { "type": "Polygon", "coordinates": [ [ [ -87.9, 41.983333333333334 ], [ -87.9, 41.991666666666667 ], [ -87.908333333333331, 41.991666666666667 ], [ -87.908333333333331, 41.983333333333334 ], [ -87.9, 41.983333333333334 ] ] ] } },
{ "type": "Feature", "properties": { "cell_id": "r4_c5", "row": 4, "col": 5, "global_row": 5761, "global_col": 11052, "lon": -87.895833333333329, "lat": 41.9875 }, "geometry": { "type": "Polygon", "coordinates": [ [ [ -87.891666666666666, 41.983333333333334 ], [ -87.891666666666666, 41.991666666666667 ], [ -87.9, 41.991666666666667 ], [ -87.9, 41.983333333333334 ], [ -87.891666666666666, 41.983333333333334 ] ] ] } },
{ "type": "Feature", "properties": { "cell_id": "r4_c6", "row": 4, "col": 6, "global_row": 5761, "global_col": 11053, "lon": -87.8875, "lat": 41.9875 }, "geometry": { "type": "Polygon", "coordinates": [ [ [ -87.883333333333326, 41.983333333333334 ], [ -87.883333333333326, 41.991666666666667 ], [ -87.891666666666666, 41.991666666666667 ], [ -87.891666666666666, 41.983333333333334 ], [ -87.883333333333326, 41.983333333333334 ] ] ] } },
{ "type": "Feature", "properties": { "cell_id": "r4_c7", "row": 4, "col": 7, "global_row": 5761, "global_col": 11054, "lon": -87.879166666666677, "lat": 41.9875 }, "geometry": { "type": "Polygon", "coordinates": [ [ [ -87.875, 41.983333333333334 ], [ -87.875, 41.991666666666667 ], [ -87.883333333333326, 41.991666666666667 ], [ -87.883333333333326, 41.983333333333334 ], [ -87.875, 41.983333333333334 ] ] ] } },
{ "type": "Feature", "properties": { "cell_id": "r4_c10", "row": 4, "col": 10, "global_row": 5761, "global_col": 11057, "lon": -87.854166666666657, "lat": 41.9875 }, "geometry": { "type": "Polygon", "coordinates": [ [ [ -87.85, 41.983333333333334 ], [ -87.85, 41.991666666666667 ], [ -87.858333333333334, 41.991666666666667 ], [ -87.858333333333334, 41.983333333333334 ], [ -87.85, 41.983333333333334 ] ] ] } },
{ "type": "Feature", "properties": { "cell_id": "r4_c11", "row": 4, "col": 11, "global_row": 5761, "global_col": 11058, "lon": -87.845833333333317, "lat": 41.9875 }, "geometry": { "type": "Polygon", "coordinates": [ [ [ -87.841666666666669, 41.983333333333334 ], [ -87.841666666666669, 41.991666666666667 ], [ -87.85, 41.991666666666667 ], [ -87.85, 41.983333333333334 ], [ -87.841666666666669, 41.983333333333334 ] ] ] } },
{ "type": "Feature", "properties": { "cell_id": "r4_c14", "row": 4, "col": 14, "global_row": 5761, "global_col": 11061, "lon": -87.820833333333326, "lat": 41.9875 }, "geometry": { "type": "Polygon", "coordinates": [ [ [ -87.816666666666663, 41.983333333333334 ], [ -87.816666666666663, 41.991666666666667 ], [ -87.825, 41.991666666666667 ], [ -87.825, 41.983333333333334 ], [ -87.816666666666663, 41.983333333333334 ] ] ] } },
{ "type": "Feature", "properties": { "cell_id": "r4_c15", "row": 4, "col": 15, "global_row": 5761, "global_col": 11062, "lon": -87.8125, "lat": 41.9875 }, "geometry": { "type": "Polygon", "coordinates": [ [ [ -87.808333333333323, 41.983333333333334 ], [ -87.808333333333323, 41.991666666666667 ], [ -87.816666666666663, 41.991666666666667 ], [ -87.816666666666663, 41.983333333333334 ], [ -87.808333333333323, 41.983333333333334 ] ] ] } },
{ "type": "Feature", "properties": { "cell_id": "r4_c16", "row": 4, "col": 16, "global_row": 5761, "global_col": 11063, "lon": -87.80416666666666, "lat": 41.9875 }, "geometry": { "type": "Polygon", "coordinates": [ [ [ -87.8, 41.983333333333334 ], [ -87.8, 41.991666666666667 ], [ -87.808333333333323, 41.991666666666667 ], [ -87.808333333333323, 41.983333333333334 ], [ -87.8, 41.983333333333334 ] ] ] } },
{ "type": "Feature", "properties": { "cell_id": "r4_c17", "row": 4, "col": 17, "global_row": 5761, "global_col": 11064, "lon": -87.79583333333332, "lat": 41.9875 }, "geometry": { "type": "Polygon", "coordinates": [ [ [ -87.791666666666657, 41.983333333333334 ], [ -87.791666666666657, 41.991666666666667 ], [ -87.8, 41.991666666666667 ], [ -87.8, 41.983333333333334 ], [ -87.791666666666657, 41.983333333333334 ] ] ] } },
{ "type": "Feature", "properties": { "cell_id": "r4_c18", "row": 4, "col": 18, "global_row": 5761, "global_col": 11065, "lon": -87.7875, "lat": 41.9875 }, "geometry": { "type": "Polygon", "coordinates": [ [ [ -87.783333333333331, 41.983333333333334 ], [ -87.783333333333331, 41.991666666666667 ], [ -87.791666666666657, 41.991666666666667 ], [ -87.791666666666657, 41.983333333333334 ], [ -87.783333333333331, 41.983333333333334 ] ] ] } },
{ "type": "Feature", "properties": { "cell_id": "r4_c19", "row": 4, "col": 19, "global_row": 5761, "global_col": 11066, "lon": -87.779166666666654, "lat": 41.9875 }, "geometry": { "type": "Polygon", "coordinates": [ [ [ -87.775, 41.983333333333334 ], [ -87.775, 41.991666666666667 ], [ -87.783333333333331, 41.991666666666667 ], [ -87.783333333333331, 41.983333333333334 ], [ -87.775, 41.983333333333334 ] ] ] } },
{ "type": "Feature", "properties": { "cell_id": "r4_c20", "row": 4, "col": 20, "global_row": 5761, "global_col": 11067, "lon": -87.770833333333329, "lat": 41.9875 }, "geometry": { "type": "Polygon", "coordinates": [ [ [ -87.766666666666666, 41.983333333333334 ], [ -87.766666666666666, 41.991666666666667 ], [ -87.775, 41.991666666666667 ], [ -87.775, 41.983333333333334 ], [ -87.766666666666666, 41.983333333333334 ] ] ] } },
{ "type": "Feature", "properties": { "cell_id": "r4_c21", "row": 4, "col": 21, "global_row": 5761, "global_col": 11068, "lon": -87.7625, "lat": 41.9875 }, "geometry": { "type": "Polygon", "coordinates": [ [ [ -87.758333333333326, 41.983333333333334 ], [ -87.758333333333326, 41.991666666666667 ], [ -87.766666666666666, 41.991666666666667 ], [ -87.766666666666666, 41.983333333333334 ], [ -87.758333333333326, 41.983333333333334 ] ] ] } },
{ "type": "Feature", "properties": { "cell_id": "r4_c22", "row": 4, "col": 22, "global_row": 5761, "global_col": 11069, "lon": -87.754166666666663, "lat": 41.9875 }, "geometry": { "type": "Polygon", "coordinates": [ [ [ -87.75, 41.983333333333334 ], [ -87.75, 41.991666666666667 ], [ -87.758333333333326, 41.991666666666667 ], [ -87.758333333333326, 41.983333333333334 ], [ -87.75, 41.983333333333334 ] ] ] } },
{ "type": "Feature", "properties": { "cell_id": "r4_c23", "row": 4, "col": 23, "global_row": 5761, "global_col": 11070, "lon": -87.745833333333337, "lat": 41.9875 }, "geometry": { "type": "Polygon", "coordinates": [ [ [ -87.74166666666666, 41.983333333333334 ], [ -87.74166666666666, 41.991666666666667 ], [ -87.75, 41.991666666666667 ], [ -87.75, 41.983333333333334 ], [ -87.74166666666666, 41.983333333333334 ] ] ] } },
{ "type": "Feature", "properties": { "cell_id": "r4_c24", "row": 4, "col": 24, "global_row": 5761, "global_col": 11071, "lon": -87.7375, "lat": 41.9875 }, "geometry": { "type": "Polygon", "coordinates": [ [ [ -87.733333333333334, 41.983333333333334 ], [ -87.733333333333334, 41.991666666666667 ], [ -87.74166666666666, 41.991666666666667 ], [ -87.74166666666666, 41.983333333333334 ], [ -87.733333333333334, 41.983333333333334 ] ] ] } },
{ "type": "Feature", "properties": { "cell_id": "r4_c25", "row": 4, "col": 25, "global_row": 5761, "global_col": 11072, "lon": -87.729166666666671, "lat": 41.9875 }, "geometry": { "type": "Polygon", "coordinates": [ [ [ -87.725, 41.983333333333334 ], [ -87.725, 41.991666666666667 ], [ -87.733333333333334, 41.991666666666667 ], [ -87.733333333333334, 41.983333333333334 ], [ -87.725, 41.983333333333334 ] ] ] } },
{ "type": "Feature", "properties": { "cell_id": "r4_c26", "row": 4, "col": 26, "global_row": 5761, "global_col": 11073, "lon": -87.720833333333317, "lat": 41.9875 }, "geometry": { "type": "Polygon", "coordinates": [ [ [ -87.716666666666669, 41.983333333333334 ], [ -87.716666666666669, 41.991666666666667 ], [ -87.725, 41.991666666666667 ], [ -87.725, 41.983333333333334 ], [ -87.716666666666669, 41.983333333333334 ] ] ] } },
{ "type": "Feature", "properties": { "cell_id": "r4_c27", "row": 4, "col": 27, "global_row": 5761, "global_col": 11074, "lon": -87.7125, "lat": 41.9875 }, "geometry": { "type": "Polygon", "coordinates": [ [ [ -87.708333333333329, 41.983333333333334 ], [ -87.708333333333329, 41.991666666666667 ], [ -87.716666666666669, 41.991666666666667 ], [ -87.716666666666669, 41.983333333333334 ], [ -87.708333333333329, 41.983333333333334 ] ] ] } },
{ "type": "Feature", "properties": { "cell_id": "r4_c28", "row": 4, "col": 28, "global_row": 5761, "global_col": 11075, "lon": -87.704166666666666, "lat": 41.9875 }, "geometry": { "type": "Polygon", "coordinates": [ [ [ -87.7, 41.983333333333334 ], [ -87.7, 41.991666666666667 ], [ -87.708333333333329, 41.991666666666667 ], [ -87.708333333333329, 41.983333333333334 ], [ -87.7, 41.983333333333334 ] ] ] } },
{ "type": "Feature", "properties": { "cell_id": "r4_c29", "row": 4, "col": 29, "global_row": 5761, "global_col": 11076, "lon": -87.695833333333326, "lat": 41.9875 }, "geometry": { "type": "Polygon", "coordinates": [ [ [ -87.691666666666663, 41.983333333333334 ], [ -87.691666666666663, 41.991666666666667 ], [ -87.7, 41.991666666666667 ], [ -87.7, 41.983333333333334 ], [ -87.691666666666663, 41.983333333333334 ] ] ] } },
{ "type": "Feature", "properties": { "cell_id": "r4_c30", "row": 4, "col": 30, "global_row": 5761, "global_col": 11077, "lon": -87.6875, "lat": 41.9875 }, "geometry": { "type": "Polygon", "coordinates": [ [ [ -87.683333333333323, 41.983333333333334 ], [ -87.683333333333323, 41.991666666666667 ], [ -87.691666666666663, 41.991666666666667 ], [ -87.691666666666663, 41.983333333333334 ], [ -87.683333333333323, 41.983333333333334 ] ] ] } },
{ "type": "Feature", "properties": { "cell_id": "r4_c31", "row": 4, "col": 31, "global_row": 5761, "global_col": 11078, "lon": -87.679166666666674, "lat": 41.9875 }, "geometry": { "type": "Polygon", "coordinates": [ [ [ -87.675, 41.983333333333334 ], [ -87.675, 41.991666666666667 ], [ -87.683333333333323, 41.991666666666667 ], [ -87.683333333333323, 41.983333333333334 ], [ -87.675, 41.983333333333334 ] ] ] } },
{ "type": "Feature", "properties": { "cell_id": "r4_c32", "row": 4, "col": 32, "global_row": 5761, "global_col": 11079, "lon": -87.670833333333334, "lat": 41.9875 }, "geometry": { "type": "Polygon", "coordinates": [ [ [ -87.666666666666657, 41.983333333333334 ], [ -87.666666666666657, 41.991666666666667 ], [ -87.675, 41.991666666666667 ], [ -87.675, 41.983333333333334 ], [ -87.666666666666657, 41.983333333333334 ] ] ] } },
{ "type": "Feature", "properties": { "cell_id": "r4_c33", "row": 4, "col": 33, "global_row": 5761, "global_col": 11080, "lon": -87.6625, "lat": 41.9875 }, "geometry": { "type": "Polygon", "coordinates": [ [ [ -87.658333333333331, 41.983333333333334 ], [ -87.658333333333331, 41.991666666666667 ], [ -87.666666666666657, 41.991666666666667 ], [ -87.666666666666657, 41.983333333333334 ], [ -87.658333333333331, 41.983333333333334 ] ] ] } },
{ "type": "Feature", "properties": { "cell_id": "r4_c34", "row": 4, "col": 34, "global_row": 5761, "global_col": 11081, "lon": -87.654166666666669, "lat": 41.9875 }, "geometry": { "type": "Polygon", "coordinates": [ [ [ -87.65, 41.983333333333334 ], [ -87.65, 41.991666666666667 ], [ -87.658333333333331, 41.991666666666667 ], [ -87.658333333333331, 41.983333333333334 ], [ -87.65, 41.983333333333334 ] ] ] } },
{ "type": "Feature", "properties": { "cell_id": "r5_c0", "row": 5, "col": 0, "global_row": 5762, "global_col": 11047, "lon": -87.9375, "lat": 41.979166666666671 }, "geometry": { "type": "Polygon", "coordinates": [ [ [ -87.933333333333323, 41.975 ], [ -87.933333333333323, 41.983333333333334 ], [ -87.941666666666663, 41.983333333333334 ], [ -87.941666666666663, 41.975 ], [ -87.933333333333323, 41.975 ] ] ] } },
{ "type": "Feature", "properties": { "cell_id": "r5_c1", "row": 5, "col": 1, "global_row": 5762, "global_col": 11048, "lon": -87.929166666666646, "lat": 41.979166666666671 }, "geometry": { "type": "Polygon", "coordinates": [ [ [ -87.925, 41.975 ], [ -87.925, 41.983333333333334 ], [ -87.933333333333323, 41.983333333333334 ], [ -87.933333333333323, 41.975 ], [ -87.925, 41.975 ] ] ] } },
{ "type": "Feature", "properties": { "cell_id": "r5_c2", "row": 5, "col": 2, "global_row": 5762, "global_col": 11049, "lon": -87.92083333333332, "lat": 41.979166666666671 }, "geometry": { "type": "Polygon", "coordinates": [ [ [ -87.916666666666657, 41.975 ], [ -87.916666666666657, 41.983333333333334 ], [ -87.925, 41.983333333333334 ], [ -87.925, 41.975 ], [ -87.916666666666657, 41.975 ] ] ] } },
{ "type": "Feature", "properties": { "cell_id": "r5_c3", "row": 5, "col": 3, "global_row": 5762, "global_col": 11050, "lon": -87.9125, "lat": 41.979166666666671 }, "geometry": { "type": "Polygon", "coordinates": [ [ [ -87.908333333333331, 41.975 ], [ -87.908333333333331, 41.983333333333334 ], [ -87.916666666666657, 41.983333333333334 ], [ -87.916666666666657, 41.975 ], [ -87.908333333333331, 41.975 ] ] ] } },
{ "type": "Feature", "properties": { "cell_id": "r5_c4", "row": 5, "col": 4, "global_row": 5762, "global_col": 11051, "lon": -87.904166666666669, "lat": 41.979166666666671 }, "geometry": { "type": "Polygon", "coordinates": [ [ [ -87.9, 41.975 ], [ -87.9, 41.983333333333334 ], [ -87.908333333333331, 41.983333333333334 ], [ -87.908333333333331, 41.975 ], [ -87.9, 41.975 ] ] ] } },
{ "type": "Feature", "properties": { "cell_id": "r5_c5", "row": 5, "col": 5, "global_row": 5762, "global_col": 11052, "lon": -87.895833333333329, "lat": 41.979166666666671 }, "geometry": { "type": "Polygon", "coordinates": [ [ [ -87.891666666666666, 41.975 ], [ -87.891666666666666, 41.983333333333334 ], [ -87.9, 41.983333333333334 ], [ -87.9, 41.975 ], [ -87.891666666666666, 41.975 ] ] ] } },
{ "type": "Feature", "properties": { "cell_id": "r5_c6", "row": 5, "col": 6, "global_row": 5762, "global_col": 11053, "lon": -87.8875, "lat": 41.979166666666671 }, "geometry": { "type": "Polygon", "coordinates": [ [ [ -87.883333333333326, 41.975 ], [ -87.883333333333326, 41.983333333333334 ], [ -87.891666666666666, 41.983333333333334 ], [ -87.891666666666666, 41.975 ], [ -87.883333333333326, 41.975 ] ] ] } },
{ "type": "Feature", "properties": { "cell_id": "r5_c7", "row": 5, "col": 7, "global_row": 5762, "global_col": 11054, "lon": -87.879166666666677, "lat": 41.979166666666671 }, "geometry": { "type": "Polygon", "coordinates": [ [ [ -87.875, 41.975 ], [ -87.875, 41.983333333333334 ], [ -87.883333333333326, 41.983333333333334 ], [ -87.883333333333326, 41.975 ], [ -87.875, 41.975 ] ] ] } },
{ "type": "Feature", "properties": { "cell_id": "r5_c10", "row": 5, "col": 10, "global_row": 5762, "global_col": 11057, "lon": -87.854166666666657, "lat": 41.979166666666671 }, "geometry": { "type": "Polygon", "coordinates": [ [ [ -87.85, 41.975 ], [ -87.85, 41.983333333333334 ], [ -87.858333333333334, 41.983333333333334 ], [ -87.858333333333334, 41.975 ], [ -87.85, 41.975 ] ] ] } },
{ "type": "Feature", "properties": { "cell_id": "r5_c11", "row": 5, "col": 11, "global_row": 5762, "global_col": 11058, "lon": -87.845833333333317, "lat": 41.979166666666671 }, "geometry": { "type": "Polygon", "coordinates": [ [ [ -87.841666666666669, 41.975 ], [ -87.841666666666669, 41.983333333333334 ], [ -87.85, 41.983333333333334 ], [ -87.85, 41.975 ], [ -87.841666666666669, 41.975 ] ] ] } },
{ "type": "Feature", "properties": { "cell_id": "r5_c12", "row": 5, "col": 12, "global_row": 5762, "global_col": 11059, "lon": -87.8375, "lat": 41.979166666666671 }, "geometry": { "type": "Polygon", "coordinates": [ [ [ -87.833333333333329, 41.975 ], [ -87.833333333333329, 41.983333333333334 ], [ -87.841666666666669, 41.983333333333334 ], [ -87.841666666666669, 41.975 ], [ -87.833333333333329, 41.975 ] ] ] } },
{ "type": "Feature", "properties": { "cell_id": "r5_c13", "row": 5, "col": 13, "global_row": 5762, "global_col": 11060, "lon": -87.829166666666666, "lat": 41.979166666666671 }, "geometry": { "type": "Polygon", "coordinates": [ [ [ -87.825, 41.975 ], [ -87.825, 41.983333333333334 ], [ -87.833333333333329, 41.983333333333334 ], [ -87.833333333333329, 41.975 ], [ -87.825, 41.975 ] ] ] } },
{ "type": "Feature", "properties": { "cell_id": "r5_c14", "row": 5, "col": 14, "global_row": 5762, "global_col": 11061, "lon": -87.820833333333326, "lat": 41.979166666666671 }, "geometry": { "type": "Polygon", "coordinates": [ [ [ -87.816666666666663, 41.975 ], [ -87.816666666666663, 41.983333333333334 ], [ -87.825, 41.983333333333334 ], [ -87.825, 41.975 ], [ -87.816666666666663, 41.975 ] ] ] } },
{ "type": "Feature", "properties": { "cell_id": "r5_c15", "row": 5, "col": 15, "global_row": 5762, "global_col": 11062, "lon": -87.8125, "lat": 41.979166666666671 }, "geometry": { "type": "Polygon", "coordinates": [ [ [ -87.808333333333323, 41.975 ], [ -87.808333333333323, 41.983333333333334 ], [ -87.816666666666663, 41.983333333333334 ], [ -87.816666666666663, 41.975 ], [ -87.808333333333323, 41.975 ] ] ] } },
{ "type": "Feature", "properties": { "cell_id": "r5_c16", "row": 5, "col": 16, "global_row": 5762, "global_col": 11063, "lon": -87.80416666666666, "lat": 41.979166666666671 }, "geometry": { "type": "Polygon", "coordinates": [ [ [ -87.8, 41.975 ], [ -87.8, 41.983333333333334 ], [ -87.808333333333323, 41.983333333333334 ], [ -87.808333333333323, 41.975 ], [ -87.8, 41.975 ] ] ] } },
{ "type": "Feature", "properties": { "cell_id": "r5_c17", "row": 5, "col": 17, "global_row": 5762, "global_col": 11064, "lon": -87.79583333333332, "lat": 41.979166666666671 }, "geometry": { "type": "Polygon", "coordinates": [ [ [ -87.791666666666657, 41.975 ], [ -87.791666666666657, 41.983333333333334 ], [ -87.8, 41.983333333333334 ], [ -87.8, 41.975 ], [ -87.791666666666657, 41.975 ] ] ] } },
{ "type": "Feature", "properties": { "cell_id": "r5_c18", "row": 5, "col": 18, "global_row": 5762, "global_col": 11065, "lon": -87.7875, "lat": 41.979166666666671 }, "geometry": { "type": "Polygon", "coordinates": [ [ [ -87.783333333333331, 41.975 ], [ -87.783333333333331, 41.983333333333334 ], [ -87.791666666666657, 41.983333333333334 ], [ -87.791666666666657, 41.975 ], [ -87.783333333333331, 41.975 ] ] ] } },
{ "type": "Feature", "properties": { "cell_id": "r5_c19", "row": 5, "col": 19, "global_row": 5762, "global_col": 11066, "lon": -87.779166666666654, "lat": 41.979166666666671 }, "geometry": { "type": "Polygon", "coordinates": [ [ [ -87.775, 41.975 ], [ -87.775, 41.983333333333334 ], [ -87.783333333333331, 41.983333333333334 ], [ -87.783333333333331, 41.975 ], [ -87.775, 41.975 ] ] ] } },
{ "type": "Feature", "properties": { "cell_id": "r5_c20", "row": 5, "col": 20, "global_row": 5762, "global_col": 11067, "lon": -87.770833333333329, "lat": 41.979166666666671 }, "geometry": { "type": "Polygon", "coordinates": [ [ [ -87.766666666666666, 41.975 ], [ -87.766666666666666, 41.983333333333334 ], [ -87.775, 41.983333333333334 ], [ -87.775, 41.975 ], [ -87.766666666666666, 41.975 ] ] ] } },
{ "type": "Feature", "properties": { "cell_id": "r5_c21", "row": 5, "col": 21, "global_row": 5762, "global_col": 11068, "lon": -87.7625, "lat": 41.979166666666671 }, "geometry": { "type": "Polygon", "coordinates": [ [ [ -87.758333333333326, 41.975 ], [ -87.758333333333326, 41.983333333333334 ], [ -87.766666666666666, 41.983333333333334 ], [ -87.766666666666666, 41.975 ], [ -87.758333333333326, 41.975 ] ] ] } },
{ "type": "Feature", "properties": { "cell_id": "r5_c22", "row": 5, "col": 22, "global_row": 5762, "global_col": 11069, "lon": -87.754166666666663, "lat": 41.979166666666671 }, "geometry": { "type": "Polygon", "coordinates": [ [ [ -87.75, 41.975 ], [ -87.75, 41.983333333333334 ], [ -87.758333333333326, 41.983333333333334 ], [ -87.758333333333326, 41.975 ], [ -87.75, 41.975 ] ] ] } },
{ "type": "Feature", "properties": { "cell_id": "r5_c23", "row": 5, "col": 23, "global_row": 5762, "global_col": 11070, "lon": -87.745833333333337, "lat": 41.979166666666671 }, "geometry": { "type": "Polygon", "coordinates": [ [ [ -87.74166666666666, 41.975 ], [ -87.74166666666666, 41.983333333333334 ], [ -87.75, 41.983333333333334 ], [ -87.75, 41.975 ], [ -87.74166666666666, 41.975 ] ] ] } },
{ "type": "Feature", "properties": { "cell_id": "r5_c24", "row": 5, "col": 24, "global_row": 5762, "global_col": 11071, "lon": -87.7375, "lat": 41.979166666666671 }, "geometry": { "type": "Polygon", "coordinates": [ [ [ -87.733333333333334, 41.975 ], [ -87.733333333333334, 41.983333333333334 ], [ -87.74166666666666, 41.983333333333334 ], [ -87.74166666666666, 41.975 ], [ -87.733333333333334, 41.975 ] ] ] } },
{ "type": "Feature", "properties": { "cell_id": "r5_c25", "row": 5, "col": 25, "global_row": 5762, "global_col": 11072, "lon": -87.729166666666671, "lat": 41.979166666666671 }, "geometry": { "type": "Polygon", "coordinates": [ [ [ -87.725, 41.975 ], [ -87.725, 41.983333333333334 ], [ -87.733333333333334, 41.983333333333334 ], [ -87.733333333333334, 41.975 ], [ -87.725, 41.975 ] ] ] } },
{ "type": "Feature", "properties": { "cell_id": "r5_c26", "row": 5, "col": 26, "global_row": 5762, "global_col": 11073, "lon": -87.720833333333317, "lat": 41.979166666666671 }, "geometry": { "type": "Polygon", "coordinates": [ [ [ -87.716666666666669, 41.975 ], [ -87.716666666666669, 41.983333333333334 ], [ -87.725, 41.983333333333334 ], [ -87.725, 41.975 ], [ -87.716666666666669, 41.975 ] ] ] } },
{ "type": "Feature", "properties": { "cell_id": "r5_c27", "row": 5, "col": 27, "global_row": 5762, "global_col": 11074, "lon": -87.7125, "lat": 41.979166666666671 }, "geometry": { "type": "Polygon", "coordinates": [ [ [ -87.708333333333329, 41.975 ], [ -87.708333333333329, 41.983333333333334 ], [ -87.716666666666669, 41.983333333333334 ], [ -87.716666666666669, 41.975 ], [ -87.708333333333329, 41.975 ] ] ] } },
{ "type": "Feature", "properties": { "cell_id": "r5_c28", "row": 5, "col": 28, "global_row": 5762, "global_col": 11075, "lon": -87.704166666666666, "lat": 41.979166666666671 }, "geometry": { "type": "Polygon", "coordinates": [ [ [ -87.7, 41.975 ], [ -87.7, 41.983333333333334 ], [ -87.708333333333329, 41.983333333333334 ], [ -87.708333333333329, 41.975 ], [ -87.7, 41.975 ] ] ] } },
{ "type": "Feature", "properties": { "cell_id": "r5_c29", "row": 5, "col": 29, "global_row": 5762, "global_col": 11076, "lon": -87.695833333333326, "lat": 41.979166666666671 }, "geometry": { "type": "Polygon", "coordinates": [ [ [ -87.691666666666663, 41.975 ], [ -87.691666666666663, 41.983333333333334 ], [ -87.7, 41.983333333333334 ], [ -87.7, 41.975 ], [ -87.691666666666663, 41.975 ] ] ] } },
{ "type": "Feature", "properties": { "cell_id": "r5_c30", "row": 5, "col": 30, "global_row": 5762, "global_col": 11077, "lon": -87.6875, "lat": 41.979166666666671 }, "geometry": { "type": "Polygon", "coordinates": [ [ [ -87.683333333333323, 41.975 ], [ -87.683333333333323, 41.983333333333334 ], [ -87.691666666666663, 41.983333333333334 ], [ -87.691666666666663, 41.975 ], [ -87.683333333333323, 41.975 ] ] ] } },
{ "type": "Feature", "properties": { "cell_id": "r5_c31", "row": 5, "col": 31, "global_row": 5762, "global_col": 11078, "lon": -87.679166666666674, "lat": 41.979166666666671 }, "geometry": { "type": "Polygon", "coordinates": [ [ [ -87.675, 41.975 ], [ -87.675, 41.983333333333334 ], [ -87.683333333333323, 41.983333333333334 ], [ -87.683333333333323, 41.975 ], [ -87.675, 41.975 ] ] ] } },
{ "type": "Feature", "properties": { "cell_id": "r5_c32", "row": 5, "col": 32, "global_row": 5762, "global_col": 11079, "lon": -87.670833333333334, "lat": 41.979166666666671 }, "geometry": { "type": "Polygon", "coordinates": [ [ [ -87.666666666666657, 41.975 ], [ -87.666666666666657, 41.983333333333334 ], [ -87.675, 41.983333333333334 ], [ -87.675, 41.975 ], [ -87.666666666666657, 41.975 ] ] ] } },
{ "type": "Feature", "properties": { "cell_id": "r5_c33", "row": 5, "col": 33, "global_row": 5762, "global_col": 11080, "lon": -87.6625, "lat": 41.979166666666671 }, "geometry": { "type": "Polygon", "coordinates": [ [ [ -87.658333333333331, 41.975 ], [ -87.658333333333331, 41.983333333333334 ], [ -87.666666666666657, 41.983333333333334 ], [ -87.666666666666657, 41.975 ], [ -87.658333333333331, 41.975 ] ] ] } },
{ "type": "Feature", "properties": { "cell_id": "r5_c34", "row": 5, "col": 34, "global_row": 5762, "global_col": 11081, "lon": -87.654166666666669, "lat": 41.979166666666671 }, "geometry": { "type": "Polygon", "coordinates": [ [ [ -87.65, 41.975 ], [ -87.65, 41.983333333333334 ], [ -87.658333333333331, 41.983333333333334 ], [ -87.658333333333331, 41.975 ], [ -87.65, 41.975 ] ] ] } },
{ "type": "Feature", "properties": { "cell_id": "r6_c0", "row": 6, "col": 0, "global_row": 5763, "global_col": 11047, "lon": -87.9375, "lat": 41.970833333333339 }, "geometry": { "type": "Polygon", "coordinates": [ [ [ -87.933333333333323, 41.966666666666669 ], [ -87.933333333333323, 41.975 ], [ -87.941666666666663, 41.975 ], [ -87.941666666666663, 41.966666666666669 ], [ -87.933333333333323, 41.966666666666669 ] ] ] } },
{ "type": "Feature", "properties": { "cell_id": "r6_c1", "row": 6, "col": 1, "global_row": 5763, "global_col": 11048, "lon": -87.929166666666646, "lat": 41.970833333333331 }, "geometry": { "type": "Polygon", "coordinates": [ [ [ -87.925, 41.966666666666669 ], [ -87.925, 41.975 ], [ -87.933333333333323, 41.975 ], [ -87.933333333333323, 41.966666666666669 ], [ -87.925, 41.966666666666669 ] ] ] } },
{ "type": "Feature", "properties": { "cell_id": "r6_c2", "row": 6, "col": 2, "global_row": 5763, "global_col": 11049, "lon": -87.92083333333332, "lat": 41.970833333333339 }, "geometry": { "type": "Polygon", "coordinates": [ [ [ -87.916666666666657, 41.966666666666669 ], [ -87.916666666666657, 41.975 ], [ -87.925, 41.975 ], [ -87.925, 41.966666666666669 ], [ -87.916666666666657, 41.966666666666669 ] ] ] } },
{ "type": "Feature", "properties": { "cell_id": "r6_c3", "row": 6, "col": 3, "global_row": 5763, "global_col": 11050, "lon": -87.9125, "lat": 41.970833333333331 }, "geometry": { "type": "Polygon", "coordinates": [ [ [ -87.908333333333331, 41.966666666666669 ], [ -87.908333333333331, 41.975 ], [ -87.916666666666657, 41.975 ], [ -87.916666666666657, 41.966666666666669 ], [ -87.908333333333331, 41.966666666666669 ] ] ] } },
{ "type": "Feature", "properties": { "cell_id": "r6_c4", "row": 6, "col": 4, "global_row": 5763, "global_col": 11051, "lon": -87.904166666666669, "lat": 41.970833333333339 }, "geometry": { "type": "Polygon", "coordinates": [ [ [ -87.9, 41.966666666666669 ], [ -87.9, 41.975 ], [ -87.908333333333331, 41.975 ], [ -87.908333333333331, 41.966666666666669 ], [ -87.9, 41.966666666666669 ] ] ] } },
{ "type": "Feature", "properties": { "cell_id": "r6_c5", "row": 6, "col": 5, "global_row": 5763, "global_col": 11052, "lon": -87.895833333333329, "lat": 41.970833333333331 }, "geometry": { "type": "Polygon", "coordinates": [ [ [ -87.891666666666666, 41.966666666666669 ], [ -87.891666666666666, 41.975 ], [ -87.9, 41.975 ], [ -87.9, 41.966666666666669 ], [ -87.891666666666666, 41.966666666666669 ] ] ] } },
{ "type": "Feature", "properties": { "cell_id": "r6_c6", "row": 6, "col": 6, "global_row": 5763, "global_col": 11053, "lon": -87.8875, "lat": 41.970833333333339 }, "geometry": { "type": "Polygon", "coordinates": [ [ [ -87.883333333333326, 41.966666666666669 ], [ -87.883333333333326, 41.975 ], [ -87.891666666666666, 41.975 ], [ -87.891666666666666, 41.966666666666669 ], [ -87.883333333333326, 41.966666666666669 ] ] ] } },
{ "type": "Feature", "properties": { "cell_id": "r6_c12", "row": 6, "col": 12, "global_row": 5763, "global_col": 11059, "lon": -87.8375, "lat": 41.970833333333339 }, "geometry": { "type": "Polygon", "coordinates": [ [ [ -87.833333333333329, 41.966666666666669 ], [ -87.833333333333329, 41.975 ], [ -87.841666666666669, 41.975 ], [ -87.841666666666669, 41.966666666666669 ], [ -87.833333333333329, 41.966666666666669 ] ] ] } },
{ "type": "Feature", "properties": { "cell_id": "r6_c16", "row": 6, "col": 16, "global_row": 5763, "global_col": 11063, "lon": -87.80416666666666, "lat": 41.970833333333331 }, "geometry": { "type": "Polygon", "coordinates": [ [ [ -87.8, 41.966666666666669 ], [ -87.8, 41.975 ], [ -87.808333333333323, 41.975 ], [ -87.808333333333323, 41.966666666666669 ], [ -87.8, 41.966666666666669 ] ] ] } },
{ "type": "Feature", "properties": { "cell_id": "r6_c17", "row": 6, "col": 17, "global_row": 5763, "global_col": 11064, "lon": -87.79583333333332, "lat": 41.970833333333339 }, "geometry": { "type": "Polygon", "coordinates": [ [ [ -87.791666666666657, 41.966666666666669 ], [ -87.791666666666657, 41.975 ], [ -87.8, 41.975 ], [ -87.8, 41.966666666666669 ], [ -87.791666666666657, 41.966666666666669 ] ] ] } },
{ "type": "Feature", "properties": { "cell_id": "r6_c18", "row": 6, "col": 18, "global_row": 5763, "global_col": 11065, "lon": -87.7875, "lat": 41.970833333333331 }, "geometry": { "type": "Polygon", "coordinates": [ [ [ -87.783333333333331, 41.966666666666669 ], [ -87.783333333333331, 41.975 ], [ -87.791666666666657, 41.975 ], [ -87.791666666666657, 41.966666666666669 ], [ -87.783333333333331, 41.966666666666669 ] ] ] } },
{ "type": "Feature", "properties": { "cell_id": "r6_c19", "row": 6, "col": 19, "global_row": 5763, "global_col": 11066, "lon": -87.779166666666654, "lat": 41.970833333333339 }, "geometry": { "type": "Polygon", "coordinates": [ [ [ -87.775, 41.966666666666669 ], [ -87.775, 41.975 ], [ -87.783333333333331, 41.975 ], [ -87.783333333333331, 41.966666666666669 ], [ -87.775, 41.966666666666669 ] ] ] } },
{ "type": "Feature", "properties": { "cell_id": "r6_c20", "row": 6, "col": 20, "global_row": 5763, "global_col": 11067, "lon": -87.770833333333329, "lat": 41.970833333333331 }, "geometry": { "type": "Polygon", "coordinates": [ [ [ -87.766666666666666, 41.966666666666669 ], [ -87.766666666666666, 41.975 ], [ -87.775, 41.975 ], [ -87.775, 41.966666666666669 ], [ -87.766666666666666, 41.966666666666669 ] ] ] } },
{ "type": "Feature", "properties": { "cell_id": "r6_c21", "row": 6, "col": 21, "global_row": 5763, "global_col": 11068, "lon": -87.7625, "lat": 41.970833333333339 }, "geometry": { "type": "Polygon", "coordinates": [ [ [ -87.758333333333326, 41.966666666666669 ], [ -87.758333333333326, 41.975 ], [ -87.766666666666666, 41.975 ], [ -87.766666666666666, 41.966666666666669 ], [ -87.758333333333326, 41.966666666666669 ] ] ] } },
{ "type": "Feature", "properties": { "cell_id": "r6_c22", "row": 6, "col": 22, "global_row": 5763, "global_col": 11069, "lon": -87.754166666666663, "lat": 41.970833333333331 }, "geometry": { "type": "Polygon", "coordinates": [ [ [ -87.75, 41.966666666666669 ], [ -87.75, 41.975 ], [ -87.758333333333326, 41.975 ], [ -87.758333333333326, 41.966666666666669 ], [ -87.75, 41.966666666666669 ] ] ] } },
{ "type": "Feature", "properties": { "cell_id": "r6_c23", "row": 6, "col": 23, "global_row": 5763, "global_col": 11070, "lon": -87.745833333333337, "lat": 41.970833333333339 }, "geometry": { "type": "Polygon", "coordinates": [ [ [ -87.74166666666666, 41.966666666666669 ], [ -87.74166666666666, 41.975 ], [ -87.75, 41.975 ], [ -87.75, 41.966666666666669 ], [ -87.74166666666666, 41.966666666666669 ] ] ] } },
{ "type": "Feature", "properties": { "cell_id": "r6_c24", "row": 6, "col": 24, "global_row": 5763, "global_col": 11071, "lon": -87.7375, "lat": 41.970833333333331 }, "geometry": { "type": "Polygon", "coordinates": [ [ [ -87.733333333333334, 41.966666666666669 ], [ -87.733333333333334, 41.975 ], [ -87.74166666666666, 41.975 ], [ -87.74166666666666, 41.966666666666669 ], [ -87.733333333333334, 41.966666666666669 ] ] ] } },
{ "type": "Feature", "properties": { "cell_id": "r6_c25", "row": 6, "col": 25, "global_row": 5763, "global_col": 11072, "lon": -87.729166666666671, "lat": 41.970833333333339 }, "geometry": { "type": "Polygon", "coordinates": [ [ [ -87.725, 41.966666666666669 ], [ -87.725, 41.975 ], [ -87.733333333333334, 41.975 ], [ -87.733333333333334, 41.966666666666669 ], [ -87.725, 41.966666666666669 ] ] ] } },
{ "type": "Feature", "properties": { "cell_id": "r6_c26", "row": 6, "col": 26, "global_row": 5763, "global_col": 11073, "lon": -87.720833333333317, "lat": 41.970833333333331 }, "geometry": { "type": "Polygon", "coordinates": [ [ [ -87.716666666666669, 41.966666666666669 ], [ -87.716666666666669, 41.975 ], [ -87.725, 41.975 ], [ -87.725, 41.966666666666669 ], [ -87.716666666666669, 41.966666666666669 ] ] ] } },
{ "type": "Feature", "properties": { "cell_id": "r6_c27", "row": 6, "col": 27, "global_row": 5763, "global_col": 11074, "lon": -87.7125, "lat": 41.970833333333339 }, "geometry": { "type": "Polygon", "coordinates": [ [ [ -87.708333333333329, 41.966666666666669 ], [ -87.708333333333329, 41.975 ], [ -87.716666666666669, 41.975 ], [ -87.716666666666669, 41.966666666666669 ], [ -87.708333333333329, 41.966666666666669 ] ] ] } },
{ "type": "Feature", "properties": { "cell_id": "r6_c28", "row": 6, "col": 28, "global_row": 5763, "global_col": 11075, "lon": -87.704166666666666, "lat": 41.970833333333331 }, "geometry": { "type": "Polygon", "coordinates": [ [ [ -87.7, 41.966666666666669 ], [ -87.7, 41.975 ], [ -87.708333333333329, 41.975 ], [ -87.708333333333329, 41.966666666666669 ], [ -87.7, 41.966666666666669 ] ] ] } },
{ "type": "Feature", "properties": { "cell_id": "r6_c29", "row": 6, "col": 29, "global_row": 5763, "global_col": 11076, "lon": -87.695833333333326, "lat": 41.970833333333339 }, "geometry": { "type": "Polygon", "coordinates": [ [ [ -87.691666666666663, 41.966666666666669 ], [ -87.691666666666663, 41.975 ], [ -87.7, 41.975 ], [ -87.7, 41.966666666666669 ], [ -87.691666666666663, 41.966666666666669 ] ] ] } },
{ "type": "Feature", "properties": { "cell_id": "r6_c30", "row": 6, "col": 30, "global_row": 5763, "global_col": 11077, "lon": -87.6875, "lat": 41.970833333333339 }, "geometry": { "type": "Polygon", "coordinates": [ [ [ -87.683333333333323, 41.966666666666669 ], [ -87.683333333333323, 41.975 ], [ -87.691666666666663, 41.975 ], [ -87.691666666666663, 41.966666666666669 ], [ -87.683333333333323, 41.966666666666669 ] ] ] } },
{ "type": "Feature", "properties": { "cell_id": "r6_c31", "row": 6, "col": 31, "global_row": 5763, "global_col": 11078, "lon": -87.679166666666674, "lat": 41.970833333333331 }, "geometry": { "type": "Polygon", "coordinates": [ [ [ -87.675, 41.966666666666669 ], [ -87.675, 41.975 ], [ -87.683333333333323, 41.975 ], [ -87.683333333333323, 41.966666666666669 ], [ -87.675, 41.966666666666669 ] ] ] } },
{ "type": "Feature", "properties": { "cell_id": "r6_c32", "row": 6, "col": 32, "global_row": 5763, "global_col": 11079, "lon": -87.670833333333334, "lat": 41.970833333333339 }, "geometry": { "type": "Polygon", "coordinates": [ [ [ -87.666666666666657, 41.966666666666669 ], [ -87.666666666666657, 41.975 ], [ -87.675, 41.975 ], [ -87.675, 41.966666666666669 ], [ -87.666666666666657, 41.966666666666669 ] ] ] } },
{ "type": "Feature", "properties": { "cell_id": "r6_c33", "row": 6, "col": 33, "global_row": 5763, "global_col": 11080, "lon": -87.6625, "lat": 41.970833333333331 }, "geometry": { "type": "Polygon", "coordinates": [ [ [ -87.658333333333331, 41.966666666666669 ], [ -87.658333333333331, 41.975 ], [ -87.666666666666657, 41.975 ], [ -87.666666666666657, 41.966666666666669 ], [ -87.658333333333331, 41.966666666666669 ] ] ] } },
{ "type": "Feature", "properties": { "cell_id": "r6_c34", "row": 6, "col": 34, "global_row": 5763, "global_col": 11081, "lon": -87.654166666666669, "lat": 41.970833333333339 }, "geometry": { "type": "Polygon", "coordinates": [ [ [ -87.65, 41.966666666666669 ], [ -87.65, 41.975 ], [ -87.658333333333331, 41.975 ], [ -87.658333333333331, 41.966666666666669 ], [ -87.65, 41.966666666666669 ] ] ] } },
{ "type": "Feature", "properties": { "cell_id": "r6_c35", "row": 6, "col": 35, "global_row": 5763, "global_col": 11082, "lon": -87.645833333333343, "lat": 41.970833333333331 }, "geometry": { "type": "Polygon", "coordinates": [ [ [ -87.641666666666666, 41.966666666666669 ], [ -87.641666666666666, 41.975 ], [ -87.65, 41.975 ], [ -87.65, 41.966666666666669 ], [ -87.641666666666666, 41.966666666666669 ] ] ] } },
{ "type": "Feature", "properties": { "cell_id": "r7_c0", "row": 7, "col": 0, "global_row": 5764, "global_col": 11047, "lon": -87.9375, "lat": 41.9625 }, "geometry": { "type": "Polygon", "coordinates": [ [ [ -87.933333333333323, 41.958333333333329 ], [ -87.933333333333323, 41.966666666666669 ], [ -87.941666666666663, 41.966666666666669 ], [ -87.941666666666663, 41.958333333333329 ], [ -87.933333333333323, 41.958333333333329 ] ] ] } },
{ "type": "Feature", "properties": { "cell_id": "r7_c1", "row": 7, "col": 1, "global_row": 5764, "global_col": 11048, "lon": -87.929166666666646, "lat": 41.9625 }, "geometry": { "type": "Polygon", "coordinates": [ [ [ -87.925, 41.958333333333329 ], [ -87.925, 41.966666666666669 ], [ -87.933333333333323, 41.966666666666669 ], [ -87.933333333333323, 41.958333333333329 ], [ -87.925, 41.958333333333329 ] ] ] } },
{ "type": "Feature", "properties": { "cell_id": "r7_c2", "row": 7, "col": 2, "global_row": 5764, "global_col": 11049, "lon": -87.92083333333332, "lat": 41.9625 }, "geometry": { "type": "Polygon", "coordinates": [ [ [ -87.916666666666657, 41.958333333333329 ], [ -87.916666666666657, 41.966666666666669 ], [ -87.925, 41.966666666666669 ], [ -87.925, 41.958333333333329 ], [ -87.916666666666657, 41.958333333333329 ] ] ] } },
{ "type": "Feature", "properties": { "cell_id": "r7_c3", "row": 7, "col": 3, "global_row": 5764, "global_col": 11050, "lon": -87.9125, "lat": 41.9625 }, "geometry": { "type": "Polygon", "coordinates": [ [ [ -87.908333333333331, 41.958333333333329 ], [ -87.908333333333331, 41.966666666666669 ], [ -87.916666666666657, 41.966666666666669 ], [ -87.916666666666657, 41.958333333333329 ], [ -87.908333333333331, 41.958333333333329 ] ] ] } },
{ "type": "Feature", "properties": { "cell_id": "r7_c4", "row": 7, "col": 4, "global_row": 5764, "global_col": 11051, "lon": -87.904166666666683, "lat": 41.9625 }, "geometry": { "type": "Polygon", "coordinates": [ [ [ -87.9, 41.958333333333329 ], [ -87.9, 41.966666666666669 ], [ -87.908333333333331, 41.966666666666669 ], [ -87.908333333333331, 41.958333333333329 ], [ -87.9, 41.958333333333329 ] ] ] } },
{ "type": "Feature", "properties": { "cell_id": "r7_c5", "row": 7, "col": 5, "global_row": 5764, "global_col": 11052, "lon": -87.895833333333329, "lat": 41.9625 }, "geometry": { "type": "Polygon", "coordinates": [ [ [ -87.891666666666666, 41.958333333333329 ], [ -87.891666666666666, 41.966666666666669 ], [ -87.9, 41.966666666666669 ], [ -87.9, 41.958333333333329 ], [ -87.891666666666666, 41.958333333333329 ] ] ] } },
{ "type": "Feature", "properties": { "cell_id": "r7_c6", "row": 7, "col": 6, "global_row": 5764, "global_col": 11053, "lon": -87.8875, "lat": 41.9625 }, "geometry": { "type": "Polygon", "coordinates": [ [ [ -87.883333333333326, 41.958333333333329 ], [ -87.883333333333326, 41.966666666666669 ], [ -87.891666666666666, 41.966666666666669 ], [ -87.891666666666666, 41.958333333333329 ], [ -87.883333333333326, 41.958333333333329 ] ] ] } },
{ "type": "Feature", "properties": { "cell_id": "r7_c10", "row": 7, "col": 10, "global_row": 5764, "global_col": 11057, "lon": -87.854166666666671, "lat": 41.9625 }, "geometry": { "type": "Polygon", "coordinates": [ [ [ -87.85, 41.958333333333329 ], [ -87.85, 41.966666666666669 ], [ -87.858333333333334, 41.966666666666669 ], [ -87.858333333333334, 41.958333333333329 ], [ -87.85, 41.958333333333329 ] ] ] } },
{ "type": "Feature", "properties": { "cell_id": "r7_c11", "row": 7, "col": 11, "global_row": 5764, "global_col": 11058, "lon": -87.845833333333331, "lat": 41.9625 }, "geometry": { "type": "Polygon", "coordinates": [ [ [ -87.841666666666669, 41.958333333333329 ], [ -87.841666666666669, 41.966666666666669 ], [ -87.85, 41.966666666666669 ], [ -87.85, 41.958333333333329 ], [ -87.841666666666669, 41.958333333333329 ] ] ] } },
{ "type": "Feature", "properties": { "cell_id": "r7_c12", "row": 7, "col": 12, "global_row": 5764, "global_col": 11059, "lon": -87.8375, "lat": 41.9625 }, "geometry": { "type": "Polygon", "coordinates": [ [ [ -87.833333333333329, 41.958333333333329 ], [ -87.833333333333329, 41.966666666666669 ], [ -87.841666666666669, 41.966666666666669 ], [ -87.841666666666669, 41.958333333333329 ], [ -87.833333333333329, 41.958333333333329 ] ] ] } },
{ "type": "Feature", "properties": { "cell_id": "r7_c19", "row": 7, "col": 19, "global_row": 5764, "global_col": 11066, "lon": -87.779166666666669, "lat": 41.9625 }, "geometry": { "type": "Polygon", "coordinates": [ [ [ -87.775, 41.958333333333329 ], [ -87.775, 41.966666666666669 ], [ -87.783333333333331, 41.966666666666669 ], [ -87.783333333333331, 41.958333333333329 ], [ -87.775, 41.958333333333329 ] ] ] } },
{ "type": "Feature", "properties": { "cell_id": "r7_c20", "row": 7, "col": 20, "global_row": 5764, "global_col": 11067, "lon": -87.770833333333329, "lat": 41.9625 }, "geometry": { "type": "Polygon", "coordinates": [ [ [ -87.766666666666666, 41.958333333333329 ], [ -87.766666666666666, 41.966666666666669 ], [ -87.775, 41.966666666666669 ], [ -87.775, 41.958333333333329 ], [ -87.766666666666666, 41.958333333333329 ] ] ] } },
{ "type": "Feature", "properties": { "cell_id": "r7_c21", "row": 7, "col": 21, "global_row": 5764, "global_col": 11068, "lon": -87.7625, "lat": 41.9625 }, "geometry": { "type": "Polygon", "coordinates": [ [ [ -87.758333333333326, 41.958333333333329 ], [ -87.758333333333326, 41.966666666666669 ], [ -87.766666666666666, 41.966666666666669 ], [ -87.766666666666666, 41.958333333333329 ], [ -87.758333333333326, 41.958333333333329 ] ] ] } },
{ "type": "Feature", "properties": { "cell_id": "r7_c22", "row": 7, "col": 22, "global_row": 5764, "global_col": 11069, "lon": -87.754166666666663, "lat": 41.9625 }, "geometry": { "type": "Polygon", "coordinates": [ [ [ -87.75, 41.958333333333329 ], [ -87.75, 41.966666666666669 ], [ -87.758333333333326, 41.966666666666669 ], [ -87.758333333333326, 41.958333333333329 ], [ -87.75, 41.958333333333329 ] ] ] } },
{ "type": "Feature", "properties": { "cell_id": "r7_c23", "row": 7, "col": 23, "global_row": 5764, "global_col": 11070, "lon": -87.745833333333323, "lat": 41.9625 }, "geometry": { "type": "Polygon", "coordinates": [ [ [ -87.74166666666666, 41.958333333333329 ], [ -87.74166666666666, 41.966666666666669 ], [ -87.75, 41.966666666666669 ], [ -87.75, 41.958333333333329 ], [ -87.74166666666666, 41.958333333333329 ] ] ] } },
{ "type": "Feature", "properties": { "cell_id": "r7_c24", "row": 7, "col": 24, "global_row": 5764, "global_col": 11071, "lon": -87.7375, "lat": 41.9625 }, "geometry": { "type": "Polygon", "coordinates": [ [ [ -87.733333333333334, 41.958333333333329 ], [ -87.733333333333334, 41.966666666666669 ], [ -87.74166666666666, 41.966666666666669 ], [ -87.74166666666666, 41.958333333333329 ], [ -87.733333333333334, 41.958333333333329 ] ] ] } },
{ "type": "Feature", "properties": { "cell_id": "r7_c25", "row": 7, "col": 25, "global_row": 5764, "global_col": 11072, "lon": -87.729166666666671, "lat": 41.9625 }, "geometry": { "type": "Polygon", "coordinates": [ [ [ -87.725, 41.958333333333329 ], [ -87.725, 41.966666666666669 ], [ -87.733333333333334, 41.966666666666669 ], [ -87.733333333333334, 41.958333333333329 ], [ -87.725, 41.958333333333329 ] ] ] } },
{ "type": "Feature", "properties": { "cell_id": "r7_c26", "row": 7, "col": 26, "global_row": 5764, "global_col": 11073, "lon": -87.720833333333317, "lat": 41.9625 }, "geometry": { "type": "Polygon", "coordinates": [ [ [ -87.716666666666669, 41.958333333333329 ], [ -87.716666666666669, 41.966666666666669 ], [ -87.725, 41.966666666666669 ], [ -87.725, 41.958333333333329 ], [ -87.716666666666669, 41.958333333333329 ] ] ] } },
{ "type": "Feature", "properties": { "cell_id": "r7_c27", "row": 7, "col": 27, "global_row": 5764, "global_col": 11074, "lon": -87.7125, "lat": 41.9625 }, "geometry": { "type": "Polygon", "coordinates": [ [ [ -87.708333333333329, 41.958333333333329 ], [ -87.708333333333329, 41.966666666666669 ], [ -87.716666666666669, 41.966666666666669 ], [ -87.716666666666669, 41.958333333333329 ], [ -87.708333333333329, 41.958333333333329 ] ] ] } },
{ "type": "Feature", "properties": { "cell_id": "r7_c28", "row": 7, "col": 28, "global_row": 5764, "global_col": 11075, "lon": -87.70416666666668, "lat": 41.9625 }, "geometry": { "type": "Polygon", "coordinates": [ [ [ -87.7, 41.958333333333329 ], [ -87.7, 41.966666666666669 ], [ -87.708333333333329, 41.966666666666669 ], [ -87.708333333333329, 41.958333333333329 ], [ -87.7, 41.958333333333329 ] ] ] } },
{ "type": "Feature", "properties": { "cell_id": "r7_c29", "row": 7, "col": 29, "global_row": 5764, "global_col": 11076, "lon": -87.695833333333312, "lat": 41.9625 }, "geometry": { "type": "Polygon", "coordinates": [ [ [ -87.691666666666663, 41.958333333333329 ], [ -87.691666666666663, 41.966666666666669 ], [ -87.7, 41.966666666666669 ], [ -87.7, 41.958333333333329 ], [ -87.691666666666663, 41.958333333333329 ] ] ] } },
{ "type": "Feature", "properties": { "cell_id": "r7_c30", "row": 7, "col": 30, "global_row": 5764, "global_col": 11077, "lon": -87.6875, "lat": 41.9625 }, "geometry": { "type": "Polygon", "coordinates": [ [ [ -87.683333333333323, 41.958333333333329 ], [ -87.683333333333323, 41.966666666666669 ], [ -87.691666666666663, 41.966666666666669 ], [ -87.691666666666663, 41.958333333333329 ], [ -87.683333333333323, 41.958333333333329 ] ] ] } },
{ "type": "Feature", "properties": { "cell_id": "r7_c31", "row": 7, "col": 31, "global_row": 5764, "global_col": 11078, "lon": -87.679166666666646, "lat": 41.9625 }, "geometry": { "type": "Polygon", "coordinates": [ [ [ -87.675, 41.958333333333329 ], [ -87.675, 41.966666666666669 ], [ -87.683333333333323, 41.966666666666669 ], [ -87.683333333333323, 41.958333333333329 ], [ -87.675, 41.958333333333329 ] ] ] } },
{ "type": "Feature", "properties": { "cell_id": "r7_c32", "row": 7, "col": 32, "global_row": 5764, "global_col": 11079, "lon": -87.67083333333332, "lat": 41.9625 }, "geometry": { "type": "Polygon", "coordinates": [ [ [ -87.666666666666657, 41.958333333333329 ], [ -87.666666666666657, 41.966666666666669 ], [ -87.675, 41.966666666666669 ], [ -87.675, 41.958333333333329 ], [ -87.666666666666657, 41.958333333333329 ] ] ] } },
{ "type": "Feature", "properties": { "cell_id": "r7_c33", "row": 7, "col": 33, "global_row": 5764, "global_col": 11080, "lon": -87.6625, "lat": 41.9625 }, "geometry": { "type": "Polygon", "coordinates": [ [ [ -87.658333333333331, 41.958333333333329 ], [ -87.658333333333331, 41.966666666666669 ], [ -87.666666666666657, 41.966666666666669 ], [ -87.666666666666657, 41.958333333333329 ], [ -87.658333333333331, 41.958333333333329 ] ] ] } },
{ "type": "Feature", "properties": { "cell_id": "r7_c34", "row": 7, "col": 34, "global_row": 5764, "global_col": 11081, "lon": -87.654166666666669, "lat": 41.9625 }, "geometry": { "type": "Polygon", "coordinates": [ [ [ -87.65, 41.958333333333329 ], [ -87.65, 41.966666666666669 ], [ -87.658333333333331, 41.966666666666669 ], [ -87.658333333333331, 41.958333333333329 ], [ -87.65, 41.958333333333329 ] ] ] } },
{ "type": "Feature", "properties": { "cell_id": "r7_c35", "row": 7, "col": 35, "global_row": 5764, "global_col": 11082, "lon": -87.645833333333314, "lat": 41.9625 }, "geometry": { "type": "Polygon", "coordinates": [ [ [ -87.641666666666666, 41.958333333333329 ], [ -87.641666666666666, 41.966666666666669 ], [ -87.65, 41.966666666666669 ], [ -87.65, 41.958333333333329 ], [ -87.641666666666666, 41.958333333333329 ] ] ] } },
{ "type": "Feature", "properties": { "cell_id": "r8_c2", "row": 8, "col": 2, "global_row": 5765, "global_col": 11049, "lon": -87.92083333333332, "lat": 41.954166666666659 }, "geometry": { "type": "Polygon", "coordinates": [ [ [ -87.916666666666657, 41.95 ], [ -87.916666666666657, 41.958333333333329 ], [ -87.925, 41.958333333333329 ], [ -87.925, 41.95 ], [ -87.916666666666657, 41.95 ] ] ] } },
{ "type": "Feature", "properties": { "cell_id": "r8_c3", "row": 8, "col": 3, "global_row": 5765, "global_col": 11050, "lon": -87.9125, "lat": 41.954166666666666 }, "geometry": { "type": "Polygon", "coordinates": [ [ [ -87.908333333333331, 41.95 ], [ -87.908333333333331, 41.958333333333329 ], [ -87.916666666666657, 41.958333333333329 ], [ -87.916666666666657, 41.95 ], [ -87.908333333333331, 41.95 ] ] ] } },
{ "type": "Feature", "properties": { "cell_id": "r8_c4", "row": 8, "col": 4, "global_row": 5765, "global_col": 11051, "lon": -87.904166666666669, "lat": 41.954166666666659 }, "geometry": { "type": "Polygon", "coordinates": [ [ [ -87.9, 41.95 ], [ -87.9, 41.958333333333329 ], [ -87.908333333333331, 41.958333333333329 ], [ -87.908333333333331, 41.95 ], [ -87.9, 41.95 ] ] ] } },
{ "type": "Feature", "properties": { "cell_id": "r8_c5", "row": 8, "col": 5, "global_row": 5765, "global_col": 11052, "lon": -87.895833333333329, "lat": 41.954166666666666 }, "geometry": { "type": "Polygon", "coordinates": [ [ [ -87.891666666666666, 41.95 ], [ -87.891666666666666, 41.958333333333329 ], [ -87.9, 41.958333333333329 ], [ -87.9, 41.95 ], [ -87.891666666666666, 41.95 ] ] ] } },
{ "type": "Feature", "properties": { "cell_id": "r8_c11", "row": 8, "col": 11, "global_row": 5765, "global_col": 11058, "lon": -87.845833333333317, "lat": 41.954166666666666 }, "geometry": { "type": "Polygon", "coordinates": [ [ [ -87.841666666666669, 41.95 ], [ -87.841666666666669, 41.958333333333329 ], [ -87.85, 41.958333333333329 ], [ -87.85, 41.95 ], [ -87.841666666666669, 41.95 ] ] ] } },
{ "type": "Feature", "properties": { "cell_id": "r8_c12", "row": 8, "col": 12, "global_row": 5765, "global_col": 11059, "lon": -87.8375, "lat": 41.954166666666659 }, "geometry": { "type": "Polygon", "coordinates": [ [ [ -87.833333333333329, 41.95 ], [ -87.833333333333329, 41.958333333333329 ], [ -87.841666666666669, 41.958333333333329 ], [ -87.841666666666669, 41.95 ], [ -87.833333333333329, 41.95 ] ] ] } },
{ "type": "Feature", "properties": { "cell_id": "r8_c16", "row": 8, "col": 16, "global_row": 5765, "global_col": 11063, "lon": -87.80416666666666, "lat": 41.954166666666666 }, "geometry": { "type": "Polygon", "coordinates": [ [ [ -87.8, 41.95 ], [ -87.8, 41.958333333333329 ], [ -87.808333333333323, 41.958333333333329 ], [ -87.808333333333323, 41.95 ], [ -87.8, 41.95 ] ] ] } },
{ "type": "Feature", "properties": { "cell_id": "r8_c17", "row": 8, "col": 17, "global_row": 5765, "global_col": 11064, "lon": -87.79583333333332, "lat": 41.954166666666659 }, "geometry": { "type": "Polygon", "coordinates": [ [ [ -87.791666666666657, 41.95 ], [ -87.791666666666657, 41.958333333333329 ], [ -87.8, 41.958333333333329 ], [ -87.8, 41.95 ], [ -87.791666666666657, 41.95 ] ] ] } },
{ "type": "Feature", "properties": { "cell_id": "r8_c18", "row": 8, "col": 18, "global_row": 5765, "global_col": 11065, "lon": -87.7875, "lat": 41.954166666666666 }, "geometry": { "type": "Polygon", "coordinates": [ [ [ -87.783333333333331, 41.95 ], [ -87.783333333333331, 41.958333333333329 ], [ -87.791666666666657, 41.958333333333329 ], [ -87.791666666666657, 41.95 ], [ -87.783333333333331, 41.95 ] ] ] } },
{ "type": "Feature", "properties": { "cell_id": "r8_c19", "row": 8, "col": 19, "global_row": 5765, "global_col": 11066, "lon": -87.779166666666654, "lat": 41.954166666666659 }, "geometry": { "type": "Polygon", "coordinates": [ [ [ -87.775, 41.95 ], [ -87.775, 41.958333333333329 ], [ -87.783333333333331, 41.958333333333329 ], [ -87.783333333333331, 41.95 ], [ -87.775, 41.95 ] ] ] } },
{ "type": "Feature", "properties": { "cell_id": "r8_c20", "row": 8, "col": 20, "global_row": 5765, "global_col": 11067, "lon": -87.770833333333329, "lat": 41.954166666666666 }, "geometry": { "type": "Polygon", "coordinates": [ [ [ -87.766666666666666, 41.95 ], [ -87.766666666666666, 41.958333333333329 ], [ -87.775, 41.958333333333329 ], [ -87.775, 41.95 ], [ -87.766666666666666, 41.95 ] ] ] } },
{ "type": "Feature", "properties": { "cell_id": "r8_c21", "row": 8, "col": 21, "global_row": 5765, "global_col": 11068, "lon": -87.7625, "lat": 41.954166666666659 }, "geometry": { "type": "Polygon", "coordinates": [ [ [ -87.758333333333326, 41.95 ], [ -87.758333333333326, 41.958333333333329 ], [ -87.766666666666666, 41.958333333333329 ], [ -87.766666666666666, 41.95 ], [ -87.758333333333326, 41.95 ] ] ] } },
{ "type": "Feature", "properties": { "cell_id": "r8_c22", "row": 8, "col": 22, "global_row": 5765, "global_col": 11069, "lon": -87.754166666666663, "lat": 41.954166666666666 }, "geometry": { "type": "Polygon", "coordinates": [ [ [ -87.75, 41.95 ], [ -87.75, 41.958333333333329 ], [ -87.758333333333326, 41.958333333333329 ], [ -87.758333333333326, 41.95 ], [ -87.75, 41.95 ] ] ] } },
{ "type": "Feature", "properties": { "cell_id": "r8_c23", "row": 8, "col": 23, "global_row": 5765, "global_col": 11070, "lon": -87.745833333333337, "lat": 41.954166666666659 }, "geometry": { "type": "Polygon", "coordinates": [ [ [ -87.74166666666666, 41.95 ], [ -87.74166666666666, 41.958333333333329 ], [ -87.75, 41.958333333333329 ], [ -87.75, 41.95 ], [ -87.74166666666666, 41.95 ] ] ] } },
{ "type": "Feature", "properties": { "cell_id": "r8_c24", "row": 8, "col": 24, "global_row": 5765, "global_col": 11071, "lon": -87.7375, "lat": 41.954166666666666 }, "geometry": { "type": "Polygon", "coordinates": [ [ [ -87.733333333333334, 41.95 ], [ -87.733333333333334, 41.958333333333329 ], [ -87.74166666666666, 41.958333333333329 ], [ -87.74166666666666, 41.95 ], [ -87.733333333333334, 41.95 ] ] ] } },
{ "type": "Feature", "properties": { "cell_id": "r8_c25", "row": 8, "col": 25, "global_row": 5765, "global_col": 11072, "lon": -87.729166666666671, "lat": 41.954166666666659 }, "geometry": { "type": "Polygon", "coordinates": [ [ [ -87.725, 41.95 ], [ -87.725, 41.958333333333329 ], [ -87.733333333333334, 41.958333333333329 ], [ -87.733333333333334, 41.95 ], [ -87.725, 41.95 ] ] ] } },
{ "type": "Feature", "properties": { "cell_id": "r8_c26", "row": 8, "col": 26, "global_row": 5765, "global_col": 11073, "lon": -87.720833333333317, "lat": 41.954166666666666 }, "geometry": { "type": "Polygon", "coordinates": [ [ [ -87.716666666666669, 41.95 ], [ -87.716666666666669, 41.958333333333329 ], [ -87.725, 41.958333333333329 ], [ -87.725, 41.95 ], [ -87.716666666666669, 41.95 ] ] ] } },
{ "type": "Feature", "properties": { "cell_id": "r8_c27", "row": 8, "col": 27, "global_row": 5765, "global_col": 11074, "lon": -87.7125, "lat": 41.954166666666659 }, "geometry": { "type": "Polygon", "coordinates": [ [ [ -87.708333333333329, 41.95 ], [ -87.708333333333329, 41.958333333333329 ], [ -87.716666666666669, 41.958333333333329 ], [ -87.716666666666669, 41.95 ], [ -87.708333333333329, 41.95 ] ] ] } },
{ "type": "Feature", "properties": { "cell_id": "r8_c28", "row": 8, "col": 28, "global_row": 5765, "global_col": 11075, "lon": -87.704166666666666, "lat": 41.954166666666666 }, "geometry": { "type": "Polygon", "coordinates": [ [ [ -87.7, 41.95 ], [ -87.7, 41.958333333333329 ], [ -87.708333333333329, 41.958333333333329 ], [ -87.708333333333329, 41.95 ], [ -87.7, 41.95 ] ] ] } },
{ "type": "Feature", "properties": { "cell_id": "r8_c29", "row": 8, "col": 29, "global_row": 5765, "global_col": 11076, "lon": -87.695833333333326, "lat": 41.954166666666659 }, "geometry": { "type": "Polygon", "coordinates": [ [ [ -87.691666666666663, 41.95 ], [ -87.691666666666663, 41.958333333333329 ], [ -87.7, 41.958333333333329 ], [ -87.7, 41.95 ], [ -87.691666666666663, 41.95 ] ] ] } },
{ "type": "Feature", "properties": { "cell_id": "r8_c30", "row": 8, "col": 30, "global_row": 5765, "global_col": 11077, "lon": -87.6875, "lat": 41.954166666666659 }, "geometry": { "type": "Polygon", "coordinates": [ [ [ -87.683333333333323, 41.95 ], [ -87.683333333333323, 41.958333333333329 ], [ -87.691666666666663, 41.958333333333329 ], [ -87.691666666666663, 41.95 ], [ -87.683333333333323, 41.95 ] ] ] } },
{ "type": "Feature", "properties": { "cell_id": "r8_c31", "row": 8, "col": 31, "global_row": 5765, "global_col": 11078, "lon": -87.679166666666674, "lat": 41.954166666666666 }, "geometry": { "type": "Polygon", "coordinates": [ [ [ -87.675, 41.95 ], [ -87.675, 41.958333333333329 ], [ -87.683333333333323, 41.958333333333329 ], [ -87.683333333333323, 41.95 ], [ -87.675, 41.95 ] ] ] } },
{ "type": "Feature", "properties": { "cell_id": "r8_c32", "row": 8, "col": 32, "global_row": 5765, "global_col": 11079, "lon": -87.670833333333334, "lat": 41.954166666666659 }, "geometry": { "type": "Polygon", "coordinates": [ [ [ -87.666666666666657, 41.95 ], [ -87.666666666666657, 41.958333333333329 ], [ -87.675, 41.958333333333329 ], [ -87.675, 41.95 ], [ -87.666666666666657, 41.95 ] ] ] } },
{ "type": "Feature", "properties": { "cell_id": "r8_c33", "row": 8, "col": 33, "global_row": 5765, "global_col": 11080, "lon": -87.6625, "lat": 41.954166666666666 }, "geometry": { "type": "Polygon", "coordinates": [ [ [ -87.658333333333331, 41.95 ], [ -87.658333333333331, 41.958333333333329 ], [ -87.666666666666657, 41.958333333333329 ], [ -87.666666666666657, 41.95 ], [ -87.658333333333331, 41.95 ] ] ] } },
{ "type": "Feature", "properties": { "cell_id": "r8_c34", "row": 8, "col": 34, "global_row": 5765, "global_col": 11081, "lon": -87.654166666666669, "lat": 41.954166666666659 }, "geometry": { "type": "Polygon", "coordinates": [ [ [ -87.65, 41.95 ], [ -87.65, 41.958333333333329 ], [ -87.658333333333331, 41.958333333333329 ], [ -87.658333333333331, 41.95 ], [ -87.65, 41.95 ] ] ] } },
{ "type": "Feature", "properties": { "cell_id": "r8_c35", "row": 8, "col": 35, "global_row": 5765, "global_col": 11082, "lon": -87.645833333333343, "lat": 41.954166666666666 }, "geometry": { "type": "Polygon", "coordinates": [ [ [ -87.641666666666666, 41.95 ], [ -87.641666666666666, 41.958333333333329 ], [ -87.65, 41.958333333333329 ], [ -87.65, 41.95 ], [ -87.641666666666666, 41.95 ] ] ] } },
{ "type": "Feature", "properties": { "cell_id": "r9_c11", "row": 9, "col": 11, "global_row": 5766, "global_col": 11058, "lon": -87.845833333333317, "lat": 41.945833333333319 }, "geometry": { "type": "Polygon", "coordinates": [ [ [ -87.841666666666669, 41.941666666666663 ], [ -87.841666666666669, 41.95 ], [ -87.85, 41.95 ], [ -87.85, 41.941666666666663 ], [ -87.841666666666669, 41.941666666666663 ] ] ] } },
{ "type": "Feature", "properties": { "cell_id": "r9_c12", "row": 9, "col": 12, "global_row": 5766, "global_col": 11059, "lon": -87.8375, "lat": 41.945833333333326 }, "geometry": { "type": "Polygon", "coordinates": [ [ [ -87.833333333333329, 41.941666666666663 ], [ -87.833333333333329, 41.95 ], [ -87.841666666666669, 41.95 ], [ -87.841666666666669, 41.941666666666663 ], [ -87.833333333333329, 41.941666666666663 ] ] ] } },
{ "type": "Feature", "properties": { "cell_id": "r9_c13", "row": 9, "col": 13, "global_row": 5766, "global_col": 11060, "lon": -87.829166666666666, "lat": 41.945833333333319 }, "geometry": { "type": "Polygon", "coordinates": [ [ [ -87.825, 41.941666666666663 ], [ -87.825, 41.95 ], [ -87.833333333333329, 41.95 ], [ -87.833333333333329, 41.941666666666663 ], [ -87.825, 41.941666666666663 ] ] ] } },
{ "type": "Feature", "properties": { "cell_id": "r9_c14", "row": 9, "col": 14, "global_row": 5766, "global_col": 11061, "lon": -87.820833333333326, "lat": 41.945833333333326 }, "geometry": { "type": "Polygon", "coordinates": [ [ [ -87.816666666666663, 41.941666666666663 ], [ -87.816666666666663, 41.95 ], [ -87.825, 41.95 ], [ -87.825, 41.941666666666663 ], [ -87.816666666666663, 41.941666666666663 ] ] ] } },
{ "type": "Feature", "properties": { "cell_id": "r9_c15", "row": 9, "col": 15, "global_row": 5766, "global_col": 11062, "lon": -87.8125, "lat": 41.945833333333326 }, "geometry": { "type": "Polygon", "coordinates": [ [ [ -87.808333333333323, 41.941666666666663 ], [ -87.808333333333323, 41.95 ], [ -87.816666666666663, 41.95 ], [ -87.816666666666663, 41.941666666666663 ], [ -87.808333333333323, 41.941666666666663 ] ] ] } },
{ "type": "Feature", "properties": { "cell_id": "r9_c16", "row": 9, "col": 16, "global_row": 5766, "global_col": 11063, "lon": -87.80416666666666, "lat": 41.945833333333319 }, "geometry": { "type": "Polygon", "coordinates": [ [ [ -87.8, 41.941666666666663 ], [ -87.8, 41.95 ], [ -87.808333333333323, 41.95 ], [ -87.808333333333323, 41.941666666666663 ], [ -87.8, 41.941666666666663 ] ] ] } },
{ "type": "Feature", "properties": { "cell_id": "r9_c17", "row": 9, "col": 17, "global_row": 5766, "global_col": 11064, "lon": -87.79583333333332, "lat": 41.945833333333326 }, "geometry": { "type": "Polygon", "coordinates": [ [ [ -87.791666666666657, 41.941666666666663 ], [ -87.791666666666657, 41.95 ], [ -87.8, 41.95 ], [ -87.8, 41.941666666666663 ], [ -87.791666666666657, 41.941666666666663 ] ] ] } },
{ "type": "Feature", "properties": { "cell_id": "r9_c18", "row": 9, "col": 18, "global_row": 5766, "global_col": 11065, "lon": -87.7875, "lat": 41.945833333333319 }, "geometry": { "type": "Polygon", "coordinates": [ [ [ -87.783333333333331, 41.941666666666663 ], [ -87.783333333333331, 41.95 ], [ -87.791666666666657, 41.95 ], [ -87.791666666666657, 41.941666666666663 ], [ -87.783333333333331, 41.941666666666663 ] ] ] } },
{ "type": "Feature", "properties": { "cell_id": "r9_c19", "row": 9, "col": 19, "global_row": 5766, "global_col": 11066, "lon": -87.779166666666654, "lat": 41.945833333333326 }, "geometry": { "type": "Polygon", "coordinates": [ [ [ -87.775, 41.941666666666663 ], [ -87.775, 41.95 ], [ -87.783333333333331, 41.95 ], [ -87.783333333333331, 41.941666666666663 ], [ -87.775, 41.941666666666663 ] ] ] } },
{ "type": "Feature", "properties": { "cell_id": "r9_c20", "row": 9, "col": 20, "global_row": 5766, "global_col": 11067, "lon": -87.770833333333329, "lat": 41.945833333333319 }, "geometry": { "type": "Polygon", "coordinates": [ [ [ -87.766666666666666, 41.941666666666663 ], [ -87.766666666666666, 41.95 ], [ -87.775, 41.95 ], [ -87.775, 41.941666666666663 ], [ -87.766666666666666, 41.941666666666663 ] ] ] } },
{ "type": "Feature", "properties": { "cell_id": "r9_c21", "row": 9, "col": 21, "global_row": 5766, "global_col": 11068, "lon": -87.7625, "lat": 41.945833333333326 }, "geometry": { "type": "Polygon", "coordinates": [ [ [ -87.758333333333326, 41.941666666666663 ], [ -87.758333333333326, 41.95 ], [ -87.766666666666666, 41.95 ], [ -87.766666666666666, 41.941666666666663 ], [ -87.758333333333326, 41.941666666666663 ] ] ] } },
{ "type": "Feature", "properties": { "cell_id": "r9_c22", "row": 9, "col": 22, "global_row": 5766, "global_col": 11069, "lon": -87.754166666666663, "lat": 41.945833333333319 }, "geometry": { "type": "Polygon", "coordinates": [ [ [ -87.75, 41.941666666666663 ], [ -87.75, 41.95 ], [ -87.758333333333326, 41.95 ], [ -87.758333333333326, 41.941666666666663 ], [ -87.75, 41.941666666666663 ] ] ] } },
{ "type": "Feature", "properties": { "cell_id": "r9_c23", "row": 9, "col": 23, "global_row": 5766, "global_col": 11070, "lon": -87.745833333333337, "lat": 41.945833333333326 }, "geometry": { "type": "Polygon", "coordinates": [ [ [ -87.74166666666666, 41.941666666666663 ], [ -87.74166666666666, 41.95 ], [ -87.75, 41.95 ], [ -87.75, 41.941666666666663 ], [ -87.74166666666666, 41.941666666666663 ] ] ] } },
{ "type": "Feature", "properties": { "cell_id": "r9_c24", "row": 9, "col": 24, "global_row": 5766, "global_col": 11071, "lon": -87.7375, "lat": 41.945833333333319 }, "geometry": { "type": "Polygon", "coordinates": [ [ [ -87.733333333333334, 41.941666666666663 ], [ -87.733333333333334, 41.95 ], [ -87.74166666666666, 41.95 ], [ -87.74166666666666, 41.941666666666663 ], [ -87.733333333333334, 41.941666666666663 ] ] ] } },
{ "type": "Feature", "properties": { "cell_id": "r9_c25", "row": 9, "col": 25, "global_row": 5766, "global_col": 11072, "lon": -87.729166666666671, "lat": 41.945833333333326 }, "geometry": { "type": "Polygon", "coordinates": [ [ [ -87.725, 41.941666666666663 ], [ -87.725, 41.95 ], [ -87.733333333333334, 41.95 ], [ -87.733333333333334, 41.941666666666663 ], [ -87.725, 41.941666666666663 ] ] ] } },
{ "type": "Feature", "properties": { "cell_id": "r9_c26", "row": 9, "col": 26, "global_row": 5766, "global_col": 11073, "lon": -87.720833333333317, "lat": 41.945833333333319 }, "geometry": { "type": "Polygon", "coordinates": [ [ [ -87.716666666666669, 41.941666666666663 ], [ -87.716666666666669, 41.95 ], [ -87.725, 41.95 ], [ -87.725, 41.941666666666663 ], [ -87.716666666666669, 41.941666666666663 ] ] ] } },
{ "type": "Feature", "properties": { "cell_id": "r9_c27", "row": 9, "col": 27, "global_row": 5766, "global_col": 11074, "lon": -87.7125, "lat": 41.945833333333326 }, "geometry": { "type": "Polygon", "coordinates": [ [ [ -87.708333333333329, 41.941666666666663 ], [ -87.708333333333329, 41.95 ], [ -87.716666666666669, 41.95 ], [ -87.716666666666669, 41.941666666666663 ], [ -87.708333333333329, 41.941666666666663 ] ] ] } },
{ "type": "Feature", "properties": { "cell_id": "r9_c28", "row": 9, "col": 28, "global_row": 5766, "global_col": 11075, "lon": -87.704166666666666, "lat": 41.945833333333319 }, "geometry": { "type": "Polygon", "coordinates": [ [ [ -87.7, 41.941666666666663 ], [ -87.7, 41.95 ], [ -87.708333333333329, 41.95 ], [ -87.708333333333329, 41.941666666666663 ], [ -87.7, 41.941666666666663 ] ] ] } },
{ "type": "Feature", "properties": { "cell_id": "r9_c29", "row": 9, "col": 29, "global_row": 5766, "global_col": 11076, "lon": -87.695833333333326, "lat": 41.945833333333326 }, "geometry": { "type": "Polygon", "coordinates": [ [ [ -87.691666666666663, 41.941666666666663 ], [ -87.691666666666663, 41.95 ], [ -87.7, 41.95 ], [ -87.7, 41.941666666666663 ], [ -87.691666666666663, 41.941666666666663 ] ] ] } },
{ "type": "Feature", "properties": { "cell_id": "r9_c30", "row": 9, "col": 30, "global_row": 5766, "global_col": 11077, "lon": -87.6875, "lat": 41.945833333333326 }, "geometry": { "type": "Polygon", "coordinates": [ [ [ -87.683333333333323, 41.941666666666663 ], [ -87.683333333333323, 41.95 ], [ -87.691666666666663, 41.95 ], [ -87.691666666666663, 41.941666666666663 ], [ -87.683333333333323, 41.941666666666663 ] ] ] } },
{ "type": "Feature", "properties": { "cell_id": "r9_c31", "row": 9, "col": 31, "global_row": 5766, "global_col": 11078, "lon": -87.679166666666674, "lat": 41.945833333333319 }, "geometry": { "type": "Polygon", "coordinates": [ [ [ -87.675, 41.941666666666663 ], [ -87.675, 41.95 ], [ -87.683333333333323, 41.95 ], [ -87.683333333333323, 41.941666666666663 ], [ -87.675, 41.941666666666663 ] ] ] } },
{ "type": "Feature", "properties": { "cell_id": "r9_c32", "row": 9, "col": 32, "global_row": 5766, "global_col": 11079, "lon": -87.670833333333334, "lat": 41.945833333333326 }, "geometry": { "type": "Polygon", "coordinates": [ [ [ -87.666666666666657, 41.941666666666663 ], [ -87.666666666666657, 41.95 ], [ -87.675, 41.95 ], [ -87.675, 41.941666666666663 ], [ -87.666666666666657, 41.941666666666663 ] ] ] } },
{ "type": "Feature", "properties": { "cell_id": "r9_c33", "row": 9, "col": 33, "global_row": 5766, "global_col": 11080, "lon": -87.6625, "lat": 41.945833333333319 }, "geometry": { "type": "Polygon", "coordinates": [ [ [ -87.658333333333331, 41.941666666666663 ], [ -87.658333333333331, 41.95 ], [ -87.666666666666657, 41.95 ], [ -87.666666666666657, 41.941666666666663 ], [ -87.658333333333331, 41.941666666666663 ] ] ] } },
{ "type": "Feature", "properties": { "cell_id": "r9_c34", "row": 9, "col": 34, "global_row": 5766, "global_col": 11081, "lon": -87.654166666666669, "lat": 41.945833333333326 }, "geometry": { "type": "Polygon", "coordinates": [ [ [ -87.65, 41.941666666666663 ], [ -87.65, 41.95 ], [ -87.658333333333331, 41.95 ], [ -87.658333333333331, 41.941666666666663 ], [ -87.65, 41.941666666666663 ] ] ] } },
{ "type": "Feature", "properties": { "cell_id": "r9_c35", "row": 9, "col": 35, "global_row": 5766, "global_col": 11082, "lon": -87.645833333333343, "lat": 41.945833333333319 }, "geometry": { "type": "Polygon", "coordinates": [ [ [ -87.641666666666666, 41.941666666666663 ], [ -87.641666666666666, 41.95 ], [ -87.65, 41.95 ], [ -87.65, 41.941666666666663 ], [ -87.641666666666666, 41.941666666666663 ] ] ] } },
{ "type": "Feature", "properties": { "cell_id": "r10_c11", "row": 10, "col": 11, "global_row": 5767, "global_col": 11058, "lon": -87.845833333333317, "lat": 41.9375 }, "geometry": { "type": "Polygon", "coordinates": [ [ [ -87.841666666666669, 41.93333333333333 ], [ -87.841666666666669, 41.941666666666663 ], [ -87.85, 41.941666666666663 ], [ -87.85, 41.93333333333333 ], [ -87.841666666666669, 41.93333333333333 ] ] ] } },
{ "type": "Feature", "properties": { "cell_id": "r10_c15", "row": 10, "col": 15, "global_row": 5767, "global_col": 11062, "lon": -87.8125, "lat": 41.9375 }, "geometry": { "type": "Polygon", "coordinates": [ [ [ -87.808333333333323, 41.93333333333333 ], [ -87.808333333333323, 41.941666666666663 ], [ -87.816666666666663, 41.941666666666663 ], [ -87.816666666666663, 41.93333333333333 ], [ -87.808333333333323, 41.93333333333333 ] ] ] } },
{ "type": "Feature", "properties": { "cell_id": "r10_c16", "row": 10, "col": 16, "global_row": 5767, "global_col": 11063, "lon": -87.80416666666666, "lat": 41.9375 }, "geometry": { "type": "Polygon", "coordinates": [ [ [ -87.8, 41.93333333333333 ], [ -87.8, 41.941666666666663 ], [ -87.808333333333323, 41.941666666666663 ], [ -87.808333333333323, 41.93333333333333 ], [ -87.8, 41.93333333333333 ] ] ] } },
{ "type": "Feature", "properties": { "cell_id": "r10_c17", "row": 10, "col": 17, "global_row": 5767, "global_col": 11064, "lon": -87.79583333333332, "lat": 41.9375 }, "geometry": { "type": "Polygon", "coordinates": [ [ [ -87.791666666666657, 41.93333333333333 ], [ -87.791666666666657, 41.941666666666663 ], [ -87.8, 41.941666666666663 ], [ -87.8, 41.93333333333333 ], [ -87.791666666666657, 41.93333333333333 ] ] ] } },
{ "type": "Feature", "properties": { "cell_id": "r10_c18", "row": 10, "col": 18, "global_row": 5767, "global_col": 11065, "lon": -87.7875, "lat": 41.9375 }, "geometry": { "type": "Polygon", "coordinates": [ [ [ -87.783333333333331, 41.93333333333333 ], [ -87.783333333333331, 41.941666666666663 ], [ -87.791666666666657, 41.941666666666663 ], [ -87.791666666666657, 41.93333333333333 ], [ -87.783333333333331, 41.93333333333333 ] ] ] } },
{ "type": "Feature", "properties": { "cell_id": "r10_c19", "row": 10, "col": 19, "global_row": 5767, "global_col": 11066, "lon": -87.779166666666654, "lat": 41.9375 }, "geometry": { "type": "Polygon", "coordinates": [ [ [ -87.775, 41.93333333333333 ], [ -87.775, 41.941666666666663 ], [ -87.783333333333331, 41.941666666666663 ], [ -87.783333333333331, 41.93333333333333 ], [ -87.775, 41.93333333333333 ] ] ] } },
{ "type": "Feature", "properties": { "cell_id": "r10_c20", "row": 10, "col": 20, "global_row": 5767, "global_col": 11067, "lon": -87.770833333333329, "lat": 41.9375 }, "geometry": { "type": "Polygon", "coordinates": [ [ [ -87.766666666666666, 41.93333333333333 ], [ -87.766666666666666, 41.941666666666663 ], [ -87.775, 41.941666666666663 ], [ -87.775, 41.93333333333333 ], [ -87.766666666666666, 41.93333333333333 ] ] ] } },
{ "type": "Feature", "properties": { "cell_id": "r10_c21", "row": 10, "col": 21, "global_row": 5767, "global_col": 11068, "lon": -87.7625, "lat": 41.9375 }, "geometry": { "type": "Polygon", "coordinates": [ [ [ -87.758333333333326, 41.93333333333333 ], [ -87.758333333333326, 41.941666666666663 ], [ -87.766666666666666, 41.941666666666663 ], [ -87.766666666666666, 41.93333333333333 ], [ -87.758333333333326, 41.93333333333333 ] ] ] } },
{ "type": "Feature", "properties": { "cell_id": "r10_c22", "row": 10, "col": 22, "global_row": 5767, "global_col": 11069, "lon": -87.754166666666663, "lat": 41.9375 }, "geometry": { "type": "Polygon", "coordinates": [ [ [ -87.75, 41.93333333333333 ], [ -87.75, 41.941666666666663 ], [ -87.758333333333326, 41.941666666666663 ], [ -87.758333333333326, 41.93333333333333 ], [ -87.75, 41.93333333333333 ] ] ] } },
{ "type": "Feature", "properties": { "cell_id": "r10_c23", "row": 10, "col": 23, "global_row": 5767, "global_col": 11070, "lon": -87.745833333333337, "lat": 41.9375 }, "geometry": { "type": "Polygon", "coordinates": [ [ [ -87.74166666666666, 41.93333333333333 ], [ -87.74166666666666, 41.941666666666663 ], [ -87.75, 41.941666666666663 ], [ -87.75, 41.93333333333333 ], [ -87.74166666666666, 41.93333333333333 ] ] ] } },
{ "type": "Feature", "properties": { "cell_id": "r10_c24", "row": 10, "col": 24, "global_row": 5767, "global_col": 11071, "lon": -87.7375, "lat": 41.9375 }, "geometry": { "type": "Polygon", "coordinates": [ [ [ -87.733333333333334, 41.93333333333333 ], [ -87.733333333333334, 41.941666666666663 ], [ -87.74166666666666, 41.941666666666663 ], [ -87.74166666666666, 41.93333333333333 ], [ -87.733333333333334, 41.93333333333333 ] ] ] } },
{ "type": "Feature", "properties": { "cell_id": "r10_c25", "row": 10, "col": 25, "global_row": 5767, "global_col": 11072, "lon": -87.729166666666671, "lat": 41.9375 }, "geometry": { "type": "Polygon", "coordinates": [ [ [ -87.725, 41.93333333333333 ], [ -87.725, 41.941666666666663 ], [ -87.733333333333334, 41.941666666666663 ], [ -87.733333333333334, 41.93333333333333 ], [ -87.725, 41.93333333333333 ] ] ] } },
{ "type": "Feature", "properties": { "cell_id": "r10_c26", "row": 10, "col": 26, "global_row": 5767, "global_col": 11073, "lon": -87.720833333333317, "lat": 41.9375 }, "geometry": { "type": "Polygon", "coordinates": [ [ [ -87.716666666666669, 41.93333333333333 ], [ -87.716666666666669, 41.941666666666663 ], [ -87.725, 41.941666666666663 ], [ -87.725, 41.93333333333333 ], [ -87.716666666666669, 41.93333333333333 ] ] ] } },
{ "type": "Feature", "properties": { "cell_id": "r10_c27", "row": 10, "col": 27, "global_row": 5767, "global_col": 11074, "lon": -87.7125, "lat": 41.9375 }, "geometry": { "type": "Polygon", "coordinates": [ [ [ -87.708333333333329, 41.93333333333333 ], [ -87.708333333333329, 41.941666666666663 ], [ -87.716666666666669, 41.941666666666663 ], [ -87.716666666666669, 41.93333333333333 ], [ -87.708333333333329, 41.93333333333333 ] ] ] } },
{ "type": "Feature", "properties": { "cell_id": "r10_c28", "row": 10, "col": 28, "global_row": 5767, "global_col": 11075, "lon": -87.704166666666666, "lat": 41.9375 }, "geometry": { "type": "Polygon", "coordinates": [ [ [ -87.7, 41.93333333333333 ], [ -87.7, 41.941666666666663 ], [ -87.708333333333329, 41.941666666666663 ], [ -87.708333333333329, 41.93333333333333 ], [ -87.7, 41.93333333333333 ] ] ] } },
{ "type": "Feature", "properties": { "cell_id": "r10_c29", "row": 10, "col": 29, "global_row": 5767, "global_col": 11076, "lon": -87.695833333333326, "lat": 41.9375 }, "geometry": { "type": "Polygon", "coordinates": [ [ [ -87.691666666666663, 41.93333333333333 ], [ -87.691666666666663, 41.941666666666663 ], [ -87.7, 41.941666666666663 ], [ -87.7, 41.93333333333333 ], [ -87.691666666666663, 41.93333333333333 ] ] ] } },
{ "type": "Feature", "properties": { "cell_id": "r10_c30", "row": 10, "col": 30, "global_row": 5767, "global_col": 11077, "lon": -87.6875, "lat": 41.9375 }, "geometry": { "type": "Polygon", "coordinates": [ [ [ -87.683333333333323, 41.93333333333333 ], [ -87.683333333333323, 41.941666666666663 ], [ -87.691666666666663, 41.941666666666663 ], [ -87.691666666666663, 41.93333333333333 ], [ -87.683333333333323, 41.93333333333333 ] ] ] } },
{ "type": "Feature", "properties": { "cell_id": "r10_c31", "row": 10, "col": 31, "global_row": 5767, "global_col": 11078, "lon": -87.679166666666674, "lat": 41.9375 }, "geometry": { "type": "Polygon", "coordinates": [ [ [ -87.675, 41.93333333333333 ], [ -87.675, 41.941666666666663 ], [ -87.683333333333323, 41.941666666666663 ], [ -87.683333333333323, 41.93333333333333 ], [ -87.675, 41.93333333333333 ] ] ] } },
{ "type": "Feature", "properties": { "cell_id": "r10_c32", "row": 10, "col": 32, "global_row": 5767, "global_col": 11079, "lon": -87.670833333333334, "lat": 41.9375 }, "geometry": { "type": "Polygon", "coordinates": [ [ [ -87.666666666666657, 41.93333333333333 ], [ -87.666666666666657, 41.941666666666663 ], [ -87.675, 41.941666666666663 ], [ -87.675, 41.93333333333333 ], [ -87.666666666666657, 41.93333333333333 ] ] ] } },
{ "type": "Feature", "properties": { "cell_id": "r10_c33", "row": 10, "col": 33, "global_row": 5767, "global_col": 11080, "lon": -87.6625, "lat": 41.9375 }, "geometry": { "type": "Polygon", "coordinates": [ [ [ -87.658333333333331, 41.93333333333333 ], [ -87.658333333333331, 41.941666666666663 ], [ -87.666666666666657, 41.941666666666663 ], [ -87.666666666666657, 41.93333333333333 ], [ -87.658333333333331, 41.93333333333333 ] ] ] } },
{ "type": "Feature", "properties": { "cell_id": "r10_c34", "row": 10, "col": 34, "global_row": 5767, "global_col": 11081, "lon": -87.654166666666669, "lat": 41.9375 }, "geometry": { "type": "Polygon", "coordinates": [ [ [ -87.65, 41.93333333333333 ], [ -87.65, 41.941666666666663 ], [ -87.658333333333331, 41.941666666666663 ], [ -87.658333333333331, 41.93333333333333 ], [ -87.65, 41.93333333333333 ] ] ] } },
{ "type": "Feature", "properties": { "cell_id": "r10_c35", "row": 10, "col": 35, "global_row": 5767, "global_col": 11082, "lon": -87.645833333333343, "lat": 41.9375 }, "geometry": { "type": "Polygon", "coordinates": [ [ [ -87.641666666666666, 41.93333333333333 ], [ -87.641666666666666, 41.941666666666663 ], [ -87.65, 41.941666666666663 ], [ -87.65, 41.93333333333333 ], [ -87.641666666666666, 41.93333333333333 ] ] ] } },
{ "type": "Feature", "properties": { "cell_id": "r10_c36", "row": 10, "col": 36, "global_row": 5767, "global_col": 11083, "lon": -87.6375, "lat": 41.9375 }, "geometry": { "type": "Polygon", "coordinates": [ [ [ -87.633333333333326, 41.93333333333333 ], [ -87.633333333333326, 41.941666666666663 ], [ -87.641666666666666, 41.941666666666663 ], [ -87.641666666666666, 41.93333333333333 ], [ -87.633333333333326, 41.93333333333333 ] ] ] } },
{ "type": "Feature", "properties": { "cell_id": "r11_c16", "row": 11, "col": 16, "global_row": 5768, "global_col": 11063, "lon": -87.80416666666666, "lat": 41.92916666666666 }, "geometry": { "type": "Polygon", "coordinates": [ [ [ -87.8, 41.925 ], [ -87.8, 41.93333333333333 ], [ -87.808333333333323, 41.93333333333333 ], [ -87.808333333333323, 41.925 ], [ -87.8, 41.925 ] ] ] } },
{ "type": "Feature", "properties": { "cell_id": "r11_c17", "row": 11, "col": 17, "global_row": 5768, "global_col": 11064, "lon": -87.79583333333332, "lat": 41.92916666666666 }, "geometry": { "type": "Polygon", "coordinates": [ [ [ -87.791666666666657, 41.925 ], [ -87.791666666666657, 41.93333333333333 ], [ -87.8, 41.93333333333333 ], [ -87.8, 41.925 ], [ -87.791666666666657, 41.925 ] ] ] } },
{ "type": "Feature", "properties": { "cell_id": "r11_c18", "row": 11, "col": 18, "global_row": 5768, "global_col": 11065, "lon": -87.7875, "lat": 41.92916666666666 }, "geometry": { "type": "Polygon", "coordinates": [ [ [ -87.783333333333331, 41.925 ], [ -87.783333333333331, 41.93333333333333 ], [ -87.791666666666657, 41.93333333333333 ], [ -87.791666666666657, 41.925 ], [ -87.783333333333331, 41.925 ] ] ] } },
{ "type": "Feature", "properties": { "cell_id": "r11_c19", "row": 11, "col": 19, "global_row": 5768, "global_col": 11066, "lon": -87.779166666666654, "lat": 41.92916666666666 }, "geometry": { "type": "Polygon", "coordinates": [ [ [ -87.775, 41.925 ], [ -87.775, 41.93333333333333 ], [ -87.783333333333331, 41.93333333333333 ], [ -87.783333333333331, 41.925 ], [ -87.775, 41.925 ] ] ] } },
{ "type": "Feature", "properties": { "cell_id": "r11_c20", "row": 11, "col": 20, "global_row": 5768, "global_col": 11067, "lon": -87.770833333333329, "lat": 41.92916666666666 }, "geometry": { "type": "Polygon", "coordinates": [ [ [ -87.766666666666666, 41.925 ], [ -87.766666666666666, 41.93333333333333 ], [ -87.775, 41.93333333333333 ], [ -87.775, 41.925 ], [ -87.766666666666666, 41.925 ] ] ] } },
{ "type": "Feature", "properties": { "cell_id": "r11_c21", "row": 11, "col": 21, "global_row": 5768, "global_col": 11068, "lon": -87.7625, "lat": 41.92916666666666 }, "geometry": { "type": "Polygon", "coordinates": [ [ [ -87.758333333333326, 41.925 ], [ -87.758333333333326, 41.93333333333333 ], [ -87.766666666666666, 41.93333333333333 ], [ -87.766666666666666, 41.925 ], [ -87.758333333333326, 41.925 ] ] ] } },
{ "type": "Feature", "properties": { "cell_id": "r11_c22", "row": 11, "col": 22, "global_row": 5768, "global_col": 11069, "lon": -87.754166666666663, "lat": 41.92916666666666 }, "geometry": { "type": "Polygon", "coordinates": [ [ [ -87.75, 41.925 ], [ -87.75, 41.93333333333333 ], [ -87.758333333333326, 41.93333333333333 ], [ -87.758333333333326, 41.925 ], [ -87.75, 41.925 ] ] ] } },
{ "type": "Feature", "properties": { "cell_id": "r11_c23", "row": 11, "col": 23, "global_row": 5768, "global_col": 11070, "lon": -87.745833333333337, "lat": 41.92916666666666 }, "geometry": { "type": "Polygon", "coordinates": [ [ [ -87.74166666666666, 41.925 ], [ -87.74166666666666, 41.93333333333333 ], [ -87.75, 41.93333333333333 ], [ -87.75, 41.925 ], [ -87.74166666666666, 41.925 ] ] ] } },
{ "type": "Feature", "properties": { "cell_id": "r11_c24", "row": 11, "col": 24, "global_row": 5768, "global_col": 11071, "lon": -87.7375, "lat": 41.92916666666666 }, "geometry": { "type": "Polygon", "coordinates": [ [ [ -87.733333333333334, 41.925 ], [ -87.733333333333334, 41.93333333333333 ], [ -87.74166666666666, 41.93333333333333 ], [ -87.74166666666666, 41.925 ], [ -87.733333333333334, 41.925 ] ] ] } },
{ "type": "Feature", "properties": { "cell_id": "r11_c25", "row": 11, "col": 25, "global_row": 5768, "global_col": 11072, "lon": -87.729166666666671, "lat": 41.92916666666666 }, "geometry": { "type": "Polygon", "coordinates": [ [ [ -87.725, 41.925 ], [ -87.725, 41.93333333333333 ], [ -87.733333333333334, 41.93333333333333 ], [ -87.733333333333334, 41.925 ], [ -87.725, 41.925 ] ] ] } },
{ "type": "Feature", "properties": { "cell_id": "r11_c26", "row": 11, "col": 26, "global_row": 5768, "global_col": 11073, "lon": -87.720833333333317, "lat": 41.92916666666666 }, "geometry": { "type": "Polygon", "coordinates": [ [ [ -87.716666666666669, 41.925 ], [ -87.716666666666669, 41.93333333333333 ], [ -87.725, 41.93333333333333 ], [ -87.725, 41.925 ], [ -87.716666666666669, 41.925 ] ] ] } },
{ "type": "Feature", "properties": { "cell_id": "r11_c27", "row": 11, "col": 27, "global_row": 5768, "global_col": 11074, "lon": -87.7125, "lat": 41.92916666666666 }, "geometry": { "type": "Polygon", "coordinates": [ [ [ -87.708333333333329, 41.925 ], [ -87.708333333333329, 41.93333333333333 ], [ -87.716666666666669, 41.93333333333333 ], [ -87.716666666666669, 41.925 ], [ -87.708333333333329, 41.925 ] ] ] } },
{ "type": "Feature", "properties": { "cell_id": "r11_c28", "row": 11, "col": 28, "global_row": 5768, "global_col": 11075, "lon": -87.704166666666666, "lat": 41.92916666666666 }, "geometry": { "type": "Polygon", "coordinates": [ [ [ -87.7, 41.925 ], [ -87.7, 41.93333333333333 ], [ -87.708333333333329, 41.93333333333333 ], [ -87.708333333333329, 41.925 ], [ -87.7, 41.925 ] ] ] } },
{ "type": "Feature", "properties": { "cell_id": "r11_c29", "row": 11, "col": 29, "global_row": 5768, "global_col": 11076, "lon": -87.695833333333326, "lat": 41.92916666666666 }, "geometry": { "type": "Polygon", "coordinates": [ [ [ -87.691666666666663, 41.925 ], [ -87.691666666666663, 41.93333333333333 ], [ -87.7, 41.93333333333333 ], [ -87.7, 41.925 ], [ -87.691666666666663, 41.925 ] ] ] } },
{ "type": "Feature", "properties": { "cell_id": "r11_c30", "row": 11, "col": 30, "global_row": 5768, "global_col": 11077, "lon": -87.6875, "lat": 41.92916666666666 }, "geometry": { "type": "Polygon", "coordinates": [ [ [ -87.683333333333323, 41.925 ], [ -87.683333333333323, 41.93333333333333 ], [ -87.691666666666663, 41.93333333333333 ], [ -87.691666666666663, 41.925 ], [ -87.683333333333323, 41.925 ] ] ] } },
{ "type": "Feature", "properties": { "cell_id": "r11_c31", "row": 11, "col": 31, "global_row": 5768, "global_col": 11078, "lon": -87.679166666666674, "lat": 41.92916666666666 }, "geometry": { "type": "Polygon", "coordinates": [ [ [ -87.675, 41.925 ], [ -87.675, 41.93333333333333 ], [ -87.683333333333323, 41.93333333333333 ], [ -87.683333333333323, 41.925 ], [ -87.675, 41.925 ] ] ] } },
{ "type": "Feature", "properties": { "cell_id": "r11_c32", "row": 11, "col": 32, "global_row": 5768, "global_col": 11079, "lon": -87.670833333333334, "lat": 41.92916666666666 }, "geometry": { "type": "Polygon", "coordinates": [ [ [ -87.666666666666657, 41.925 ], [ -87.666666666666657, 41.93333333333333 ], [ -87.675, 41.93333333333333 ], [ -87.675, 41.925 ], [ -87.666666666666657, 41.925 ] ] ] } },
{ "type": "Feature", "properties": { "cell_id": "r11_c33", "row": 11, "col": 33, "global_row": 5768, "global_col": 11080, "lon": -87.6625, "lat": 41.92916666666666 }, "geometry": { "type": "Polygon", "coordinates": [ [ [ -87.658333333333331, 41.925 ], [ -87.658333333333331, 41.93333333333333 ], [ -87.666666666666657, 41.93333333333333 ], [ -87.666666666666657, 41.925 ], [ -87.658333333333331, 41.925 ] ] ] } },
{ "type": "Feature", "properties": { "cell_id": "r11_c34", "row": 11, "col": 34, "global_row": 5768, "global_col": 11081, "lon": -87.654166666666669, "lat": 41.92916666666666 }, "geometry": { "type": "Polygon", "coordinates": [ [ [ -87.65, 41.925 ], [ -87.65, 41.93333333333333 ], [ -87.658333333333331, 41.93333333333333 ], [ -87.658333333333331, 41.925 ], [ -87.65, 41.925 ] ] ] } },
{ "type": "Feature", "properties": { "cell_id": "r11_c35", "row": 11, "col": 35, "global_row": 5768, "global_col": 11082, "lon": -87.645833333333343, "lat": 41.92916666666666 }, "geometry": { "type": "Polygon", "coordinates": [ [ [ -87.641666666666666, 41.925 ], [ -87.641666666666666, 41.93333333333333 ], [ -87.65, 41.93333333333333 ], [ -87.65, 41.925 ], [ -87.641666666666666, 41.925 ] ] ] } },
{ "type": "Feature", "properties": { "cell_id": "r11_c36", "row": 11, "col": 36, "global_row": 5768, "global_col": 11083, "lon": -87.6375, "lat": 41.92916666666666 }, "geometry": { "type": "Polygon", "coordinates": [ [ [ -87.633333333333326, 41.925 ], [ -87.633333333333326, 41.93333333333333 ], [ -87.641666666666666, 41.93333333333333 ], [ -87.641666666666666, 41.925 ], [ -87.633333333333326, 41.925 ] ] ] } },
{ "type": "Feature", "properties": { "cell_id": "r12_c16", "row": 12, "col": 16, "global_row": 5769, "global_col": 11063, "lon": -87.80416666666666, "lat": 41.920833333333327 }, "geometry": { "type": "Polygon", "coordinates": [ [ [ -87.8, 41.916666666666664 ], [ -87.8, 41.925 ], [ -87.808333333333323, 41.925 ], [ -87.808333333333323, 41.916666666666664 ], [ -87.8, 41.916666666666664 ] ] ] } },
{ "type": "Feature", "properties": { "cell_id": "r12_c17", "row": 12, "col": 17, "global_row": 5769, "global_col": 11064, "lon": -87.79583333333332, "lat": 41.920833333333327 }, "geometry": { "type": "Polygon", "coordinates": [ [ [ -87.791666666666657, 41.916666666666664 ], [ -87.791666666666657, 41.925 ], [ -87.8, 41.925 ], [ -87.8, 41.916666666666664 ], [ -87.791666666666657, 41.916666666666664 ] ] ] } },
{ "type": "Feature", "properties": { "cell_id": "r12_c18", "row": 12, "col": 18, "global_row": 5769, "global_col": 11065, "lon": -87.7875, "lat": 41.920833333333327 }, "geometry": { "type": "Polygon", "coordinates": [ [ [ -87.783333333333331, 41.916666666666664 ], [ -87.783333333333331, 41.925 ], [ -87.791666666666657, 41.925 ], [ -87.791666666666657, 41.916666666666664 ], [ -87.783333333333331, 41.916666666666664 ] ] ] } },
{ "type": "Feature", "properties": { "cell_id": "r12_c19", "row": 12, "col": 19, "global_row": 5769, "global_col": 11066, "lon": -87.779166666666654, "lat": 41.920833333333327 }, "geometry": { "type": "Polygon", "coordinates": [ [ [ -87.775, 41.916666666666664 ], [ -87.775, 41.925 ], [ -87.783333333333331, 41.925 ], [ -87.783333333333331, 41.916666666666664 ], [ -87.775, 41.916666666666664 ] ] ] } },
{ "type": "Feature", "properties": { "cell_id": "r12_c20", "row": 12, "col": 20, "global_row": 5769, "global_col": 11067, "lon": -87.770833333333329, "lat": 41.920833333333327 }, "geometry": { "type": "Polygon", "coordinates": [ [ [ -87.766666666666666, 41.916666666666664 ], [ -87.766666666666666, 41.925 ], [ -87.775, 41.925 ], [ -87.775, 41.916666666666664 ], [ -87.766666666666666, 41.916666666666664 ] ] ] } },
{ "type": "Feature", "properties": { "cell_id": "r12_c21", "row": 12, "col": 21, "global_row": 5769, "global_col": 11068, "lon": -87.7625, "lat": 41.920833333333327 }, "geometry": { "type": "Polygon", "coordinates": [ [ [ -87.758333333333326, 41.916666666666664 ], [ -87.758333333333326, 41.925 ], [ -87.766666666666666, 41.925 ], [ -87.766666666666666, 41.916666666666664 ], [ -87.758333333333326, 41.916666666666664 ] ] ] } },
{ "type": "Feature", "properties": { "cell_id": "r12_c22", "row": 12, "col": 22, "global_row": 5769, "global_col": 11069, "lon": -87.754166666666663, "lat": 41.920833333333327 }, "geometry": { "type": "Polygon", "coordinates": [ [ [ -87.75, 41.916666666666664 ], [ -87.75, 41.925 ], [ -87.758333333333326, 41.925 ], [ -87.758333333333326, 41.916666666666664 ], [ -87.75, 41.916666666666664 ] ] ] } },
{ "type": "Feature", "properties": { "cell_id": "r12_c23", "row": 12, "col": 23, "global_row": 5769, "global_col": 11070, "lon": -87.745833333333337, "lat": 41.920833333333327 }, "geometry": { "type": "Polygon", "coordinates": [ [ [ -87.74166666666666, 41.916666666666664 ], [ -87.74166666666666, 41.925 ], [ -87.75, 41.925 ], [ -87.75, 41.916666666666664 ], [ -87.74166666666666, 41.916666666666664 ] ] ] } },
{ "type": "Feature", "properties": { "cell_id": "r12_c24", "row": 12, "col": 24, "global_row": 5769, "global_col": 11071, "lon": -87.7375, "lat": 41.920833333333327 }, "geometry": { "type": "Polygon", "coordinates": [ [ [ -87.733333333333334, 41.916666666666664 ], [ -87.733333333333334, 41.925 ], [ -87.74166666666666, 41.925 ], [ -87.74166666666666, 41.916666666666664 ], [ -87.733333333333334, 41.916666666666664 ] ] ] } },
{ "type": "Feature", "properties": { "cell_id": "r12_c25", "row": 12, "col": 25, "global_row": 5769, "global_col": 11072, "lon": -87.729166666666671, "lat": 41.920833333333327 }, "geometry": { "type": "Polygon", "coordinates": [ [ [ -87.725, 41.916666666666664 ], [ -87.725, 41.925 ], [ -87.733333333333334, 41.925 ], [ -87.733333333333334, 41.916666666666664 ], [ -87.725, 41.916666666666664 ] ] ] } },
{ "type": "Feature", "properties": { "cell_id": "r12_c26", "row": 12, "col": 26, "global_row": 5769, "global_col": 11073, "lon": -87.720833333333317, "lat": 41.920833333333327 }, "geometry": { "type": "Polygon", "coordinates": [ [ [ -87.716666666666669, 41.916666666666664 ], [ -87.716666666666669, 41.925 ], [ -87.725, 41.925 ], [ -87.725, 41.916666666666664 ], [ -87.716666666666669, 41.916666666666664 ] ] ] } },
{ "type": "Feature", "properties": { "cell_id": "r12_c27", "row": 12, "col": 27, "global_row": 5769, "global_col": 11074, "lon": -87.7125, "lat": 41.920833333333327 }, "geometry": { "type": "Polygon", "coordinates": [ [ [ -87.708333333333329, 41.916666666666664 ], [ -87.708333333333329, 41.925 ], [ -87.716666666666669, 41.925 ], [ -87.716666666666669, 41.916666666666664 ], [ -87.708333333333329, 41.916666666666664 ] ] ] } },
{ "type": "Feature", "properties": { "cell_id": "r12_c28", "row": 12, "col": 28, "global_row": 5769, "global_col": 11075, "lon": -87.704166666666666, "lat": 41.920833333333327 }, "geometry": { "type": "Polygon", "coordinates": [ [ [ -87.7, 41.916666666666664 ], [ -87.7, 41.925 ], [ -87.708333333333329, 41.925 ], [ -87.708333333333329, 41.916666666666664 ], [ -87.7, 41.916666666666664 ] ] ] } },
{ "type": "Feature", "properties": { "cell_id": "r12_c29", "row": 12, "col": 29, "global_row": 5769, "global_col": 11076, "lon": -87.695833333333326, "lat": 41.920833333333327 }, "geometry": { "type": "Polygon", "coordinates": [ [ [ -87.691666666666663, 41.916666666666664 ], [ -87.691666666666663, 41.925 ], [ -87.7, 41.925 ], [ -87.7, 41.916666666666664 ], [ -87.691666666666663, 41.916666666666664 ] ] ] } },
{ "type": "Feature", "properties": { "cell_id": "r12_c30", "row": 12, "col": 30, "global_row": 5769, "global_col": 11077, "lon": -87.6875, "lat": 41.920833333333327 }, "geometry": { "type": "Polygon", "coordinates": [ [ [ -87.683333333333323, 41.916666666666664 ], [ -87.683333333333323, 41.925 ], [ -87.691666666666663, 41.925 ], [ -87.691666666666663, 41.916666666666664 ], [ -87.683333333333323, 41.916666666666664 ] ] ] } },
{ "type": "Feature", "properties": { "cell_id": "r12_c31", "row": 12, "col": 31, "global_row": 5769, "global_col": 11078, "lon": -87.679166666666674, "lat": 41.920833333333327 }, "geometry": { "type": "Polygon", "coordinates": [ [ [ -87.675, 41.916666666666664 ], [ -87.675, 41.925 ], [ -87.683333333333323, 41.925 ], [ -87.683333333333323, 41.916666666666664 ], [ -87.675, 41.916666666666664 ] ] ] } },
{ "type": "Feature", "properties": { "cell_id": "r12_c32", "row": 12, "col": 32, "global_row": 5769, "global_col": 11079, "lon": -87.670833333333334, "lat": 41.920833333333327 }, "geometry": { "type": "Polygon", "coordinates": [ [ [ -87.666666666666657, 41.916666666666664 ], [ -87.666666666666657, 41.925 ], [ -87.675, 41.925 ], [ -87.675, 41.916666666666664 ], [ -87.666666666666657, 41.916666666666664 ] ] ] } },
{ "type": "Feature", "properties": { "cell_id": "r12_c33", "row": 12, "col": 33, "global_row": 5769, "global_col": 11080, "lon": -87.6625, "lat": 41.920833333333327 }, "geometry": { "type": "Polygon", "coordinates": [ [ [ -87.658333333333331, 41.916666666666664 ], [ -87.658333333333331, 41.925 ], [ -87.666666666666657, 41.925 ], [ -87.666666666666657, 41.916666666666664 ], [ -87.658333333333331, 41.916666666666664 ] ] ] } },
{ "type": "Feature", "properties": { "cell_id": "r12_c34", "row": 12, "col": 34, "global_row": 5769, "global_col": 11081, "lon": -87.654166666666669, "lat": 41.920833333333327 }, "geometry": { "type": "Polygon", "coordinates": [ [ [ -87.65, 41.916666666666664 ], [ -87.65, 41.925 ], [ -87.658333333333331, 41.925 ], [ -87.658333333333331, 41.916666666666664 ], [ -87.65, 41.916666666666664 ] ] ] } },
{ "type": "Feature", "properties": { "cell_id": "r12_c35", "row": 12, "col": 35, "global_row": 5769, "global_col": 11082, "lon": -87.645833333333343, "lat": 41.920833333333327 }, "geometry": { "type": "Polygon", "coordinates": [ [ [ -87.641666666666666, 41.916666666666664 ], [ -87.641666666666666, 41.925 ], [ -87.65, 41.925 ], [ -87.65, 41.916666666666664 ], [ -87.641666666666666, 41.916666666666664 ] ] ] } },
{ "type": "Feature", "properties": { "cell_id": "r12_c36", "row": 12, "col": 36, "global_row": 5769, "global_col": 11083, "lon": -87.6375, "lat": 41.920833333333327 }, "geometry": { "type": "Polygon", "coordinates": [ [ [ -87.633333333333326, 41.916666666666664 ], [ -87.633333333333326, 41.925 ], [ -87.641666666666666, 41.925 ], [ -87.641666666666666, 41.916666666666664 ], [ -87.633333333333326, 41.916666666666664 ] ] ] } },
{ "type": "Feature", "properties": { "cell_id": "r12_c37", "row": 12, "col": 37, "global_row": 5769, "global_col": 11084, "lon": -87.629166666666663, "lat": 41.920833333333327 }, "geometry": { "type": "Polygon", "coordinates": [ [ [ -87.625, 41.916666666666664 ], [ -87.625, 41.925 ], [ -87.633333333333326, 41.925 ], [ -87.633333333333326, 41.916666666666664 ], [ -87.625, 41.916666666666664 ] ] ] } },
{ "type": "Feature", "properties": { "cell_id": "r13_c16", "row": 13, "col": 16, "global_row": 5770, "global_col": 11063, "lon": -87.80416666666666, "lat": 41.9125 }, "geometry": { "type": "Polygon", "coordinates": [ [ [ -87.8, 41.908333333333331 ], [ -87.8, 41.916666666666664 ], [ -87.808333333333323, 41.916666666666664 ], [ -87.808333333333323, 41.908333333333331 ], [ -87.8, 41.908333333333331 ] ] ] } },
{ "type": "Feature", "properties": { "cell_id": "r13_c17", "row": 13, "col": 17, "global_row": 5770, "global_col": 11064, "lon": -87.79583333333332, "lat": 41.9125 }, "geometry": { "type": "Polygon", "coordinates": [ [ [ -87.791666666666657, 41.908333333333331 ], [ -87.791666666666657, 41.916666666666664 ], [ -87.8, 41.916666666666664 ], [ -87.8, 41.908333333333331 ], [ -87.791666666666657, 41.908333333333331 ] ] ] } },
{ "type": "Feature", "properties": { "cell_id": "r13_c18", "row": 13, "col": 18, "global_row": 5770, "global_col": 11065, "lon": -87.7875, "lat": 41.9125 }, "geometry": { "type": "Polygon", "coordinates": [ [ [ -87.783333333333331, 41.908333333333331 ], [ -87.783333333333331, 41.916666666666664 ], [ -87.791666666666657, 41.916666666666664 ], [ -87.791666666666657, 41.908333333333331 ], [ -87.783333333333331, 41.908333333333331 ] ] ] } },
{ "type": "Feature", "properties": { "cell_id": "r13_c19", "row": 13, "col": 19, "global_row": 5770, "global_col": 11066, "lon": -87.779166666666654, "lat": 41.9125 }, "geometry": { "type": "Polygon", "coordinates": [ [ [ -87.775, 41.908333333333331 ], [ -87.775, 41.916666666666664 ], [ -87.783333333333331, 41.916666666666664 ], [ -87.783333333333331, 41.908333333333331 ], [ -87.775, 41.908333333333331 ] ] ] } },
{ "type": "Feature", "properties": { "cell_id": "r13_c20", "row": 13, "col": 20, "global_row": 5770, "global_col": 11067, "lon": -87.770833333333329, "lat": 41.9125 }, "geometry": { "type": "Polygon", "coordinates": [ [ [ -87.766666666666666, 41.908333333333331 ], [ -87.766666666666666, 41.916666666666664 ], [ -87.775, 41.916666666666664 ], [ -87.775, 41.908333333333331 ], [ -87.766666666666666, 41.908333333333331 ] ] ] } },
{ "type": "Feature", "properties": { "cell_id": "r13_c21", "row": 13, "col": 21, "global_row": 5770, "global_col": 11068, "lon": -87.7625, "lat": 41.9125 }, "geometry": { "type": "Polygon", "coordinates": [ [ [ -87.758333333333326, 41.908333333333331 ], [ -87.758333333333326, 41.916666666666664 ], [ -87.766666666666666, 41.916666666666664 ], [ -87.766666666666666, 41.908333333333331 ], [ -87.758333333333326, 41.908333333333331 ] ] ] } },
{ "type": "Feature", "properties": { "cell_id": "r13_c22", "row": 13, "col": 22, "global_row": 5770, "global_col": 11069, "lon": -87.754166666666663, "lat": 41.9125 }, "geometry": { "type": "Polygon", "coordinates": [ [ [ -87.75, 41.908333333333331 ], [ -87.75, 41.916666666666664 ], [ -87.758333333333326, 41.916666666666664 ], [ -87.758333333333326, 41.908333333333331 ], [ -87.75, 41.908333333333331 ] ] ] } },
{ "type": "Feature", "properties": { "cell_id": "r13_c23", "row": 13, "col": 23, "global_row": 5770, "global_col": 11070, "lon": -87.745833333333337, "lat": 41.9125 }, "geometry": { "type": "Polygon", "coordinates": [ [ [ -87.74166666666666, 41.908333333333331 ], [ -87.74166666666666, 41.916666666666664 ], [ -87.75, 41.916666666666664 ], [ -87.75, 41.908333333333331 ], [ -87.74166666666666, 41.908333333333331 ] ] ] } },
{ "type": "Feature", "properties": { "cell_id": "r13_c24", "row": 13, "col": 24, "global_row": 5770, "global_col": 11071, "lon": -87.7375, "lat": 41.9125 }, "geometry": { "type": "Polygon", "coordinates": [ [ [ -87.733333333333334, 41.908333333333331 ], [ -87.733333333333334, 41.916666666666664 ], [ -87.74166666666666, 41.916666666666664 ], [ -87.74166666666666, 41.908333333333331 ], [ -87.733333333333334, 41.908333333333331 ] ] ] } },
{ "type": "Feature", "properties": { "cell_id": "r13_c25", "row": 13, "col": 25, "global_row": 5770, "global_col": 11072, "lon": -87.729166666666671, "lat": 41.9125 }, "geometry": { "type": "Polygon", "coordinates": [ [ [ -87.725, 41.908333333333331 ], [ -87.725, 41.916666666666664 ], [ -87.733333333333334, 41.916666666666664 ], [ -87.733333333333334, 41.908333333333331 ], [ -87.725, 41.908333333333331 ] ] ] } },
{ "type": "Feature", "properties": { "cell_id": "r13_c26", "row": 13, "col": 26, "global_row": 5770, "global_col": 11073, "lon": -87.720833333333317, "lat": 41.9125 }, "geometry": { "type": "Polygon", "coordinates": [ [ [ -87.716666666666669, 41.908333333333331 ], [ -87.716666666666669, 41.916666666666664 ], [ -87.725, 41.916666666666664 ], [ -87.725, 41.908333333333331 ], [ -87.716666666666669, 41.908333333333331 ] ] ] } },
{ "type": "Feature", "properties": { "cell_id": "r13_c27", "row": 13, "col": 27, "global_row": 5770, "global_col": 11074, "lon": -87.7125, "lat": 41.9125 }, "geometry": { "type": "Polygon", "coordinates": [ [ [ -87.708333333333329, 41.908333333333331 ], [ -87.708333333333329, 41.916666666666664 ], [ -87.716666666666669, 41.916666666666664 ], [ -87.716666666666669, 41.908333333333331 ], [ -87.708333333333329, 41.908333333333331 ] ] ] } },
{ "type": "Feature", "properties": { "cell_id": "r13_c28", "row": 13, "col": 28, "global_row": 5770, "global_col": 11075, "lon": -87.704166666666666, "lat": 41.9125 }, "geometry": { "type": "Polygon", "coordinates": [ [ [ -87.7, 41.908333333333331 ], [ -87.7, 41.916666666666664 ], [ -87.708333333333329, 41.916666666666664 ], [ -87.708333333333329, 41.908333333333331 ], [ -87.7, 41.908333333333331 ] ] ] } },
{ "type": "Feature", "properties": { "cell_id": "r13_c29", "row": 13, "col": 29, "global_row": 5770, "global_col": 11076, "lon": -87.695833333333326, "lat": 41.9125 }, "geometry": { "type": "Polygon", "coordinates": [ [ [ -87.691666666666663, 41.908333333333331 ], [ -87.691666666666663, 41.916666666666664 ], [ -87.7, 41.916666666666664 ], [ -87.7, 41.908333333333331 ], [ -87.691666666666663, 41.908333333333331 ] ] ] } },
{ "type": "Feature", "properties": { "cell_id": "r13_c30", "row": 13, "col": 30, "global_row": 5770, "global_col": 11077, "lon": -87.6875, "lat": 41.9125 }, "geometry": { "type": "Polygon", "coordinates": [ [ [ -87.683333333333323, 41.908333333333331 ], [ -87.683333333333323, 41.916666666666664 ], [ -87.691666666666663, 41.916666666666664 ], [ -87.691666666666663, 41.908333333333331 ], [ -87.683333333333323, 41.908333333333331 ] ] ] } },
{ "type": "Feature", "properties": { "cell_id": "r13_c31", "row": 13, "col": 31, "global_row": 5770, "global_col": 11078, "lon": -87.679166666666674, "lat": 41.9125 }, "geometry": { "type": "Polygon", "coordinates": [ [ [ -87.675, 41.908333333333331 ], [ -87.675, 41.916666666666664 ], [ -87.683333333333323, 41.916666666666664 ], [ -87.683333333333323, 41.908333333333331 ], [ -87.675, 41.908333333333331 ] ] ] } },
{ "type": "Feature", "properties": { "cell_id": "r13_c32", "row": 13, "col": 32, "global_row": 5770, "global_col": 11079, "lon": -87.670833333333334, "lat": 41.9125 }, "geometry": { "type": "Polygon", "coordinates": [ [ [ -87.666666666666657, 41.908333333333331 ], [ -87.666666666666657, 41.916666666666664 ], [ -87.675, 41.916666666666664 ], [ -87.675, 41.908333333333331 ], [ -87.666666666666657, 41.908333333333331 ] ] ] } },
{ "type": "Feature", "properties": { "cell_id": "r13_c33", "row": 13, "col": 33, "global_row": 5770, "global_col": 11080, "lon": -87.6625, "lat": 41.9125 }, "geometry": { "type": "Polygon", "coordinates": [ [ [ -87.658333333333331, 41.908333333333331 ], [ -87.658333333333331, 41.916666666666664 ], [ -87.666666666666657, 41.916666666666664 ], [ -87.666666666666657, 41.908333333333331 ], [ -87.658333333333331, 41.908333333333331 ] ] ] } },
{ "type": "Feature", "properties": { "cell_id": "r13_c34", "row": 13, "col": 34, "global_row": 5770, "global_col": 11081, "lon": -87.654166666666669, "lat": 41.9125 }, "geometry": { "type": "Polygon", "coordinates": [ [ [ -87.65, 41.908333333333331 ], [ -87.65, 41.916666666666664 ], [ -87.658333333333331, 41.916666666666664 ], [ -87.658333333333331, 41.908333333333331 ], [ -87.65, 41.908333333333331 ] ] ] } },
{ "type": "Feature", "properties": { "cell_id": "r13_c35", "row": 13, "col": 35, "global_row": 5770, "global_col": 11082, "lon": -87.645833333333343, "lat": 41.9125 }, "geometry": { "type": "Polygon", "coordinates": [ [ [ -87.641666666666666, 41.908333333333331 ], [ -87.641666666666666, 41.916666666666664 ], [ -87.65, 41.916666666666664 ], [ -87.65, 41.908333333333331 ], [ -87.641666666666666, 41.908333333333331 ] ] ] } },
{ "type": "Feature", "properties": { "cell_id": "r13_c36", "row": 13, "col": 36, "global_row": 5770, "global_col": 11083, "lon": -87.6375, "lat": 41.9125 }, "geometry": { "type": "Polygon", "coordinates": [ [ [ -87.633333333333326, 41.908333333333331 ], [ -87.633333333333326, 41.916666666666664 ], [ -87.641666666666666, 41.916666666666664 ], [ -87.641666666666666, 41.908333333333331 ], [ -87.633333333333326, 41.908333333333331 ] ] ] } },
{ "type": "Feature", "properties": { "cell_id": "r13_c37", "row": 13, "col": 37, "global_row": 5770, "global_col": 11084, "lon": -87.629166666666663, "lat": 41.9125 }, "geometry": { "type": "Polygon", "coordinates": [ [ [ -87.625, 41.908333333333331 ], [ -87.625, 41.916666666666664 ], [ -87.633333333333326, 41.916666666666664 ], [ -87.633333333333326, 41.908333333333331 ], [ -87.625, 41.908333333333331 ] ] ] } },
{ "type": "Feature", "properties": { "cell_id": "r14_c20", "row": 14, "col": 20, "global_row": 5771, "global_col": 11067, "lon": -87.770833333333329, "lat": 41.904166666666669 }, "geometry": { "type": "Polygon", "coordinates": [ [ [ -87.766666666666666, 41.9 ], [ -87.766666666666666, 41.908333333333331 ], [ -87.775, 41.908333333333331 ], [ -87.775, 41.9 ], [ -87.766666666666666, 41.9 ] ] ] } },
{ "type": "Feature", "properties": { "cell_id": "r14_c21", "row": 14, "col": 21, "global_row": 5771, "global_col": 11068, "lon": -87.7625, "lat": 41.904166666666661 }, "geometry": { "type": "Polygon", "coordinates": [ [ [ -87.758333333333326, 41.9 ], [ -87.758333333333326, 41.908333333333331 ], [ -87.766666666666666, 41.908333333333331 ], [ -87.766666666666666, 41.9 ], [ -87.758333333333326, 41.9 ] ] ] } },
{ "type": "Feature", "properties": { "cell_id": "r14_c22", "row": 14, "col": 22, "global_row": 5771, "global_col": 11069, "lon": -87.754166666666663, "lat": 41.904166666666669 }, "geometry": { "type": "Polygon", "coordinates": [ [ [ -87.75, 41.9 ], [ -87.75, 41.908333333333331 ], [ -87.758333333333326, 41.908333333333331 ], [ -87.758333333333326, 41.9 ], [ -87.75, 41.9 ] ] ] } },
{ "type": "Feature", "properties": { "cell_id": "r14_c23", "row": 14, "col": 23, "global_row": 5771, "global_col": 11070, "lon": -87.745833333333337, "lat": 41.904166666666661 }, "geometry": { "type": "Polygon", "coordinates": [ [ [ -87.74166666666666, 41.9 ], [ -87.74166666666666, 41.908333333333331 ], [ -87.75, 41.908333333333331 ], [ -87.75, 41.9 ], [ -87.74166666666666, 41.9 ] ] ] } },
{ "type": "Feature", "properties": { "cell_id": "r14_c24", "row": 14, "col": 24, "global_row": 5771, "global_col": 11071, "lon": -87.7375, "lat": 41.904166666666669 }, "geometry": { "type": "Polygon", "coordinates": [ [ [ -87.733333333333334, 41.9 ], [ -87.733333333333334, 41.908333333333331 ], [ -87.74166666666666, 41.908333333333331 ], [ -87.74166666666666, 41.9 ], [ -87.733333333333334, 41.9 ] ] ] } },
{ "type": "Feature", "properties": { "cell_id": "r14_c25", "row": 14, "col": 25, "global_row": 5771, "global_col": 11072, "lon": -87.729166666666671, "lat": 41.904166666666661 }, "geometry": { "type": "Polygon", "coordinates": [ [ [ -87.725, 41.9 ], [ -87.725, 41.908333333333331 ], [ -87.733333333333334, 41.908333333333331 ], [ -87.733333333333334, 41.9 ], [ -87.725, 41.9 ] ] ] } },
{ "type": "Feature", "properties": { "cell_id": "r14_c26", "row": 14, "col": 26, "global_row": 5771, "global_col": 11073, "lon": -87.720833333333317, "lat": 41.904166666666669 }, "geometry": { "type": "Polygon", "coordinates": [ [ [ -87.716666666666669, 41.9 ], [ -87.716666666666669, 41.908333333333331 ], [ -87.725, 41.908333333333331 ], [ -87.725, 41.9 ], [ -87.716666666666669, 41.9 ] ] ] } },
{ "type": "Feature", "properties": { "cell_id": "r14_c27", "row": 14, "col": 27, "global_row": 5771, "global_col": 11074, "lon": -87.7125, "lat": 41.904166666666661 }, "geometry": { "type": "Polygon", "coordinates": [ [ [ -87.708333333333329, 41.9 ], [ -87.708333333333329, 41.908333333333331 ], [ -87.716666666666669, 41.908333333333331 ], [ -87.716666666666669, 41.9 ], [ -87.708333333333329, 41.9 ] ] ] } },
{ "type": "Feature", "properties": { "cell_id": "r14_c28", "row": 14, "col": 28, "global_row": 5771, "global_col": 11075, "lon": -87.704166666666666, "lat": 41.904166666666669 }, "geometry": { "type": "Polygon", "coordinates": [ [ [ -87.7, 41.9 ], [ -87.7, 41.908333333333331 ], [ -87.708333333333329, 41.908333333333331 ], [ -87.708333333333329, 41.9 ], [ -87.7, 41.9 ] ] ] } },
{ "type": "Feature", "properties": { "cell_id": "r14_c29", "row": 14, "col": 29, "global_row": 5771, "global_col": 11076, "lon": -87.695833333333326, "lat": 41.904166666666661 }, "geometry": { "type": "Polygon", "coordinates": [ [ [ -87.691666666666663, 41.9 ], [ -87.691666666666663, 41.908333333333331 ], [ -87.7, 41.908333333333331 ], [ -87.7, 41.9 ], [ -87.691666666666663, 41.9 ] ] ] } },
{ "type": "Feature", "properties": { "cell_id": "r14_c30", "row": 14, "col": 30, "global_row": 5771, "global_col": 11077, "lon": -87.6875, "lat": 41.904166666666661 }, "geometry": { "type": "Polygon", "coordinates": [ [ [ -87.683333333333323, 41.9 ], [ -87.683333333333323, 41.908333333333331 ], [ -87.691666666666663, 41.908333333333331 ], [ -87.691666666666663, 41.9 ], [ -87.683333333333323, 41.9 ] ] ] } },
{ "type": "Feature", "properties": { "cell_id": "r14_c31", "row": 14, "col": 31, "global_row": 5771, "global_col": 11078, "lon": -87.679166666666674, "lat": 41.904166666666669 }, "geometry": { "type": "Polygon", "coordinates": [ [ [ -87.675, 41.9 ], [ -87.675, 41.908333333333331 ], [ -87.683333333333323, 41.908333333333331 ], [ -87.683333333333323, 41.9 ], [ -87.675, 41.9 ] ] ] } },
{ "type": "Feature", "properties": { "cell_id": "r14_c32", "row": 14, "col": 32, "global_row": 5771, "global_col": 11079, "lon": -87.670833333333334, "lat": 41.904166666666661 }, "geometry": { "type": "Polygon", "coordinates": [ [ [ -87.666666666666657, 41.9 ], [ -87.666666666666657, 41.908333333333331 ], [ -87.675, 41.908333333333331 ], [ -87.675, 41.9 ], [ -87.666666666666657, 41.9 ] ] ] } },
{ "type": "Feature", "properties": { "cell_id": "r14_c33", "row": 14, "col": 33, "global_row": 5771, "global_col": 11080, "lon": -87.6625, "lat": 41.904166666666669 }, "geometry": { "type": "Polygon", "coordinates": [ [ [ -87.658333333333331, 41.9 ], [ -87.658333333333331, 41.908333333333331 ], [ -87.666666666666657, 41.908333333333331 ], [ -87.666666666666657, 41.9 ], [ -87.658333333333331, 41.9 ] ] ] } },
{ "type": "Feature", "properties": { "cell_id": "r14_c34", "row": 14, "col": 34, "global_row": 5771, "global_col": 11081, "lon": -87.654166666666669, "lat": 41.904166666666661 }, "geometry": { "type": "Polygon", "coordinates": [ [ [ -87.65, 41.9 ], [ -87.65, 41.908333333333331 ], [ -87.658333333333331, 41.908333333333331 ], [ -87.658333333333331, 41.9 ], [ -87.65, 41.9 ] ] ] } },
{ "type": "Feature", "properties": { "cell_id": "r14_c35", "row": 14, "col": 35, "global_row": 5771, "global_col": 11082, "lon": -87.645833333333343, "lat": 41.904166666666669 }, "geometry": { "type": "Polygon", "coordinates": [ [ [ -87.641666666666666, 41.9 ], [ -87.641666666666666, 41.908333333333331 ], [ -87.65, 41.908333333333331 ], [ -87.65, 41.9 ], [ -87.641666666666666, 41.9 ] ] ] } },
{ "type": "Feature", "properties": { "cell_id": "r14_c36", "row": 14, "col": 36, "global_row": 5771, "global_col": 11083, "lon": -87.6375, "lat": 41.904166666666661 }, "geometry": { "type": "Polygon", "coordinates": [ [ [ -87.633333333333326, 41.9 ], [ -87.633333333333326, 41.908333333333331 ], [ -87.641666666666666, 41.908333333333331 ], [ -87.641666666666666, 41.9 ], [ -87.633333333333326, 41.9 ] ] ] } },
{ "type": "Feature", "properties": { "cell_id": "r14_c37", "row": 14, "col": 37, "global_row": 5771, "global_col": 11084, "lon": -87.629166666666663, "lat": 41.904166666666669 }, "geometry": { "type": "Polygon", "coordinates": [ [ [ -87.625, 41.9 ], [ -87.625, 41.908333333333331 ], [ -87.633333333333326, 41.908333333333331 ], [ -87.633333333333326, 41.9 ], [ -87.625, 41.9 ] ] ] } },
{ "type": "Feature", "properties": { "cell_id": "r15_c20", "row": 15, "col": 20, "global_row": 5772, "global_col": 11067, "lon": -87.770833333333329, "lat": 41.895833333333336 }, "geometry": { "type": "Polygon", "coordinates": [ [ [ -87.766666666666666, 41.891666666666666 ], [ -87.766666666666666, 41.9 ], [ -87.775, 41.9 ], [ -87.775, 41.891666666666666 ], [ -87.766666666666666, 41.891666666666666 ] ] ] } },
{ "type": "Feature", "properties": { "cell_id": "r15_c21", "row": 15, "col": 21, "global_row": 5772, "global_col": 11068, "lon": -87.7625, "lat": 41.895833333333336 }, "geometry": { "type": "Polygon", "coordinates": [ [ [ -87.758333333333326, 41.891666666666666 ], [ -87.758333333333326, 41.9 ], [ -87.766666666666666, 41.9 ], [ -87.766666666666666, 41.891666666666666 ], [ -87.758333333333326, 41.891666666666666 ] ] ] } },
{ "type": "Feature", "properties": { "cell_id": "r15_c22", "row": 15, "col": 22, "global_row": 5772, "global_col": 11069, "lon": -87.754166666666663, "lat": 41.895833333333336 }, "geometry": { "type": "Polygon", "coordinates": [ [ [ -87.75, 41.891666666666666 ], [ -87.75, 41.9 ], [ -87.758333333333326, 41.9 ], [ -87.758333333333326, 41.891666666666666 ], [ -87.75, 41.891666666666666 ] ] ] } },
{ "type": "Feature", "properties": { "cell_id": "r15_c23", "row": 15, "col": 23, "global_row": 5772, "global_col": 11070, "lon": -87.745833333333337, "lat": 41.895833333333336 }, "geometry": { "type": "Polygon", "coordinates": [ [ [ -87.74166666666666, 41.891666666666666 ], [ -87.74166666666666, 41.9 ], [ -87.75, 41.9 ], [ -87.75, 41.891666666666666 ], [ -87.74166666666666, 41.891666666666666 ] ] ] } },
{ "type": "Feature", "properties": { "cell_id": "r15_c24", "row": 15, "col": 24, "global_row": 5772, "global_col": 11071, "lon": -87.7375, "lat": 41.895833333333336 }, "geometry": { "type": "Polygon", "coordinates": [ [ [ -87.733333333333334, 41.891666666666666 ], [ -87.733333333333334, 41.9 ], [ -87.74166666666666, 41.9 ], [ -87.74166666666666, 41.891666666666666 ], [ -87.733333333333334, 41.891666666666666 ] ] ] } },
{ "type": "Feature", "properties": { "cell_id": "r15_c25", "row": 15, "col": 25, "global_row": 5772, "global_col": 11072, "lon": -87.729166666666671, "lat": 41.895833333333336 }, "geometry": { "type": "Polygon", "coordinates": [ [ [ -87.725, 41.891666666666666 ], [ -87.725, 41.9 ], [ -87.733333333333334, 41.9 ], [ -87.733333333333334, 41.891666666666666 ], [ -87.725, 41.891666666666666 ] ] ] } },
{ "type": "Feature", "properties": { "cell_id": "r15_c26", "row": 15, "col": 26, "global_row": 5772, "global_col": 11073, "lon": -87.720833333333317, "lat": 41.895833333333336 }, "geometry": { "type": "Polygon", "coordinates": [ [ [ -87.716666666666669, 41.891666666666666 ], [ -87.716666666666669, 41.9 ], [ -87.725, 41.9 ], [ -87.725, 41.891666666666666 ], [ -87.716666666666669, 41.891666666666666 ] ] ] } },
{ "type": "Feature", "properties": { "cell_id": "r15_c27", "row": 15, "col": 27, "global_row": 5772, "global_col": 11074, "lon": -87.7125, "lat": 41.895833333333336 }, "geometry": { "type": "Polygon", "coordinates": [ [ [ -87.708333333333329, 41.891666666666666 ], [ -87.708333333333329, 41.9 ], [ -87.716666666666669, 41.9 ], [ -87.716666666666669, 41.891666666666666 ], [ -87.708333333333329, 41.891666666666666 ] ] ] } },
{ "type": "Feature", "properties": { "cell_id": "r15_c28", "row": 15, "col": 28, "global_row": 5772, "global_col": 11075, "lon": -87.704166666666666, "lat": 41.895833333333336 }, "geometry": { "type": "Polygon", "coordinates": [ [ [ -87.7, 41.891666666666666 ], [ -87.7, 41.9 ], [ -87.708333333333329, 41.9 ], [ -87.708333333333329, 41.891666666666666 ], [ -87.7, 41.891666666666666 ] ] ] } },
{ "type": "Feature", "properties": { "cell_id": "r15_c29", "row": 15, "col": 29, "global_row": 5772, "global_col": 11076, "lon": -87.695833333333326, "lat": 41.895833333333336 }, "geometry": { "type": "Polygon", "coordinates": [ [ [ -87.691666666666663, 41.891666666666666 ], [ -87.691666666666663, 41.9 ], [ -87.7, 41.9 ], [ -87.7, 41.891666666666666 ], [ -87.691666666666663, 41.891666666666666 ] ] ] } },
{ "type": "Feature", "properties": { "cell_id": "r15_c30", "row": 15, "col": 30, "global_row": 5772, "global_col": 11077, "lon": -87.6875, "lat": 41.895833333333336 }, "geometry": { "type": "Polygon", "coordinates": [ [ [ -87.683333333333323, 41.891666666666666 ], [ -87.683333333333323, 41.9 ], [ -87.691666666666663, 41.9 ], [ -87.691666666666663, 41.891666666666666 ], [ -87.683333333333323, 41.891666666666666 ] ] ] } },
{ "type": "Feature", "properties": { "cell_id": "r15_c31", "row": 15, "col": 31, "global_row": 5772, "global_col": 11078, "lon": -87.679166666666674, "lat": 41.895833333333336 }, "geometry": { "type": "Polygon", "coordinates": [ [ [ -87.675, 41.891666666666666 ], [ -87.675, 41.9 ], [ -87.683333333333323, 41.9 ], [ -87.683333333333323, 41.891666666666666 ], [ -87.675, 41.891666666666666 ] ] ] } },
{ "type": "Feature", "properties": { "cell_id": "r15_c32", "row": 15, "col": 32, "global_row": 5772, "global_col": 11079, "lon": -87.670833333333334, "lat": 41.895833333333336 }, "geometry": { "type": "Polygon", "coordinates": [ [ [ -87.666666666666657, 41.891666666666666 ], [ -87.666666666666657, 41.9 ], [ -87.675, 41.9 ], [ -87.675, 41.891666666666666 ], [ -87.666666666666657, 41.891666666666666 ] ] ] } },
{ "type": "Feature", "properties": { "cell_id": "r15_c33", "row": 15, "col": 33, "global_row": 5772, "global_col": 11080, "lon": -87.6625, "lat": 41.895833333333336 }, "geometry": { "type": "Polygon", "coordinates": [ [ [ -87.658333333333331, 41.891666666666666 ], [ -87.658333333333331, 41.9 ], [ -87.666666666666657, 41.9 ], [ -87.666666666666657, 41.891666666666666 ], [ -87.658333333333331, 41.891666666666666 ] ] ] } },
{ "type": "Feature", "properties": { "cell_id": "r15_c34", "row": 15, "col": 34, "global_row": 5772, "global_col": 11081, "lon": -87.654166666666669, "lat": 41.895833333333336 }, "geometry": { "type": "Polygon", "coordinates": [ [ [ -87.65, 41.891666666666666 ], [ -87.65, 41.9 ], [ -87.658333333333331, 41.9 ], [ -87.658333333333331, 41.891666666666666 ], [ -87.65, 41.891666666666666 ] ] ] } },
{ "type": "Feature", "properties": { "cell_id": "r15_c35", "row": 15, "col": 35, "global_row": 5772, "global_col": 11082, "lon": -87.645833333333343, "lat": 41.895833333333336 }, "geometry": { "type": "Polygon", "coordinates": [ [ [ -87.641666666666666, 41.891666666666666 ], [ -87.641666666666666, 41.9 ], [ -87.65, 41.9 ], [ -87.65, 41.891666666666666 ], [ -87.641666666666666, 41.891666666666666 ] ] ] } },
{ "type": "Feature", "properties": { "cell_id": "r15_c36", "row": 15, "col": 36, "global_row": 5772, "global_col": 11083, "lon": -87.6375, "lat": 41.895833333333336 }, "geometry": { "type": "Polygon", "coordinates": [ [ [ -87.633333333333326, 41.891666666666666 ], [ -87.633333333333326, 41.9 ], [ -87.641666666666666, 41.9 ], [ -87.641666666666666, 41.891666666666666 ], [ -87.633333333333326, 41.891666666666666 ] ] ] } },
{ "type": "Feature", "properties": { "cell_id": "r15_c37", "row": 15, "col": 37, "global_row": 5772, "global_col": 11084, "lon": -87.629166666666663, "lat": 41.895833333333336 }, "geometry": { "type": "Polygon", "coordinates": [ [ [ -87.625, 41.891666666666666 ], [ -87.625, 41.9 ], [ -87.633333333333326, 41.9 ], [ -87.633333333333326, 41.891666666666666 ], [ -87.625, 41.891666666666666 ] ] ] } },
{ "type": "Feature", "properties": { "cell_id": "r15_c38", "row": 15, "col": 38, "global_row": 5772, "global_col": 11085, "lon": -87.620833333333337, "lat": 41.895833333333336 }, "geometry": { "type": "Polygon", "coordinates": [ [ [ -87.61666666666666, 41.891666666666666 ], [ -87.61666666666666, 41.9 ], [ -87.625, 41.9 ], [ -87.625, 41.891666666666666 ], [ -87.61666666666666, 41.891666666666666 ] ] ] } },
{ "type": "Feature", "properties": { "cell_id": "r15_c40", "row": 15, "col": 40, "global_row": 5772, "global_col": 11087, "lon": -87.604166666666686, "lat": 41.895833333333336 }, "geometry": { "type": "Polygon", "coordinates": [ [ [ -87.6, 41.891666666666666 ], [ -87.6, 41.9 ], [ -87.608333333333334, 41.9 ], [ -87.608333333333334, 41.891666666666666 ], [ -87.6, 41.891666666666666 ] ] ] } },
{ "type": "Feature", "properties": { "cell_id": "r16_c20", "row": 16, "col": 20, "global_row": 5773, "global_col": 11067, "lon": -87.770833333333329, "lat": 41.8875 }, "geometry": { "type": "Polygon", "coordinates": [ [ [ -87.766666666666666, 41.883333333333333 ], [ -87.766666666666666, 41.891666666666666 ], [ -87.775, 41.891666666666666 ], [ -87.775, 41.883333333333333 ], [ -87.766666666666666, 41.883333333333333 ] ] ] } },
{ "type": "Feature", "properties": { "cell_id": "r16_c21", "row": 16, "col": 21, "global_row": 5773, "global_col": 11068, "lon": -87.7625, "lat": 41.8875 }, "geometry": { "type": "Polygon", "coordinates": [ [ [ -87.758333333333326, 41.883333333333333 ], [ -87.758333333333326, 41.891666666666666 ], [ -87.766666666666666, 41.891666666666666 ], [ -87.766666666666666, 41.883333333333333 ], [ -87.758333333333326, 41.883333333333333 ] ] ] } },
{ "type": "Feature", "properties": { "cell_id": "r16_c22", "row": 16, "col": 22, "global_row": 5773, "global_col": 11069, "lon": -87.754166666666663, "lat": 41.8875 }, "geometry": { "type": "Polygon", "coordinates": [ [ [ -87.75, 41.883333333333333 ], [ -87.75, 41.891666666666666 ], [ -87.758333333333326, 41.891666666666666 ], [ -87.758333333333326, 41.883333333333333 ], [ -87.75, 41.883333333333333 ] ] ] } },
{ "type": "Feature", "properties": { "cell_id": "r16_c23", "row": 16, "col": 23, "global_row": 5773, "global_col": 11070, "lon": -87.745833333333337, "lat": 41.8875 }, "geometry": { "type": "Polygon", "coordinates": [ [ [ -87.74166666666666, 41.883333333333333 ], [ -87.74166666666666, 41.891666666666666 ], [ -87.75, 41.891666666666666 ], [ -87.75, 41.883333333333333 ], [ -87.74166666666666, 41.883333333333333 ] ] ] } },
{ "type": "Feature", "properties": { "cell_id": "r16_c24", "row": 16, "col": 24, "global_row": 5773, "global_col": 11071, "lon": -87.7375, "lat": 41.8875 }, "geometry": { "type": "Polygon", "coordinates": [ [ [ -87.733333333333334, 41.883333333333333 ], [ -87.733333333333334, 41.891666666666666 ], [ -87.74166666666666, 41.891666666666666 ], [ -87.74166666666666, 41.883333333333333 ], [ -87.733333333333334, 41.883333333333333 ] ] ] } },
{ "type": "Feature", "properties": { "cell_id": "r16_c25", "row": 16, "col": 25, "global_row": 5773, "global_col": 11072, "lon": -87.729166666666671, "lat": 41.8875 }, "geometry": { "type": "Polygon", "coordinates": [ [ [ -87.725, 41.883333333333333 ], [ -87.725, 41.891666666666666 ], [ -87.733333333333334, 41.891666666666666 ], [ -87.733333333333334, 41.883333333333333 ], [ -87.725, 41.883333333333333 ] ] ] } },
{ "type": "Feature", "properties": { "cell_id": "r16_c26", "row": 16, "col": 26, "global_row": 5773, "global_col": 11073, "lon": -87.720833333333317, "lat": 41.8875 }, "geometry": { "type": "Polygon", "coordinates": [ [ [ -87.716666666666669, 41.883333333333333 ], [ -87.716666666666669, 41.891666666666666 ], [ -87.725, 41.891666666666666 ], [ -87.725, 41.883333333333333 ], [ -87.716666666666669, 41.883333333333333 ] ] ] } },
{ "type": "Feature", "properties": { "cell_id": "r16_c27", "row": 16, "col": 27, "global_row": 5773, "global_col": 11074, "lon": -87.7125, "lat": 41.8875 }, "geometry": { "type": "Polygon", "coordinates": [ [ [ -87.708333333333329, 41.883333333333333 ], [ -87.708333333333329, 41.891666666666666 ], [ -87.716666666666669, 41.891666666666666 ], [ -87.716666666666669, 41.883333333333333 ], [ -87.708333333333329, 41.883333333333333 ] ] ] } },
{ "type": "Feature", "properties": { "cell_id": "r16_c28", "row": 16, "col": 28, "global_row": 5773, "global_col": 11075, "lon": -87.704166666666666, "lat": 41.8875 }, "geometry": { "type": "Polygon", "coordinates": [ [ [ -87.7, 41.883333333333333 ], [ -87.7, 41.891666666666666 ], [ -87.708333333333329, 41.891666666666666 ], [ -87.708333333333329, 41.883333333333333 ], [ -87.7, 41.883333333333333 ] ] ] } },
{ "type": "Feature", "properties": { "cell_id": "r16_c29", "row": 16, "col": 29, "global_row": 5773, "global_col": 11076, "lon": -87.695833333333326, "lat": 41.8875 }, "geometry": { "type": "Polygon", "coordinates": [ [ [ -87.691666666666663, 41.883333333333333 ], [ -87.691666666666663, 41.891666666666666 ], [ -87.7, 41.891666666666666 ], [ -87.7, 41.883333333333333 ], [ -87.691666666666663, 41.883333333333333 ] ] ] } },
{ "type": "Feature", "properties": { "cell_id": "r16_c30", "row": 16, "col": 30, "global_row": 5773, "global_col": 11077, "lon": -87.6875, "lat": 41.8875 }, "geometry": { "type": "Polygon", "coordinates": [ [ [ -87.683333333333323, 41.883333333333333 ], [ -87.683333333333323, 41.891666666666666 ], [ -87.691666666666663, 41.891666666666666 ], [ -87.691666666666663, 41.883333333333333 ], [ -87.683333333333323, 41.883333333333333 ] ] ] } },
{ "type": "Feature", "properties": { "cell_id": "r16_c31", "row": 16, "col": 31, "global_row": 5773, "global_col": 11078, "lon": -87.679166666666674, "lat": 41.8875 }, "geometry": { "type": "Polygon", "coordinates": [ [ [ -87.675, 41.883333333333333 ], [ -87.675, 41.891666666666666 ], [ -87.683333333333323, 41.891666666666666 ], [ -87.683333333333323, 41.883333333333333 ], [ -87.675, 41.883333333333333 ] ] ] } },
{ "type": "Feature", "properties": { "cell_id": "r16_c32", "row": 16, "col": 32, "global_row": 5773, "global_col": 11079, "lon": -87.670833333333334, "lat": 41.8875 }, "geometry": { "type": "Polygon", "coordinates": [ [ [ -87.666666666666657, 41.883333333333333 ], [ -87.666666666666657, 41.891666666666666 ], [ -87.675, 41.891666666666666 ], [ -87.675, 41.883333333333333 ], [ -87.666666666666657, 41.883333333333333 ] ] ] } },
{ "type": "Feature", "properties": { "cell_id": "r16_c33", "row": 16, "col": 33, "global_row": 5773, "global_col": 11080, "lon": -87.6625, "lat": 41.8875 }, "geometry": { "type": "Polygon", "coordinates": [ [ [ -87.658333333333331, 41.883333333333333 ], [ -87.658333333333331, 41.891666666666666 ], [ -87.666666666666657, 41.891666666666666 ], [ -87.666666666666657, 41.883333333333333 ], [ -87.658333333333331, 41.883333333333333 ] ] ] } },
{ "type": "Feature", "properties": { "cell_id": "r16_c34", "row": 16, "col": 34, "global_row": 5773, "global_col": 11081, "lon": -87.654166666666669, "lat": 41.8875 }, "geometry": { "type": "Polygon", "coordinates": [ [ [ -87.65, 41.883333333333333 ], [ -87.65, 41.891666666666666 ], [ -87.658333333333331, 41.891666666666666 ], [ -87.658333333333331, 41.883333333333333 ], [ -87.65, 41.883333333333333 ] ] ] } },
{ "type": "Feature", "properties": { "cell_id": "r16_c35", "row": 16, "col": 35, "global_row": 5773, "global_col": 11082, "lon": -87.645833333333343, "lat": 41.8875 }, "geometry": { "type": "Polygon", "coordinates": [ [ [ -87.641666666666666, 41.883333333333333 ], [ -87.641666666666666, 41.891666666666666 ], [ -87.65, 41.891666666666666 ], [ -87.65, 41.883333333333333 ], [ -87.641666666666666, 41.883333333333333 ] ] ] } },
{ "type": "Feature", "properties": { "cell_id": "r16_c36", "row": 16, "col": 36, "global_row": 5773, "global_col": 11083, "lon": -87.6375, "lat": 41.8875 }, "geometry": { "type": "Polygon", "coordinates": [ [ [ -87.633333333333326, 41.883333333333333 ], [ -87.633333333333326, 41.891666666666666 ], [ -87.641666666666666, 41.891666666666666 ], [ -87.641666666666666, 41.883333333333333 ], [ -87.633333333333326, 41.883333333333333 ] ] ] } },
{ "type": "Feature", "properties": { "cell_id": "r16_c37", "row": 16, "col": 37, "global_row": 5773, "global_col": 11084, "lon": -87.629166666666663, "lat": 41.8875 }, "geometry": { "type": "Polygon", "coordinates": [ [ [ -87.625, 41.883333333333333 ], [ -87.625, 41.891666666666666 ], [ -87.633333333333326, 41.891666666666666 ], [ -87.633333333333326, 41.883333333333333 ], [ -87.625, 41.883333333333333 ] ] ] } },
{ "type": "Feature", "properties": { "cell_id": "r16_c38", "row": 16, "col": 38, "global_row": 5773, "global_col": 11085, "lon": -87.620833333333337, "lat": 41.8875 }, "geometry": { "type": "Polygon", "coordinates": [ [ [ -87.61666666666666, 41.883333333333333 ], [ -87.61666666666666, 41.891666666666666 ], [ -87.625, 41.891666666666666 ], [ -87.625, 41.883333333333333 ], [ -87.61666666666666, 41.883333333333333 ] ] ] } },
{ "type": "Feature", "properties": { "cell_id": "r16_c39", "row": 16, "col": 39, "global_row": 5773, "global_col": 11086, "lon": -87.6125, "lat": 41.8875 }, "geometry": { "type": "Polygon", "coordinates": [ [ [ -87.608333333333334, 41.883333333333333 ], [ -87.608333333333334, 41.891666666666666 ], [ -87.61666666666666, 41.891666666666666 ], [ -87.61666666666666, 41.883333333333333 ], [ -87.608333333333334, 41.883333333333333 ] ] ] } },
{ "type": "Feature", "properties": { "cell_id": "r17_c20", "row": 17, "col": 20, "global_row": 5774, "global_col": 11067, "lon": -87.770833333333329, "lat": 41.87916666666667 }, "geometry": { "type": "Polygon", "coordinates": [ [ [ -87.766666666666666, 41.875 ], [ -87.766666666666666, 41.883333333333333 ], [ -87.775, 41.883333333333333 ], [ -87.775, 41.875 ], [ -87.766666666666666, 41.875 ] ] ] } },
{ "type": "Feature", "properties": { "cell_id": "r17_c21", "row": 17, "col": 21, "global_row": 5774, "global_col": 11068, "lon": -87.7625, "lat": 41.879166666666663 }, "geometry": { "type": "Polygon", "coordinates": [ [ [ -87.758333333333326, 41.875 ], [ -87.758333333333326, 41.883333333333333 ], [ -87.766666666666666, 41.883333333333333 ], [ -87.766666666666666, 41.875 ], [ -87.758333333333326, 41.875 ] ] ] } },
{ "type": "Feature", "properties": { "cell_id": "r17_c22", "row": 17, "col": 22, "global_row": 5774, "global_col": 11069, "lon": -87.754166666666663, "lat": 41.87916666666667 }, "geometry": { "type": "Polygon", "coordinates": [ [ [ -87.75, 41.875 ], [ -87.75, 41.883333333333333 ], [ -87.758333333333326, 41.883333333333333 ], [ -87.758333333333326, 41.875 ], [ -87.75, 41.875 ] ] ] } },
{ "type": "Feature", "properties": { "cell_id": "r17_c23", "row": 17, "col": 23, "global_row": 5774, "global_col": 11070, "lon": -87.745833333333337, "lat": 41.879166666666663 }, "geometry": { "type": "Polygon", "coordinates": [ [ [ -87.74166666666666, 41.875 ], [ -87.74166666666666, 41.883333333333333 ], [ -87.75, 41.883333333333333 ], [ -87.75, 41.875 ], [ -87.74166666666666, 41.875 ] ] ] } },
{ "type": "Feature", "properties": { "cell_id": "r17_c24", "row": 17, "col": 24, "global_row": 5774, "global_col": 11071, "lon": -87.7375, "lat": 41.87916666666667 }, "geometry": { "type": "Polygon", "coordinates": [ [ [ -87.733333333333334, 41.875 ], [ -87.733333333333334, 41.883333333333333 ], [ -87.74166666666666, 41.883333333333333 ], [ -87.74166666666666, 41.875 ], [ -87.733333333333334, 41.875 ] ] ] } },
{ "type": "Feature", "properties": { "cell_id": "r17_c25", "row": 17, "col": 25, "global_row": 5774, "global_col": 11072, "lon": -87.729166666666671, "lat": 41.879166666666663 }, "geometry": { "type": "Polygon", "coordinates": [ [ [ -87.725, 41.875 ], [ -87.725, 41.883333333333333 ], [ -87.733333333333334, 41.883333333333333 ], [ -87.733333333333334, 41.875 ], [ -87.725, 41.875 ] ] ] } },
{ "type": "Feature", "properties": { "cell_id": "r17_c26", "row": 17, "col": 26, "global_row": 5774, "global_col": 11073, "lon": -87.720833333333317, "lat": 41.87916666666667 }, "geometry": { "type": "Polygon", "coordinates": [ [ [ -87.716666666666669, 41.875 ], [ -87.716666666666669, 41.883333333333333 ], [ -87.725, 41.883333333333333 ], [ -87.725, 41.875 ], [ -87.716666666666669, 41.875 ] ] ] } },
{ "type": "Feature", "properties": { "cell_id": "r17_c27", "row": 17, "col": 27, "global_row": 5774, "global_col": 11074, "lon": -87.7125, "lat": 41.879166666666663 }, "geometry": { "type": "Polygon", "coordinates": [ [ [ -87.708333333333329, 41.875 ], [ -87.708333333333329, 41.883333333333333 ], [ -87.716666666666669, 41.883333333333333 ], [ -87.716666666666669, 41.875 ], [ -87.708333333333329, 41.875 ] ] ] } },
{ "type": "Feature", "properties": { "cell_id": "r17_c28", "row": 17, "col": 28, "global_row": 5774, "global_col": 11075, "lon": -87.704166666666666, "lat": 41.87916666666667 }, "geometry": { "type": "Polygon", "coordinates": [ [ [ -87.7, 41.875 ], [ -87.7, 41.883333333333333 ], [ -87.708333333333329, 41.883333333333333 ], [ -87.708333333333329, 41.875 ], [ -87.7, 41.875 ] ] ] } },
{ "type": "Feature", "properties": { "cell_id": "r17_c29", "row": 17, "col": 29, "global_row": 5774, "global_col": 11076, "lon": -87.695833333333326, "lat": 41.879166666666663 }, "geometry": { "type": "Polygon", "coordinates": [ [ [ -87.691666666666663, 41.875 ], [ -87.691666666666663, 41.883333333333333 ], [ -87.7, 41.883333333333333 ], [ -87.7, 41.875 ], [ -87.691666666666663, 41.875 ] ] ] } },
{ "type": "Feature", "properties": { "cell_id": "r17_c30", "row": 17, "col": 30, "global_row": 5774, "global_col": 11077, "lon": -87.6875, "lat": 41.879166666666663 }, "geometry": { "type": "Polygon", "coordinates": [ [ [ -87.683333333333323, 41.875 ], [ -87.683333333333323, 41.883333333333333 ], [ -87.691666666666663, 41.883333333333333 ], [ -87.691666666666663, 41.875 ], [ -87.683333333333323, 41.875 ] ] ] } },
{ "type": "Feature", "properties": { "cell_id": "r17_c31", "row": 17, "col": 31, "global_row": 5774, "global_col": 11078, "lon": -87.679166666666674, "lat": 41.87916666666667 }, "geometry": { "type": "Polygon", "coordinates": [ [ [ -87.675, 41.875 ], [ -87.675, 41.883333333333333 ], [ -87.683333333333323, 41.883333333333333 ], [ -87.683333333333323, 41.875 ], [ -87.675, 41.875 ] ] ] } },
{ "type": "Feature", "properties": { "cell_id": "r17_c32", "row": 17, "col": 32, "global_row": 5774, "global_col": 11079, "lon": -87.670833333333334, "lat": 41.879166666666663 }, "geometry": { "type": "Polygon", "coordinates": [ [ [ -87.666666666666657, 41.875 ], [ -87.666666666666657, 41.883333333333333 ], [ -87.675, 41.883333333333333 ], [ -87.675, 41.875 ], [ -87.666666666666657, 41.875 ] ] ] } },
{ "type": "Feature", "properties": { "cell_id": "r17_c33", "row": 17, "col": 33, "global_row": 5774, "global_col": 11080, "lon": -87.6625, "lat": 41.87916666666667 }, "geometry": { "type": "Polygon", "coordinates": [ [ [ -87.658333333333331, 41.875 ], [ -87.658333333333331, 41.883333333333333 ], [ -87.666666666666657, 41.883333333333333 ], [ -87.666666666666657, 41.875 ], [ -87.658333333333331, 41.875 ] ] ] } },
{ "type": "Feature", "properties": { "cell_id": "r17_c34", "row": 17, "col": 34, "global_row": 5774, "global_col": 11081, "lon": -87.654166666666669, "lat": 41.879166666666663 }, "geometry": { "type": "Polygon", "coordinates": [ [ [ -87.65, 41.875 ], [ -87.65, 41.883333333333333 ], [ -87.658333333333331, 41.883333333333333 ], [ -87.658333333333331, 41.875 ], [ -87.65, 41.875 ] ] ] } },
{ "type": "Feature", "properties": { "cell_id": "r17_c35", "row": 17, "col": 35, "global_row": 5774, "global_col": 11082, "lon": -87.645833333333343, "lat": 41.87916666666667 }, "geometry": { "type": "Polygon", "coordinates": [ [ [ -87.641666666666666, 41.875 ], [ -87.641666666666666, 41.883333333333333 ], [ -87.65, 41.883333333333333 ], [ -87.65, 41.875 ], [ -87.641666666666666, 41.875 ] ] ] } },
{ "type": "Feature", "properties": { "cell_id": "r17_c36", "row": 17, "col": 36, "global_row": 5774, "global_col": 11083, "lon": -87.6375, "lat": 41.879166666666663 }, "geometry": { "type": "Polygon", "coordinates": [ [ [ -87.633333333333326, 41.875 ], [ -87.633333333333326, 41.883333333333333 ], [ -87.641666666666666, 41.883333333333333 ], [ -87.641666666666666, 41.875 ], [ -87.633333333333326, 41.875 ] ] ] } },
{ "type": "Feature", "properties": { "cell_id": "r17_c37", "row": 17, "col": 37, "global_row": 5774, "global_col": 11084, "lon": -87.629166666666663, "lat": 41.87916666666667 }, "geometry": { "type": "Polygon", "coordinates": [ [ [ -87.625, 41.875 ], [ -87.625, 41.883333333333333 ], [ -87.633333333333326, 41.883333333333333 ], [ -87.633333333333326, 41.875 ], [ -87.625, 41.875 ] ] ] } },
{ "type": "Feature", "properties": { "cell_id": "r17_c38", "row": 17, "col": 38, "global_row": 5774, "global_col": 11085, "lon": -87.620833333333337, "lat": 41.879166666666663 }, "geometry": { "type": "Polygon", "coordinates": [ [ [ -87.61666666666666, 41.875 ], [ -87.61666666666666, 41.883333333333333 ], [ -87.625, 41.883333333333333 ], [ -87.625, 41.875 ], [ -87.61666666666666, 41.875 ] ] ] } },
{ "type": "Feature", "properties": { "cell_id": "r18_c20", "row": 18, "col": 20, "global_row": 5775, "global_col": 11067, "lon": -87.770833333333329, "lat": 41.870833333333337 }, "geometry": { "type": "Polygon", "coordinates": [ [ [ -87.766666666666666, 41.866666666666667 ], [ -87.766666666666666, 41.875 ], [ -87.775, 41.875 ], [ -87.775, 41.866666666666667 ], [ -87.766666666666666, 41.866666666666667 ] ] ] } },
{ "type": "Feature", "properties": { "cell_id": "r18_c21", "row": 18, "col": 21, "global_row": 5775, "global_col": 11068, "lon": -87.7625, "lat": 41.870833333333337 }, "geometry": { "type": "Polygon", "coordinates": [ [ [ -87.758333333333326, 41.866666666666667 ], [ -87.758333333333326, 41.875 ], [ -87.766666666666666, 41.875 ], [ -87.766666666666666, 41.866666666666667 ], [ -87.758333333333326, 41.866666666666667 ] ] ] } },
{ "type": "Feature", "properties": { "cell_id": "r18_c22", "row": 18, "col": 22, "global_row": 5775, "global_col": 11069, "lon": -87.754166666666663, "lat": 41.870833333333337 }, "geometry": { "type": "Polygon", "coordinates": [ [ [ -87.75, 41.866666666666667 ], [ -87.75, 41.875 ], [ -87.758333333333326, 41.875 ], [ -87.758333333333326, 41.866666666666667 ], [ -87.75, 41.866666666666667 ] ] ] } },
{ "type": "Feature", "properties": { "cell_id": "r18_c23", "row": 18, "col": 23, "global_row": 5775, "global_col": 11070, "lon": -87.745833333333337, "lat": 41.870833333333337 }, "geometry": { "type": "Polygon", "coordinates": [ [ [ -87.74166666666666, 41.866666666666667 ], [ -87.74166666666666, 41.875 ], [ -87.75, 41.875 ], [ -87.75, 41.866666666666667 ], [ -87.74166666666666, 41.866666666666667 ] ] ] } },
{ "type": "Feature", "properties": { "cell_id": "r18_c24", "row": 18, "col": 24, "global_row": 5775, "global_col": 11071, "lon": -87.7375, "lat": 41.870833333333337 }, "geometry": { "type": "Polygon", "coordinates": [ [ [ -87.733333333333334, 41.866666666666667 ], [ -87.733333333333334, 41.875 ], [ -87.74166666666666, 41.875 ], [ -87.74166666666666, 41.866666666666667 ], [ -87.733333333333334, 41.866666666666667 ] ] ] } },
{ "type": "Feature", "properties": { "cell_id": "r18_c25", "row": 18, "col": 25, "global_row": 5775, "global_col": 11072, "lon": -87.729166666666671, "lat": 41.870833333333337 }, "geometry": { "type": "Polygon", "coordinates": [ [ [ -87.725, 41.866666666666667 ], [ -87.725, 41.875 ], [ -87.733333333333334, 41.875 ], [ -87.733333333333334, 41.866666666666667 ], [ -87.725, 41.866666666666667 ] ] ] } },
{ "type": "Feature", "properties": { "cell_id": "r18_c26", "row": 18, "col": 26, "global_row": 5775, "global_col": 11073, "lon": -87.720833333333317, "lat": 41.870833333333337 }, "geometry": { "type": "Polygon", "coordinates": [ [ [ -87.716666666666669, 41.866666666666667 ], [ -87.716666666666669, 41.875 ], [ -87.725, 41.875 ], [ -87.725, 41.866666666666667 ], [ -87.716666666666669, 41.866666666666667 ] ] ] } },
{ "type": "Feature", "properties": { "cell_id": "r18_c27", "row": 18, "col": 27, "global_row": 5775, "global_col": 11074, "lon": -87.7125, "lat": 41.870833333333337 }, "geometry": { "type": "Polygon", "coordinates": [ [ [ -87.708333333333329, 41.866666666666667 ], [ -87.708333333333329, 41.875 ], [ -87.716666666666669, 41.875 ], [ -87.716666666666669, 41.866666666666667 ], [ -87.708333333333329, 41.866666666666667 ] ] ] } },
{ "type": "Feature", "properties": { "cell_id": "r18_c28", "row": 18, "col": 28, "global_row": 5775, "global_col": 11075, "lon": -87.704166666666666, "lat": 41.870833333333337 }, "geometry": { "type": "Polygon", "coordinates": [ [ [ -87.7, 41.866666666666667 ], [ -87.7, 41.875 ], [ -87.708333333333329, 41.875 ], [ -87.708333333333329, 41.866666666666667 ], [ -87.7, 41.866666666666667 ] ] ] } },
{ "type": "Feature", "properties": { "cell_id": "r18_c29", "row": 18, "col": 29, "global_row": 5775, "global_col": 11076, "lon": -87.695833333333326, "lat": 41.870833333333337 }, "geometry": { "type": "Polygon", "coordinates": [ [ [ -87.691666666666663, 41.866666666666667 ], [ -87.691666666666663, 41.875 ], [ -87.7, 41.875 ], [ -87.7, 41.866666666666667 ], [ -87.691666666666663, 41.866666666666667 ] ] ] } },
{ "type": "Feature", "properties": { "cell_id": "r18_c30", "row": 18, "col": 30, "global_row": 5775, "global_col": 11077, "lon": -87.6875, "lat": 41.870833333333337 }, "geometry": { "type": "Polygon", "coordinates": [ [ [ -87.683333333333323, 41.866666666666667 ], [ -87.683333333333323, 41.875 ], [ -87.691666666666663, 41.875 ], [ -87.691666666666663, 41.866666666666667 ], [ -87.683333333333323, 41.866666666666667 ] ] ] } },
{ "type": "Feature", "properties": { "cell_id": "r18_c31", "row": 18, "col": 31, "global_row": 5775, "global_col": 11078, "lon": -87.679166666666674, "lat": 41.870833333333337 }, "geometry": { "type": "Polygon", "coordinates": [ [ [ -87.675, 41.866666666666667 ], [ -87.675, 41.875 ], [ -87.683333333333323, 41.875 ], [ -87.683333333333323, 41.866666666666667 ], [ -87.675, 41.866666666666667 ] ] ] } },
{ "type": "Feature", "properties": { "cell_id": "r18_c32", "row": 18, "col": 32, "global_row": 5775, "global_col": 11079, "lon": -87.670833333333334, "lat": 41.870833333333337 }, "geometry": { "type": "Polygon", "coordinates": [ [ [ -87.666666666666657, 41.866666666666667 ], [ -87.666666666666657, 41.875 ], [ -87.675, 41.875 ], [ -87.675, 41.866666666666667 ], [ -87.666666666666657, 41.866666666666667 ] ] ] } },
{ "type": "Feature", "properties": { "cell_id": "r18_c33", "row": 18, "col": 33, "global_row": 5775, "global_col": 11080, "lon": -87.6625, "lat": 41.870833333333337 }, "geometry": { "type": "Polygon", "coordinates": [ [ [ -87.658333333333331, 41.866666666666667 ], [ -87.658333333333331, 41.875 ], [ -87.666666666666657, 41.875 ], [ -87.666666666666657, 41.866666666666667 ], [ -87.658333333333331, 41.866666666666667 ] ] ] } },
{ "type": "Feature", "properties": { "cell_id": "r18_c34", "row": 18, "col": 34, "global_row": 5775, "global_col": 11081, "lon": -87.654166666666669, "lat": 41.870833333333337 }, "geometry": { "type": "Polygon", "coordinates": [ [ [ -87.65, 41.866666666666667 ], [ -87.65, 41.875 ], [ -87.658333333333331, 41.875 ], [ -87.658333333333331, 41.866666666666667 ], [ -87.65, 41.866666666666667 ] ] ] } },
{ "type": "Feature", "properties": { "cell_id": "r18_c35", "row": 18, "col": 35, "global_row": 5775, "global_col": 11082, "lon": -87.645833333333343, "lat": 41.870833333333337 }, "geometry": { "type": "Polygon", "coordinates": [ [ [ -87.641666666666666, 41.866666666666667 ], [ -87.641666666666666, 41.875 ], [ -87.65, 41.875 ], [ -87.65, 41.866666666666667 ], [ -87.641666666666666, 41.866666666666667 ] ] ] } },
{ "type": "Feature", "properties": { "cell_id": "r18_c36", "row": 18, "col": 36, "global_row": 5775, "global_col": 11083, "lon": -87.6375, "lat": 41.870833333333337 }, "geometry": { "type": "Polygon", "coordinates": [ [ [ -87.633333333333326, 41.866666666666667 ], [ -87.633333333333326, 41.875 ], [ -87.641666666666666, 41.875 ], [ -87.641666666666666, 41.866666666666667 ], [ -87.633333333333326, 41.866666666666667 ] ] ] } },
{ "type": "Feature", "properties": { "cell_id": "r18_c37", "row": 18, "col": 37, "global_row": 5775, "global_col": 11084, "lon": -87.629166666666663, "lat": 41.870833333333337 }, "geometry": { "type": "Polygon", "coordinates": [ [ [ -87.625, 41.866666666666667 ], [ -87.625, 41.875 ], [ -87.633333333333326, 41.875 ], [ -87.633333333333326, 41.866666666666667 ], [ -87.625, 41.866666666666667 ] ] ] } },
{ "type": "Feature", "properties": { "cell_id": "r18_c38", "row": 18, "col": 38, "global_row": 5775, "global_col": 11085, "lon": -87.620833333333337, "lat": 41.870833333333337 }, "geometry": { "type": "Polygon", "coordinates": [ [ [ -87.61666666666666, 41.866666666666667 ], [ -87.61666666666666, 41.875 ], [ -87.625, 41.875 ], [ -87.625, 41.866666666666667 ], [ -87.61666666666666, 41.866666666666667 ] ] ] } },
{ "type": "Feature", "properties": { "cell_id": "r19_c24", "row": 19, "col": 24, "global_row": 5776, "global_col": 11071, "lon": -87.7375, "lat": 41.8625 }, "geometry": { "type": "Polygon", "coordinates": [ [ [ -87.733333333333334, 41.858333333333334 ], [ -87.733333333333334, 41.866666666666667 ], [ -87.74166666666666, 41.866666666666667 ], [ -87.74166666666666, 41.858333333333334 ], [ -87.733333333333334, 41.858333333333334 ] ] ] } },
{ "type": "Feature", "properties": { "cell_id": "r19_c25", "row": 19, "col": 25, "global_row": 5776, "global_col": 11072, "lon": -87.729166666666671, "lat": 41.8625 }, "geometry": { "type": "Polygon", "coordinates": [ [ [ -87.725, 41.858333333333334 ], [ -87.725, 41.866666666666667 ], [ -87.733333333333334, 41.866666666666667 ], [ -87.733333333333334, 41.858333333333334 ], [ -87.725, 41.858333333333334 ] ] ] } },
{ "type": "Feature", "properties": { "cell_id": "r19_c26", "row": 19, "col": 26, "global_row": 5776, "global_col": 11073, "lon": -87.720833333333317, "lat": 41.8625 }, "geometry": { "type": "Polygon", "coordinates": [ [ [ -87.716666666666669, 41.858333333333334 ], [ -87.716666666666669, 41.866666666666667 ], [ -87.725, 41.866666666666667 ], [ -87.725, 41.858333333333334 ], [ -87.716666666666669, 41.858333333333334 ] ] ] } },
{ "type": "Feature", "properties": { "cell_id": "r19_c27", "row": 19, "col": 27, "global_row": 5776, "global_col": 11074, "lon": -87.7125, "lat": 41.8625 }, "geometry": { "type": "Polygon", "coordinates": [ [ [ -87.708333333333329, 41.858333333333334 ], [ -87.708333333333329, 41.866666666666667 ], [ -87.716666666666669, 41.866666666666667 ], [ -87.716666666666669, 41.858333333333334 ], [ -87.708333333333329, 41.858333333333334 ] ] ] } },
{ "type": "Feature", "properties": { "cell_id": "r19_c28", "row": 19, "col": 28, "global_row": 5776, "global_col": 11075, "lon": -87.704166666666666, "lat": 41.8625 }, "geometry": { "type": "Polygon", "coordinates": [ [ [ -87.7, 41.858333333333334 ], [ -87.7, 41.866666666666667 ], [ -87.708333333333329, 41.866666666666667 ], [ -87.708333333333329, 41.858333333333334 ], [ -87.7, 41.858333333333334 ] ] ] } },
{ "type": "Feature", "properties": { "cell_id": "r19_c29", "row": 19, "col": 29, "global_row": 5776, "global_col": 11076, "lon": -87.695833333333326, "lat": 41.8625 }, "geometry": { "type": "Polygon", "coordinates": [ [ [ -87.691666666666663, 41.858333333333334 ], [ -87.691666666666663, 41.866666666666667 ], [ -87.7, 41.866666666666667 ], [ -87.7, 41.858333333333334 ], [ -87.691666666666663, 41.858333333333334 ] ] ] } },
{ "type": "Feature", "properties": { "cell_id": "r19_c30", "row": 19, "col": 30, "global_row": 5776, "global_col": 11077, "lon": -87.6875, "lat": 41.8625 }, "geometry": { "type": "Polygon", "coordinates": [ [ [ -87.683333333333323, 41.858333333333334 ], [ -87.683333333333323, 41.866666666666667 ], [ -87.691666666666663, 41.866666666666667 ], [ -87.691666666666663, 41.858333333333334 ], [ -87.683333333333323, 41.858333333333334 ] ] ] } },
{ "type": "Feature", "properties": { "cell_id": "r19_c31", "row": 19, "col": 31, "global_row": 5776, "global_col": 11078, "lon": -87.679166666666674, "lat": 41.8625 }, "geometry": { "type": "Polygon", "coordinates": [ [ [ -87.675, 41.858333333333334 ], [ -87.675, 41.866666666666667 ], [ -87.683333333333323, 41.866666666666667 ], [ -87.683333333333323, 41.858333333333334 ], [ -87.675, 41.858333333333334 ] ] ] } },
{ "type": "Feature", "properties": { "cell_id": "r19_c32", "row": 19, "col": 32, "global_row": 5776, "global_col": 11079, "lon": -87.670833333333334, "lat": 41.8625 }, "geometry": { "type": "Polygon", "coordinates": [ [ [ -87.666666666666657, 41.858333333333334 ], [ -87.666666666666657, 41.866666666666667 ], [ -87.675, 41.866666666666667 ], [ -87.675, 41.858333333333334 ], [ -87.666666666666657, 41.858333333333334 ] ] ] } },
{ "type": "Feature", "properties": { "cell_id": "r19_c33", "row": 19, "col": 33, "global_row": 5776, "global_col": 11080, "lon": -87.6625, "lat": 41.8625 }, "geometry": { "type": "Polygon", "coordinates": [ [ [ -87.658333333333331, 41.858333333333334 ], [ -87.658333333333331, 41.866666666666667 ], [ -87.666666666666657, 41.866666666666667 ], [ -87.666666666666657, 41.858333333333334 ], [ -87.658333333333331, 41.858333333333334 ] ] ] } },
{ "type": "Feature", "properties": { "cell_id": "r19_c34", "row": 19, "col": 34, "global_row": 5776, "global_col": 11081, "lon": -87.654166666666669, "lat": 41.8625 }, "geometry": { "type": "Polygon", "coordinates": [ [ [ -87.65, 41.858333333333334 ], [ -87.65, 41.866666666666667 ], [ -87.658333333333331, 41.866666666666667 ], [ -87.658333333333331, 41.858333333333334 ], [ -87.65, 41.858333333333334 ] ] ] } },
{ "type": "Feature", "properties": { "cell_id": "r19_c35", "row": 19, "col": 35, "global_row": 5776, "global_col": 11082, "lon": -87.645833333333343, "lat": 41.8625 }, "geometry": { "type": "Polygon", "coordinates": [ [ [ -87.641666666666666, 41.858333333333334 ], [ -87.641666666666666, 41.866666666666667 ], [ -87.65, 41.866666666666667 ], [ -87.65, 41.858333333333334 ], [ -87.641666666666666, 41.858333333333334 ] ] ] } },
{ "type": "Feature", "properties": { "cell_id": "r19_c36", "row": 19, "col": 36, "global_row": 5776, "global_col": 11083, "lon": -87.6375, "lat": 41.8625 }, "geometry": { "type": "Polygon", "coordinates": [ [ [ -87.633333333333326, 41.858333333333334 ], [ -87.633333333333326, 41.866666666666667 ], [ -87.641666666666666, 41.866666666666667 ], [ -87.641666666666666, 41.858333333333334 ], [ -87.633333333333326, 41.858333333333334 ] ] ] } },
{ "type": "Feature", "properties": { "cell_id": "r19_c37", "row": 19, "col": 37, "global_row": 5776, "global_col": 11084, "lon": -87.629166666666663, "lat": 41.8625 }, "geometry": { "type": "Polygon", "coordinates": [ [ [ -87.625, 41.858333333333334 ], [ -87.625, 41.866666666666667 ], [ -87.633333333333326, 41.866666666666667 ], [ -87.633333333333326, 41.858333333333334 ], [ -87.625, 41.858333333333334 ] ] ] } },
{ "type": "Feature", "properties": { "cell_id": "r19_c38", "row": 19, "col": 38, "global_row": 5776, "global_col": 11085, "lon": -87.620833333333337, "lat": 41.8625 }, "geometry": { "type": "Polygon", "coordinates": [ [ [ -87.61666666666666, 41.858333333333334 ], [ -87.61666666666666, 41.866666666666667 ], [ -87.625, 41.866666666666667 ], [ -87.625, 41.858333333333334 ], [ -87.61666666666666, 41.858333333333334 ] ] ] } },
{ "type": "Feature", "properties": { "cell_id": "r20_c24", "row": 20, "col": 24, "global_row": 5777, "global_col": 11071, "lon": -87.7375, "lat": 41.854166666666671 }, "geometry": { "type": "Polygon", "coordinates": [ [ [ -87.733333333333334, 41.85 ], [ -87.733333333333334, 41.858333333333334 ], [ -87.74166666666666, 41.858333333333334 ], [ -87.74166666666666, 41.85 ], [ -87.733333333333334, 41.85 ] ] ] } },
{ "type": "Feature", "properties": { "cell_id": "r20_c25", "row": 20, "col": 25, "global_row": 5777, "global_col": 11072, "lon": -87.729166666666671, "lat": 41.854166666666671 }, "geometry": { "type": "Polygon", "coordinates": [ [ [ -87.725, 41.85 ], [ -87.725, 41.858333333333334 ], [ -87.733333333333334, 41.858333333333334 ], [ -87.733333333333334, 41.85 ], [ -87.725, 41.85 ] ] ] } },
{ "type": "Feature", "properties": { "cell_id": "r20_c26", "row": 20, "col": 26, "global_row": 5777, "global_col": 11073, "lon": -87.720833333333317, "lat": 41.854166666666671 }, "geometry": { "type": "Polygon", "coordinates": [ [ [ -87.716666666666669, 41.85 ], [ -87.716666666666669, 41.858333333333334 ], [ -87.725, 41.858333333333334 ], [ -87.725, 41.85 ], [ -87.716666666666669, 41.85 ] ] ] } },
{ "type": "Feature", "properties": { "cell_id": "r20_c27", "row": 20, "col": 27, "global_row": 5777, "global_col": 11074, "lon": -87.7125, "lat": 41.854166666666671 }, "geometry": { "type": "Polygon", "coordinates": [ [ [ -87.708333333333329, 41.85 ], [ -87.708333333333329, 41.858333333333334 ], [ -87.716666666666669, 41.858333333333334 ], [ -87.716666666666669, 41.85 ], [ -87.708333333333329, 41.85 ] ] ] } },
{ "type": "Feature", "properties": { "cell_id": "r20_c28", "row": 20, "col": 28, "global_row": 5777, "global_col": 11075, "lon": -87.704166666666666, "lat": 41.854166666666671 }, "geometry": { "type": "Polygon", "coordinates": [ [ [ -87.7, 41.85 ], [ -87.7, 41.858333333333334 ], [ -87.708333333333329, 41.858333333333334 ], [ -87.708333333333329, 41.85 ], [ -87.7, 41.85 ] ] ] } },
{ "type": "Feature", "properties": { "cell_id": "r20_c29", "row": 20, "col": 29, "global_row": 5777, "global_col": 11076, "lon": -87.695833333333326, "lat": 41.854166666666671 }, "geometry": { "type": "Polygon", "coordinates": [ [ [ -87.691666666666663, 41.85 ], [ -87.691666666666663, 41.858333333333334 ], [ -87.7, 41.858333333333334 ], [ -87.7, 41.85 ], [ -87.691666666666663, 41.85 ] ] ] } },
{ "type": "Feature", "properties": { "cell_id": "r20_c30", "row": 20, "col": 30, "global_row": 5777, "global_col": 11077, "lon": -87.6875, "lat": 41.854166666666671 }, "geometry": { "type": "Polygon", "coordinates": [ [ [ -87.683333333333323, 41.85 ], [ -87.683333333333323, 41.858333333333334 ], [ -87.691666666666663, 41.858333333333334 ], [ -87.691666666666663, 41.85 ], [ -87.683333333333323, 41.85 ] ] ] } },
{ "type": "Feature", "properties": { "cell_id": "r20_c31", "row": 20, "col": 31, "global_row": 5777, "global_col": 11078, "lon": -87.679166666666674, "lat": 41.854166666666671 }, "geometry": { "type": "Polygon", "coordinates": [ [ [ -87.675, 41.85 ], [ -87.675, 41.858333333333334 ], [ -87.683333333333323, 41.858333333333334 ], [ -87.683333333333323, 41.85 ], [ -87.675, 41.85 ] ] ] } },
{ "type": "Feature", "properties": { "cell_id": "r20_c32", "row": 20, "col": 32, "global_row": 5777, "global_col": 11079, "lon": -87.670833333333334, "lat": 41.854166666666671 }, "geometry": { "type": "Polygon", "coordinates": [ [ [ -87.666666666666657, 41.85 ], [ -87.666666666666657, 41.858333333333334 ], [ -87.675, 41.858333333333334 ], [ -87.675, 41.85 ], [ -87.666666666666657, 41.85 ] ] ] } },
{ "type": "Feature", "properties": { "cell_id": "r20_c33", "row": 20, "col": 33, "global_row": 5777, "global_col": 11080, "lon": -87.6625, "lat": 41.854166666666671 }, "geometry": { "type": "Polygon", "coordinates": [ [ [ -87.658333333333331, 41.85 ], [ -87.658333333333331, 41.858333333333334 ], [ -87.666666666666657, 41.858333333333334 ], [ -87.666666666666657, 41.85 ], [ -87.658333333333331, 41.85 ] ] ] } },
{ "type": "Feature", "properties": { "cell_id": "r20_c34", "row": 20, "col": 34, "global_row": 5777, "global_col": 11081, "lon": -87.654166666666669, "lat": 41.854166666666671 }, "geometry": { "type": "Polygon", "coordinates": [ [ [ -87.65, 41.85 ], [ -87.65, 41.858333333333334 ], [ -87.658333333333331, 41.858333333333334 ], [ -87.658333333333331, 41.85 ], [ -87.65, 41.85 ] ] ] } },
{ "type": "Feature", "properties": { "cell_id": "r20_c35", "row": 20, "col": 35, "global_row": 5777, "global_col": 11082, "lon": -87.645833333333343, "lat": 41.854166666666671 }, "geometry": { "type": "Polygon", "coordinates": [ [ [ -87.641666666666666, 41.85 ], [ -87.641666666666666, 41.858333333333334 ], [ -87.65, 41.858333333333334 ], [ -87.65, 41.85 ], [ -87.641666666666666, 41.85 ] ] ] } },
{ "type": "Feature", "properties": { "cell_id": "r20_c36", "row": 20, "col": 36, "global_row": 5777, "global_col": 11083, "lon": -87.6375, "lat": 41.854166666666671 }, "geometry": { "type": "Polygon", "coordinates": [ [ [ -87.633333333333326, 41.85 ], [ -87.633333333333326, 41.858333333333334 ], [ -87.641666666666666, 41.858333333333334 ], [ -87.641666666666666, 41.85 ], [ -87.633333333333326, 41.85 ] ] ] } },
{ "type": "Feature", "properties": { "cell_id": "r20_c37", "row": 20, "col": 37, "global_row": 5777, "global_col": 11084, "lon": -87.629166666666663, "lat": 41.854166666666671 }, "geometry": { "type": "Polygon", "coordinates": [ [ [ -87.625, 41.85 ], [ -87.625, 41.858333333333334 ], [ -87.633333333333326, 41.858333333333334 ], [ -87.633333333333326, 41.85 ], [ -87.625, 41.85 ] ] ] } },
{ "type": "Feature", "properties": { "cell_id": "r20_c38", "row": 20, "col": 38, "global_row": 5777, "global_col": 11085, "lon": -87.620833333333337, "lat": 41.854166666666671 }, "geometry": { "type": "Polygon", "coordinates": [ [ [ -87.61666666666666, 41.85 ], [ -87.61666666666666, 41.858333333333334 ], [ -87.625, 41.858333333333334 ], [ -87.625, 41.85 ], [ -87.61666666666666, 41.85 ] ] ] } },
{ "type": "Feature", "properties": { "cell_id": "r20_c39", "row": 20, "col": 39, "global_row": 5777, "global_col": 11086, "lon": -87.6125, "lat": 41.854166666666671 }, "geometry": { "type": "Polygon", "coordinates": [ [ [ -87.608333333333334, 41.85 ], [ -87.608333333333334, 41.858333333333334 ], [ -87.61666666666666, 41.858333333333334 ], [ -87.61666666666666, 41.85 ], [ -87.608333333333334, 41.85 ] ] ] } },
{ "type": "Feature", "properties": { "cell_id": "r21_c24", "row": 21, "col": 24, "global_row": 5778, "global_col": 11071, "lon": -87.7375, "lat": 41.845833333333331 }, "geometry": { "type": "Polygon", "coordinates": [ [ [ -87.733333333333334, 41.841666666666669 ], [ -87.733333333333334, 41.85 ], [ -87.74166666666666, 41.85 ], [ -87.74166666666666, 41.841666666666669 ], [ -87.733333333333334, 41.841666666666669 ] ] ] } },
{ "type": "Feature", "properties": { "cell_id": "r21_c25", "row": 21, "col": 25, "global_row": 5778, "global_col": 11072, "lon": -87.729166666666671, "lat": 41.845833333333339 }, "geometry": { "type": "Polygon", "coordinates": [ [ [ -87.725, 41.841666666666669 ], [ -87.725, 41.85 ], [ -87.733333333333334, 41.85 ], [ -87.733333333333334, 41.841666666666669 ], [ -87.725, 41.841666666666669 ] ] ] } },
{ "type": "Feature", "properties": { "cell_id": "r21_c26", "row": 21, "col": 26, "global_row": 5778, "global_col": 11073, "lon": -87.720833333333317, "lat": 41.845833333333331 }, "geometry": { "type": "Polygon", "coordinates": [ [ [ -87.716666666666669, 41.841666666666669 ], [ -87.716666666666669, 41.85 ], [ -87.725, 41.85 ], [ -87.725, 41.841666666666669 ], [ -87.716666666666669, 41.841666666666669 ] ] ] } },
{ "type": "Feature", "properties": { "cell_id": "r21_c27", "row": 21, "col": 27, "global_row": 5778, "global_col": 11074, "lon": -87.7125, "lat": 41.845833333333339 }, "geometry": { "type": "Polygon", "coordinates": [ [ [ -87.708333333333329, 41.841666666666669 ], [ -87.708333333333329, 41.85 ], [ -87.716666666666669, 41.85 ], [ -87.716666666666669, 41.841666666666669 ], [ -87.708333333333329, 41.841666666666669 ] ] ] } },
{ "type": "Feature", "properties": { "cell_id": "r21_c28", "row": 21, "col": 28, "global_row": 5778, "global_col": 11075, "lon": -87.704166666666666, "lat": 41.845833333333331 }, "geometry": { "type": "Polygon", "coordinates": [ [ [ -87.7, 41.841666666666669 ], [ -87.7, 41.85 ], [ -87.708333333333329, 41.85 ], [ -87.708333333333329, 41.841666666666669 ], [ -87.7, 41.841666666666669 ] ] ] } },
{ "type": "Feature", "properties": { "cell_id": "r21_c29", "row": 21, "col": 29, "global_row": 5778, "global_col": 11076, "lon": -87.695833333333326, "lat": 41.845833333333339 }, "geometry": { "type": "Polygon", "coordinates": [ [ [ -87.691666666666663, 41.841666666666669 ], [ -87.691666666666663, 41.85 ], [ -87.7, 41.85 ], [ -87.7, 41.841666666666669 ], [ -87.691666666666663, 41.841666666666669 ] ] ] } },
{ "type": "Feature", "properties": { "cell_id": "r21_c30", "row": 21, "col": 30, "global_row": 5778, "global_col": 11077, "lon": -87.6875, "lat": 41.845833333333339 }, "geometry": { "type": "Polygon", "coordinates": [ [ [ -87.683333333333323, 41.841666666666669 ], [ -87.683333333333323, 41.85 ], [ -87.691666666666663, 41.85 ], [ -87.691666666666663, 41.841666666666669 ], [ -87.683333333333323, 41.841666666666669 ] ] ] } },
{ "type": "Feature", "properties": { "cell_id": "r21_c31", "row": 21, "col": 31, "global_row": 5778, "global_col": 11078, "lon": -87.679166666666674, "lat": 41.845833333333331 }, "geometry": { "type": "Polygon", "coordinates": [ [ [ -87.675, 41.841666666666669 ], [ -87.675, 41.85 ], [ -87.683333333333323, 41.85 ], [ -87.683333333333323, 41.841666666666669 ], [ -87.675, 41.841666666666669 ] ] ] } },
{ "type": "Feature", "properties": { "cell_id": "r21_c32", "row": 21, "col": 32, "global_row": 5778, "global_col": 11079, "lon": -87.670833333333334, "lat": 41.845833333333339 }, "geometry": { "type": "Polygon", "coordinates": [ [ [ -87.666666666666657, 41.841666666666669 ], [ -87.666666666666657, 41.85 ], [ -87.675, 41.85 ], [ -87.675, 41.841666666666669 ], [ -87.666666666666657, 41.841666666666669 ] ] ] } },
{ "type": "Feature", "properties": { "cell_id": "r21_c33", "row": 21, "col": 33, "global_row": 5778, "global_col": 11080, "lon": -87.6625, "lat": 41.845833333333331 }, "geometry": { "type": "Polygon", "coordinates": [ [ [ -87.658333333333331, 41.841666666666669 ], [ -87.658333333333331, 41.85 ], [ -87.666666666666657, 41.85 ], [ -87.666666666666657, 41.841666666666669 ], [ -87.658333333333331, 41.841666666666669 ] ] ] } },
{ "type": "Feature", "properties": { "cell_id": "r21_c34", "row": 21, "col": 34, "global_row": 5778, "global_col": 11081, "lon": -87.654166666666669, "lat": 41.845833333333339 }, "geometry": { "type": "Polygon", "coordinates": [ [ [ -87.65, 41.841666666666669 ], [ -87.65, 41.85 ], [ -87.658333333333331, 41.85 ], [ -87.658333333333331, 41.841666666666669 ], [ -87.65, 41.841666666666669 ] ] ] } },
{ "type": "Feature", "properties": { "cell_id": "r21_c35", "row": 21, "col": 35, "global_row": 5778, "global_col": 11082, "lon": -87.645833333333343, "lat": 41.845833333333331 }, "geometry": { "type": "Polygon", "coordinates": [ [ [ -87.641666666666666, 41.841666666666669 ], [ -87.641666666666666, 41.85 ], [ -87.65, 41.85 ], [ -87.65, 41.841666666666669 ], [ -87.641666666666666, 41.841666666666669 ] ] ] } },
{ "type": "Feature", "properties": { "cell_id": "r21_c36", "row": 21, "col": 36, "global_row": 5778, "global_col": 11083, "lon": -87.6375, "lat": 41.845833333333339 }, "geometry": { "type": "Polygon", "coordinates": [ [ [ -87.633333333333326, 41.841666666666669 ], [ -87.633333333333326, 41.85 ], [ -87.641666666666666, 41.85 ], [ -87.641666666666666, 41.841666666666669 ], [ -87.633333333333326, 41.841666666666669 ] ] ] } },
{ "type": "Feature", "properties": { "cell_id": "r21_c37", "row": 21, "col": 37, "global_row": 5778, "global_col": 11084, "lon": -87.629166666666663, "lat": 41.845833333333331 }, "geometry": { "type": "Polygon", "coordinates": [ [ [ -87.625, 41.841666666666669 ], [ -87.625, 41.85 ], [ -87.633333333333326, 41.85 ], [ -87.633333333333326, 41.841666666666669 ], [ -87.625, 41.841666666666669 ] ] ] } },
{ "type": "Feature", "properties": { "cell_id": "r21_c38", "row": 21, "col": 38, "global_row": 5778, "global_col": 11085, "lon": -87.620833333333337, "lat": 41.845833333333339 }, "geometry": { "type": "Polygon", "coordinates": [ [ [ -87.61666666666666, 41.841666666666669 ], [ -87.61666666666666, 41.85 ], [ -87.625, 41.85 ], [ -87.625, 41.841666666666669 ], [ -87.61666666666666, 41.841666666666669 ] ] ] } },
{ "type": "Feature", "properties": { "cell_id": "r21_c39", "row": 21, "col": 39, "global_row": 5778, "global_col": 11086, "lon": -87.6125, "lat": 41.845833333333331 }, "geometry": { "type": "Polygon", "coordinates": [ [ [ -87.608333333333334, 41.841666666666669 ], [ -87.608333333333334, 41.85 ], [ -87.61666666666666, 41.85 ], [ -87.61666666666666, 41.841666666666669 ], [ -87.608333333333334, 41.841666666666669 ] ] ] } },
{ "type": "Feature", "properties": { "cell_id": "r22_c24", "row": 22, "col": 24, "global_row": 5779, "global_col": 11071, "lon": -87.7375, "lat": 41.8375 }, "geometry": { "type": "Polygon", "coordinates": [ [ [ -87.733333333333334, 41.833333333333329 ], [ -87.733333333333334, 41.841666666666669 ], [ -87.74166666666666, 41.841666666666669 ], [ -87.74166666666666, 41.833333333333329 ], [ -87.733333333333334, 41.833333333333329 ] ] ] } },
{ "type": "Feature", "properties": { "cell_id": "r22_c25", "row": 22, "col": 25, "global_row": 5779, "global_col": 11072, "lon": -87.729166666666671, "lat": 41.8375 }, "geometry": { "type": "Polygon", "coordinates": [ [ [ -87.725, 41.833333333333329 ], [ -87.725, 41.841666666666669 ], [ -87.733333333333334, 41.841666666666669 ], [ -87.733333333333334, 41.833333333333329 ], [ -87.725, 41.833333333333329 ] ] ] } },
{ "type": "Feature", "properties": { "cell_id": "r22_c26", "row": 22, "col": 26, "global_row": 5779, "global_col": 11073, "lon": -87.720833333333317, "lat": 41.8375 }, "geometry": { "type": "Polygon", "coordinates": [ [ [ -87.716666666666669, 41.833333333333329 ], [ -87.716666666666669, 41.841666666666669 ], [ -87.725, 41.841666666666669 ], [ -87.725, 41.833333333333329 ], [ -87.716666666666669, 41.833333333333329 ] ] ] } },
{ "type": "Feature", "properties": { "cell_id": "r22_c27", "row": 22, "col": 27, "global_row": 5779, "global_col": 11074, "lon": -87.7125, "lat": 41.8375 }, "geometry": { "type": "Polygon", "coordinates": [ [ [ -87.708333333333329, 41.833333333333329 ], [ -87.708333333333329, 41.841666666666669 ], [ -87.716666666666669, 41.841666666666669 ], [ -87.716666666666669, 41.833333333333329 ], [ -87.708333333333329, 41.833333333333329 ] ] ] } },
{ "type": "Feature", "properties": { "cell_id": "r22_c28", "row": 22, "col": 28, "global_row": 5779, "global_col": 11075, "lon": -87.70416666666668, "lat": 41.8375 }, "geometry": { "type": "Polygon", "coordinates": [ [ [ -87.7, 41.833333333333329 ], [ -87.7, 41.841666666666669 ], [ -87.708333333333329, 41.841666666666669 ], [ -87.708333333333329, 41.833333333333329 ], [ -87.7, 41.833333333333329 ] ] ] } },
{ "type": "Feature", "properties": { "cell_id": "r22_c29", "row": 22, "col": 29, "global_row": 5779, "global_col": 11076, "lon": -87.695833333333312, "lat": 41.8375 }, "geometry": { "type": "Polygon", "coordinates": [ [ [ -87.691666666666663, 41.833333333333329 ], [ -87.691666666666663, 41.841666666666669 ], [ -87.7, 41.841666666666669 ], [ -87.7, 41.833333333333329 ], [ -87.691666666666663, 41.833333333333329 ] ] ] } },
{ "type": "Feature", "properties": { "cell_id": "r22_c30", "row": 22, "col": 30, "global_row": 5779, "global_col": 11077, "lon": -87.6875, "lat": 41.8375 }, "geometry": { "type": "Polygon", "coordinates": [ [ [ -87.683333333333323, 41.833333333333329 ], [ -87.683333333333323, 41.841666666666669 ], [ -87.691666666666663, 41.841666666666669 ], [ -87.691666666666663, 41.833333333333329 ], [ -87.683333333333323, 41.833333333333329 ] ] ] } },
{ "type": "Feature", "properties": { "cell_id": "r22_c31", "row": 22, "col": 31, "global_row": 5779, "global_col": 11078, "lon": -87.679166666666646, "lat": 41.8375 }, "geometry": { "type": "Polygon", "coordinates": [ [ [ -87.675, 41.833333333333329 ], [ -87.675, 41.841666666666669 ], [ -87.683333333333323, 41.841666666666669 ], [ -87.683333333333323, 41.833333333333329 ], [ -87.675, 41.833333333333329 ] ] ] } },
{ "type": "Feature", "properties": { "cell_id": "r22_c32", "row": 22, "col": 32, "global_row": 5779, "global_col": 11079, "lon": -87.67083333333332, "lat": 41.8375 }, "geometry": { "type": "Polygon", "coordinates": [ [ [ -87.666666666666657, 41.833333333333329 ], [ -87.666666666666657, 41.841666666666669 ], [ -87.675, 41.841666666666669 ], [ -87.675, 41.833333333333329 ], [ -87.666666666666657, 41.833333333333329 ] ] ] } },
{ "type": "Feature", "properties": { "cell_id": "r22_c33", "row": 22, "col": 33, "global_row": 5779, "global_col": 11080, "lon": -87.6625, "lat": 41.8375 }, "geometry": { "type": "Polygon", "coordinates": [ [ [ -87.658333333333331, 41.833333333333329 ], [ -87.658333333333331, 41.841666666666669 ], [ -87.666666666666657, 41.841666666666669 ], [ -87.666666666666657, 41.833333333333329 ], [ -87.658333333333331, 41.833333333333329 ] ] ] } },
{ "type": "Feature", "properties": { "cell_id": "r22_c34", "row": 22, "col": 34, "global_row": 5779, "global_col": 11081, "lon": -87.654166666666669, "lat": 41.8375 }, "geometry": { "type": "Polygon", "coordinates": [ [ [ -87.65, 41.833333333333329 ], [ -87.65, 41.841666666666669 ], [ -87.658333333333331, 41.841666666666669 ], [ -87.658333333333331, 41.833333333333329 ], [ -87.65, 41.833333333333329 ] ] ] } },
{ "type": "Feature", "properties": { "cell_id": "r22_c35", "row": 22, "col": 35, "global_row": 5779, "global_col": 11082, "lon": -87.645833333333314, "lat": 41.8375 }, "geometry": { "type": "Polygon", "coordinates": [ [ [ -87.641666666666666, 41.833333333333329 ], [ -87.641666666666666, 41.841666666666669 ], [ -87.65, 41.841666666666669 ], [ -87.65, 41.833333333333329 ], [ -87.641666666666666, 41.833333333333329 ] ] ] } },
{ "type": "Feature", "properties": { "cell_id": "r22_c36", "row": 22, "col": 36, "global_row": 5779, "global_col": 11083, "lon": -87.6375, "lat": 41.8375 }, "geometry": { "type": "Polygon", "coordinates": [ [ [ -87.633333333333326, 41.833333333333329 ], [ -87.633333333333326, 41.841666666666669 ], [ -87.641666666666666, 41.841666666666669 ], [ -87.641666666666666, 41.833333333333329 ], [ -87.633333333333326, 41.833333333333329 ] ] ] } },
{ "type": "Feature", "properties": { "cell_id": "r22_c37", "row": 22, "col": 37, "global_row": 5779, "global_col": 11084, "lon": -87.629166666666663, "lat": 41.8375 }, "geometry": { "type": "Polygon", "coordinates": [ [ [ -87.625, 41.833333333333329 ], [ -87.625, 41.841666666666669 ], [ -87.633333333333326, 41.841666666666669 ], [ -87.633333333333326, 41.833333333333329 ], [ -87.625, 41.833333333333329 ] ] ] } },
{ "type": "Feature", "properties": { "cell_id": "r22_c38", "row": 22, "col": 38, "global_row": 5779, "global_col": 11085, "lon": -87.620833333333337, "lat": 41.8375 }, "geometry": { "type": "Polygon", "coordinates": [ [ [ -87.61666666666666, 41.833333333333329 ], [ -87.61666666666666, 41.841666666666669 ], [ -87.625, 41.841666666666669 ], [ -87.625, 41.833333333333329 ], [ -87.61666666666666, 41.833333333333329 ] ] ] } },
{ "type": "Feature", "properties": { "cell_id": "r22_c39", "row": 22, "col": 39, "global_row": 5779, "global_col": 11086, "lon": -87.6125, "lat": 41.8375 }, "geometry": { "type": "Polygon", "coordinates": [ [ [ -87.608333333333334, 41.833333333333329 ], [ -87.608333333333334, 41.841666666666669 ], [ -87.61666666666666, 41.841666666666669 ], [ -87.61666666666666, 41.833333333333329 ], [ -87.608333333333334, 41.833333333333329 ] ] ] } },
{ "type": "Feature", "properties": { "cell_id": "r23_c24", "row": 23, "col": 24, "global_row": 5780, "global_col": 11071, "lon": -87.7375, "lat": 41.829166666666666 }, "geometry": { "type": "Polygon", "coordinates": [ [ [ -87.733333333333334, 41.825 ], [ -87.733333333333334, 41.833333333333329 ], [ -87.74166666666666, 41.833333333333329 ], [ -87.74166666666666, 41.825 ], [ -87.733333333333334, 41.825 ] ] ] } },
{ "type": "Feature", "properties": { "cell_id": "r23_c25", "row": 23, "col": 25, "global_row": 5780, "global_col": 11072, "lon": -87.729166666666671, "lat": 41.829166666666659 }, "geometry": { "type": "Polygon", "coordinates": [ [ [ -87.725, 41.825 ], [ -87.725, 41.833333333333329 ], [ -87.733333333333334, 41.833333333333329 ], [ -87.733333333333334, 41.825 ], [ -87.725, 41.825 ] ] ] } },
{ "type": "Feature", "properties": { "cell_id": "r23_c26", "row": 23, "col": 26, "global_row": 5780, "global_col": 11073, "lon": -87.720833333333317, "lat": 41.829166666666666 }, "geometry": { "type": "Polygon", "coordinates": [ [ [ -87.716666666666669, 41.825 ], [ -87.716666666666669, 41.833333333333329 ], [ -87.725, 41.833333333333329 ], [ -87.725, 41.825 ], [ -87.716666666666669, 41.825 ] ] ] } },
{ "type": "Feature", "properties": { "cell_id": "r23_c27", "row": 23, "col": 27, "global_row": 5780, "global_col": 11074, "lon": -87.7125, "lat": 41.829166666666659 }, "geometry": { "type": "Polygon", "coordinates": [ [ [ -87.708333333333329, 41.825 ], [ -87.708333333333329, 41.833333333333329 ], [ -87.716666666666669, 41.833333333333329 ], [ -87.716666666666669, 41.825 ], [ -87.708333333333329, 41.825 ] ] ] } },
{ "type": "Feature", "properties": { "cell_id": "r23_c28", "row": 23, "col": 28, "global_row": 5780, "global_col": 11075, "lon": -87.704166666666666, "lat": 41.829166666666666 }, "geometry": { "type": "Polygon", "coordinates": [ [ [ -87.7, 41.825 ], [ -87.7, 41.833333333333329 ], [ -87.708333333333329, 41.833333333333329 ], [ -87.708333333333329, 41.825 ], [ -87.7, 41.825 ] ] ] } },
{ "type": "Feature", "properties": { "cell_id": "r23_c29", "row": 23, "col": 29, "global_row": 5780, "global_col": 11076, "lon": -87.695833333333326, "lat": 41.829166666666659 }, "geometry": { "type": "Polygon", "coordinates": [ [ [ -87.691666666666663, 41.825 ], [ -87.691666666666663, 41.833333333333329 ], [ -87.7, 41.833333333333329 ], [ -87.7, 41.825 ], [ -87.691666666666663, 41.825 ] ] ] } },
{ "type": "Feature", "properties": { "cell_id": "r23_c30", "row": 23, "col": 30, "global_row": 5780, "global_col": 11077, "lon": -87.6875, "lat": 41.829166666666659 }, "geometry": { "type": "Polygon", "coordinates": [ [ [ -87.683333333333323, 41.825 ], [ -87.683333333333323, 41.833333333333329 ], [ -87.691666666666663, 41.833333333333329 ], [ -87.691666666666663, 41.825 ], [ -87.683333333333323, 41.825 ] ] ] } },
{ "type": "Feature", "properties": { "cell_id": "r23_c31", "row": 23, "col": 31, "global_row": 5780, "global_col": 11078, "lon": -87.679166666666674, "lat": 41.829166666666666 }, "geometry": { "type": "Polygon", "coordinates": [ [ [ -87.675, 41.825 ], [ -87.675, 41.833333333333329 ], [ -87.683333333333323, 41.833333333333329 ], [ -87.683333333333323, 41.825 ], [ -87.675, 41.825 ] ] ] } },
{ "type": "Feature", "properties": { "cell_id": "r23_c32", "row": 23, "col": 32, "global_row": 5780, "global_col": 11079, "lon": -87.670833333333334, "lat": 41.829166666666659 }, "geometry": { "type": "Polygon", "coordinates": [ [ [ -87.666666666666657, 41.825 ], [ -87.666666666666657, 41.833333333333329 ], [ -87.675, 41.833333333333329 ], [ -87.675, 41.825 ], [ -87.666666666666657, 41.825 ] ] ] } },
{ "type": "Feature", "properties": { "cell_id": "r23_c33", "row": 23, "col": 33, "global_row": 5780, "global_col": 11080, "lon": -87.6625, "lat": 41.829166666666666 }, "geometry": { "type": "Polygon", "coordinates": [ [ [ -87.658333333333331, 41.825 ], [ -87.658333333333331, 41.833333333333329 ], [ -87.666666666666657, 41.833333333333329 ], [ -87.666666666666657, 41.825 ], [ -87.658333333333331, 41.825 ] ] ] } },
{ "type": "Feature", "properties": { "cell_id": "r23_c34", "row": 23, "col": 34, "global_row": 5780, "global_col": 11081, "lon": -87.654166666666669, "lat": 41.829166666666659 }, "geometry": { "type": "Polygon", "coordinates": [ [ [ -87.65, 41.825 ], [ -87.65, 41.833333333333329 ], [ -87.658333333333331, 41.833333333333329 ], [ -87.658333333333331, 41.825 ], [ -87.65, 41.825 ] ] ] } },
{ "type": "Feature", "properties": { "cell_id": "r23_c35", "row": 23, "col": 35, "global_row": 5780, "global_col": 11082, "lon": -87.645833333333343, "lat": 41.829166666666666 }, "geometry": { "type": "Polygon", "coordinates": [ [ [ -87.641666666666666, 41.825 ], [ -87.641666666666666, 41.833333333333329 ], [ -87.65, 41.833333333333329 ], [ -87.65, 41.825 ], [ -87.641666666666666, 41.825 ] ] ] } },
{ "type": "Feature", "properties": { "cell_id": "r23_c36", "row": 23, "col": 36, "global_row": 5780, "global_col": 11083, "lon": -87.6375, "lat": 41.829166666666659 }, "geometry": { "type": "Polygon", "coordinates": [ [ [ -87.633333333333326, 41.825 ], [ -87.633333333333326, 41.833333333333329 ], [ -87.641666666666666, 41.833333333333329 ], [ -87.641666666666666, 41.825 ], [ -87.633333333333326, 41.825 ] ] ] } },
{ "type": "Feature", "properties": { "cell_id": "r23_c37", "row": 23, "col": 37, "global_row": 5780, "global_col": 11084, "lon": -87.629166666666663, "lat": 41.829166666666666 }, "geometry": { "type": "Polygon", "coordinates": [ [ [ -87.625, 41.825 ], [ -87.625, 41.833333333333329 ], [ -87.633333333333326, 41.833333333333329 ], [ -87.633333333333326, 41.825 ], [ -87.625, 41.825 ] ] ] } },
{ "type": "Feature", "properties": { "cell_id": "r23_c38", "row": 23, "col": 38, "global_row": 5780, "global_col": 11085, "lon": -87.620833333333337, "lat": 41.829166666666659 }, "geometry": { "type": "Polygon", "coordinates": [ [ [ -87.61666666666666, 41.825 ], [ -87.61666666666666, 41.833333333333329 ], [ -87.625, 41.833333333333329 ], [ -87.625, 41.825 ], [ -87.61666666666666, 41.825 ] ] ] } },
{ "type": "Feature", "properties": { "cell_id": "r23_c39", "row": 23, "col": 39, "global_row": 5780, "global_col": 11086, "lon": -87.6125, "lat": 41.829166666666666 }, "geometry": { "type": "Polygon", "coordinates": [ [ [ -87.608333333333334, 41.825 ], [ -87.608333333333334, 41.833333333333329 ], [ -87.61666666666666, 41.833333333333329 ], [ -87.61666666666666, 41.825 ], [ -87.608333333333334, 41.825 ] ] ] } },
{ "type": "Feature", "properties": { "cell_id": "r23_c40", "row": 23, "col": 40, "global_row": 5780, "global_col": 11087, "lon": -87.604166666666686, "lat": 41.829166666666659 }, "geometry": { "type": "Polygon", "coordinates": [ [ [ -87.6, 41.825 ], [ -87.6, 41.833333333333329 ], [ -87.608333333333334, 41.833333333333329 ], [ -87.608333333333334, 41.825 ], [ -87.6, 41.825 ] ] ] } },
{ "type": "Feature", "properties": { "cell_id": "r24_c24", "row": 24, "col": 24, "global_row": 5781, "global_col": 11071, "lon": -87.7375, "lat": 41.820833333333326 }, "geometry": { "type": "Polygon", "coordinates": [ [ [ -87.733333333333334, 41.816666666666663 ], [ -87.733333333333334, 41.825 ], [ -87.74166666666666, 41.825 ], [ -87.74166666666666, 41.816666666666663 ], [ -87.733333333333334, 41.816666666666663 ] ] ] } },
{ "type": "Feature", "properties": { "cell_id": "r24_c25", "row": 24, "col": 25, "global_row": 5781, "global_col": 11072, "lon": -87.729166666666671, "lat": 41.820833333333326 }, "geometry": { "type": "Polygon", "coordinates": [ [ [ -87.725, 41.816666666666663 ], [ -87.725, 41.825 ], [ -87.733333333333334, 41.825 ], [ -87.733333333333334, 41.816666666666663 ], [ -87.725, 41.816666666666663 ] ] ] } },
{ "type": "Feature", "properties": { "cell_id": "r24_c26", "row": 24, "col": 26, "global_row": 5781, "global_col": 11073, "lon": -87.720833333333317, "lat": 41.820833333333326 }, "geometry": { "type": "Polygon", "coordinates": [ [ [ -87.716666666666669, 41.816666666666663 ], [ -87.716666666666669, 41.825 ], [ -87.725, 41.825 ], [ -87.725, 41.816666666666663 ], [ -87.716666666666669, 41.816666666666663 ] ] ] } },
{ "type": "Feature", "properties": { "cell_id": "r24_c27", "row": 24, "col": 27, "global_row": 5781, "global_col": 11074, "lon": -87.7125, "lat": 41.820833333333326 }, "geometry": { "type": "Polygon", "coordinates": [ [ [ -87.708333333333329, 41.816666666666663 ], [ -87.708333333333329, 41.825 ], [ -87.716666666666669, 41.825 ], [ -87.716666666666669, 41.816666666666663 ], [ -87.708333333333329, 41.816666666666663 ] ] ] } },
{ "type": "Feature", "properties": { "cell_id": "r24_c28", "row": 24, "col": 28, "global_row": 5781, "global_col": 11075, "lon": -87.704166666666666, "lat": 41.820833333333326 }, "geometry": { "type": "Polygon", "coordinates": [ [ [ -87.7, 41.816666666666663 ], [ -87.7, 41.825 ], [ -87.708333333333329, 41.825 ], [ -87.708333333333329, 41.816666666666663 ], [ -87.7, 41.816666666666663 ] ] ] } },
{ "type": "Feature", "properties": { "cell_id": "r24_c29", "row": 24, "col": 29, "global_row": 5781, "global_col": 11076, "lon": -87.695833333333326, "lat": 41.820833333333326 }, "geometry": { "type": "Polygon", "coordinates": [ [ [ -87.691666666666663, 41.816666666666663 ], [ -87.691666666666663, 41.825 ], [ -87.7, 41.825 ], [ -87.7, 41.816666666666663 ], [ -87.691666666666663, 41.816666666666663 ] ] ] } },
{ "type": "Feature", "properties": { "cell_id": "r24_c30", "row": 24, "col": 30, "global_row": 5781, "global_col": 11077, "lon": -87.6875, "lat": 41.820833333333326 }, "geometry": { "type": "Polygon", "coordinates": [ [ [ -87.683333333333323, 41.816666666666663 ], [ -87.683333333333323, 41.825 ], [ -87.691666666666663, 41.825 ], [ -87.691666666666663, 41.816666666666663 ], [ -87.683333333333323, 41.816666666666663 ] ] ] } },
{ "type": "Feature", "properties": { "cell_id": "r24_c31", "row": 24, "col": 31, "global_row": 5781, "global_col": 11078, "lon": -87.679166666666674, "lat": 41.820833333333326 }, "geometry": { "type": "Polygon", "coordinates": [ [ [ -87.675, 41.816666666666663 ], [ -87.675, 41.825 ], [ -87.683333333333323, 41.825 ], [ -87.683333333333323, 41.816666666666663 ], [ -87.675, 41.816666666666663 ] ] ] } },
{ "type": "Feature", "properties": { "cell_id": "r24_c32", "row": 24, "col": 32, "global_row": 5781, "global_col": 11079, "lon": -87.670833333333334, "lat": 41.820833333333326 }, "geometry": { "type": "Polygon", "coordinates": [ [ [ -87.666666666666657, 41.816666666666663 ], [ -87.666666666666657, 41.825 ], [ -87.675, 41.825 ], [ -87.675, 41.816666666666663 ], [ -87.666666666666657, 41.816666666666663 ] ] ] } },
{ "type": "Feature", "properties": { "cell_id": "r24_c33", "row": 24, "col": 33, "global_row": 5781, "global_col": 11080, "lon": -87.6625, "lat": 41.820833333333326 }, "geometry": { "type": "Polygon", "coordinates": [ [ [ -87.658333333333331, 41.816666666666663 ], [ -87.658333333333331, 41.825 ], [ -87.666666666666657, 41.825 ], [ -87.666666666666657, 41.816666666666663 ], [ -87.658333333333331, 41.816666666666663 ] ] ] } },
{ "type": "Feature", "properties": { "cell_id": "r24_c34", "row": 24, "col": 34, "global_row": 5781, "global_col": 11081, "lon": -87.654166666666669, "lat": 41.820833333333326 }, "geometry": { "type": "Polygon", "coordinates": [ [ [ -87.65, 41.816666666666663 ], [ -87.65, 41.825 ], [ -87.658333333333331, 41.825 ], [ -87.658333333333331, 41.816666666666663 ], [ -87.65, 41.816666666666663 ] ] ] } },
{ "type": "Feature", "properties": { "cell_id": "r24_c35", "row": 24, "col": 35, "global_row": 5781, "global_col": 11082, "lon": -87.645833333333343, "lat": 41.820833333333326 }, "geometry": { "type": "Polygon", "coordinates": [ [ [ -87.641666666666666, 41.816666666666663 ], [ -87.641666666666666, 41.825 ], [ -87.65, 41.825 ], [ -87.65, 41.816666666666663 ], [ -87.641666666666666, 41.816666666666663 ] ] ] } },
{ "type": "Feature", "properties": { "cell_id": "r24_c36", "row": 24, "col": 36, "global_row": 5781, "global_col": 11083, "lon": -87.6375, "lat": 41.820833333333326 }, "geometry": { "type": "Polygon", "coordinates": [ [ [ -87.633333333333326, 41.816666666666663 ], [ -87.633333333333326, 41.825 ], [ -87.641666666666666, 41.825 ], [ -87.641666666666666, 41.816666666666663 ], [ -87.633333333333326, 41.816666666666663 ] ] ] } },
{ "type": "Feature", "properties": { "cell_id": "r24_c37", "row": 24, "col": 37, "global_row": 5781, "global_col": 11084, "lon": -87.629166666666663, "lat": 41.820833333333326 }, "geometry": { "type": "Polygon", "coordinates": [ [ [ -87.625, 41.816666666666663 ], [ -87.625, 41.825 ], [ -87.633333333333326, 41.825 ], [ -87.633333333333326, 41.816666666666663 ], [ -87.625, 41.816666666666663 ] ] ] } },
{ "type": "Feature", "properties": { "cell_id": "r24_c38", "row": 24, "col": 38, "global_row": 5781, "global_col": 11085, "lon": -87.620833333333337, "lat": 41.820833333333326 }, "geometry": { "type": "Polygon", "coordinates": [ [ [ -87.61666666666666, 41.816666666666663 ], [ -87.61666666666666, 41.825 ], [ -87.625, 41.825 ], [ -87.625, 41.816666666666663 ], [ -87.61666666666666, 41.816666666666663 ] ] ] } },
{ "type": "Feature", "properties": { "cell_id": "r24_c39", "row": 24, "col": 39, "global_row": 5781, "global_col": 11086, "lon": -87.6125, "lat": 41.820833333333326 }, "geometry": { "type": "Polygon", "coordinates": [ [ [ -87.608333333333334, 41.816666666666663 ], [ -87.608333333333334, 41.825 ], [ -87.61666666666666, 41.825 ], [ -87.61666666666666, 41.816666666666663 ], [ -87.608333333333334, 41.816666666666663 ] ] ] } },
{ "type": "Feature", "properties": { "cell_id": "r24_c40", "row": 24, "col": 40, "global_row": 5781, "global_col": 11087, "lon": -87.604166666666686, "lat": 41.820833333333326 }, "geometry": { "type": "Polygon", "coordinates": [ [ [ -87.6, 41.816666666666663 ], [ -87.6, 41.825 ], [ -87.608333333333334, 41.825 ], [ -87.608333333333334, 41.816666666666663 ], [ -87.6, 41.816666666666663 ] ] ] } },
{ "type": "Feature", "properties": { "cell_id": "r25_c23", "row": 25, "col": 23, "global_row": 5782, "global_col": 11070, "lon": -87.745833333333337, "lat": 41.8125 }, "geometry": { "type": "Polygon", "coordinates": [ [ [ -87.74166666666666, 41.80833333333333 ], [ -87.74166666666666, 41.816666666666663 ], [ -87.75, 41.816666666666663 ], [ -87.75, 41.80833333333333 ], [ -87.74166666666666, 41.80833333333333 ] ] ] } },
{ "type": "Feature", "properties": { "cell_id": "r25_c24", "row": 25, "col": 24, "global_row": 5782, "global_col": 11071, "lon": -87.7375, "lat": 41.8125 }, "geometry": { "type": "Polygon", "coordinates": [ [ [ -87.733333333333334, 41.80833333333333 ], [ -87.733333333333334, 41.816666666666663 ], [ -87.74166666666666, 41.816666666666663 ], [ -87.74166666666666, 41.80833333333333 ], [ -87.733333333333334, 41.80833333333333 ] ] ] } },
{ "type": "Feature", "properties": { "cell_id": "r25_c25", "row": 25, "col": 25, "global_row": 5782, "global_col": 11072, "lon": -87.729166666666671, "lat": 41.8125 }, "geometry": { "type": "Polygon", "coordinates": [ [ [ -87.725, 41.80833333333333 ], [ -87.725, 41.816666666666663 ], [ -87.733333333333334, 41.816666666666663 ], [ -87.733333333333334, 41.80833333333333 ], [ -87.725, 41.80833333333333 ] ] ] } },
{ "type": "Feature", "properties": { "cell_id": "r25_c26", "row": 25, "col": 26, "global_row": 5782, "global_col": 11073, "lon": -87.720833333333317, "lat": 41.8125 }, "geometry": { "type": "Polygon", "coordinates": [ [ [ -87.716666666666669, 41.80833333333333 ], [ -87.716666666666669, 41.816666666666663 ], [ -87.725, 41.816666666666663 ], [ -87.725, 41.80833333333333 ], [ -87.716666666666669, 41.80833333333333 ] ] ] } },
{ "type": "Feature", "properties": { "cell_id": "r25_c27", "row": 25, "col": 27, "global_row": 5782, "global_col": 11074, "lon": -87.7125, "lat": 41.8125 }, "geometry": { "type": "Polygon", "coordinates": [ [ [ -87.708333333333329, 41.80833333333333 ], [ -87.708333333333329, 41.816666666666663 ], [ -87.716666666666669, 41.816666666666663 ], [ -87.716666666666669, 41.80833333333333 ], [ -87.708333333333329, 41.80833333333333 ] ] ] } },
{ "type": "Feature", "properties": { "cell_id": "r25_c28", "row": 25, "col": 28, "global_row": 5782, "global_col": 11075, "lon": -87.704166666666666, "lat": 41.8125 }, "geometry": { "type": "Polygon", "coordinates": [ [ [ -87.7, 41.80833333333333 ], [ -87.7, 41.816666666666663 ], [ -87.708333333333329, 41.816666666666663 ], [ -87.708333333333329, 41.80833333333333 ], [ -87.7, 41.80833333333333 ] ] ] } },
{ "type": "Feature", "properties": { "cell_id": "r25_c29", "row": 25, "col": 29, "global_row": 5782, "global_col": 11076, "lon": -87.695833333333326, "lat": 41.8125 }, "geometry": { "type": "Polygon", "coordinates": [ [ [ -87.691666666666663, 41.80833333333333 ], [ -87.691666666666663, 41.816666666666663 ], [ -87.7, 41.816666666666663 ], [ -87.7, 41.80833333333333 ], [ -87.691666666666663, 41.80833333333333 ] ] ] } },
{ "type": "Feature", "properties": { "cell_id": "r25_c30", "row": 25, "col": 30, "global_row": 5782, "global_col": 11077, "lon": -87.6875, "lat": 41.8125 }, "geometry": { "type": "Polygon", "coordinates": [ [ [ -87.683333333333323, 41.80833333333333 ], [ -87.683333333333323, 41.816666666666663 ], [ -87.691666666666663, 41.816666666666663 ], [ -87.691666666666663, 41.80833333333333 ], [ -87.683333333333323, 41.80833333333333 ] ] ] } },
{ "type": "Feature", "properties": { "cell_id": "r25_c31", "row": 25, "col": 31, "global_row": 5782, "global_col": 11078, "lon": -87.679166666666674, "lat": 41.8125 }, "geometry": { "type": "Polygon", "coordinates": [ [ [ -87.675, 41.80833333333333 ], [ -87.675, 41.816666666666663 ], [ -87.683333333333323, 41.816666666666663 ], [ -87.683333333333323, 41.80833333333333 ], [ -87.675, 41.80833333333333 ] ] ] } },
{ "type": "Feature", "properties": { "cell_id": "r25_c32", "row": 25, "col": 32, "global_row": 5782, "global_col": 11079, "lon": -87.670833333333334, "lat": 41.8125 }, "geometry": { "type": "Polygon", "coordinates": [ [ [ -87.666666666666657, 41.80833333333333 ], [ -87.666666666666657, 41.816666666666663 ], [ -87.675, 41.816666666666663 ], [ -87.675, 41.80833333333333 ], [ -87.666666666666657, 41.80833333333333 ] ] ] } },
{ "type": "Feature", "properties": { "cell_id": "r25_c33", "row": 25, "col": 33, "global_row": 5782, "global_col": 11080, "lon": -87.6625, "lat": 41.8125 }, "geometry": { "type": "Polygon", "coordinates": [ [ [ -87.658333333333331, 41.80833333333333 ], [ -87.658333333333331, 41.816666666666663 ], [ -87.666666666666657, 41.816666666666663 ], [ -87.666666666666657, 41.80833333333333 ], [ -87.658333333333331, 41.80833333333333 ] ] ] } },
{ "type": "Feature", "properties": { "cell_id": "r25_c34", "row": 25, "col": 34, "global_row": 5782, "global_col": 11081, "lon": -87.654166666666669, "lat": 41.8125 }, "geometry": { "type": "Polygon", "coordinates": [ [ [ -87.65, 41.80833333333333 ], [ -87.65, 41.816666666666663 ], [ -87.658333333333331, 41.816666666666663 ], [ -87.658333333333331, 41.80833333333333 ], [ -87.65, 41.80833333333333 ] ] ] } },
{ "type": "Feature", "properties": { "cell_id": "r25_c35", "row": 25, "col": 35, "global_row": 5782, "global_col": 11082, "lon": -87.645833333333343, "lat": 41.8125 }, "geometry": { "type": "Polygon", "coordinates": [ [ [ -87.641666666666666, 41.80833333333333 ], [ -87.641666666666666, 41.816666666666663 ], [ -87.65, 41.816666666666663 ], [ -87.65, 41.80833333333333 ], [ -87.641666666666666, 41.80833333333333 ] ] ] } },
{ "type": "Feature", "properties": { "cell_id": "r25_c36", "row": 25, "col": 36, "global_row": 5782, "global_col": 11083, "lon": -87.6375, "lat": 41.8125 }, "geometry": { "type": "Polygon", "coordinates": [ [ [ -87.633333333333326, 41.80833333333333 ], [ -87.633333333333326, 41.816666666666663 ], [ -87.641666666666666, 41.816666666666663 ], [ -87.641666666666666, 41.80833333333333 ], [ -87.633333333333326, 41.80833333333333 ] ] ] } },
{ "type": "Feature", "properties": { "cell_id": "r25_c37", "row": 25, "col": 37, "global_row": 5782, "global_col": 11084, "lon": -87.629166666666663, "lat": 41.8125 }, "geometry": { "type": "Polygon", "coordinates": [ [ [ -87.625, 41.80833333333333 ], [ -87.625, 41.816666666666663 ], [ -87.633333333333326, 41.816666666666663 ], [ -87.633333333333326, 41.80833333333333 ], [ -87.625, 41.80833333333333 ] ] ] } },
{ "type": "Feature", "properties": { "cell_id": "r25_c38", "row": 25, "col": 38, "global_row": 5782, "global_col": 11085, "lon": -87.620833333333337, "lat": 41.8125 }, "geometry": { "type": "Polygon", "coordinates": [ [ [ -87.61666666666666, 41.80833333333333 ], [ -87.61666666666666, 41.816666666666663 ], [ -87.625, 41.816666666666663 ], [ -87.625, 41.80833333333333 ], [ -87.61666666666666, 41.80833333333333 ] ] ] } },
{ "type": "Feature", "properties": { "cell_id": "r25_c39", "row": 25, "col": 39, "global_row": 5782, "global_col": 11086, "lon": -87.6125, "lat": 41.8125 }, "geometry": { "type": "Polygon", "coordinates": [ [ [ -87.608333333333334, 41.80833333333333 ], [ -87.608333333333334, 41.816666666666663 ], [ -87.61666666666666, 41.816666666666663 ], [ -87.61666666666666, 41.80833333333333 ], [ -87.608333333333334, 41.80833333333333 ] ] ] } },
{ "type": "Feature", "properties": { "cell_id": "r25_c40", "row": 25, "col": 40, "global_row": 5782, "global_col": 11087, "lon": -87.604166666666686, "lat": 41.8125 }, "geometry": { "type": "Polygon", "coordinates": [ [ [ -87.6, 41.80833333333333 ], [ -87.6, 41.816666666666663 ], [ -87.608333333333334, 41.816666666666663 ], [ -87.608333333333334, 41.80833333333333 ], [ -87.6, 41.80833333333333 ] ] ] } },
{ "type": "Feature", "properties": { "cell_id": "r25_c41", "row": 25, "col": 41, "global_row": 5782, "global_col": 11088, "lon": -87.595833333333317, "lat": 41.8125 }, "geometry": { "type": "Polygon", "coordinates": [ [ [ -87.591666666666669, 41.80833333333333 ], [ -87.591666666666669, 41.816666666666663 ], [ -87.6, 41.816666666666663 ], [ -87.6, 41.80833333333333 ], [ -87.591666666666669, 41.80833333333333 ] ] ] } },
{ "type": "Feature", "properties": { "cell_id": "r26_c23", "row": 26, "col": 23, "global_row": 5783, "global_col": 11070, "lon": -87.745833333333337, "lat": 41.804166666666667 }, "geometry": { "type": "Polygon", "coordinates": [ [ [ -87.74166666666666, 41.8 ], [ -87.74166666666666, 41.80833333333333 ], [ -87.75, 41.80833333333333 ], [ -87.75, 41.8 ], [ -87.74166666666666, 41.8 ] ] ] } },
{ "type": "Feature", "properties": { "cell_id": "r26_c24", "row": 26, "col": 24, "global_row": 5783, "global_col": 11071, "lon": -87.7375, "lat": 41.80416666666666 }, "geometry": { "type": "Polygon", "coordinates": [ [ [ -87.733333333333334, 41.8 ], [ -87.733333333333334, 41.80833333333333 ], [ -87.74166666666666, 41.80833333333333 ], [ -87.74166666666666, 41.8 ], [ -87.733333333333334, 41.8 ] ] ] } },
{ "type": "Feature", "properties": { "cell_id": "r26_c25", "row": 26, "col": 25, "global_row": 5783, "global_col": 11072, "lon": -87.729166666666671, "lat": 41.804166666666667 }, "geometry": { "type": "Polygon", "coordinates": [ [ [ -87.725, 41.8 ], [ -87.725, 41.80833333333333 ], [ -87.733333333333334, 41.80833333333333 ], [ -87.733333333333334, 41.8 ], [ -87.725, 41.8 ] ] ] } },
{ "type": "Feature", "properties": { "cell_id": "r26_c26", "row": 26, "col": 26, "global_row": 5783, "global_col": 11073, "lon": -87.720833333333317, "lat": 41.80416666666666 }, "geometry": { "type": "Polygon", "coordinates": [ [ [ -87.716666666666669, 41.8 ], [ -87.716666666666669, 41.80833333333333 ], [ -87.725, 41.80833333333333 ], [ -87.725, 41.8 ], [ -87.716666666666669, 41.8 ] ] ] } },
{ "type": "Feature", "properties": { "cell_id": "r26_c27", "row": 26, "col": 27, "global_row": 5783, "global_col": 11074, "lon": -87.7125, "lat": 41.804166666666667 }, "geometry": { "type": "Polygon", "coordinates": [ [ [ -87.708333333333329, 41.8 ], [ -87.708333333333329, 41.80833333333333 ], [ -87.716666666666669, 41.80833333333333 ], [ -87.716666666666669, 41.8 ], [ -87.708333333333329, 41.8 ] ] ] } },
{ "type": "Feature", "properties": { "cell_id": "r26_c28", "row": 26, "col": 28, "global_row": 5783, "global_col": 11075, "lon": -87.704166666666666, "lat": 41.80416666666666 }, "geometry": { "type": "Polygon", "coordinates": [ [ [ -87.7, 41.8 ], [ -87.7, 41.80833333333333 ], [ -87.708333333333329, 41.80833333333333 ], [ -87.708333333333329, 41.8 ], [ -87.7, 41.8 ] ] ] } },
{ "type": "Feature", "properties": { "cell_id": "r26_c29", "row": 26, "col": 29, "global_row": 5783, "global_col": 11076, "lon": -87.695833333333326, "lat": 41.804166666666667 }, "geometry": { "type": "Polygon", "coordinates": [ [ [ -87.691666666666663, 41.8 ], [ -87.691666666666663, 41.80833333333333 ], [ -87.7, 41.80833333333333 ], [ -87.7, 41.8 ], [ -87.691666666666663, 41.8 ] ] ] } },
{ "type": "Feature", "properties": { "cell_id": "r26_c30", "row": 26, "col": 30, "global_row": 5783, "global_col": 11077, "lon": -87.6875, "lat": 41.804166666666667 }, "geometry": { "type": "Polygon", "coordinates": [ [ [ -87.683333333333323, 41.8 ], [ -87.683333333333323, 41.80833333333333 ], [ -87.691666666666663, 41.80833333333333 ], [ -87.691666666666663, 41.8 ], [ -87.683333333333323, 41.8 ] ] ] } },
{ "type": "Feature", "properties": { "cell_id": "r26_c31", "row": 26, "col": 31, "global_row": 5783, "global_col": 11078, "lon": -87.679166666666674, "lat": 41.80416666666666 }, "geometry": { "type": "Polygon", "coordinates": [ [ [ -87.675, 41.8 ], [ -87.675, 41.80833333333333 ], [ -87.683333333333323, 41.80833333333333 ], [ -87.683333333333323, 41.8 ], [ -87.675, 41.8 ] ] ] } },
{ "type": "Feature", "properties": { "cell_id": "r26_c32", "row": 26, "col": 32, "global_row": 5783, "global_col": 11079, "lon": -87.670833333333334, "lat": 41.804166666666667 }, "geometry": { "type": "Polygon", "coordinates": [ [ [ -87.666666666666657, 41.8 ], [ -87.666666666666657, 41.80833333333333 ], [ -87.675, 41.80833333333333 ], [ -87.675, 41.8 ], [ -87.666666666666657, 41.8 ] ] ] } },
{ "type": "Feature", "properties": { "cell_id": "r26_c33", "row": 26, "col": 33, "global_row": 5783, "global_col": 11080, "lon": -87.6625, "lat": 41.80416666666666 }, "geometry": { "type": "Polygon", "coordinates": [ [ [ -87.658333333333331, 41.8 ], [ -87.658333333333331, 41.80833333333333 ], [ -87.666666666666657, 41.80833333333333 ], [ -87.666666666666657, 41.8 ], [ -87.658333333333331, 41.8 ] ] ] } },
{ "type": "Feature", "properties": { "cell_id": "r26_c34", "row": 26, "col": 34, "global_row": 5783, "global_col": 11081, "lon": -87.654166666666669, "lat": 41.804166666666667 }, "geometry": { "type": "Polygon", "coordinates": [ [ [ -87.65, 41.8 ], [ -87.65, 41.80833333333333 ], [ -87.658333333333331, 41.80833333333333 ], [ -87.658333333333331, 41.8 ], [ -87.65, 41.8 ] ] ] } },
{ "type": "Feature", "properties": { "cell_id": "r26_c35", "row": 26, "col": 35, "global_row": 5783, "global_col": 11082, "lon": -87.645833333333343, "lat": 41.80416666666666 }, "geometry": { "type": "Polygon", "coordinates": [ [ [ -87.641666666666666, 41.8 ], [ -87.641666666666666, 41.80833333333333 ], [ -87.65, 41.80833333333333 ], [ -87.65, 41.8 ], [ -87.641666666666666, 41.8 ] ] ] } },
{ "type": "Feature", "properties": { "cell_id": "r26_c36", "row": 26, "col": 36, "global_row": 5783, "global_col": 11083, "lon": -87.6375, "lat": 41.804166666666667 }, "geometry": { "type": "Polygon", "coordinates": [ [ [ -87.633333333333326, 41.8 ], [ -87.633333333333326, 41.80833333333333 ], [ -87.641666666666666, 41.80833333333333 ], [ -87.641666666666666, 41.8 ], [ -87.633333333333326, 41.8 ] ] ] } },
{ "type": "Feature", "properties": { "cell_id": "r26_c37", "row": 26, "col": 37, "global_row": 5783, "global_col": 11084, "lon": -87.629166666666663, "lat": 41.80416666666666 }, "geometry": { "type": "Polygon", "coordinates": [ [ [ -87.625, 41.8 ], [ -87.625, 41.80833333333333 ], [ -87.633333333333326, 41.80833333333333 ], [ -87.633333333333326, 41.8 ], [ -87.625, 41.8 ] ] ] } },
{ "type": "Feature", "properties": { "cell_id": "r26_c38", "row": 26, "col": 38, "global_row": 5783, "global_col": 11085, "lon": -87.620833333333337, "lat": 41.804166666666667 }, "geometry": { "type": "Polygon", "coordinates": [ [ [ -87.61666666666666, 41.8 ], [ -87.61666666666666, 41.80833333333333 ], [ -87.625, 41.80833333333333 ], [ -87.625, 41.8 ], [ -87.61666666666666, 41.8 ] ] ] } },
{ "type": "Feature", "properties": { "cell_id": "r26_c39", "row": 26, "col": 39, "global_row": 5783, "global_col": 11086, "lon": -87.6125, "lat": 41.80416666666666 }, "geometry": { "type": "Polygon", "coordinates": [ [ [ -87.608333333333334, 41.8 ], [ -87.608333333333334, 41.80833333333333 ], [ -87.61666666666666, 41.80833333333333 ], [ -87.61666666666666, 41.8 ], [ -87.608333333333334, 41.8 ] ] ] } },
{ "type": "Feature", "properties": { "cell_id": "r26_c40", "row": 26, "col": 40, "global_row": 5783, "global_col": 11087, "lon": -87.604166666666686, "lat": 41.804166666666667 }, "geometry": { "type": "Polygon", "coordinates": [ [ [ -87.6, 41.8 ], [ -87.6, 41.80833333333333 ], [ -87.608333333333334, 41.80833333333333 ], [ -87.608333333333334, 41.8 ], [ -87.6, 41.8 ] ] ] } },
{ "type": "Feature", "properties": { "cell_id": "r26_c41", "row": 26, "col": 41, "global_row": 5783, "global_col": 11088, "lon": -87.595833333333317, "lat": 41.80416666666666 }, "geometry": { "type": "Polygon", "coordinates": [ [ [ -87.591666666666669, 41.8 ], [ -87.591666666666669, 41.80833333333333 ], [ -87.6, 41.80833333333333 ], [ -87.6, 41.8 ], [ -87.591666666666669, 41.8 ] ] ] } },
{ "type": "Feature", "properties": { "cell_id": "r26_c42", "row": 26, "col": 42, "global_row": 5783, "global_col": 11089, "lon": -87.5875, "lat": 41.804166666666667 }, "geometry": { "type": "Polygon", "coordinates": [ [ [ -87.583333333333329, 41.8 ], [ -87.583333333333329, 41.80833333333333 ], [ -87.591666666666669, 41.80833333333333 ], [ -87.591666666666669, 41.8 ], [ -87.583333333333329, 41.8 ] ] ] } },
{ "type": "Feature", "properties": { "cell_id": "r27_c17", "row": 27, "col": 17, "global_row": 5784, "global_col": 11064, "lon": -87.79583333333332, "lat": 41.795833333333334 }, "geometry": { "type": "Polygon", "coordinates": [ [ [ -87.791666666666657, 41.791666666666664 ], [ -87.791666666666657, 41.8 ], [ -87.8, 41.8 ], [ -87.8, 41.791666666666664 ], [ -87.791666666666657, 41.791666666666664 ] ] ] } },
{ "type": "Feature", "properties": { "cell_id": "r27_c18", "row": 27, "col": 18, "global_row": 5784, "global_col": 11065, "lon": -87.7875, "lat": 41.795833333333334 }, "geometry": { "type": "Polygon", "coordinates": [ [ [ -87.783333333333331, 41.791666666666664 ], [ -87.783333333333331, 41.8 ], [ -87.791666666666657, 41.8 ], [ -87.791666666666657, 41.791666666666664 ], [ -87.783333333333331, 41.791666666666664 ] ] ] } },
{ "type": "Feature", "properties": { "cell_id": "r27_c19", "row": 27, "col": 19, "global_row": 5784, "global_col": 11066, "lon": -87.779166666666654, "lat": 41.795833333333334 }, "geometry": { "type": "Polygon", "coordinates": [ [ [ -87.775, 41.791666666666664 ], [ -87.775, 41.8 ], [ -87.783333333333331, 41.8 ], [ -87.783333333333331, 41.791666666666664 ], [ -87.775, 41.791666666666664 ] ] ] } },
{ "type": "Feature", "properties": { "cell_id": "r27_c20", "row": 27, "col": 20, "global_row": 5784, "global_col": 11067, "lon": -87.770833333333329, "lat": 41.795833333333334 }, "geometry": { "type": "Polygon", "coordinates": [ [ [ -87.766666666666666, 41.791666666666664 ], [ -87.766666666666666, 41.8 ], [ -87.775, 41.8 ], [ -87.775, 41.791666666666664 ], [ -87.766666666666666, 41.791666666666664 ] ] ] } },
{ "type": "Feature", "properties": { "cell_id": "r27_c21", "row": 27, "col": 21, "global_row": 5784, "global_col": 11068, "lon": -87.7625, "lat": 41.795833333333334 }, "geometry": { "type": "Polygon", "coordinates": [ [ [ -87.758333333333326, 41.791666666666664 ], [ -87.758333333333326, 41.8 ], [ -87.766666666666666, 41.8 ], [ -87.766666666666666, 41.791666666666664 ], [ -87.758333333333326, 41.791666666666664 ] ] ] } },
{ "type": "Feature", "properties": { "cell_id": "r27_c22", "row": 27, "col": 22, "global_row": 5784, "global_col": 11069, "lon": -87.754166666666663, "lat": 41.795833333333334 }, "geometry": { "type": "Polygon", "coordinates": [ [ [ -87.75, 41.791666666666664 ], [ -87.75, 41.8 ], [ -87.758333333333326, 41.8 ], [ -87.758333333333326, 41.791666666666664 ], [ -87.75, 41.791666666666664 ] ] ] } },
{ "type": "Feature", "properties": { "cell_id": "r27_c23", "row": 27, "col": 23, "global_row": 5784, "global_col": 11070, "lon": -87.745833333333337, "lat": 41.795833333333334 }, "geometry": { "type": "Polygon", "coordinates": [ [ [ -87.74166666666666, 41.791666666666664 ], [ -87.74166666666666, 41.8 ], [ -87.75, 41.8 ], [ -87.75, 41.791666666666664 ], [ -87.74166666666666, 41.791666666666664 ] ] ] } },
{ "type": "Feature", "properties": { "cell_id": "r27_c24", "row": 27, "col": 24, "global_row": 5784, "global_col": 11071, "lon": -87.7375, "lat": 41.795833333333334 }, "geometry": { "type": "Polygon", "coordinates": [ [ [ -87.733333333333334, 41.791666666666664 ], [ -87.733333333333334, 41.8 ], [ -87.74166666666666, 41.8 ], [ -87.74166666666666, 41.791666666666664 ], [ -87.733333333333334, 41.791666666666664 ] ] ] } },
{ "type": "Feature", "properties": { "cell_id": "r27_c25", "row": 27, "col": 25, "global_row": 5784, "global_col": 11072, "lon": -87.729166666666671, "lat": 41.795833333333334 }, "geometry": { "type": "Polygon", "coordinates": [ [ [ -87.725, 41.791666666666664 ], [ -87.725, 41.8 ], [ -87.733333333333334, 41.8 ], [ -87.733333333333334, 41.791666666666664 ], [ -87.725, 41.791666666666664 ] ] ] } },
{ "type": "Feature", "properties": { "cell_id": "r27_c26", "row": 27, "col": 26, "global_row": 5784, "global_col": 11073, "lon": -87.720833333333317, "lat": 41.795833333333334 }, "geometry": { "type": "Polygon", "coordinates": [ [ [ -87.716666666666669, 41.791666666666664 ], [ -87.716666666666669, 41.8 ], [ -87.725, 41.8 ], [ -87.725, 41.791666666666664 ], [ -87.716666666666669, 41.791666666666664 ] ] ] } },
{ "type": "Feature", "properties": { "cell_id": "r27_c27", "row": 27, "col": 27, "global_row": 5784, "global_col": 11074, "lon": -87.7125, "lat": 41.795833333333334 }, "geometry": { "type": "Polygon", "coordinates": [ [ [ -87.708333333333329, 41.791666666666664 ], [ -87.708333333333329, 41.8 ], [ -87.716666666666669, 41.8 ], [ -87.716666666666669, 41.791666666666664 ], [ -87.708333333333329, 41.791666666666664 ] ] ] } },
{ "type": "Feature", "properties": { "cell_id": "r27_c28", "row": 27, "col": 28, "global_row": 5784, "global_col": 11075, "lon": -87.704166666666666, "lat": 41.795833333333334 }, "geometry": { "type": "Polygon", "coordinates": [ [ [ -87.7, 41.791666666666664 ], [ -87.7, 41.8 ], [ -87.708333333333329, 41.8 ], [ -87.708333333333329, 41.791666666666664 ], [ -87.7, 41.791666666666664 ] ] ] } },
{ "type": "Feature", "properties": { "cell_id": "r27_c29", "row": 27, "col": 29, "global_row": 5784, "global_col": 11076, "lon": -87.695833333333326, "lat": 41.795833333333334 }, "geometry": { "type": "Polygon", "coordinates": [ [ [ -87.691666666666663, 41.791666666666664 ], [ -87.691666666666663, 41.8 ], [ -87.7, 41.8 ], [ -87.7, 41.791666666666664 ], [ -87.691666666666663, 41.791666666666664 ] ] ] } },
{ "type": "Feature", "properties": { "cell_id": "r27_c30", "row": 27, "col": 30, "global_row": 5784, "global_col": 11077, "lon": -87.6875, "lat": 41.795833333333334 }, "geometry": { "type": "Polygon", "coordinates": [ [ [ -87.683333333333323, 41.791666666666664 ], [ -87.683333333333323, 41.8 ], [ -87.691666666666663, 41.8 ], [ -87.691666666666663, 41.791666666666664 ], [ -87.683333333333323, 41.791666666666664 ] ] ] } },
{ "type": "Feature", "properties": { "cell_id": "r27_c31", "row": 27, "col": 31, "global_row": 5784, "global_col": 11078, "lon": -87.679166666666674, "lat": 41.795833333333334 }, "geometry": { "type": "Polygon", "coordinates": [ [ [ -87.675, 41.791666666666664 ], [ -87.675, 41.8 ], [ -87.683333333333323, 41.8 ], [ -87.683333333333323, 41.791666666666664 ], [ -87.675, 41.791666666666664 ] ] ] } },
{ "type": "Feature", "properties": { "cell_id": "r27_c32", "row": 27, "col": 32, "global_row": 5784, "global_col": 11079, "lon": -87.670833333333334, "lat": 41.795833333333334 }, "geometry": { "type": "Polygon", "coordinates": [ [ [ -87.666666666666657, 41.791666666666664 ], [ -87.666666666666657, 41.8 ], [ -87.675, 41.8 ], [ -87.675, 41.791666666666664 ], [ -87.666666666666657, 41.791666666666664 ] ] ] } },
{ "type": "Feature", "properties": { "cell_id": "r27_c33", "row": 27, "col": 33, "global_row": 5784, "global_col": 11080, "lon": -87.6625, "lat": 41.795833333333334 }, "geometry": { "type": "Polygon", "coordinates": [ [ [ -87.658333333333331, 41.791666666666664 ], [ -87.658333333333331, 41.8 ], [ -87.666666666666657, 41.8 ], [ -87.666666666666657, 41.791666666666664 ], [ -87.658333333333331, 41.791666666666664 ] ] ] } },
{ "type": "Feature", "properties": { "cell_id": "r27_c34", "row": 27, "col": 34, "global_row": 5784, "global_col": 11081, "lon": -87.654166666666669, "lat": 41.795833333333334 }, "geometry": { "type": "Polygon", "coordinates": [ [ [ -87.65, 41.791666666666664 ], [ -87.65, 41.8 ], [ -87.658333333333331, 41.8 ], [ -87.658333333333331, 41.791666666666664 ], [ -87.65, 41.791666666666664 ] ] ] } },
{ "type": "Feature", "properties": { "cell_id": "r27_c35", "row": 27, "col": 35, "global_row": 5784, "global_col": 11082, "lon": -87.645833333333343, "lat": 41.795833333333334 }, "geometry": { "type": "Polygon", "coordinates": [ [ [ -87.641666666666666, 41.791666666666664 ], [ -87.641666666666666, 41.8 ], [ -87.65, 41.8 ], [ -87.65, 41.791666666666664 ], [ -87.641666666666666, 41.791666666666664 ] ] ] } },
{ "type": "Feature", "properties": { "cell_id": "r27_c36", "row": 27, "col": 36, "global_row": 5784, "global_col": 11083, "lon": -87.6375, "lat": 41.795833333333334 }, "geometry": { "type": "Polygon", "coordinates": [ [ [ -87.633333333333326, 41.791666666666664 ], [ -87.633333333333326, 41.8 ], [ -87.641666666666666, 41.8 ], [ -87.641666666666666, 41.791666666666664 ], [ -87.633333333333326, 41.791666666666664 ] ] ] } },
{ "type": "Feature", "properties": { "cell_id": "r27_c37", "row": 27, "col": 37, "global_row": 5784, "global_col": 11084, "lon": -87.629166666666663, "lat": 41.795833333333334 }, "geometry": { "type": "Polygon", "coordinates": [ [ [ -87.625, 41.791666666666664 ], [ -87.625, 41.8 ], [ -87.633333333333326, 41.8 ], [ -87.633333333333326, 41.791666666666664 ], [ -87.625, 41.791666666666664 ] ] ] } },
{ "type": "Feature", "properties": { "cell_id": "r27_c38", "row": 27, "col": 38, "global_row": 5784, "global_col": 11085, "lon": -87.620833333333337, "lat": 41.795833333333334 }, "geometry": { "type": "Polygon", "coordinates": [ [ [ -87.61666666666666, 41.791666666666664 ], [ -87.61666666666666, 41.8 ], [ -87.625, 41.8 ], [ -87.625, 41.791666666666664 ], [ -87.61666666666666, 41.791666666666664 ] ] ] } },
{ "type": "Feature", "properties": { "cell_id": "r27_c39", "row": 27, "col": 39, "global_row": 5784, "global_col": 11086, "lon": -87.6125, "lat": 41.795833333333334 }, "geometry": { "type": "Polygon", "coordinates": [ [ [ -87.608333333333334, 41.791666666666664 ], [ -87.608333333333334, 41.8 ], [ -87.61666666666666, 41.8 ], [ -87.61666666666666, 41.791666666666664 ], [ -87.608333333333334, 41.791666666666664 ] ] ] } },
{ "type": "Feature", "properties": { "cell_id": "r27_c40", "row": 27, "col": 40, "global_row": 5784, "global_col": 11087, "lon": -87.604166666666686, "lat": 41.795833333333334 }, "geometry": { "type": "Polygon", "coordinates": [ [ [ -87.6, 41.791666666666664 ], [ -87.6, 41.8 ], [ -87.608333333333334, 41.8 ], [ -87.608333333333334, 41.791666666666664 ], [ -87.6, 41.791666666666664 ] ] ] } },
{ "type": "Feature", "properties": { "cell_id": "r27_c41", "row": 27, "col": 41, "global_row": 5784, "global_col": 11088, "lon": -87.595833333333317, "lat": 41.795833333333334 }, "geometry": { "type": "Polygon", "coordinates": [ [ [ -87.591666666666669, 41.791666666666664 ], [ -87.591666666666669, 41.8 ], [ -87.6, 41.8 ], [ -87.6, 41.791666666666664 ], [ -87.591666666666669, 41.791666666666664 ] ] ] } },
{ "type": "Feature", "properties": { "cell_id": "r27_c42", "row": 27, "col": 42, "global_row": 5784, "global_col": 11089, "lon": -87.5875, "lat": 41.795833333333334 }, "geometry": { "type": "Polygon", "coordinates": [ [ [ -87.583333333333329, 41.791666666666664 ], [ -87.583333333333329, 41.8 ], [ -87.591666666666669, 41.8 ], [ -87.591666666666669, 41.791666666666664 ], [ -87.583333333333329, 41.791666666666664 ] ] ] } },
{ "type": "Feature", "properties": { "cell_id": "r27_c43", "row": 27, "col": 43, "global_row": 5784, "global_col": 11090, "lon": -87.57916666666668, "lat": 41.795833333333334 }, "geometry": { "type": "Polygon", "coordinates": [ [ [ -87.575, 41.791666666666664 ], [ -87.575, 41.8 ], [ -87.583333333333329, 41.8 ], [ -87.583333333333329, 41.791666666666664 ], [ -87.575, 41.791666666666664 ] ] ] } },
{ "type": "Feature", "properties": { "cell_id": "r28_c17", "row": 28, "col": 17, "global_row": 5785, "global_col": 11064, "lon": -87.79583333333332, "lat": 41.7875 }, "geometry": { "type": "Polygon", "coordinates": [ [ [ -87.791666666666657, 41.783333333333331 ], [ -87.791666666666657, 41.791666666666664 ], [ -87.8, 41.791666666666664 ], [ -87.8, 41.783333333333331 ], [ -87.791666666666657, 41.783333333333331 ] ] ] } },
{ "type": "Feature", "properties": { "cell_id": "r28_c18", "row": 28, "col": 18, "global_row": 5785, "global_col": 11065, "lon": -87.7875, "lat": 41.7875 }, "geometry": { "type": "Polygon", "coordinates": [ [ [ -87.783333333333331, 41.783333333333331 ], [ -87.783333333333331, 41.791666666666664 ], [ -87.791666666666657, 41.791666666666664 ], [ -87.791666666666657, 41.783333333333331 ], [ -87.783333333333331, 41.783333333333331 ] ] ] } },
{ "type": "Feature", "properties": { "cell_id": "r28_c19", "row": 28, "col": 19, "global_row": 5785, "global_col": 11066, "lon": -87.779166666666654, "lat": 41.7875 }, "geometry": { "type": "Polygon", "coordinates": [ [ [ -87.775, 41.783333333333331 ], [ -87.775, 41.791666666666664 ], [ -87.783333333333331, 41.791666666666664 ], [ -87.783333333333331, 41.783333333333331 ], [ -87.775, 41.783333333333331 ] ] ] } },
{ "type": "Feature", "properties": { "cell_id": "r28_c20", "row": 28, "col": 20, "global_row": 5785, "global_col": 11067, "lon": -87.770833333333329, "lat": 41.7875 }, "geometry": { "type": "Polygon", "coordinates": [ [ [ -87.766666666666666, 41.783333333333331 ], [ -87.766666666666666, 41.791666666666664 ], [ -87.775, 41.791666666666664 ], [ -87.775, 41.783333333333331 ], [ -87.766666666666666, 41.783333333333331 ] ] ] } },
{ "type": "Feature", "properties": { "cell_id": "r28_c21", "row": 28, "col": 21, "global_row": 5785, "global_col": 11068, "lon": -87.7625, "lat": 41.7875 }, "geometry": { "type": "Polygon", "coordinates": [ [ [ -87.758333333333326, 41.783333333333331 ], [ -87.758333333333326, 41.791666666666664 ], [ -87.766666666666666, 41.791666666666664 ], [ -87.766666666666666, 41.783333333333331 ], [ -87.758333333333326, 41.783333333333331 ] ] ] } },
{ "type": "Feature", "properties": { "cell_id": "r28_c22", "row": 28, "col": 22, "global_row": 5785, "global_col": 11069, "lon": -87.754166666666663, "lat": 41.7875 }, "geometry": { "type": "Polygon", "coordinates": [ [ [ -87.75, 41.783333333333331 ], [ -87.75, 41.791666666666664 ], [ -87.758333333333326, 41.791666666666664 ], [ -87.758333333333326, 41.783333333333331 ], [ -87.75, 41.783333333333331 ] ] ] } },
{ "type": "Feature", "properties": { "cell_id": "r28_c23", "row": 28, "col": 23, "global_row": 5785, "global_col": 11070, "lon": -87.745833333333337, "lat": 41.7875 }, "geometry": { "type": "Polygon", "coordinates": [ [ [ -87.74166666666666, 41.783333333333331 ], [ -87.74166666666666, 41.791666666666664 ], [ -87.75, 41.791666666666664 ], [ -87.75, 41.783333333333331 ], [ -87.74166666666666, 41.783333333333331 ] ] ] } },
{ "type": "Feature", "properties": { "cell_id": "r28_c24", "row": 28, "col": 24, "global_row": 5785, "global_col": 11071, "lon": -87.7375, "lat": 41.7875 }, "geometry": { "type": "Polygon", "coordinates": [ [ [ -87.733333333333334, 41.783333333333331 ], [ -87.733333333333334, 41.791666666666664 ], [ -87.74166666666666, 41.791666666666664 ], [ -87.74166666666666, 41.783333333333331 ], [ -87.733333333333334, 41.783333333333331 ] ] ] } },
{ "type": "Feature", "properties": { "cell_id": "r28_c25", "row": 28, "col": 25, "global_row": 5785, "global_col": 11072, "lon": -87.729166666666671, "lat": 41.7875 }, "geometry": { "type": "Polygon", "coordinates": [ [ [ -87.725, 41.783333333333331 ], [ -87.725, 41.791666666666664 ], [ -87.733333333333334, 41.791666666666664 ], [ -87.733333333333334, 41.783333333333331 ], [ -87.725, 41.783333333333331 ] ] ] } },
{ "type": "Feature", "properties": { "cell_id": "r28_c26", "row": 28, "col": 26, "global_row": 5785, "global_col": 11073, "lon": -87.720833333333317, "lat": 41.7875 }, "geometry": { "type": "Polygon", "coordinates": [ [ [ -87.716666666666669, 41.783333333333331 ], [ -87.716666666666669, 41.791666666666664 ], [ -87.725, 41.791666666666664 ], [ -87.725, 41.783333333333331 ], [ -87.716666666666669, 41.783333333333331 ] ] ] } },
{ "type": "Feature", "properties": { "cell_id": "r28_c27", "row": 28, "col": 27, "global_row": 5785, "global_col": 11074, "lon": -87.7125, "lat": 41.7875 }, "geometry": { "type": "Polygon", "coordinates": [ [ [ -87.708333333333329, 41.783333333333331 ], [ -87.708333333333329, 41.791666666666664 ], [ -87.716666666666669, 41.791666666666664 ], [ -87.716666666666669, 41.783333333333331 ], [ -87.708333333333329, 41.783333333333331 ] ] ] } },
{ "type": "Feature", "properties": { "cell_id": "r28_c28", "row": 28, "col": 28, "global_row": 5785, "global_col": 11075, "lon": -87.704166666666666, "lat": 41.7875 }, "geometry": { "type": "Polygon", "coordinates": [ [ [ -87.7, 41.783333333333331 ], [ -87.7, 41.791666666666664 ], [ -87.708333333333329, 41.791666666666664 ], [ -87.708333333333329, 41.783333333333331 ], [ -87.7, 41.783333333333331 ] ] ] } },
{ "type": "Feature", "properties": { "cell_id": "r28_c29", "row": 28, "col": 29, "global_row": 5785, "global_col": 11076, "lon": -87.695833333333326, "lat": 41.7875 }, "geometry": { "type": "Polygon", "coordinates": [ [ [ -87.691666666666663, 41.783333333333331 ], [ -87.691666666666663, 41.791666666666664 ], [ -87.7, 41.791666666666664 ], [ -87.7, 41.783333333333331 ], [ -87.691666666666663, 41.783333333333331 ] ] ] } },
{ "type": "Feature", "properties": { "cell_id": "r28_c30", "row": 28, "col": 30, "global_row": 5785, "global_col": 11077, "lon": -87.6875, "lat": 41.7875 }, "geometry": { "type": "Polygon", "coordinates": [ [ [ -87.683333333333323, 41.783333333333331 ], [ -87.683333333333323, 41.791666666666664 ], [ -87.691666666666663, 41.791666666666664 ], [ -87.691666666666663, 41.783333333333331 ], [ -87.683333333333323, 41.783333333333331 ] ] ] } },
{ "type": "Feature", "properties": { "cell_id": "r28_c31", "row": 28, "col": 31, "global_row": 5785, "global_col": 11078, "lon": -87.679166666666674, "lat": 41.7875 }, "geometry": { "type": "Polygon", "coordinates": [ [ [ -87.675, 41.783333333333331 ], [ -87.675, 41.791666666666664 ], [ -87.683333333333323, 41.791666666666664 ], [ -87.683333333333323, 41.783333333333331 ], [ -87.675, 41.783333333333331 ] ] ] } },
{ "type": "Feature", "properties": { "cell_id": "r28_c32", "row": 28, "col": 32, "global_row": 5785, "global_col": 11079, "lon": -87.670833333333334, "lat": 41.7875 }, "geometry": { "type": "Polygon", "coordinates": [ [ [ -87.666666666666657, 41.783333333333331 ], [ -87.666666666666657, 41.791666666666664 ], [ -87.675, 41.791666666666664 ], [ -87.675, 41.783333333333331 ], [ -87.666666666666657, 41.783333333333331 ] ] ] } },
{ "type": "Feature", "properties": { "cell_id": "r28_c33", "row": 28, "col": 33, "global_row": 5785, "global_col": 11080, "lon": -87.6625, "lat": 41.7875 }, "geometry": { "type": "Polygon", "coordinates": [ [ [ -87.658333333333331, 41.783333333333331 ], [ -87.658333333333331, 41.791666666666664 ], [ -87.666666666666657, 41.791666666666664 ], [ -87.666666666666657, 41.783333333333331 ], [ -87.658333333333331, 41.783333333333331 ] ] ] } },
{ "type": "Feature", "properties": { "cell_id": "r28_c34", "row": 28, "col": 34, "global_row": 5785, "global_col": 11081, "lon": -87.654166666666669, "lat": 41.7875 }, "geometry": { "type": "Polygon", "coordinates": [ [ [ -87.65, 41.783333333333331 ], [ -87.65, 41.791666666666664 ], [ -87.658333333333331, 41.791666666666664 ], [ -87.658333333333331, 41.783333333333331 ], [ -87.65, 41.783333333333331 ] ] ] } },
{ "type": "Feature", "properties": { "cell_id": "r28_c35", "row": 28, "col": 35, "global_row": 5785, "global_col": 11082, "lon": -87.645833333333343, "lat": 41.7875 }, "geometry": { "type": "Polygon", "coordinates": [ [ [ -87.641666666666666, 41.783333333333331 ], [ -87.641666666666666, 41.791666666666664 ], [ -87.65, 41.791666666666664 ], [ -87.65, 41.783333333333331 ], [ -87.641666666666666, 41.783333333333331 ] ] ] } },
{ "type": "Feature", "properties": { "cell_id": "r28_c36", "row": 28, "col": 36, "global_row": 5785, "global_col": 11083, "lon": -87.6375, "lat": 41.7875 }, "geometry": { "type": "Polygon", "coordinates": [ [ [ -87.633333333333326, 41.783333333333331 ], [ -87.633333333333326, 41.791666666666664 ], [ -87.641666666666666, 41.791666666666664 ], [ -87.641666666666666, 41.783333333333331 ], [ -87.633333333333326, 41.783333333333331 ] ] ] } },
{ "type": "Feature", "properties": { "cell_id": "r28_c37", "row": 28, "col": 37, "global_row": 5785, "global_col": 11084, "lon": -87.629166666666663, "lat": 41.7875 }, "geometry": { "type": "Polygon", "coordinates": [ [ [ -87.625, 41.783333333333331 ], [ -87.625, 41.791666666666664 ], [ -87.633333333333326, 41.791666666666664 ], [ -87.633333333333326, 41.783333333333331 ], [ -87.625, 41.783333333333331 ] ] ] } },
{ "type": "Feature", "properties": { "cell_id": "r28_c38", "row": 28, "col": 38, "global_row": 5785, "global_col": 11085, "lon": -87.620833333333337, "lat": 41.7875 }, "geometry": { "type": "Polygon", "coordinates": [ [ [ -87.61666666666666, 41.783333333333331 ], [ -87.61666666666666, 41.791666666666664 ], [ -87.625, 41.791666666666664 ], [ -87.625, 41.783333333333331 ], [ -87.61666666666666, 41.783333333333331 ] ] ] } },
{ "type": "Feature", "properties": { "cell_id": "r28_c39", "row": 28, "col": 39, "global_row": 5785, "global_col": 11086, "lon": -87.6125, "lat": 41.7875 }, "geometry": { "type": "Polygon", "coordinates": [ [ [ -87.608333333333334, 41.783333333333331 ], [ -87.608333333333334, 41.791666666666664 ], [ -87.61666666666666, 41.791666666666664 ], [ -87.61666666666666, 41.783333333333331 ], [ -87.608333333333334, 41.783333333333331 ] ] ] } },
{ "type": "Feature", "properties": { "cell_id": "r28_c40", "row": 28, "col": 40, "global_row": 5785, "global_col": 11087, "lon": -87.604166666666686, "lat": 41.7875 }, "geometry": { "type": "Polygon", "coordinates": [ [ [ -87.6, 41.783333333333331 ], [ -87.6, 41.791666666666664 ], [ -87.608333333333334, 41.791666666666664 ], [ -87.608333333333334, 41.783333333333331 ], [ -87.6, 41.783333333333331 ] ] ] } },
{ "type": "Feature", "properties": { "cell_id": "r28_c41", "row": 28, "col": 41, "global_row": 5785, "global_col": 11088, "lon": -87.595833333333317, "lat": 41.7875 }, "geometry": { "type": "Polygon", "coordinates": [ [ [ -87.591666666666669, 41.783333333333331 ], [ -87.591666666666669, 41.791666666666664 ], [ -87.6, 41.791666666666664 ], [ -87.6, 41.783333333333331 ], [ -87.591666666666669, 41.783333333333331 ] ] ] } },
{ "type": "Feature", "properties": { "cell_id": "r28_c42", "row": 28, "col": 42, "global_row": 5785, "global_col": 11089, "lon": -87.5875, "lat": 41.7875 }, "geometry": { "type": "Polygon", "coordinates": [ [ [ -87.583333333333329, 41.783333333333331 ], [ -87.583333333333329, 41.791666666666664 ], [ -87.591666666666669, 41.791666666666664 ], [ -87.591666666666669, 41.783333333333331 ], [ -87.583333333333329, 41.783333333333331 ] ] ] } },
{ "type": "Feature", "properties": { "cell_id": "r28_c43", "row": 28, "col": 43, "global_row": 5785, "global_col": 11090, "lon": -87.57916666666668, "lat": 41.7875 }, "geometry": { "type": "Polygon", "coordinates": [ [ [ -87.575, 41.783333333333331 ], [ -87.575, 41.791666666666664 ], [ -87.583333333333329, 41.791666666666664 ], [ -87.583333333333329, 41.783333333333331 ], [ -87.575, 41.783333333333331 ] ] ] } },
{ "type": "Feature", "properties": { "cell_id": "r29_c17", "row": 29, "col": 17, "global_row": 5786, "global_col": 11064, "lon": -87.79583333333332, "lat": 41.779166666666669 }, "geometry": { "type": "Polygon", "coordinates": [ [ [ -87.791666666666657, 41.775 ], [ -87.791666666666657, 41.783333333333331 ], [ -87.8, 41.783333333333331 ], [ -87.8, 41.775 ], [ -87.791666666666657, 41.775 ] ] ] } },
{ "type": "Feature", "properties": { "cell_id": "r29_c18", "row": 29, "col": 18, "global_row": 5786, "global_col": 11065, "lon": -87.7875, "lat": 41.779166666666669 }, "geometry": { "type": "Polygon", "coordinates": [ [ [ -87.783333333333331, 41.775 ], [ -87.783333333333331, 41.783333333333331 ], [ -87.791666666666657, 41.783333333333331 ], [ -87.791666666666657, 41.775 ], [ -87.783333333333331, 41.775 ] ] ] } },
{ "type": "Feature", "properties": { "cell_id": "r29_c19", "row": 29, "col": 19, "global_row": 5786, "global_col": 11066, "lon": -87.779166666666654, "lat": 41.779166666666669 }, "geometry": { "type": "Polygon", "coordinates": [ [ [ -87.775, 41.775 ], [ -87.775, 41.783333333333331 ], [ -87.783333333333331, 41.783333333333331 ], [ -87.783333333333331, 41.775 ], [ -87.775, 41.775 ] ] ] } },
{ "type": "Feature", "properties": { "cell_id": "r29_c20", "row": 29, "col": 20, "global_row": 5786, "global_col": 11067, "lon": -87.770833333333329, "lat": 41.779166666666669 }, "geometry": { "type": "Polygon", "coordinates": [ [ [ -87.766666666666666, 41.775 ], [ -87.766666666666666, 41.783333333333331 ], [ -87.775, 41.783333333333331 ], [ -87.775, 41.775 ], [ -87.766666666666666, 41.775 ] ] ] } },
{ "type": "Feature", "properties": { "cell_id": "r29_c21", "row": 29, "col": 21, "global_row": 5786, "global_col": 11068, "lon": -87.7625, "lat": 41.779166666666669 }, "geometry": { "type": "Polygon", "coordinates": [ [ [ -87.758333333333326, 41.775 ], [ -87.758333333333326, 41.783333333333331 ], [ -87.766666666666666, 41.783333333333331 ], [ -87.766666666666666, 41.775 ], [ -87.758333333333326, 41.775 ] ] ] } },
{ "type": "Feature", "properties": { "cell_id": "r29_c22", "row": 29, "col": 22, "global_row": 5786, "global_col": 11069, "lon": -87.754166666666663, "lat": 41.779166666666669 }, "geometry": { "type": "Polygon", "coordinates": [ [ [ -87.75, 41.775 ], [ -87.75, 41.783333333333331 ], [ -87.758333333333326, 41.783333333333331 ], [ -87.758333333333326, 41.775 ], [ -87.75, 41.775 ] ] ] } },
{ "type": "Feature", "properties": { "cell_id": "r29_c23", "row": 29, "col": 23, "global_row": 5786, "global_col": 11070, "lon": -87.745833333333337, "lat": 41.779166666666669 }, "geometry": { "type": "Polygon", "coordinates": [ [ [ -87.74166666666666, 41.775 ], [ -87.74166666666666, 41.783333333333331 ], [ -87.75, 41.783333333333331 ], [ -87.75, 41.775 ], [ -87.74166666666666, 41.775 ] ] ] } },
{ "type": "Feature", "properties": { "cell_id": "r29_c24", "row": 29, "col": 24, "global_row": 5786, "global_col": 11071, "lon": -87.7375, "lat": 41.779166666666669 }, "geometry": { "type": "Polygon", "coordinates": [ [ [ -87.733333333333334, 41.775 ], [ -87.733333333333334, 41.783333333333331 ], [ -87.74166666666666, 41.783333333333331 ], [ -87.74166666666666, 41.775 ], [ -87.733333333333334, 41.775 ] ] ] } },
{ "type": "Feature", "properties": { "cell_id": "r29_c25", "row": 29, "col": 25, "global_row": 5786, "global_col": 11072, "lon": -87.729166666666671, "lat": 41.779166666666669 }, "geometry": { "type": "Polygon", "coordinates": [ [ [ -87.725, 41.775 ], [ -87.725, 41.783333333333331 ], [ -87.733333333333334, 41.783333333333331 ], [ -87.733333333333334, 41.775 ], [ -87.725, 41.775 ] ] ] } },
{ "type": "Feature", "properties": { "cell_id": "r29_c26", "row": 29, "col": 26, "global_row": 5786, "global_col": 11073, "lon": -87.720833333333317, "lat": 41.779166666666669 }, "geometry": { "type": "Polygon", "coordinates": [ [ [ -87.716666666666669, 41.775 ], [ -87.716666666666669, 41.783333333333331 ], [ -87.725, 41.783333333333331 ], [ -87.725, 41.775 ], [ -87.716666666666669, 41.775 ] ] ] } },
{ "type": "Feature", "properties": { "cell_id": "r29_c27", "row": 29, "col": 27, "global_row": 5786, "global_col": 11074, "lon": -87.7125, "lat": 41.779166666666669 }, "geometry": { "type": "Polygon", "coordinates": [ [ [ -87.708333333333329, 41.775 ], [ -87.708333333333329, 41.783333333333331 ], [ -87.716666666666669, 41.783333333333331 ], [ -87.716666666666669, 41.775 ], [ -87.708333333333329, 41.775 ] ] ] } },
{ "type": "Feature", "properties": { "cell_id": "r29_c28", "row": 29, "col": 28, "global_row": 5786, "global_col": 11075, "lon": -87.704166666666666, "lat": 41.779166666666669 }, "geometry": { "type": "Polygon", "coordinates": [ [ [ -87.7, 41.775 ], [ -87.7, 41.783333333333331 ], [ -87.708333333333329, 41.783333333333331 ], [ -87.708333333333329, 41.775 ], [ -87.7, 41.775 ] ] ] } },
{ "type": "Feature", "properties": { "cell_id": "r29_c29", "row": 29, "col": 29, "global_row": 5786, "global_col": 11076, "lon": -87.695833333333326, "lat": 41.779166666666669 }, "geometry": { "type": "Polygon", "coordinates": [ [ [ -87.691666666666663, 41.775 ], [ -87.691666666666663, 41.783333333333331 ], [ -87.7, 41.783333333333331 ], [ -87.7, 41.775 ], [ -87.691666666666663, 41.775 ] ] ] } },
{ "type": "Feature", "properties": { "cell_id": "r29_c30", "row": 29, "col": 30, "global_row": 5786, "global_col": 11077, "lon": -87.6875, "lat": 41.779166666666669 }, "geometry": { "type": "Polygon", "coordinates": [ [ [ -87.683333333333323, 41.775 ], [ -87.683333333333323, 41.783333333333331 ], [ -87.691666666666663, 41.783333333333331 ], [ -87.691666666666663, 41.775 ], [ -87.683333333333323, 41.775 ] ] ] } },
{ "type": "Feature", "properties": { "cell_id": "r29_c31", "row": 29, "col": 31, "global_row": 5786, "global_col": 11078, "lon": -87.679166666666674, "lat": 41.779166666666669 }, "geometry": { "type": "Polygon", "coordinates": [ [ [ -87.675, 41.775 ], [ -87.675, 41.783333333333331 ], [ -87.683333333333323, 41.783333333333331 ], [ -87.683333333333323, 41.775 ], [ -87.675, 41.775 ] ] ] } },
{ "type": "Feature", "properties": { "cell_id": "r29_c32", "row": 29, "col": 32, "global_row": 5786, "global_col": 11079, "lon": -87.670833333333334, "lat": 41.779166666666669 }, "geometry": { "type": "Polygon", "coordinates": [ [ [ -87.666666666666657, 41.775 ], [ -87.666666666666657, 41.783333333333331 ], [ -87.675, 41.783333333333331 ], [ -87.675, 41.775 ], [ -87.666666666666657, 41.775 ] ] ] } },
{ "type": "Feature", "properties": { "cell_id": "r29_c33", "row": 29, "col": 33, "global_row": 5786, "global_col": 11080, "lon": -87.6625, "lat": 41.779166666666669 }, "geometry": { "type": "Polygon", "coordinates": [ [ [ -87.658333333333331, 41.775 ], [ -87.658333333333331, 41.783333333333331 ], [ -87.666666666666657, 41.783333333333331 ], [ -87.666666666666657, 41.775 ], [ -87.658333333333331, 41.775 ] ] ] } },
{ "type": "Feature", "properties": { "cell_id": "r29_c34", "row": 29, "col": 34, "global_row": 5786, "global_col": 11081, "lon": -87.654166666666669, "lat": 41.779166666666669 }, "geometry": { "type": "Polygon", "coordinates": [ [ [ -87.65, 41.775 ], [ -87.65, 41.783333333333331 ], [ -87.658333333333331, 41.783333333333331 ], [ -87.658333333333331, 41.775 ], [ -87.65, 41.775 ] ] ] } },
{ "type": "Feature", "properties": { "cell_id": "r29_c35", "row": 29, "col": 35, "global_row": 5786, "global_col": 11082, "lon": -87.645833333333343, "lat": 41.779166666666669 }, "geometry": { "type": "Polygon", "coordinates": [ [ [ -87.641666666666666, 41.775 ], [ -87.641666666666666, 41.783333333333331 ], [ -87.65, 41.783333333333331 ], [ -87.65, 41.775 ], [ -87.641666666666666, 41.775 ] ] ] } },
{ "type": "Feature", "properties": { "cell_id": "r29_c36", "row": 29, "col": 36, "global_row": 5786, "global_col": 11083, "lon": -87.6375, "lat": 41.779166666666669 }, "geometry": { "type": "Polygon", "coordinates": [ [ [ -87.633333333333326, 41.775 ], [ -87.633333333333326, 41.783333333333331 ], [ -87.641666666666666, 41.783333333333331 ], [ -87.641666666666666, 41.775 ], [ -87.633333333333326, 41.775 ] ] ] } },
{ "type": "Feature", "properties": { "cell_id": "r29_c37", "row": 29, "col": 37, "global_row": 5786, "global_col": 11084, "lon": -87.629166666666663, "lat": 41.779166666666669 }, "geometry": { "type": "Polygon", "coordinates": [ [ [ -87.625, 41.775 ], [ -87.625, 41.783333333333331 ], [ -87.633333333333326, 41.783333333333331 ], [ -87.633333333333326, 41.775 ], [ -87.625, 41.775 ] ] ] } },
{ "type": "Feature", "properties": { "cell_id": "r29_c38", "row": 29, "col": 38, "global_row": 5786, "global_col": 11085, "lon": -87.620833333333337, "lat": 41.779166666666669 }, "geometry": { "type": "Polygon", "coordinates": [ [ [ -87.61666666666666, 41.775 ], [ -87.61666666666666, 41.783333333333331 ], [ -87.625, 41.783333333333331 ], [ -87.625, 41.775 ], [ -87.61666666666666, 41.775 ] ] ] } },
{ "type": "Feature", "properties": { "cell_id": "r29_c39", "row": 29, "col": 39, "global_row": 5786, "global_col": 11086, "lon": -87.6125, "lat": 41.779166666666669 }, "geometry": { "type": "Polygon", "coordinates": [ [ [ -87.608333333333334, 41.775 ], [ -87.608333333333334, 41.783333333333331 ], [ -87.61666666666666, 41.783333333333331 ], [ -87.61666666666666, 41.775 ], [ -87.608333333333334, 41.775 ] ] ] } },
{ "type": "Feature", "properties": { "cell_id": "r29_c40", "row": 29, "col": 40, "global_row": 5786, "global_col": 11087, "lon": -87.604166666666686, "lat": 41.779166666666669 }, "geometry": { "type": "Polygon", "coordinates": [ [ [ -87.6, 41.775 ], [ -87.6, 41.783333333333331 ], [ -87.608333333333334, 41.783333333333331 ], [ -87.608333333333334, 41.775 ], [ -87.6, 41.775 ] ] ] } },
{ "type": "Feature", "properties": { "cell_id": "r29_c41", "row": 29, "col": 41, "global_row": 5786, "global_col": 11088, "lon": -87.595833333333317, "lat": 41.779166666666669 }, "geometry": { "type": "Polygon", "coordinates": [ [ [ -87.591666666666669, 41.775 ], [ -87.591666666666669, 41.783333333333331 ], [ -87.6, 41.783333333333331 ], [ -87.6, 41.775 ], [ -87.591666666666669, 41.775 ] ] ] } },
{ "type": "Feature", "properties": { "cell_id": "r29_c42", "row": 29, "col": 42, "global_row": 5786, "global_col": 11089, "lon": -87.5875, "lat": 41.779166666666669 }, "geometry": { "type": "Polygon", "coordinates": [ [ [ -87.583333333333329, 41.775 ], [ -87.583333333333329, 41.783333333333331 ], [ -87.591666666666669, 41.783333333333331 ], [ -87.591666666666669, 41.775 ], [ -87.583333333333329, 41.775 ] ] ] } },
{ "type": "Feature", "properties": { "cell_id": "r29_c43", "row": 29, "col": 43, "global_row": 5786, "global_col": 11090, "lon": -87.57916666666668, "lat": 41.779166666666669 }, "geometry": { "type": "Polygon", "coordinates": [ [ [ -87.575, 41.775 ], [ -87.575, 41.783333333333331 ], [ -87.583333333333329, 41.783333333333331 ], [ -87.583333333333329, 41.775 ], [ -87.575, 41.775 ] ] ] } },
{ "type": "Feature", "properties": { "cell_id": "r30_c24", "row": 30, "col": 24, "global_row": 5787, "global_col": 11071, "lon": -87.7375, "lat": 41.770833333333336 }, "geometry": { "type": "Polygon", "coordinates": [ [ [ -87.733333333333334, 41.766666666666666 ], [ -87.733333333333334, 41.775 ], [ -87.74166666666666, 41.775 ], [ -87.74166666666666, 41.766666666666666 ], [ -87.733333333333334, 41.766666666666666 ] ] ] } },
{ "type": "Feature", "properties": { "cell_id": "r30_c25", "row": 30, "col": 25, "global_row": 5787, "global_col": 11072, "lon": -87.729166666666671, "lat": 41.770833333333329 }, "geometry": { "type": "Polygon", "coordinates": [ [ [ -87.725, 41.766666666666666 ], [ -87.725, 41.775 ], [ -87.733333333333334, 41.775 ], [ -87.733333333333334, 41.766666666666666 ], [ -87.725, 41.766666666666666 ] ] ] } },
{ "type": "Feature", "properties": { "cell_id": "r30_c26", "row": 30, "col": 26, "global_row": 5787, "global_col": 11073, "lon": -87.720833333333317, "lat": 41.770833333333336 }, "geometry": { "type": "Polygon", "coordinates": [ [ [ -87.716666666666669, 41.766666666666666 ], [ -87.716666666666669, 41.775 ], [ -87.725, 41.775 ], [ -87.725, 41.766666666666666 ], [ -87.716666666666669, 41.766666666666666 ] ] ] } },
{ "type": "Feature", "properties": { "cell_id": "r30_c27", "row": 30, "col": 27, "global_row": 5787, "global_col": 11074, "lon": -87.7125, "lat": 41.770833333333329 }, "geometry": { "type": "Polygon", "coordinates": [ [ [ -87.708333333333329, 41.766666666666666 ], [ -87.708333333333329, 41.775 ], [ -87.716666666666669, 41.775 ], [ -87.716666666666669, 41.766666666666666 ], [ -87.708333333333329, 41.766666666666666 ] ] ] } },
{ "type": "Feature", "properties": { "cell_id": "r30_c28", "row": 30, "col": 28, "global_row": 5787, "global_col": 11075, "lon": -87.704166666666666, "lat": 41.770833333333336 }, "geometry": { "type": "Polygon", "coordinates": [ [ [ -87.7, 41.766666666666666 ], [ -87.7, 41.775 ], [ -87.708333333333329, 41.775 ], [ -87.708333333333329, 41.766666666666666 ], [ -87.7, 41.766666666666666 ] ] ] } },
{ "type": "Feature", "properties": { "cell_id": "r30_c29", "row": 30, "col": 29, "global_row": 5787, "global_col": 11076, "lon": -87.695833333333326, "lat": 41.770833333333329 }, "geometry": { "type": "Polygon", "coordinates": [ [ [ -87.691666666666663, 41.766666666666666 ], [ -87.691666666666663, 41.775 ], [ -87.7, 41.775 ], [ -87.7, 41.766666666666666 ], [ -87.691666666666663, 41.766666666666666 ] ] ] } },
{ "type": "Feature", "properties": { "cell_id": "r30_c30", "row": 30, "col": 30, "global_row": 5787, "global_col": 11077, "lon": -87.6875, "lat": 41.770833333333329 }, "geometry": { "type": "Polygon", "coordinates": [ [ [ -87.683333333333323, 41.766666666666666 ], [ -87.683333333333323, 41.775 ], [ -87.691666666666663, 41.775 ], [ -87.691666666666663, 41.766666666666666 ], [ -87.683333333333323, 41.766666666666666 ] ] ] } },
{ "type": "Feature", "properties": { "cell_id": "r30_c31", "row": 30, "col": 31, "global_row": 5787, "global_col": 11078, "lon": -87.679166666666674, "lat": 41.770833333333336 }, "geometry": { "type": "Polygon", "coordinates": [ [ [ -87.675, 41.766666666666666 ], [ -87.675, 41.775 ], [ -87.683333333333323, 41.775 ], [ -87.683333333333323, 41.766666666666666 ], [ -87.675, 41.766666666666666 ] ] ] } },
{ "type": "Feature", "properties": { "cell_id": "r30_c32", "row": 30, "col": 32, "global_row": 5787, "global_col": 11079, "lon": -87.670833333333334, "lat": 41.770833333333329 }, "geometry": { "type": "Polygon", "coordinates": [ [ [ -87.666666666666657, 41.766666666666666 ], [ -87.666666666666657, 41.775 ], [ -87.675, 41.775 ], [ -87.675, 41.766666666666666 ], [ -87.666666666666657, 41.766666666666666 ] ] ] } },
{ "type": "Feature", "properties": { "cell_id": "r30_c33", "row": 30, "col": 33, "global_row": 5787, "global_col": 11080, "lon": -87.6625, "lat": 41.770833333333336 }, "geometry": { "type": "Polygon", "coordinates": [ [ [ -87.658333333333331, 41.766666666666666 ], [ -87.658333333333331, 41.775 ], [ -87.666666666666657, 41.775 ], [ -87.666666666666657, 41.766666666666666 ], [ -87.658333333333331, 41.766666666666666 ] ] ] } },
{ "type": "Feature", "properties": { "cell_id": "r30_c34", "row": 30, "col": 34, "global_row": 5787, "global_col": 11081, "lon": -87.654166666666669, "lat": 41.770833333333329 }, "geometry": { "type": "Polygon", "coordinates": [ [ [ -87.65, 41.766666666666666 ], [ -87.65, 41.775 ], [ -87.658333333333331, 41.775 ], [ -87.658333333333331, 41.766666666666666 ], [ -87.65, 41.766666666666666 ] ] ] } },
{ "type": "Feature", "properties": { "cell_id": "r30_c35", "row": 30, "col": 35, "global_row": 5787, "global_col": 11082, "lon": -87.645833333333343, "lat": 41.770833333333336 }, "geometry": { "type": "Polygon", "coordinates": [ [ [ -87.641666666666666, 41.766666666666666 ], [ -87.641666666666666, 41.775 ], [ -87.65, 41.775 ], [ -87.65, 41.766666666666666 ], [ -87.641666666666666, 41.766666666666666 ] ] ] } },
{ "type": "Feature", "properties": { "cell_id": "r30_c36", "row": 30, "col": 36, "global_row": 5787, "global_col": 11083, "lon": -87.6375, "lat": 41.770833333333329 }, "geometry": { "type": "Polygon", "coordinates": [ [ [ -87.633333333333326, 41.766666666666666 ], [ -87.633333333333326, 41.775 ], [ -87.641666666666666, 41.775 ], [ -87.641666666666666, 41.766666666666666 ], [ -87.633333333333326, 41.766666666666666 ] ] ] } },
{ "type": "Feature", "properties": { "cell_id": "r30_c37", "row": 30, "col": 37, "global_row": 5787, "global_col": 11084, "lon": -87.629166666666663, "lat": 41.770833333333336 }, "geometry": { "type": "Polygon", "coordinates": [ [ [ -87.625, 41.766666666666666 ], [ -87.625, 41.775 ], [ -87.633333333333326, 41.775 ], [ -87.633333333333326, 41.766666666666666 ], [ -87.625, 41.766666666666666 ] ] ] } },
{ "type": "Feature", "properties": { "cell_id": "r30_c38", "row": 30, "col": 38, "global_row": 5787, "global_col": 11085, "lon": -87.620833333333337, "lat": 41.770833333333329 }, "geometry": { "type": "Polygon", "coordinates": [ [ [ -87.61666666666666, 41.766666666666666 ], [ -87.61666666666666, 41.775 ], [ -87.625, 41.775 ], [ -87.625, 41.766666666666666 ], [ -87.61666666666666, 41.766666666666666 ] ] ] } },
{ "type": "Feature", "properties": { "cell_id": "r30_c39", "row": 30, "col": 39, "global_row": 5787, "global_col": 11086, "lon": -87.6125, "lat": 41.770833333333336 }, "geometry": { "type": "Polygon", "coordinates": [ [ [ -87.608333333333334, 41.766666666666666 ], [ -87.608333333333334, 41.775 ], [ -87.61666666666666, 41.775 ], [ -87.61666666666666, 41.766666666666666 ], [ -87.608333333333334, 41.766666666666666 ] ] ] } },
{ "type": "Feature", "properties": { "cell_id": "r30_c40", "row": 30, "col": 40, "global_row": 5787, "global_col": 11087, "lon": -87.604166666666686, "lat": 41.770833333333329 }, "geometry": { "type": "Polygon", "coordinates": [ [ [ -87.6, 41.766666666666666 ], [ -87.6, 41.775 ], [ -87.608333333333334, 41.775 ], [ -87.608333333333334, 41.766666666666666 ], [ -87.6, 41.766666666666666 ] ] ] } },
{ "type": "Feature", "properties": { "cell_id": "r30_c41", "row": 30, "col": 41, "global_row": 5787, "global_col": 11088, "lon": -87.595833333333317, "lat": 41.770833333333336 }, "geometry": { "type": "Polygon", "coordinates": [ [ [ -87.591666666666669, 41.766666666666666 ], [ -87.591666666666669, 41.775 ], [ -87.6, 41.775 ], [ -87.6, 41.766666666666666 ], [ -87.591666666666669, 41.766666666666666 ] ] ] } },
{ "type": "Feature", "properties": { "cell_id": "r30_c42", "row": 30, "col": 42, "global_row": 5787, "global_col": 11089, "lon": -87.5875, "lat": 41.770833333333329 }, "geometry": { "type": "Polygon", "coordinates": [ [ [ -87.583333333333329, 41.766666666666666 ], [ -87.583333333333329, 41.775 ], [ -87.591666666666669, 41.775 ], [ -87.591666666666669, 41.766666666666666 ], [ -87.583333333333329, 41.766666666666666 ] ] ] } },
{ "type": "Feature", "properties": { "cell_id": "r30_c43", "row": 30, "col": 43, "global_row": 5787, "global_col": 11090, "lon": -87.57916666666668, "lat": 41.770833333333336 }, "geometry": { "type": "Polygon", "coordinates": [ [ [ -87.575, 41.766666666666666 ], [ -87.575, 41.775 ], [ -87.583333333333329, 41.775 ], [ -87.583333333333329, 41.766666666666666 ], [ -87.575, 41.766666666666666 ] ] ] } },
{ "type": "Feature", "properties": { "cell_id": "r30_c44", "row": 30, "col": 44, "global_row": 5787, "global_col": 11091, "lon": -87.570833333333312, "lat": 41.770833333333329 }, "geometry": { "type": "Polygon", "coordinates": [ [ [ -87.566666666666663, 41.766666666666666 ], [ -87.566666666666663, 41.775 ], [ -87.575, 41.775 ], [ -87.575, 41.766666666666666 ], [ -87.566666666666663, 41.766666666666666 ] ] ] } },
{ "type": "Feature", "properties": { "cell_id": "r31_c24", "row": 31, "col": 24, "global_row": 5788, "global_col": 11071, "lon": -87.7375, "lat": 41.7625 }, "geometry": { "type": "Polygon", "coordinates": [ [ [ -87.733333333333334, 41.758333333333333 ], [ -87.733333333333334, 41.766666666666666 ], [ -87.74166666666666, 41.766666666666666 ], [ -87.74166666666666, 41.758333333333333 ], [ -87.733333333333334, 41.758333333333333 ] ] ] } },
{ "type": "Feature", "properties": { "cell_id": "r31_c25", "row": 31, "col": 25, "global_row": 5788, "global_col": 11072, "lon": -87.729166666666671, "lat": 41.7625 }, "geometry": { "type": "Polygon", "coordinates": [ [ [ -87.725, 41.758333333333333 ], [ -87.725, 41.766666666666666 ], [ -87.733333333333334, 41.766666666666666 ], [ -87.733333333333334, 41.758333333333333 ], [ -87.725, 41.758333333333333 ] ] ] } },
{ "type": "Feature", "properties": { "cell_id": "r31_c26", "row": 31, "col": 26, "global_row": 5788, "global_col": 11073, "lon": -87.720833333333317, "lat": 41.7625 }, "geometry": { "type": "Polygon", "coordinates": [ [ [ -87.716666666666669, 41.758333333333333 ], [ -87.716666666666669, 41.766666666666666 ], [ -87.725, 41.766666666666666 ], [ -87.725, 41.758333333333333 ], [ -87.716666666666669, 41.758333333333333 ] ] ] } },
{ "type": "Feature", "properties": { "cell_id": "r31_c27", "row": 31, "col": 27, "global_row": 5788, "global_col": 11074, "lon": -87.7125, "lat": 41.7625 }, "geometry": { "type": "Polygon", "coordinates": [ [ [ -87.708333333333329, 41.758333333333333 ], [ -87.708333333333329, 41.766666666666666 ], [ -87.716666666666669, 41.766666666666666 ], [ -87.716666666666669, 41.758333333333333 ], [ -87.708333333333329, 41.758333333333333 ] ] ] } },
{ "type": "Feature", "properties": { "cell_id": "r31_c28", "row": 31, "col": 28, "global_row": 5788, "global_col": 11075, "lon": -87.704166666666666, "lat": 41.7625 }, "geometry": { "type": "Polygon", "coordinates": [ [ [ -87.7, 41.758333333333333 ], [ -87.7, 41.766666666666666 ], [ -87.708333333333329, 41.766666666666666 ], [ -87.708333333333329, 41.758333333333333 ], [ -87.7, 41.758333333333333 ] ] ] } },
{ "type": "Feature", "properties": { "cell_id": "r31_c29", "row": 31, "col": 29, "global_row": 5788, "global_col": 11076, "lon": -87.695833333333326, "lat": 41.7625 }, "geometry": { "type": "Polygon", "coordinates": [ [ [ -87.691666666666663, 41.758333333333333 ], [ -87.691666666666663, 41.766666666666666 ], [ -87.7, 41.766666666666666 ], [ -87.7, 41.758333333333333 ], [ -87.691666666666663, 41.758333333333333 ] ] ] } },
{ "type": "Feature", "properties": { "cell_id": "r31_c30", "row": 31, "col": 30, "global_row": 5788, "global_col": 11077, "lon": -87.6875, "lat": 41.7625 }, "geometry": { "type": "Polygon", "coordinates": [ [ [ -87.683333333333323, 41.758333333333333 ], [ -87.683333333333323, 41.766666666666666 ], [ -87.691666666666663, 41.766666666666666 ], [ -87.691666666666663, 41.758333333333333 ], [ -87.683333333333323, 41.758333333333333 ] ] ] } },
{ "type": "Feature", "properties": { "cell_id": "r31_c31", "row": 31, "col": 31, "global_row": 5788, "global_col": 11078, "lon": -87.679166666666674, "lat": 41.7625 }, "geometry": { "type": "Polygon", "coordinates": [ [ [ -87.675, 41.758333333333333 ], [ -87.675, 41.766666666666666 ], [ -87.683333333333323, 41.766666666666666 ], [ -87.683333333333323, 41.758333333333333 ], [ -87.675, 41.758333333333333 ] ] ] } },
{ "type": "Feature", "properties": { "cell_id": "r31_c32", "row": 31, "col": 32, "global_row": 5788, "global_col": 11079, "lon": -87.670833333333334, "lat": 41.7625 }, "geometry": { "type": "Polygon", "coordinates": [ [ [ -87.666666666666657, 41.758333333333333 ], [ -87.666666666666657, 41.766666666666666 ], [ -87.675, 41.766666666666666 ], [ -87.675, 41.758333333333333 ], [ -87.666666666666657, 41.758333333333333 ] ] ] } },
{ "type": "Feature", "properties": { "cell_id": "r31_c33", "row": 31, "col": 33, "global_row": 5788, "global_col": 11080, "lon": -87.6625, "lat": 41.7625 }, "geometry": { "type": "Polygon", "coordinates": [ [ [ -87.658333333333331, 41.758333333333333 ], [ -87.658333333333331, 41.766666666666666 ], [ -87.666666666666657, 41.766666666666666 ], [ -87.666666666666657, 41.758333333333333 ], [ -87.658333333333331, 41.758333333333333 ] ] ] } },
{ "type": "Feature", "properties": { "cell_id": "r31_c34", "row": 31, "col": 34, "global_row": 5788, "global_col": 11081, "lon": -87.654166666666669, "lat": 41.7625 }, "geometry": { "type": "Polygon", "coordinates": [ [ [ -87.65, 41.758333333333333 ], [ -87.65, 41.766666666666666 ], [ -87.658333333333331, 41.766666666666666 ], [ -87.658333333333331, 41.758333333333333 ], [ -87.65, 41.758333333333333 ] ] ] } },
{ "type": "Feature", "properties": { "cell_id": "r31_c35", "row": 31, "col": 35, "global_row": 5788, "global_col": 11082, "lon": -87.645833333333343, "lat": 41.7625 }, "geometry": { "type": "Polygon", "coordinates": [ [ [ -87.641666666666666, 41.758333333333333 ], [ -87.641666666666666, 41.766666666666666 ], [ -87.65, 41.766666666666666 ], [ -87.65, 41.758333333333333 ], [ -87.641666666666666, 41.758333333333333 ] ] ] } },
{ "type": "Feature", "properties": { "cell_id": "r31_c36", "row": 31, "col": 36, "global_row": 5788, "global_col": 11083, "lon": -87.6375, "lat": 41.7625 }, "geometry": { "type": "Polygon", "coordinates": [ [ [ -87.633333333333326, 41.758333333333333 ], [ -87.633333333333326, 41.766666666666666 ], [ -87.641666666666666, 41.766666666666666 ], [ -87.641666666666666, 41.758333333333333 ], [ -87.633333333333326, 41.758333333333333 ] ] ] } },
{ "type": "Feature", "properties": { "cell_id": "r31_c37", "row": 31, "col": 37, "global_row": 5788, "global_col": 11084, "lon": -87.629166666666663, "lat": 41.7625 }, "geometry": { "type": "Polygon", "coordinates": [ [ [ -87.625, 41.758333333333333 ], [ -87.625, 41.766666666666666 ], [ -87.633333333333326, 41.766666666666666 ], [ -87.633333333333326, 41.758333333333333 ], [ -87.625, 41.758333333333333 ] ] ] } },
{ "type": "Feature", "properties": { "cell_id": "r31_c38", "row": 31, "col": 38, "global_row": 5788, "global_col": 11085, "lon": -87.620833333333337, "lat": 41.7625 }, "geometry": { "type": "Polygon", "coordinates": [ [ [ -87.61666666666666, 41.758333333333333 ], [ -87.61666666666666, 41.766666666666666 ], [ -87.625, 41.766666666666666 ], [ -87.625, 41.758333333333333 ], [ -87.61666666666666, 41.758333333333333 ] ] ] } },
{ "type": "Feature", "properties": { "cell_id": "r31_c39", "row": 31, "col": 39, "global_row": 5788, "global_col": 11086, "lon": -87.6125, "lat": 41.7625 }, "geometry": { "type": "Polygon", "coordinates": [ [ [ -87.608333333333334, 41.758333333333333 ], [ -87.608333333333334, 41.766666666666666 ], [ -87.61666666666666, 41.766666666666666 ], [ -87.61666666666666, 41.758333333333333 ], [ -87.608333333333334, 41.758333333333333 ] ] ] } },
{ "type": "Feature", "properties": { "cell_id": "r31_c40", "row": 31, "col": 40, "global_row": 5788, "global_col": 11087, "lon": -87.604166666666686, "lat": 41.7625 }, "geometry": { "type": "Polygon", "coordinates": [ [ [ -87.6, 41.758333333333333 ], [ -87.6, 41.766666666666666 ], [ -87.608333333333334, 41.766666666666666 ], [ -87.608333333333334, 41.758333333333333 ], [ -87.6, 41.758333333333333 ] ] ] } },
{ "type": "Feature", "properties": { "cell_id": "r31_c41", "row": 31, "col": 41, "global_row": 5788, "global_col": 11088, "lon": -87.595833333333317, "lat": 41.7625 }, "geometry": { "type": "Polygon", "coordinates": [ [ [ -87.591666666666669, 41.758333333333333 ], [ -87.591666666666669, 41.766666666666666 ], [ -87.6, 41.766666666666666 ], [ -87.6, 41.758333333333333 ], [ -87.591666666666669, 41.758333333333333 ] ] ] } },
{ "type": "Feature", "properties": { "cell_id": "r31_c42", "row": 31, "col": 42, "global_row": 5788, "global_col": 11089, "lon": -87.5875, "lat": 41.7625 }, "geometry": { "type": "Polygon", "coordinates": [ [ [ -87.583333333333329, 41.758333333333333 ], [ -87.583333333333329, 41.766666666666666 ], [ -87.591666666666669, 41.766666666666666 ], [ -87.591666666666669, 41.758333333333333 ], [ -87.583333333333329, 41.758333333333333 ] ] ] } },
{ "type": "Feature", "properties": { "cell_id": "r31_c43", "row": 31, "col": 43, "global_row": 5788, "global_col": 11090, "lon": -87.57916666666668, "lat": 41.7625 }, "geometry": { "type": "Polygon", "coordinates": [ [ [ -87.575, 41.758333333333333 ], [ -87.575, 41.766666666666666 ], [ -87.583333333333329, 41.766666666666666 ], [ -87.583333333333329, 41.758333333333333 ], [ -87.575, 41.758333333333333 ] ] ] } },
{ "type": "Feature", "properties": { "cell_id": "r31_c44", "row": 31, "col": 44, "global_row": 5788, "global_col": 11091, "lon": -87.570833333333312, "lat": 41.7625 }, "geometry": { "type": "Polygon", "coordinates": [ [ [ -87.566666666666663, 41.758333333333333 ], [ -87.566666666666663, 41.766666666666666 ], [ -87.575, 41.766666666666666 ], [ -87.575, 41.758333333333333 ], [ -87.566666666666663, 41.758333333333333 ] ] ] } },
{ "type": "Feature", "properties": { "cell_id": "r31_c45", "row": 31, "col": 45, "global_row": 5788, "global_col": 11092, "lon": -87.5625, "lat": 41.7625 }, "geometry": { "type": "Polygon", "coordinates": [ [ [ -87.558333333333323, 41.758333333333333 ], [ -87.558333333333323, 41.766666666666666 ], [ -87.566666666666663, 41.766666666666666 ], [ -87.566666666666663, 41.758333333333333 ], [ -87.558333333333323, 41.758333333333333 ] ] ] } },
{ "type": "Feature", "properties": { "cell_id": "r32_c24", "row": 32, "col": 24, "global_row": 5789, "global_col": 11071, "lon": -87.7375, "lat": 41.754166666666663 }, "geometry": { "type": "Polygon", "coordinates": [ [ [ -87.733333333333334, 41.75 ], [ -87.733333333333334, 41.758333333333333 ], [ -87.74166666666666, 41.758333333333333 ], [ -87.74166666666666, 41.75 ], [ -87.733333333333334, 41.75 ] ] ] } },
{ "type": "Feature", "properties": { "cell_id": "r32_c25", "row": 32, "col": 25, "global_row": 5789, "global_col": 11072, "lon": -87.729166666666671, "lat": 41.754166666666663 }, "geometry": { "type": "Polygon", "coordinates": [ [ [ -87.725, 41.75 ], [ -87.725, 41.758333333333333 ], [ -87.733333333333334, 41.758333333333333 ], [ -87.733333333333334, 41.75 ], [ -87.725, 41.75 ] ] ] } },
{ "type": "Feature", "properties": { "cell_id": "r32_c26", "row": 32, "col": 26, "global_row": 5789, "global_col": 11073, "lon": -87.720833333333317, "lat": 41.754166666666663 }, "geometry": { "type": "Polygon", "coordinates": [ [ [ -87.716666666666669, 41.75 ], [ -87.716666666666669, 41.758333333333333 ], [ -87.725, 41.758333333333333 ], [ -87.725, 41.75 ], [ -87.716666666666669, 41.75 ] ] ] } },
{ "type": "Feature", "properties": { "cell_id": "r32_c27", "row": 32, "col": 27, "global_row": 5789, "global_col": 11074, "lon": -87.7125, "lat": 41.754166666666663 }, "geometry": { "type": "Polygon", "coordinates": [ [ [ -87.708333333333329, 41.75 ], [ -87.708333333333329, 41.758333333333333 ], [ -87.716666666666669, 41.758333333333333 ], [ -87.716666666666669, 41.75 ], [ -87.708333333333329, 41.75 ] ] ] } },
{ "type": "Feature", "properties": { "cell_id": "r32_c28", "row": 32, "col": 28, "global_row": 5789, "global_col": 11075, "lon": -87.704166666666666, "lat": 41.754166666666663 }, "geometry": { "type": "Polygon", "coordinates": [ [ [ -87.7, 41.75 ], [ -87.7, 41.758333333333333 ], [ -87.708333333333329, 41.758333333333333 ], [ -87.708333333333329, 41.75 ], [ -87.7, 41.75 ] ] ] } },
{ "type": "Feature", "properties": { "cell_id": "r32_c29", "row": 32, "col": 29, "global_row": 5789, "global_col": 11076, "lon": -87.695833333333326, "lat": 41.754166666666663 }, "geometry": { "type": "Polygon", "coordinates": [ [ [ -87.691666666666663, 41.75 ], [ -87.691666666666663, 41.758333333333333 ], [ -87.7, 41.758333333333333 ], [ -87.7, 41.75 ], [ -87.691666666666663, 41.75 ] ] ] } },
{ "type": "Feature", "properties": { "cell_id": "r32_c30", "row": 32, "col": 30, "global_row": 5789, "global_col": 11077, "lon": -87.6875, "lat": 41.754166666666663 }, "geometry": { "type": "Polygon", "coordinates": [ [ [ -87.683333333333323, 41.75 ], [ -87.683333333333323, 41.758333333333333 ], [ -87.691666666666663, 41.758333333333333 ], [ -87.691666666666663, 41.75 ], [ -87.683333333333323, 41.75 ] ] ] } },
{ "type": "Feature", "properties": { "cell_id": "r32_c31", "row": 32, "col": 31, "global_row": 5789, "global_col": 11078, "lon": -87.679166666666674, "lat": 41.754166666666663 }, "geometry": { "type": "Polygon", "coordinates": [ [ [ -87.675, 41.75 ], [ -87.675, 41.758333333333333 ], [ -87.683333333333323, 41.758333333333333 ], [ -87.683333333333323, 41.75 ], [ -87.675, 41.75 ] ] ] } },
{ "type": "Feature", "properties": { "cell_id": "r32_c32", "row": 32, "col": 32, "global_row": 5789, "global_col": 11079, "lon": -87.670833333333334, "lat": 41.754166666666663 }, "geometry": { "type": "Polygon", "coordinates": [ [ [ -87.666666666666657, 41.75 ], [ -87.666666666666657, 41.758333333333333 ], [ -87.675, 41.758333333333333 ], [ -87.675, 41.75 ], [ -87.666666666666657, 41.75 ] ] ] } },
{ "type": "Feature", "properties": { "cell_id": "r32_c33", "row": 32, "col": 33, "global_row": 5789, "global_col": 11080, "lon": -87.6625, "lat": 41.754166666666663 }, "geometry": { "type": "Polygon", "coordinates": [ [ [ -87.658333333333331, 41.75 ], [ -87.658333333333331, 41.758333333333333 ], [ -87.666666666666657, 41.758333333333333 ], [ -87.666666666666657, 41.75 ], [ -87.658333333333331, 41.75 ] ] ] } },
{ "type": "Feature", "properties": { "cell_id": "r32_c34", "row": 32, "col": 34, "global_row": 5789, "global_col": 11081, "lon": -87.654166666666669, "lat": 41.754166666666663 }, "geometry": { "type": "Polygon", "coordinates": [ [ [ -87.65, 41.75 ], [ -87.65, 41.758333333333333 ], [ -87.658333333333331, 41.758333333333333 ], [ -87.658333333333331, 41.75 ], [ -87.65, 41.75 ] ] ] } },
{ "type": "Feature", "properties": { "cell_id": "r32_c35", "row": 32, "col": 35, "global_row": 5789, "global_col": 11082, "lon": -87.645833333333343, "lat": 41.754166666666663 }, "geometry": { "type": "Polygon", "coordinates": [ [ [ -87.641666666666666, 41.75 ], [ -87.641666666666666, 41.758333333333333 ], [ -87.65, 41.758333333333333 ], [ -87.65, 41.75 ], [ -87.641666666666666, 41.75 ] ] ] } },
{ "type": "Feature", "properties": { "cell_id": "r32_c36", "row": 32, "col": 36, "global_row": 5789, "global_col": 11083, "lon": -87.6375, "lat": 41.754166666666663 }, "geometry": { "type": "Polygon", "coordinates": [ [ [ -87.633333333333326, 41.75 ], [ -87.633333333333326, 41.758333333333333 ], [ -87.641666666666666, 41.758333333333333 ], [ -87.641666666666666, 41.75 ], [ -87.633333333333326, 41.75 ] ] ] } },
{ "type": "Feature", "properties": { "cell_id": "r32_c37", "row": 32, "col": 37, "global_row": 5789, "global_col": 11084, "lon": -87.629166666666663, "lat": 41.754166666666663 }, "geometry": { "type": "Polygon", "coordinates": [ [ [ -87.625, 41.75 ], [ -87.625, 41.758333333333333 ], [ -87.633333333333326, 41.758333333333333 ], [ -87.633333333333326, 41.75 ], [ -87.625, 41.75 ] ] ] } },
{ "type": "Feature", "properties": { "cell_id": "r32_c38", "row": 32, "col": 38, "global_row": 5789, "global_col": 11085, "lon": -87.620833333333337, "lat": 41.754166666666663 }, "geometry": { "type": "Polygon", "coordinates": [ [ [ -87.61666666666666, 41.75 ], [ -87.61666666666666, 41.758333333333333 ], [ -87.625, 41.758333333333333 ], [ -87.625, 41.75 ], [ -87.61666666666666, 41.75 ] ] ] } },
{ "type": "Feature", "properties": { "cell_id": "r32_c39", "row": 32, "col": 39, "global_row": 5789, "global_col": 11086, "lon": -87.6125, "lat": 41.754166666666663 }, "geometry": { "type": "Polygon", "coordinates": [ [ [ -87.608333333333334, 41.75 ], [ -87.608333333333334, 41.758333333333333 ], [ -87.61666666666666, 41.758333333333333 ], [ -87.61666666666666, 41.75 ], [ -87.608333333333334, 41.75 ] ] ] } },
{ "type": "Feature", "properties": { "cell_id": "r32_c40", "row": 32, "col": 40, "global_row": 5789, "global_col": 11087, "lon": -87.604166666666686, "lat": 41.754166666666663 }, "geometry": { "type": "Polygon", "coordinates": [ [ [ -87.6, 41.75 ], [ -87.6, 41.758333333333333 ], [ -87.608333333333334, 41.758333333333333 ], [ -87.608333333333334, 41.75 ], [ -87.6, 41.75 ] ] ] } },
{ "type": "Feature", "properties": { "cell_id": "r32_c41", "row": 32, "col": 41, "global_row": 5789, "global_col": 11088, "lon": -87.595833333333317, "lat": 41.754166666666663 }, "geometry": { "type": "Polygon", "coordinates": [ [ [ -87.591666666666669, 41.75 ], [ -87.591666666666669, 41.758333333333333 ], [ -87.6, 41.758333333333333 ], [ -87.6, 41.75 ], [ -87.591666666666669, 41.75 ] ] ] } },
{ "type": "Feature", "properties": { "cell_id": "r32_c42", "row": 32, "col": 42, "global_row": 5789, "global_col": 11089, "lon": -87.5875, "lat": 41.754166666666663 }, "geometry": { "type": "Polygon", "coordinates": [ [ [ -87.583333333333329, 41.75 ], [ -87.583333333333329, 41.758333333333333 ], [ -87.591666666666669, 41.758333333333333 ], [ -87.591666666666669, 41.75 ], [ -87.583333333333329, 41.75 ] ] ] } },
{ "type": "Feature", "properties": { "cell_id": "r32_c43", "row": 32, "col": 43, "global_row": 5789, "global_col": 11090, "lon": -87.57916666666668, "lat": 41.754166666666663 }, "geometry": { "type": "Polygon", "coordinates": [ [ [ -87.575, 41.75 ], [ -87.575, 41.758333333333333 ], [ -87.583333333333329, 41.758333333333333 ], [ -87.583333333333329, 41.75 ], [ -87.575, 41.75 ] ] ] } },
{ "type": "Feature", "properties": { "cell_id": "r32_c44", "row": 32, "col": 44, "global_row": 5789, "global_col": 11091, "lon": -87.570833333333312, "lat": 41.754166666666663 }, "geometry": { "type": "Polygon", "coordinates": [ [ [ -87.566666666666663, 41.75 ], [ -87.566666666666663, 41.758333333333333 ], [ -87.575, 41.758333333333333 ], [ -87.575, 41.75 ], [ -87.566666666666663, 41.75 ] ] ] } },
{ "type": "Feature", "properties": { "cell_id": "r32_c45", "row": 32, "col": 45, "global_row": 5789, "global_col": 11092, "lon": -87.5625, "lat": 41.754166666666663 }, "geometry": { "type": "Polygon", "coordinates": [ [ [ -87.558333333333323, 41.75 ], [ -87.558333333333323, 41.758333333333333 ], [ -87.566666666666663, 41.758333333333333 ], [ -87.566666666666663, 41.75 ], [ -87.558333333333323, 41.75 ] ] ] } },
{ "type": "Feature", "properties": { "cell_id": "r32_c46", "row": 32, "col": 46, "global_row": 5789, "global_col": 11093, "lon": -87.55416666666666, "lat": 41.754166666666663 }, "geometry": { "type": "Polygon", "coordinates": [ [ [ -87.55, 41.75 ], [ -87.55, 41.758333333333333 ], [ -87.558333333333323, 41.758333333333333 ], [ -87.558333333333323, 41.75 ], [ -87.55, 41.75 ] ] ] } },
{ "type": "Feature", "properties": { "cell_id": "r32_c47", "row": 32, "col": 47, "global_row": 5789, "global_col": 11094, "lon": -87.545833333333334, "lat": 41.754166666666663 }, "geometry": { "type": "Polygon", "coordinates": [ [ [ -87.541666666666657, 41.75 ], [ -87.541666666666657, 41.758333333333333 ], [ -87.55, 41.758333333333333 ], [ -87.55, 41.75 ], [ -87.541666666666657, 41.75 ] ] ] } },
{ "type": "Feature", "properties": { "cell_id": "r33_c24", "row": 33, "col": 24, "global_row": 5790, "global_col": 11071, "lon": -87.7375, "lat": 41.74583333333333 }, "geometry": { "type": "Polygon", "coordinates": [ [ [ -87.733333333333334, 41.741666666666667 ], [ -87.733333333333334, 41.75 ], [ -87.74166666666666, 41.75 ], [ -87.74166666666666, 41.741666666666667 ], [ -87.733333333333334, 41.741666666666667 ] ] ] } },
{ "type": "Feature", "properties": { "cell_id": "r33_c25", "row": 33, "col": 25, "global_row": 5790, "global_col": 11072, "lon": -87.729166666666671, "lat": 41.745833333333337 }, "geometry": { "type": "Polygon", "coordinates": [ [ [ -87.725, 41.741666666666667 ], [ -87.725, 41.75 ], [ -87.733333333333334, 41.75 ], [ -87.733333333333334, 41.741666666666667 ], [ -87.725, 41.741666666666667 ] ] ] } },
{ "type": "Feature", "properties": { "cell_id": "r33_c26", "row": 33, "col": 26, "global_row": 5790, "global_col": 11073, "lon": -87.720833333333317, "lat": 41.74583333333333 }, "geometry": { "type": "Polygon", "coordinates": [ [ [ -87.716666666666669, 41.741666666666667 ], [ -87.716666666666669, 41.75 ], [ -87.725, 41.75 ], [ -87.725, 41.741666666666667 ], [ -87.716666666666669, 41.741666666666667 ] ] ] } },
{ "type": "Feature", "properties": { "cell_id": "r33_c27", "row": 33, "col": 27, "global_row": 5790, "global_col": 11074, "lon": -87.7125, "lat": 41.745833333333337 }, "geometry": { "type": "Polygon", "coordinates": [ [ [ -87.708333333333329, 41.741666666666667 ], [ -87.708333333333329, 41.75 ], [ -87.716666666666669, 41.75 ], [ -87.716666666666669, 41.741666666666667 ], [ -87.708333333333329, 41.741666666666667 ] ] ] } },
{ "type": "Feature", "properties": { "cell_id": "r33_c28", "row": 33, "col": 28, "global_row": 5790, "global_col": 11075, "lon": -87.704166666666666, "lat": 41.74583333333333 }, "geometry": { "type": "Polygon", "coordinates": [ [ [ -87.7, 41.741666666666667 ], [ -87.7, 41.75 ], [ -87.708333333333329, 41.75 ], [ -87.708333333333329, 41.741666666666667 ], [ -87.7, 41.741666666666667 ] ] ] } },
{ "type": "Feature", "properties": { "cell_id": "r33_c29", "row": 33, "col": 29, "global_row": 5790, "global_col": 11076, "lon": -87.695833333333326, "lat": 41.745833333333337 }, "geometry": { "type": "Polygon", "coordinates": [ [ [ -87.691666666666663, 41.741666666666667 ], [ -87.691666666666663, 41.75 ], [ -87.7, 41.75 ], [ -87.7, 41.741666666666667 ], [ -87.691666666666663, 41.741666666666667 ] ] ] } },
{ "type": "Feature", "properties": { "cell_id": "r33_c30", "row": 33, "col": 30, "global_row": 5790, "global_col": 11077, "lon": -87.6875, "lat": 41.745833333333337 }, "geometry": { "type": "Polygon", "coordinates": [ [ [ -87.683333333333323, 41.741666666666667 ], [ -87.683333333333323, 41.75 ], [ -87.691666666666663, 41.75 ], [ -87.691666666666663, 41.741666666666667 ], [ -87.683333333333323, 41.741666666666667 ] ] ] } },
{ "type": "Feature", "properties": { "cell_id": "r33_c31", "row": 33, "col": 31, "global_row": 5790, "global_col": 11078, "lon": -87.679166666666674, "lat": 41.74583333333333 }, "geometry": { "type": "Polygon", "coordinates": [ [ [ -87.675, 41.741666666666667 ], [ -87.675, 41.75 ], [ -87.683333333333323, 41.75 ], [ -87.683333333333323, 41.741666666666667 ], [ -87.675, 41.741666666666667 ] ] ] } },
{ "type": "Feature", "properties": { "cell_id": "r33_c32", "row": 33, "col": 32, "global_row": 5790, "global_col": 11079, "lon": -87.670833333333334, "lat": 41.745833333333337 }, "geometry": { "type": "Polygon", "coordinates": [ [ [ -87.666666666666657, 41.741666666666667 ], [ -87.666666666666657, 41.75 ], [ -87.675, 41.75 ], [ -87.675, 41.741666666666667 ], [ -87.666666666666657, 41.741666666666667 ] ] ] } },
{ "type": "Feature", "properties": { "cell_id": "r33_c33", "row": 33, "col": 33, "global_row": 5790, "global_col": 11080, "lon": -87.6625, "lat": 41.74583333333333 }, "geometry": { "type": "Polygon", "coordinates": [ [ [ -87.658333333333331, 41.741666666666667 ], [ -87.658333333333331, 41.75 ], [ -87.666666666666657, 41.75 ], [ -87.666666666666657, 41.741666666666667 ], [ -87.658333333333331, 41.741666666666667 ] ] ] } },
{ "type": "Feature", "properties": { "cell_id": "r33_c34", "row": 33, "col": 34, "global_row": 5790, "global_col": 11081, "lon": -87.654166666666669, "lat": 41.745833333333337 }, "geometry": { "type": "Polygon", "coordinates": [ [ [ -87.65, 41.741666666666667 ], [ -87.65, 41.75 ], [ -87.658333333333331, 41.75 ], [ -87.658333333333331, 41.741666666666667 ], [ -87.65, 41.741666666666667 ] ] ] } },
{ "type": "Feature", "properties": { "cell_id": "r33_c35", "row": 33, "col": 35, "global_row": 5790, "global_col": 11082, "lon": -87.645833333333343, "lat": 41.74583333333333 }, "geometry": { "type": "Polygon", "coordinates": [ [ [ -87.641666666666666, 41.741666666666667 ], [ -87.641666666666666, 41.75 ], [ -87.65, 41.75 ], [ -87.65, 41.741666666666667 ], [ -87.641666666666666, 41.741666666666667 ] ] ] } },
{ "type": "Feature", "properties": { "cell_id": "r33_c36", "row": 33, "col": 36, "global_row": 5790, "global_col": 11083, "lon": -87.6375, "lat": 41.745833333333337 }, "geometry": { "type": "Polygon", "coordinates": [ [ [ -87.633333333333326, 41.741666666666667 ], [ -87.633333333333326, 41.75 ], [ -87.641666666666666, 41.75 ], [ -87.641666666666666, 41.741666666666667 ], [ -87.633333333333326, 41.741666666666667 ] ] ] } },
{ "type": "Feature", "properties": { "cell_id": "r33_c37", "row": 33, "col": 37, "global_row": 5790, "global_col": 11084, "lon": -87.629166666666663, "lat": 41.74583333333333 }, "geometry": { "type": "Polygon", "coordinates": [ [ [ -87.625, 41.741666666666667 ], [ -87.625, 41.75 ], [ -87.633333333333326, 41.75 ], [ -87.633333333333326, 41.741666666666667 ], [ -87.625, 41.741666666666667 ] ] ] } },
{ "type": "Feature", "properties": { "cell_id": "r33_c38", "row": 33, "col": 38, "global_row": 5790, "global_col": 11085, "lon": -87.620833333333337, "lat": 41.745833333333337 }, "geometry": { "type": "Polygon", "coordinates": [ [ [ -87.61666666666666, 41.741666666666667 ], [ -87.61666666666666, 41.75 ], [ -87.625, 41.75 ], [ -87.625, 41.741666666666667 ], [ -87.61666666666666, 41.741666666666667 ] ] ] } },
{ "type": "Feature", "properties": { "cell_id": "r33_c39", "row": 33, "col": 39, "global_row": 5790, "global_col": 11086, "lon": -87.6125, "lat": 41.74583333333333 }, "geometry": { "type": "Polygon", "coordinates": [ [ [ -87.608333333333334, 41.741666666666667 ], [ -87.608333333333334, 41.75 ], [ -87.61666666666666, 41.75 ], [ -87.61666666666666, 41.741666666666667 ], [ -87.608333333333334, 41.741666666666667 ] ] ] } },
{ "type": "Feature", "properties": { "cell_id": "r33_c40", "row": 33, "col": 40, "global_row": 5790, "global_col": 11087, "lon": -87.604166666666686, "lat": 41.745833333333337 }, "geometry": { "type": "Polygon", "coordinates": [ [ [ -87.6, 41.741666666666667 ], [ -87.6, 41.75 ], [ -87.608333333333334, 41.75 ], [ -87.608333333333334, 41.741666666666667 ], [ -87.6, 41.741666666666667 ] ] ] } },
{ "type": "Feature", "properties": { "cell_id": "r33_c41", "row": 33, "col": 41, "global_row": 5790, "global_col": 11088, "lon": -87.595833333333317, "lat": 41.74583333333333 }, "geometry": { "type": "Polygon", "coordinates": [ [ [ -87.591666666666669, 41.741666666666667 ], [ -87.591666666666669, 41.75 ], [ -87.6, 41.75 ], [ -87.6, 41.741666666666667 ], [ -87.591666666666669, 41.741666666666667 ] ] ] } },
{ "type": "Feature", "properties": { "cell_id": "r33_c42", "row": 33, "col": 42, "global_row": 5790, "global_col": 11089, "lon": -87.5875, "lat": 41.745833333333337 }, "geometry": { "type": "Polygon", "coordinates": [ [ [ -87.583333333333329, 41.741666666666667 ], [ -87.583333333333329, 41.75 ], [ -87.591666666666669, 41.75 ], [ -87.591666666666669, 41.741666666666667 ], [ -87.583333333333329, 41.741666666666667 ] ] ] } },
{ "type": "Feature", "properties": { "cell_id": "r33_c43", "row": 33, "col": 43, "global_row": 5790, "global_col": 11090, "lon": -87.57916666666668, "lat": 41.74583333333333 }, "geometry": { "type": "Polygon", "coordinates": [ [ [ -87.575, 41.741666666666667 ], [ -87.575, 41.75 ], [ -87.583333333333329, 41.75 ], [ -87.583333333333329, 41.741666666666667 ], [ -87.575, 41.741666666666667 ] ] ] } },
{ "type": "Feature", "properties": { "cell_id": "r33_c44", "row": 33, "col": 44, "global_row": 5790, "global_col": 11091, "lon": -87.570833333333312, "lat": 41.745833333333337 }, "geometry": { "type": "Polygon", "coordinates": [ [ [ -87.566666666666663, 41.741666666666667 ], [ -87.566666666666663, 41.75 ], [ -87.575, 41.75 ], [ -87.575, 41.741666666666667 ], [ -87.566666666666663, 41.741666666666667 ] ] ] } },
{ "type": "Feature", "properties": { "cell_id": "r33_c45", "row": 33, "col": 45, "global_row": 5790, "global_col": 11092, "lon": -87.5625, "lat": 41.745833333333337 }, "geometry": { "type": "Polygon", "coordinates": [ [ [ -87.558333333333323, 41.741666666666667 ], [ -87.558333333333323, 41.75 ], [ -87.566666666666663, 41.75 ], [ -87.566666666666663, 41.741666666666667 ], [ -87.558333333333323, 41.741666666666667 ] ] ] } },
{ "type": "Feature", "properties": { "cell_id": "r33_c46", "row": 33, "col": 46, "global_row": 5790, "global_col": 11093, "lon": -87.55416666666666, "lat": 41.74583333333333 }, "geometry": { "type": "Polygon", "coordinates": [ [ [ -87.55, 41.741666666666667 ], [ -87.55, 41.75 ], [ -87.558333333333323, 41.75 ], [ -87.558333333333323, 41.741666666666667 ], [ -87.55, 41.741666666666667 ] ] ] } },
{ "type": "Feature", "properties": { "cell_id": "r33_c47", "row": 33, "col": 47, "global_row": 5790, "global_col": 11094, "lon": -87.545833333333334, "lat": 41.745833333333337 }, "geometry": { "type": "Polygon", "coordinates": [ [ [ -87.541666666666657, 41.741666666666667 ], [ -87.541666666666657, 41.75 ], [ -87.55, 41.75 ], [ -87.55, 41.741666666666667 ], [ -87.541666666666657, 41.741666666666667 ] ] ] } },
{ "type": "Feature", "properties": { "cell_id": "r33_c48", "row": 33, "col": 48, "global_row": 5790, "global_col": 11095, "lon": -87.5375, "lat": 41.74583333333333 }, "geometry": { "type": "Polygon", "coordinates": [ [ [ -87.533333333333331, 41.741666666666667 ], [ -87.533333333333331, 41.75 ], [ -87.541666666666657, 41.75 ], [ -87.541666666666657, 41.741666666666667 ], [ -87.533333333333331, 41.741666666666667 ] ] ] } },
{ "type": "Feature", "properties": { "cell_id": "r34_c24", "row": 34, "col": 24, "global_row": 5791, "global_col": 11071, "lon": -87.7375, "lat": 41.7375 }, "geometry": { "type": "Polygon", "coordinates": [ [ [ -87.733333333333334, 41.733333333333334 ], [ -87.733333333333334, 41.741666666666667 ], [ -87.74166666666666, 41.741666666666667 ], [ -87.74166666666666, 41.733333333333334 ], [ -87.733333333333334, 41.733333333333334 ] ] ] } },
{ "type": "Feature", "properties": { "cell_id": "r34_c25", "row": 34, "col": 25, "global_row": 5791, "global_col": 11072, "lon": -87.729166666666671, "lat": 41.7375 }, "geometry": { "type": "Polygon", "coordinates": [ [ [ -87.725, 41.733333333333334 ], [ -87.725, 41.741666666666667 ], [ -87.733333333333334, 41.741666666666667 ], [ -87.733333333333334, 41.733333333333334 ], [ -87.725, 41.733333333333334 ] ] ] } },
{ "type": "Feature", "properties": { "cell_id": "r34_c26", "row": 34, "col": 26, "global_row": 5791, "global_col": 11073, "lon": -87.720833333333317, "lat": 41.7375 }, "geometry": { "type": "Polygon", "coordinates": [ [ [ -87.716666666666669, 41.733333333333334 ], [ -87.716666666666669, 41.741666666666667 ], [ -87.725, 41.741666666666667 ], [ -87.725, 41.733333333333334 ], [ -87.716666666666669, 41.733333333333334 ] ] ] } },
{ "type": "Feature", "properties": { "cell_id": "r34_c27", "row": 34, "col": 27, "global_row": 5791, "global_col": 11074, "lon": -87.7125, "lat": 41.7375 }, "geometry": { "type": "Polygon", "coordinates": [ [ [ -87.708333333333329, 41.733333333333334 ], [ -87.708333333333329, 41.741666666666667 ], [ -87.716666666666669, 41.741666666666667 ], [ -87.716666666666669, 41.733333333333334 ], [ -87.708333333333329, 41.733333333333334 ] ] ] } },
{ "type": "Feature", "properties": { "cell_id": "r34_c28", "row": 34, "col": 28, "global_row": 5791, "global_col": 11075, "lon": -87.704166666666666, "lat": 41.7375 }, "geometry": { "type": "Polygon", "coordinates": [ [ [ -87.7, 41.733333333333334 ], [ -87.7, 41.741666666666667 ], [ -87.708333333333329, 41.741666666666667 ], [ -87.708333333333329, 41.733333333333334 ], [ -87.7, 41.733333333333334 ] ] ] } },
{ "type": "Feature", "properties": { "cell_id": "r34_c29", "row": 34, "col": 29, "global_row": 5791, "global_col": 11076, "lon": -87.695833333333326, "lat": 41.7375 }, "geometry": { "type": "Polygon", "coordinates": [ [ [ -87.691666666666663, 41.733333333333334 ], [ -87.691666666666663, 41.741666666666667 ], [ -87.7, 41.741666666666667 ], [ -87.7, 41.733333333333334 ], [ -87.691666666666663, 41.733333333333334 ] ] ] } },
{ "type": "Feature", "properties": { "cell_id": "r34_c30", "row": 34, "col": 30, "global_row": 5791, "global_col": 11077, "lon": -87.6875, "lat": 41.7375 }, "geometry": { "type": "Polygon", "coordinates": [ [ [ -87.683333333333323, 41.733333333333334 ], [ -87.683333333333323, 41.741666666666667 ], [ -87.691666666666663, 41.741666666666667 ], [ -87.691666666666663, 41.733333333333334 ], [ -87.683333333333323, 41.733333333333334 ] ] ] } },
{ "type": "Feature", "properties": { "cell_id": "r34_c31", "row": 34, "col": 31, "global_row": 5791, "global_col": 11078, "lon": -87.679166666666674, "lat": 41.7375 }, "geometry": { "type": "Polygon", "coordinates": [ [ [ -87.675, 41.733333333333334 ], [ -87.675, 41.741666666666667 ], [ -87.683333333333323, 41.741666666666667 ], [ -87.683333333333323, 41.733333333333334 ], [ -87.675, 41.733333333333334 ] ] ] } },
{ "type": "Feature", "properties": { "cell_id": "r34_c32", "row": 34, "col": 32, "global_row": 5791, "global_col": 11079, "lon": -87.670833333333334, "lat": 41.7375 }, "geometry": { "type": "Polygon", "coordinates": [ [ [ -87.666666666666657, 41.733333333333334 ], [ -87.666666666666657, 41.741666666666667 ], [ -87.675, 41.741666666666667 ], [ -87.675, 41.733333333333334 ], [ -87.666666666666657, 41.733333333333334 ] ] ] } },
{ "type": "Feature", "properties": { "cell_id": "r34_c33", "row": 34, "col": 33, "global_row": 5791, "global_col": 11080, "lon": -87.6625, "lat": 41.7375 }, "geometry": { "type": "Polygon", "coordinates": [ [ [ -87.658333333333331, 41.733333333333334 ], [ -87.658333333333331, 41.741666666666667 ], [ -87.666666666666657, 41.741666666666667 ], [ -87.666666666666657, 41.733333333333334 ], [ -87.658333333333331, 41.733333333333334 ] ] ] } },
{ "type": "Feature", "properties": { "cell_id": "r34_c34", "row": 34, "col": 34, "global_row": 5791, "global_col": 11081, "lon": -87.654166666666669, "lat": 41.7375 }, "geometry": { "type": "Polygon", "coordinates": [ [ [ -87.65, 41.733333333333334 ], [ -87.65, 41.741666666666667 ], [ -87.658333333333331, 41.741666666666667 ], [ -87.658333333333331, 41.733333333333334 ], [ -87.65, 41.733333333333334 ] ] ] } },
{ "type": "Feature", "properties": { "cell_id": "r34_c35", "row": 34, "col": 35, "global_row": 5791, "global_col": 11082, "lon": -87.645833333333343, "lat": 41.7375 }, "geometry": { "type": "Polygon", "coordinates": [ [ [ -87.641666666666666, 41.733333333333334 ], [ -87.641666666666666, 41.741666666666667 ], [ -87.65, 41.741666666666667 ], [ -87.65, 41.733333333333334 ], [ -87.641666666666666, 41.733333333333334 ] ] ] } },
{ "type": "Feature", "properties": { "cell_id": "r34_c36", "row": 34, "col": 36, "global_row": 5791, "global_col": 11083, "lon": -87.6375, "lat": 41.7375 }, "geometry": { "type": "Polygon", "coordinates": [ [ [ -87.633333333333326, 41.733333333333334 ], [ -87.633333333333326, 41.741666666666667 ], [ -87.641666666666666, 41.741666666666667 ], [ -87.641666666666666, 41.733333333333334 ], [ -87.633333333333326, 41.733333333333334 ] ] ] } },
{ "type": "Feature", "properties": { "cell_id": "r34_c37", "row": 34, "col": 37, "global_row": 5791, "global_col": 11084, "lon": -87.629166666666663, "lat": 41.7375 }, "geometry": { "type": "Polygon", "coordinates": [ [ [ -87.625, 41.733333333333334 ], [ -87.625, 41.741666666666667 ], [ -87.633333333333326, 41.741666666666667 ], [ -87.633333333333326, 41.733333333333334 ], [ -87.625, 41.733333333333334 ] ] ] } },
{ "type": "Feature", "properties": { "cell_id": "r34_c38", "row": 34, "col": 38, "global_row": 5791, "global_col": 11085, "lon": -87.620833333333337, "lat": 41.7375 }, "geometry": { "type": "Polygon", "coordinates": [ [ [ -87.61666666666666, 41.733333333333334 ], [ -87.61666666666666, 41.741666666666667 ], [ -87.625, 41.741666666666667 ], [ -87.625, 41.733333333333334 ], [ -87.61666666666666, 41.733333333333334 ] ] ] } },
{ "type": "Feature", "properties": { "cell_id": "r34_c39", "row": 34, "col": 39, "global_row": 5791, "global_col": 11086, "lon": -87.6125, "lat": 41.7375 }, "geometry": { "type": "Polygon", "coordinates": [ [ [ -87.608333333333334, 41.733333333333334 ], [ -87.608333333333334, 41.741666666666667 ], [ -87.61666666666666, 41.741666666666667 ], [ -87.61666666666666, 41.733333333333334 ], [ -87.608333333333334, 41.733333333333334 ] ] ] } },
{ "type": "Feature", "properties": { "cell_id": "r34_c40", "row": 34, "col": 40, "global_row": 5791, "global_col": 11087, "lon": -87.604166666666686, "lat": 41.7375 }, "geometry": { "type": "Polygon", "coordinates": [ [ [ -87.6, 41.733333333333334 ], [ -87.6, 41.741666666666667 ], [ -87.608333333333334, 41.741666666666667 ], [ -87.608333333333334, 41.733333333333334 ], [ -87.6, 41.733333333333334 ] ] ] } },
{ "type": "Feature", "properties": { "cell_id": "r34_c41", "row": 34, "col": 41, "global_row": 5791, "global_col": 11088, "lon": -87.595833333333317, "lat": 41.7375 }, "geometry": { "type": "Polygon", "coordinates": [ [ [ -87.591666666666669, 41.733333333333334 ], [ -87.591666666666669, 41.741666666666667 ], [ -87.6, 41.741666666666667 ], [ -87.6, 41.733333333333334 ], [ -87.591666666666669, 41.733333333333334 ] ] ] } },
{ "type": "Feature", "properties": { "cell_id": "r34_c42", "row": 34, "col": 42, "global_row": 5791, "global_col": 11089, "lon": -87.5875, "lat": 41.7375 }, "geometry": { "type": "Polygon", "coordinates": [ [ [ -87.583333333333329, 41.733333333333334 ], [ -87.583333333333329, 41.741666666666667 ], [ -87.591666666666669, 41.741666666666667 ], [ -87.591666666666669, 41.733333333333334 ], [ -87.583333333333329, 41.733333333333334 ] ] ] } },
{ "type": "Feature", "properties": { "cell_id": "r34_c43", "row": 34, "col": 43, "global_row": 5791, "global_col": 11090, "lon": -87.57916666666668, "lat": 41.7375 }, "geometry": { "type": "Polygon", "coordinates": [ [ [ -87.575, 41.733333333333334 ], [ -87.575, 41.741666666666667 ], [ -87.583333333333329, 41.741666666666667 ], [ -87.583333333333329, 41.733333333333334 ], [ -87.575, 41.733333333333334 ] ] ] } },
{ "type": "Feature", "properties": { "cell_id": "r34_c44", "row": 34, "col": 44, "global_row": 5791, "global_col": 11091, "lon": -87.570833333333312, "lat": 41.7375 }, "geometry": { "type": "Polygon", "coordinates": [ [ [ -87.566666666666663, 41.733333333333334 ], [ -87.566666666666663, 41.741666666666667 ], [ -87.575, 41.741666666666667 ], [ -87.575, 41.733333333333334 ], [ -87.566666666666663, 41.733333333333334 ] ] ] } },
{ "type": "Feature", "properties": { "cell_id": "r34_c45", "row": 34, "col": 45, "global_row": 5791, "global_col": 11092, "lon": -87.5625, "lat": 41.7375 }, "geometry": { "type": "Polygon", "coordinates": [ [ [ -87.558333333333323, 41.733333333333334 ], [ -87.558333333333323, 41.741666666666667 ], [ -87.566666666666663, 41.741666666666667 ], [ -87.566666666666663, 41.733333333333334 ], [ -87.558333333333323, 41.733333333333334 ] ] ] } },
{ "type": "Feature", "properties": { "cell_id": "r34_c46", "row": 34, "col": 46, "global_row": 5791, "global_col": 11093, "lon": -87.55416666666666, "lat": 41.7375 }, "geometry": { "type": "Polygon", "coordinates": [ [ [ -87.55, 41.733333333333334 ], [ -87.55, 41.741666666666667 ], [ -87.558333333333323, 41.741666666666667 ], [ -87.558333333333323, 41.733333333333334 ], [ -87.55, 41.733333333333334 ] ] ] } },
{ "type": "Feature", "properties": { "cell_id": "r34_c47", "row": 34, "col": 47, "global_row": 5791, "global_col": 11094, "lon": -87.545833333333334, "lat": 41.7375 }, "geometry": { "type": "Polygon", "coordinates": [ [ [ -87.541666666666657, 41.733333333333334 ], [ -87.541666666666657, 41.741666666666667 ], [ -87.55, 41.741666666666667 ], [ -87.55, 41.733333333333334 ], [ -87.541666666666657, 41.733333333333334 ] ] ] } },
{ "type": "Feature", "properties": { "cell_id": "r34_c48", "row": 34, "col": 48, "global_row": 5791, "global_col": 11095, "lon": -87.5375, "lat": 41.7375 }, "geometry": { "type": "Polygon", "coordinates": [ [ [ -87.533333333333331, 41.733333333333334 ], [ -87.533333333333331, 41.741666666666667 ], [ -87.541666666666657, 41.741666666666667 ], [ -87.541666666666657, 41.733333333333334 ], [ -87.533333333333331, 41.733333333333334 ] ] ] } },
{ "type": "Feature", "properties": { "cell_id": "r35_c31", "row": 35, "col": 31, "global_row": 5792, "global_col": 11078, "lon": -87.679166666666674, "lat": 41.729166666666671 }, "geometry": { "type": "Polygon", "coordinates": [ [ [ -87.675, 41.725 ], [ -87.675, 41.733333333333334 ], [ -87.683333333333323, 41.733333333333334 ], [ -87.683333333333323, 41.725 ], [ -87.675, 41.725 ] ] ] } },
{ "type": "Feature", "properties": { "cell_id": "r35_c32", "row": 35, "col": 32, "global_row": 5792, "global_col": 11079, "lon": -87.670833333333334, "lat": 41.729166666666671 }, "geometry": { "type": "Polygon", "coordinates": [ [ [ -87.666666666666657, 41.725 ], [ -87.666666666666657, 41.733333333333334 ], [ -87.675, 41.733333333333334 ], [ -87.675, 41.725 ], [ -87.666666666666657, 41.725 ] ] ] } },
{ "type": "Feature", "properties": { "cell_id": "r35_c33", "row": 35, "col": 33, "global_row": 5792, "global_col": 11080, "lon": -87.6625, "lat": 41.729166666666671 }, "geometry": { "type": "Polygon", "coordinates": [ [ [ -87.658333333333331, 41.725 ], [ -87.658333333333331, 41.733333333333334 ], [ -87.666666666666657, 41.733333333333334 ], [ -87.666666666666657, 41.725 ], [ -87.658333333333331, 41.725 ] ] ] } },
{ "type": "Feature", "properties": { "cell_id": "r35_c34", "row": 35, "col": 34, "global_row": 5792, "global_col": 11081, "lon": -87.654166666666669, "lat": 41.729166666666671 }, "geometry": { "type": "Polygon", "coordinates": [ [ [ -87.65, 41.725 ], [ -87.65, 41.733333333333334 ], [ -87.658333333333331, 41.733333333333334 ], [ -87.658333333333331, 41.725 ], [ -87.65, 41.725 ] ] ] } },
{ "type": "Feature", "properties": { "cell_id": "r35_c35", "row": 35, "col": 35, "global_row": 5792, "global_col": 11082, "lon": -87.645833333333343, "lat": 41.729166666666671 }, "geometry": { "type": "Polygon", "coordinates": [ [ [ -87.641666666666666, 41.725 ], [ -87.641666666666666, 41.733333333333334 ], [ -87.65, 41.733333333333334 ], [ -87.65, 41.725 ], [ -87.641666666666666, 41.725 ] ] ] } },
{ "type": "Feature", "properties": { "cell_id": "r35_c36", "row": 35, "col": 36, "global_row": 5792, "global_col": 11083, "lon": -87.6375, "lat": 41.729166666666671 }, "geometry": { "type": "Polygon", "coordinates": [ [ [ -87.633333333333326, 41.725 ], [ -87.633333333333326, 41.733333333333334 ], [ -87.641666666666666, 41.733333333333334 ], [ -87.641666666666666, 41.725 ], [ -87.633333333333326, 41.725 ] ] ] } },
{ "type": "Feature", "properties": { "cell_id": "r35_c37", "row": 35, "col": 37, "global_row": 5792, "global_col": 11084, "lon": -87.629166666666663, "lat": 41.729166666666671 }, "geometry": { "type": "Polygon", "coordinates": [ [ [ -87.625, 41.725 ], [ -87.625, 41.733333333333334 ], [ -87.633333333333326, 41.733333333333334 ], [ -87.633333333333326, 41.725 ], [ -87.625, 41.725 ] ] ] } },
{ "type": "Feature", "properties": { "cell_id": "r35_c38", "row": 35, "col": 38, "global_row": 5792, "global_col": 11085, "lon": -87.620833333333337, "lat": 41.729166666666671 }, "geometry": { "type": "Polygon", "coordinates": [ [ [ -87.61666666666666, 41.725 ], [ -87.61666666666666, 41.733333333333334 ], [ -87.625, 41.733333333333334 ], [ -87.625, 41.725 ], [ -87.61666666666666, 41.725 ] ] ] } },
{ "type": "Feature", "properties": { "cell_id": "r35_c39", "row": 35, "col": 39, "global_row": 5792, "global_col": 11086, "lon": -87.6125, "lat": 41.729166666666671 }, "geometry": { "type": "Polygon", "coordinates": [ [ [ -87.608333333333334, 41.725 ], [ -87.608333333333334, 41.733333333333334 ], [ -87.61666666666666, 41.733333333333334 ], [ -87.61666666666666, 41.725 ], [ -87.608333333333334, 41.725 ] ] ] } },
{ "type": "Feature", "properties": { "cell_id": "r35_c40", "row": 35, "col": 40, "global_row": 5792, "global_col": 11087, "lon": -87.604166666666686, "lat": 41.729166666666671 }, "geometry": { "type": "Polygon", "coordinates": [ [ [ -87.6, 41.725 ], [ -87.6, 41.733333333333334 ], [ -87.608333333333334, 41.733333333333334 ], [ -87.608333333333334, 41.725 ], [ -87.6, 41.725 ] ] ] } },
{ "type": "Feature", "properties": { "cell_id": "r35_c41", "row": 35, "col": 41, "global_row": 5792, "global_col": 11088, "lon": -87.595833333333317, "lat": 41.729166666666671 }, "geometry": { "type": "Polygon", "coordinates": [ [ [ -87.591666666666669, 41.725 ], [ -87.591666666666669, 41.733333333333334 ], [ -87.6, 41.733333333333334 ], [ -87.6, 41.725 ], [ -87.591666666666669, 41.725 ] ] ] } },
{ "type": "Feature", "properties": { "cell_id": "r35_c42", "row": 35, "col": 42, "global_row": 5792, "global_col": 11089, "lon": -87.5875, "lat": 41.729166666666671 }, "geometry": { "type": "Polygon", "coordinates": [ [ [ -87.583333333333329, 41.725 ], [ -87.583333333333329, 41.733333333333334 ], [ -87.591666666666669, 41.733333333333334 ], [ -87.591666666666669, 41.725 ], [ -87.583333333333329, 41.725 ] ] ] } },
{ "type": "Feature", "properties": { "cell_id": "r35_c43", "row": 35, "col": 43, "global_row": 5792, "global_col": 11090, "lon": -87.57916666666668, "lat": 41.729166666666671 }, "geometry": { "type": "Polygon", "coordinates": [ [ [ -87.575, 41.725 ], [ -87.575, 41.733333333333334 ], [ -87.583333333333329, 41.733333333333334 ], [ -87.583333333333329, 41.725 ], [ -87.575, 41.725 ] ] ] } },
{ "type": "Feature", "properties": { "cell_id": "r35_c44", "row": 35, "col": 44, "global_row": 5792, "global_col": 11091, "lon": -87.570833333333312, "lat": 41.729166666666671 }, "geometry": { "type": "Polygon", "coordinates": [ [ [ -87.566666666666663, 41.725 ], [ -87.566666666666663, 41.733333333333334 ], [ -87.575, 41.733333333333334 ], [ -87.575, 41.725 ], [ -87.566666666666663, 41.725 ] ] ] } },
{ "type": "Feature", "properties": { "cell_id": "r35_c45", "row": 35, "col": 45, "global_row": 5792, "global_col": 11092, "lon": -87.5625, "lat": 41.729166666666671 }, "geometry": { "type": "Polygon", "coordinates": [ [ [ -87.558333333333323, 41.725 ], [ -87.558333333333323, 41.733333333333334 ], [ -87.566666666666663, 41.733333333333334 ], [ -87.566666666666663, 41.725 ], [ -87.558333333333323, 41.725 ] ] ] } },
{ "type": "Feature", "properties": { "cell_id": "r35_c46", "row": 35, "col": 46, "global_row": 5792, "global_col": 11093, "lon": -87.55416666666666, "lat": 41.729166666666671 }, "geometry": { "type": "Polygon", "coordinates": [ [ [ -87.55, 41.725 ], [ -87.55, 41.733333333333334 ], [ -87.558333333333323, 41.733333333333334 ], [ -87.558333333333323, 41.725 ], [ -87.55, 41.725 ] ] ] } },
{ "type": "Feature", "properties": { "cell_id": "r35_c47", "row": 35, "col": 47, "global_row": 5792, "global_col": 11094, "lon": -87.545833333333334, "lat": 41.729166666666671 }, "geometry": { "type": "Polygon", "coordinates": [ [ [ -87.541666666666657, 41.725 ], [ -87.541666666666657, 41.733333333333334 ], [ -87.55, 41.733333333333334 ], [ -87.55, 41.725 ], [ -87.541666666666657, 41.725 ] ] ] } },
{ "type": "Feature", "properties": { "cell_id": "r35_c48", "row": 35, "col": 48, "global_row": 5792, "global_col": 11095, "lon": -87.5375, "lat": 41.729166666666671 }, "geometry": { "type": "Polygon", "coordinates": [ [ [ -87.533333333333331, 41.725 ], [ -87.533333333333331, 41.733333333333334 ], [ -87.541666666666657, 41.733333333333334 ], [ -87.541666666666657, 41.725 ], [ -87.533333333333331, 41.725 ] ] ] } },
{ "type": "Feature", "properties": { "cell_id": "r35_c49", "row": 35, "col": 49, "global_row": 5792, "global_col": 11096, "lon": -87.529166666666669, "lat": 41.729166666666671 }, "geometry": { "type": "Polygon", "coordinates": [ [ [ -87.525, 41.725 ], [ -87.525, 41.733333333333334 ], [ -87.533333333333331, 41.733333333333334 ], [ -87.533333333333331, 41.725 ], [ -87.525, 41.725 ] ] ] } },
{ "type": "Feature", "properties": { "cell_id": "r36_c31", "row": 36, "col": 31, "global_row": 5793, "global_col": 11078, "lon": -87.679166666666674, "lat": 41.720833333333324 }, "geometry": { "type": "Polygon", "coordinates": [ [ [ -87.675, 41.716666666666669 ], [ -87.675, 41.725 ], [ -87.683333333333323, 41.725 ], [ -87.683333333333323, 41.716666666666669 ], [ -87.675, 41.716666666666669 ] ] ] } },
{ "type": "Feature", "properties": { "cell_id": "r36_c32", "row": 36, "col": 32, "global_row": 5793, "global_col": 11079, "lon": -87.670833333333334, "lat": 41.720833333333331 }, "geometry": { "type": "Polygon", "coordinates": [ [ [ -87.666666666666657, 41.716666666666669 ], [ -87.666666666666657, 41.725 ], [ -87.675, 41.725 ], [ -87.675, 41.716666666666669 ], [ -87.666666666666657, 41.716666666666669 ] ] ] } },
{ "type": "Feature", "properties": { "cell_id": "r36_c33", "row": 36, "col": 33, "global_row": 5793, "global_col": 11080, "lon": -87.6625, "lat": 41.720833333333324 }, "geometry": { "type": "Polygon", "coordinates": [ [ [ -87.658333333333331, 41.716666666666669 ], [ -87.658333333333331, 41.725 ], [ -87.666666666666657, 41.725 ], [ -87.666666666666657, 41.716666666666669 ], [ -87.658333333333331, 41.716666666666669 ] ] ] } },
{ "type": "Feature", "properties": { "cell_id": "r36_c34", "row": 36, "col": 34, "global_row": 5793, "global_col": 11081, "lon": -87.654166666666669, "lat": 41.720833333333331 }, "geometry": { "type": "Polygon", "coordinates": [ [ [ -87.65, 41.716666666666669 ], [ -87.65, 41.725 ], [ -87.658333333333331, 41.725 ], [ -87.658333333333331, 41.716666666666669 ], [ -87.65, 41.716666666666669 ] ] ] } },
{ "type": "Feature", "properties": { "cell_id": "r36_c35", "row": 36, "col": 35, "global_row": 5793, "global_col": 11082, "lon": -87.645833333333343, "lat": 41.720833333333324 }, "geometry": { "type": "Polygon", "coordinates": [ [ [ -87.641666666666666, 41.716666666666669 ], [ -87.641666666666666, 41.725 ], [ -87.65, 41.725 ], [ -87.65, 41.716666666666669 ], [ -87.641666666666666, 41.716666666666669 ] ] ] } },
{ "type": "Feature", "properties": { "cell_id": "r36_c36", "row": 36, "col": 36, "global_row": 5793, "global_col": 11083, "lon": -87.6375, "lat": 41.720833333333331 }, "geometry": { "type": "Polygon", "coordinates": [ [ [ -87.633333333333326, 41.716666666666669 ], [ -87.633333333333326, 41.725 ], [ -87.641666666666666, 41.725 ], [ -87.641666666666666, 41.716666666666669 ], [ -87.633333333333326, 41.716666666666669 ] ] ] } },
{ "type": "Feature", "properties": { "cell_id": "r36_c37", "row": 36, "col": 37, "global_row": 5793, "global_col": 11084, "lon": -87.629166666666663, "lat": 41.720833333333324 }, "geometry": { "type": "Polygon", "coordinates": [ [ [ -87.625, 41.716666666666669 ], [ -87.625, 41.725 ], [ -87.633333333333326, 41.725 ], [ -87.633333333333326, 41.716666666666669 ], [ -87.625, 41.716666666666669 ] ] ] } },
{ "type": "Feature", "properties": { "cell_id": "r36_c38", "row": 36, "col": 38, "global_row": 5793, "global_col": 11085, "lon": -87.620833333333337, "lat": 41.720833333333331 }, "geometry": { "type": "Polygon", "coordinates": [ [ [ -87.61666666666666, 41.716666666666669 ], [ -87.61666666666666, 41.725 ], [ -87.625, 41.725 ], [ -87.625, 41.716666666666669 ], [ -87.61666666666666, 41.716666666666669 ] ] ] } },
{ "type": "Feature", "properties": { "cell_id": "r36_c39", "row": 36, "col": 39, "global_row": 5793, "global_col": 11086, "lon": -87.6125, "lat": 41.720833333333324 }, "geometry": { "type": "Polygon", "coordinates": [ [ [ -87.608333333333334, 41.716666666666669 ], [ -87.608333333333334, 41.725 ], [ -87.61666666666666, 41.725 ], [ -87.61666666666666, 41.716666666666669 ], [ -87.608333333333334, 41.716666666666669 ] ] ] } },
{ "type": "Feature", "properties": { "cell_id": "r36_c40", "row": 36, "col": 40, "global_row": 5793, "global_col": 11087, "lon": -87.604166666666686, "lat": 41.720833333333331 }, "geometry": { "type": "Polygon", "coordinates": [ [ [ -87.6, 41.716666666666669 ], [ -87.6, 41.725 ], [ -87.608333333333334, 41.725 ], [ -87.608333333333334, 41.716666666666669 ], [ -87.6, 41.716666666666669 ] ] ] } },
{ "type": "Feature", "properties": { "cell_id": "r36_c41", "row": 36, "col": 41, "global_row": 5793, "global_col": 11088, "lon": -87.595833333333317, "lat": 41.720833333333324 }, "geometry": { "type": "Polygon", "coordinates": [ [ [ -87.591666666666669, 41.716666666666669 ], [ -87.591666666666669, 41.725 ], [ -87.6, 41.725 ], [ -87.6, 41.716666666666669 ], [ -87.591666666666669, 41.716666666666669 ] ] ] } },
{ "type": "Feature", "properties": { "cell_id": "r36_c42", "row": 36, "col": 42, "global_row": 5793, "global_col": 11089, "lon": -87.5875, "lat": 41.720833333333331 }, "geometry": { "type": "Polygon", "coordinates": [ [ [ -87.583333333333329, 41.716666666666669 ], [ -87.583333333333329, 41.725 ], [ -87.591666666666669, 41.725 ], [ -87.591666666666669, 41.716666666666669 ], [ -87.583333333333329, 41.716666666666669 ] ] ] } },
{ "type": "Feature", "properties": { "cell_id": "r36_c43", "row": 36, "col": 43, "global_row": 5793, "global_col": 11090, "lon": -87.57916666666668, "lat": 41.720833333333324 }, "geometry": { "type": "Polygon", "coordinates": [ [ [ -87.575, 41.716666666666669 ], [ -87.575, 41.725 ], [ -87.583333333333329, 41.725 ], [ -87.583333333333329, 41.716666666666669 ], [ -87.575, 41.716666666666669 ] ] ] } },
{ "type": "Feature", "properties": { "cell_id": "r36_c44", "row": 36, "col": 44, "global_row": 5793, "global_col": 11091, "lon": -87.570833333333312, "lat": 41.720833333333331 }, "geometry": { "type": "Polygon", "coordinates": [ [ [ -87.566666666666663, 41.716666666666669 ], [ -87.566666666666663, 41.725 ], [ -87.575, 41.725 ], [ -87.575, 41.716666666666669 ], [ -87.566666666666663, 41.716666666666669 ] ] ] } },
{ "type": "Feature", "properties": { "cell_id": "r36_c45", "row": 36, "col": 45, "global_row": 5793, "global_col": 11092, "lon": -87.5625, "lat": 41.720833333333331 }, "geometry": { "type": "Polygon", "coordinates": [ [ [ -87.558333333333323, 41.716666666666669 ], [ -87.558333333333323, 41.725 ], [ -87.566666666666663, 41.725 ], [ -87.566666666666663, 41.716666666666669 ], [ -87.558333333333323, 41.716666666666669 ] ] ] } },
{ "type": "Feature", "properties": { "cell_id": "r36_c46", "row": 36, "col": 46, "global_row": 5793, "global_col": 11093, "lon": -87.55416666666666, "lat": 41.720833333333324 }, "geometry": { "type": "Polygon", "coordinates": [ [ [ -87.55, 41.716666666666669 ], [ -87.55, 41.725 ], [ -87.558333333333323, 41.725 ], [ -87.558333333333323, 41.716666666666669 ], [ -87.55, 41.716666666666669 ] ] ] } },
{ "type": "Feature", "properties": { "cell_id": "r36_c47", "row": 36, "col": 47, "global_row": 5793, "global_col": 11094, "lon": -87.545833333333334, "lat": 41.720833333333331 }, "geometry": { "type": "Polygon", "coordinates": [ [ [ -87.541666666666657, 41.716666666666669 ], [ -87.541666666666657, 41.725 ], [ -87.55, 41.725 ], [ -87.55, 41.716666666666669 ], [ -87.541666666666657, 41.716666666666669 ] ] ] } },
{ "type": "Feature", "properties": { "cell_id": "r36_c48", "row": 36, "col": 48, "global_row": 5793, "global_col": 11095, "lon": -87.5375, "lat": 41.720833333333324 }, "geometry": { "type": "Polygon", "coordinates": [ [ [ -87.533333333333331, 41.716666666666669 ], [ -87.533333333333331, 41.725 ], [ -87.541666666666657, 41.725 ], [ -87.541666666666657, 41.716666666666669 ], [ -87.533333333333331, 41.716666666666669 ] ] ] } },
{ "type": "Feature", "properties": { "cell_id": "r36_c49", "row": 36, "col": 49, "global_row": 5793, "global_col": 11096, "lon": -87.529166666666669, "lat": 41.720833333333331 }, "geometry": { "type": "Polygon", "coordinates": [ [ [ -87.525, 41.716666666666669 ], [ -87.525, 41.725 ], [ -87.533333333333331, 41.725 ], [ -87.533333333333331, 41.716666666666669 ], [ -87.525, 41.716666666666669 ] ] ] } },
{ "type": "Feature", "properties": { "cell_id": "r37_c26", "row": 37, "col": 26, "global_row": 5794, "global_col": 11073, "lon": -87.720833333333317, "lat": 41.7125 }, "geometry": { "type": "Polygon", "coordinates": [ [ [ -87.716666666666669, 41.708333333333329 ], [ -87.716666666666669, 41.716666666666669 ], [ -87.725, 41.716666666666669 ], [ -87.725, 41.708333333333329 ], [ -87.716666666666669, 41.708333333333329 ] ] ] } },
{ "type": "Feature", "properties": { "cell_id": "r37_c30", "row": 37, "col": 30, "global_row": 5794, "global_col": 11077, "lon": -87.6875, "lat": 41.7125 }, "geometry": { "type": "Polygon", "coordinates": [ [ [ -87.683333333333323, 41.708333333333329 ], [ -87.683333333333323, 41.716666666666669 ], [ -87.691666666666663, 41.716666666666669 ], [ -87.691666666666663, 41.708333333333329 ], [ -87.683333333333323, 41.708333333333329 ] ] ] } },
{ "type": "Feature", "properties": { "cell_id": "r37_c31", "row": 37, "col": 31, "global_row": 5794, "global_col": 11078, "lon": -87.679166666666646, "lat": 41.7125 }, "geometry": { "type": "Polygon", "coordinates": [ [ [ -87.675, 41.708333333333329 ], [ -87.675, 41.716666666666669 ], [ -87.683333333333323, 41.716666666666669 ], [ -87.683333333333323, 41.708333333333329 ], [ -87.675, 41.708333333333329 ] ] ] } },
{ "type": "Feature", "properties": { "cell_id": "r37_c32", "row": 37, "col": 32, "global_row": 5794, "global_col": 11079, "lon": -87.67083333333332, "lat": 41.7125 }, "geometry": { "type": "Polygon", "coordinates": [ [ [ -87.666666666666657, 41.708333333333329 ], [ -87.666666666666657, 41.716666666666669 ], [ -87.675, 41.716666666666669 ], [ -87.675, 41.708333333333329 ], [ -87.666666666666657, 41.708333333333329 ] ] ] } },
{ "type": "Feature", "properties": { "cell_id": "r37_c33", "row": 37, "col": 33, "global_row": 5794, "global_col": 11080, "lon": -87.6625, "lat": 41.7125 }, "geometry": { "type": "Polygon", "coordinates": [ [ [ -87.658333333333331, 41.708333333333329 ], [ -87.658333333333331, 41.716666666666669 ], [ -87.666666666666657, 41.716666666666669 ], [ -87.666666666666657, 41.708333333333329 ], [ -87.658333333333331, 41.708333333333329 ] ] ] } },
{ "type": "Feature", "properties": { "cell_id": "r37_c34", "row": 37, "col": 34, "global_row": 5794, "global_col": 11081, "lon": -87.654166666666669, "lat": 41.7125 }, "geometry": { "type": "Polygon", "coordinates": [ [ [ -87.65, 41.708333333333329 ], [ -87.65, 41.716666666666669 ], [ -87.658333333333331, 41.716666666666669 ], [ -87.658333333333331, 41.708333333333329 ], [ -87.65, 41.708333333333329 ] ] ] } },
{ "type": "Feature", "properties": { "cell_id": "r37_c35", "row": 37, "col": 35, "global_row": 5794, "global_col": 11082, "lon": -87.645833333333314, "lat": 41.7125 }, "geometry": { "type": "Polygon", "coordinates": [ [ [ -87.641666666666666, 41.708333333333329 ], [ -87.641666666666666, 41.716666666666669 ], [ -87.65, 41.716666666666669 ], [ -87.65, 41.708333333333329 ], [ -87.641666666666666, 41.708333333333329 ] ] ] } },
{ "type": "Feature", "properties": { "cell_id": "r37_c36", "row": 37, "col": 36, "global_row": 5794, "global_col": 11083, "lon": -87.6375, "lat": 41.7125 }, "geometry": { "type": "Polygon", "coordinates": [ [ [ -87.633333333333326, 41.708333333333329 ], [ -87.633333333333326, 41.716666666666669 ], [ -87.641666666666666, 41.716666666666669 ], [ -87.641666666666666, 41.708333333333329 ], [ -87.633333333333326, 41.708333333333329 ] ] ] } },
{ "type": "Feature", "properties": { "cell_id": "r37_c37", "row": 37, "col": 37, "global_row": 5794, "global_col": 11084, "lon": -87.629166666666663, "lat": 41.7125 }, "geometry": { "type": "Polygon", "coordinates": [ [ [ -87.625, 41.708333333333329 ], [ -87.625, 41.716666666666669 ], [ -87.633333333333326, 41.716666666666669 ], [ -87.633333333333326, 41.708333333333329 ], [ -87.625, 41.708333333333329 ] ] ] } },
{ "type": "Feature", "properties": { "cell_id": "r37_c38", "row": 37, "col": 38, "global_row": 5794, "global_col": 11085, "lon": -87.620833333333337, "lat": 41.7125 }, "geometry": { "type": "Polygon", "coordinates": [ [ [ -87.61666666666666, 41.708333333333329 ], [ -87.61666666666666, 41.716666666666669 ], [ -87.625, 41.716666666666669 ], [ -87.625, 41.708333333333329 ], [ -87.61666666666666, 41.708333333333329 ] ] ] } },
{ "type": "Feature", "properties": { "cell_id": "r37_c39", "row": 37, "col": 39, "global_row": 5794, "global_col": 11086, "lon": -87.6125, "lat": 41.7125 }, "geometry": { "type": "Polygon", "coordinates": [ [ [ -87.608333333333334, 41.708333333333329 ], [ -87.608333333333334, 41.716666666666669 ], [ -87.61666666666666, 41.716666666666669 ], [ -87.61666666666666, 41.708333333333329 ], [ -87.608333333333334, 41.708333333333329 ] ] ] } },
{ "type": "Feature", "properties": { "cell_id": "r37_c40", "row": 37, "col": 40, "global_row": 5794, "global_col": 11087, "lon": -87.604166666666657, "lat": 41.7125 }, "geometry": { "type": "Polygon", "coordinates": [ [ [ -87.6, 41.708333333333329 ], [ -87.6, 41.716666666666669 ], [ -87.608333333333334, 41.716666666666669 ], [ -87.608333333333334, 41.708333333333329 ], [ -87.6, 41.708333333333329 ] ] ] } },
{ "type": "Feature", "properties": { "cell_id": "r37_c41", "row": 37, "col": 41, "global_row": 5794, "global_col": 11088, "lon": -87.595833333333331, "lat": 41.7125 }, "geometry": { "type": "Polygon", "coordinates": [ [ [ -87.591666666666669, 41.708333333333329 ], [ -87.591666666666669, 41.716666666666669 ], [ -87.6, 41.716666666666669 ], [ -87.6, 41.708333333333329 ], [ -87.591666666666669, 41.708333333333329 ] ] ] } },
{ "type": "Feature", "properties": { "cell_id": "r37_c42", "row": 37, "col": 42, "global_row": 5794, "global_col": 11089, "lon": -87.5875, "lat": 41.7125 }, "geometry": { "type": "Polygon", "coordinates": [ [ [ -87.583333333333329, 41.708333333333329 ], [ -87.583333333333329, 41.716666666666669 ], [ -87.591666666666669, 41.716666666666669 ], [ -87.591666666666669, 41.708333333333329 ], [ -87.583333333333329, 41.708333333333329 ] ] ] } },
{ "type": "Feature", "properties": { "cell_id": "r37_c43", "row": 37, "col": 43, "global_row": 5794, "global_col": 11090, "lon": -87.57916666666668, "lat": 41.7125 }, "geometry": { "type": "Polygon", "coordinates": [ [ [ -87.575, 41.708333333333329 ], [ -87.575, 41.716666666666669 ], [ -87.583333333333329, 41.716666666666669 ], [ -87.583333333333329, 41.708333333333329 ], [ -87.575, 41.708333333333329 ] ] ] } },
{ "type": "Feature", "properties": { "cell_id": "r37_c44", "row": 37, "col": 44, "global_row": 5794, "global_col": 11091, "lon": -87.570833333333326, "lat": 41.7125 }, "geometry": { "type": "Polygon", "coordinates": [ [ [ -87.566666666666663, 41.708333333333329 ], [ -87.566666666666663, 41.716666666666669 ], [ -87.575, 41.716666666666669 ], [ -87.575, 41.708333333333329 ], [ -87.566666666666663, 41.708333333333329 ] ] ] } },
{ "type": "Feature", "properties": { "cell_id": "r37_c45", "row": 37, "col": 45, "global_row": 5794, "global_col": 11092, "lon": -87.5625, "lat": 41.7125 }, "geometry": { "type": "Polygon", "coordinates": [ [ [ -87.558333333333323, 41.708333333333329 ], [ -87.558333333333323, 41.716666666666669 ], [ -87.566666666666663, 41.716666666666669 ], [ -87.566666666666663, 41.708333333333329 ], [ -87.558333333333323, 41.708333333333329 ] ] ] } },
{ "type": "Feature", "properties": { "cell_id": "r37_c46", "row": 37, "col": 46, "global_row": 5794, "global_col": 11093, "lon": -87.554166666666646, "lat": 41.7125 }, "geometry": { "type": "Polygon", "coordinates": [ [ [ -87.55, 41.708333333333329 ], [ -87.55, 41.716666666666669 ], [ -87.558333333333323, 41.716666666666669 ], [ -87.558333333333323, 41.708333333333329 ], [ -87.55, 41.708333333333329 ] ] ] } },
{ "type": "Feature", "properties": { "cell_id": "r37_c47", "row": 37, "col": 47, "global_row": 5794, "global_col": 11094, "lon": -87.545833333333334, "lat": 41.7125 }, "geometry": { "type": "Polygon", "coordinates": [ [ [ -87.541666666666657, 41.708333333333329 ], [ -87.541666666666657, 41.716666666666669 ], [ -87.55, 41.716666666666669 ], [ -87.55, 41.708333333333329 ], [ -87.541666666666657, 41.708333333333329 ] ] ] } },
{ "type": "Feature", "properties": { "cell_id": "r37_c48", "row": 37, "col": 48, "global_row": 5794, "global_col": 11095, "lon": -87.5375, "lat": 41.7125 }, "geometry": { "type": "Polygon", "coordinates": [ [ [ -87.533333333333331, 41.708333333333329 ], [ -87.533333333333331, 41.716666666666669 ], [ -87.541666666666657, 41.716666666666669 ], [ -87.541666666666657, 41.708333333333329 ], [ -87.533333333333331, 41.708333333333329 ] ] ] } },
{ "type": "Feature", "properties": { "cell_id": "r37_c49", "row": 37, "col": 49, "global_row": 5794, "global_col": 11096, "lon": -87.529166666666669, "lat": 41.7125 }, "geometry": { "type": "Polygon", "coordinates": [ [ [ -87.525, 41.708333333333329 ], [ -87.525, 41.716666666666669 ], [ -87.533333333333331, 41.716666666666669 ], [ -87.533333333333331, 41.708333333333329 ], [ -87.525, 41.708333333333329 ] ] ] } },
{ "type": "Feature", "properties": { "cell_id": "r38_c26", "row": 38, "col": 26, "global_row": 5795, "global_col": 11073, "lon": -87.720833333333317, "lat": 41.704166666666666 }, "geometry": { "type": "Polygon", "coordinates": [ [ [ -87.716666666666669, 41.7 ], [ -87.716666666666669, 41.708333333333329 ], [ -87.725, 41.708333333333329 ], [ -87.725, 41.7 ], [ -87.716666666666669, 41.7 ] ] ] } },
{ "type": "Feature", "properties": { "cell_id": "r38_c27", "row": 38, "col": 27, "global_row": 5795, "global_col": 11074, "lon": -87.7125, "lat": 41.704166666666673 }, "geometry": { "type": "Polygon", "coordinates": [ [ [ -87.708333333333329, 41.7 ], [ -87.708333333333329, 41.708333333333329 ], [ -87.716666666666669, 41.708333333333329 ], [ -87.716666666666669, 41.7 ], [ -87.708333333333329, 41.7 ] ] ] } },
{ "type": "Feature", "properties": { "cell_id": "r38_c28", "row": 38, "col": 28, "global_row": 5795, "global_col": 11075, "lon": -87.704166666666666, "lat": 41.704166666666666 }, "geometry": { "type": "Polygon", "coordinates": [ [ [ -87.7, 41.7 ], [ -87.7, 41.708333333333329 ], [ -87.708333333333329, 41.708333333333329 ], [ -87.708333333333329, 41.7 ], [ -87.7, 41.7 ] ] ] } },
{ "type": "Feature", "properties": { "cell_id": "r38_c29", "row": 38, "col": 29, "global_row": 5795, "global_col": 11076, "lon": -87.695833333333326, "lat": 41.704166666666673 }, "geometry": { "type": "Polygon", "coordinates": [ [ [ -87.691666666666663, 41.7 ], [ -87.691666666666663, 41.708333333333329 ], [ -87.7, 41.708333333333329 ], [ -87.7, 41.7 ], [ -87.691666666666663, 41.7 ] ] ] } },
{ "type": "Feature", "properties": { "cell_id": "r38_c30", "row": 38, "col": 30, "global_row": 5795, "global_col": 11077, "lon": -87.6875, "lat": 41.704166666666673 }, "geometry": { "type": "Polygon", "coordinates": [ [ [ -87.683333333333323, 41.7 ], [ -87.683333333333323, 41.708333333333329 ], [ -87.691666666666663, 41.708333333333329 ], [ -87.691666666666663, 41.7 ], [ -87.683333333333323, 41.7 ] ] ] } },
{ "type": "Feature", "properties": { "cell_id": "r38_c31", "row": 38, "col": 31, "global_row": 5795, "global_col": 11078, "lon": -87.679166666666674, "lat": 41.704166666666666 }, "geometry": { "type": "Polygon", "coordinates": [ [ [ -87.675, 41.7 ], [ -87.675, 41.708333333333329 ], [ -87.683333333333323, 41.708333333333329 ], [ -87.683333333333323, 41.7 ], [ -87.675, 41.7 ] ] ] } },
{ "type": "Feature", "properties": { "cell_id": "r38_c32", "row": 38, "col": 32, "global_row": 5795, "global_col": 11079, "lon": -87.670833333333334, "lat": 41.704166666666673 }, "geometry": { "type": "Polygon", "coordinates": [ [ [ -87.666666666666657, 41.7 ], [ -87.666666666666657, 41.708333333333329 ], [ -87.675, 41.708333333333329 ], [ -87.675, 41.7 ], [ -87.666666666666657, 41.7 ] ] ] } },
{ "type": "Feature", "properties": { "cell_id": "r38_c33", "row": 38, "col": 33, "global_row": 5795, "global_col": 11080, "lon": -87.6625, "lat": 41.704166666666666 }, "geometry": { "type": "Polygon", "coordinates": [ [ [ -87.658333333333331, 41.7 ], [ -87.658333333333331, 41.708333333333329 ], [ -87.666666666666657, 41.708333333333329 ], [ -87.666666666666657, 41.7 ], [ -87.658333333333331, 41.7 ] ] ] } },
{ "type": "Feature", "properties": { "cell_id": "r38_c34", "row": 38, "col": 34, "global_row": 5795, "global_col": 11081, "lon": -87.654166666666669, "lat": 41.704166666666673 }, "geometry": { "type": "Polygon", "coordinates": [ [ [ -87.65, 41.7 ], [ -87.65, 41.708333333333329 ], [ -87.658333333333331, 41.708333333333329 ], [ -87.658333333333331, 41.7 ], [ -87.65, 41.7 ] ] ] } },
{ "type": "Feature", "properties": { "cell_id": "r38_c35", "row": 38, "col": 35, "global_row": 5795, "global_col": 11082, "lon": -87.645833333333343, "lat": 41.704166666666666 }, "geometry": { "type": "Polygon", "coordinates": [ [ [ -87.641666666666666, 41.7 ], [ -87.641666666666666, 41.708333333333329 ], [ -87.65, 41.708333333333329 ], [ -87.65, 41.7 ], [ -87.641666666666666, 41.7 ] ] ] } },
{ "type": "Feature", "properties": { "cell_id": "r38_c36", "row": 38, "col": 36, "global_row": 5795, "global_col": 11083, "lon": -87.6375, "lat": 41.704166666666673 }, "geometry": { "type": "Polygon", "coordinates": [ [ [ -87.633333333333326, 41.7 ], [ -87.633333333333326, 41.708333333333329 ], [ -87.641666666666666, 41.708333333333329 ], [ -87.641666666666666, 41.7 ], [ -87.633333333333326, 41.7 ] ] ] } },
{ "type": "Feature", "properties": { "cell_id": "r38_c37", "row": 38, "col": 37, "global_row": 5795, "global_col": 11084, "lon": -87.629166666666663, "lat": 41.704166666666666 }, "geometry": { "type": "Polygon", "coordinates": [ [ [ -87.625, 41.7 ], [ -87.625, 41.708333333333329 ], [ -87.633333333333326, 41.708333333333329 ], [ -87.633333333333326, 41.7 ], [ -87.625, 41.7 ] ] ] } },
{ "type": "Feature", "properties": { "cell_id": "r38_c38", "row": 38, "col": 38, "global_row": 5795, "global_col": 11085, "lon": -87.620833333333337, "lat": 41.704166666666673 }, "geometry": { "type": "Polygon", "coordinates": [ [ [ -87.61666666666666, 41.7 ], [ -87.61666666666666, 41.708333333333329 ], [ -87.625, 41.708333333333329 ], [ -87.625, 41.7 ], [ -87.61666666666666, 41.7 ] ] ] } },
{ "type": "Feature", "properties": { "cell_id": "r38_c39", "row": 38, "col": 39, "global_row": 5795, "global_col": 11086, "lon": -87.6125, "lat": 41.704166666666666 }, "geometry": { "type": "Polygon", "coordinates": [ [ [ -87.608333333333334, 41.7 ], [ -87.608333333333334, 41.708333333333329 ], [ -87.61666666666666, 41.708333333333329 ], [ -87.61666666666666, 41.7 ], [ -87.608333333333334, 41.7 ] ] ] } },
{ "type": "Feature", "properties": { "cell_id": "r38_c40", "row": 38, "col": 40, "global_row": 5795, "global_col": 11087, "lon": -87.604166666666686, "lat": 41.704166666666673 }, "geometry": { "type": "Polygon", "coordinates": [ [ [ -87.6, 41.7 ], [ -87.6, 41.708333333333329 ], [ -87.608333333333334, 41.708333333333329 ], [ -87.608333333333334, 41.7 ], [ -87.6, 41.7 ] ] ] } },
{ "type": "Feature", "properties": { "cell_id": "r38_c41", "row": 38, "col": 41, "global_row": 5795, "global_col": 11088, "lon": -87.595833333333317, "lat": 41.704166666666666 }, "geometry": { "type": "Polygon", "coordinates": [ [ [ -87.591666666666669, 41.7 ], [ -87.591666666666669, 41.708333333333329 ], [ -87.6, 41.708333333333329 ], [ -87.6, 41.7 ], [ -87.591666666666669, 41.7 ] ] ] } },
{ "type": "Feature", "properties": { "cell_id": "r38_c42", "row": 38, "col": 42, "global_row": 5795, "global_col": 11089, "lon": -87.5875, "lat": 41.704166666666673 }, "geometry": { "type": "Polygon", "coordinates": [ [ [ -87.583333333333329, 41.7 ], [ -87.583333333333329, 41.708333333333329 ], [ -87.591666666666669, 41.708333333333329 ], [ -87.591666666666669, 41.7 ], [ -87.583333333333329, 41.7 ] ] ] } },
{ "type": "Feature", "properties": { "cell_id": "r38_c43", "row": 38, "col": 43, "global_row": 5795, "global_col": 11090, "lon": -87.57916666666668, "lat": 41.704166666666666 }, "geometry": { "type": "Polygon", "coordinates": [ [ [ -87.575, 41.7 ], [ -87.575, 41.708333333333329 ], [ -87.583333333333329, 41.708333333333329 ], [ -87.583333333333329, 41.7 ], [ -87.575, 41.7 ] ] ] } },
{ "type": "Feature", "properties": { "cell_id": "r38_c44", "row": 38, "col": 44, "global_row": 5795, "global_col": 11091, "lon": -87.570833333333312, "lat": 41.704166666666673 }, "geometry": { "type": "Polygon", "coordinates": [ [ [ -87.566666666666663, 41.7 ], [ -87.566666666666663, 41.708333333333329 ], [ -87.575, 41.708333333333329 ], [ -87.575, 41.7 ], [ -87.566666666666663, 41.7 ] ] ] } },
{ "type": "Feature", "properties": { "cell_id": "r38_c45", "row": 38, "col": 45, "global_row": 5795, "global_col": 11092, "lon": -87.5625, "lat": 41.704166666666673 }, "geometry": { "type": "Polygon", "coordinates": [ [ [ -87.558333333333323, 41.7 ], [ -87.558333333333323, 41.708333333333329 ], [ -87.566666666666663, 41.708333333333329 ], [ -87.566666666666663, 41.7 ], [ -87.558333333333323, 41.7 ] ] ] } },
{ "type": "Feature", "properties": { "cell_id": "r38_c46", "row": 38, "col": 46, "global_row": 5795, "global_col": 11093, "lon": -87.55416666666666, "lat": 41.704166666666666 }, "geometry": { "type": "Polygon", "coordinates": [ [ [ -87.55, 41.7 ], [ -87.55, 41.708333333333329 ], [ -87.558333333333323, 41.708333333333329 ], [ -87.558333333333323, 41.7 ], [ -87.55, 41.7 ] ] ] } },
{ "type": "Feature", "properties": { "cell_id": "r38_c47", "row": 38, "col": 47, "global_row": 5795, "global_col": 11094, "lon": -87.545833333333334, "lat": 41.704166666666673 }, "geometry": { "type": "Polygon", "coordinates": [ [ [ -87.541666666666657, 41.7 ], [ -87.541666666666657, 41.708333333333329 ], [ -87.55, 41.708333333333329 ], [ -87.55, 41.7 ], [ -87.541666666666657, 41.7 ] ] ] } },
{ "type": "Feature", "properties": { "cell_id": "r38_c48", "row": 38, "col": 48, "global_row": 5795, "global_col": 11095, "lon": -87.5375, "lat": 41.704166666666666 }, "geometry": { "type": "Polygon", "coordinates": [ [ [ -87.533333333333331, 41.7 ], [ -87.533333333333331, 41.708333333333329 ], [ -87.541666666666657, 41.708333333333329 ], [ -87.541666666666657, 41.7 ], [ -87.533333333333331, 41.7 ] ] ] } },
{ "type": "Feature", "properties": { "cell_id": "r38_c49", "row": 38, "col": 49, "global_row": 5795, "global_col": 11096, "lon": -87.529166666666669, "lat": 41.704166666666673 }, "geometry": { "type": "Polygon", "coordinates": [ [ [ -87.525, 41.7 ], [ -87.525, 41.708333333333329 ], [ -87.533333333333331, 41.708333333333329 ], [ -87.533333333333331, 41.7 ], [ -87.525, 41.7 ] ] ] } },
{ "type": "Feature", "properties": { "cell_id": "r39_c27", "row": 39, "col": 27, "global_row": 5796, "global_col": 11074, "lon": -87.7125, "lat": 41.695833333333326 }, "geometry": { "type": "Polygon", "coordinates": [ [ [ -87.708333333333329, 41.691666666666663 ], [ -87.708333333333329, 41.7 ], [ -87.716666666666669, 41.7 ], [ -87.716666666666669, 41.691666666666663 ], [ -87.708333333333329, 41.691666666666663 ] ] ] } },
{ "type": "Feature", "properties": { "cell_id": "r39_c28", "row": 39, "col": 28, "global_row": 5796, "global_col": 11075, "lon": -87.704166666666666, "lat": 41.695833333333319 }, "geometry": { "type": "Polygon", "coordinates": [ [ [ -87.7, 41.691666666666663 ], [ -87.7, 41.7 ], [ -87.708333333333329, 41.7 ], [ -87.708333333333329, 41.691666666666663 ], [ -87.7, 41.691666666666663 ] ] ] } },
{ "type": "Feature", "properties": { "cell_id": "r39_c30", "row": 39, "col": 30, "global_row": 5796, "global_col": 11077, "lon": -87.6875, "lat": 41.695833333333326 }, "geometry": { "type": "Polygon", "coordinates": [ [ [ -87.683333333333323, 41.691666666666663 ], [ -87.683333333333323, 41.7 ], [ -87.691666666666663, 41.7 ], [ -87.691666666666663, 41.691666666666663 ], [ -87.683333333333323, 41.691666666666663 ] ] ] } },
{ "type": "Feature", "properties": { "cell_id": "r39_c31", "row": 39, "col": 31, "global_row": 5796, "global_col": 11078, "lon": -87.679166666666674, "lat": 41.695833333333319 }, "geometry": { "type": "Polygon", "coordinates": [ [ [ -87.675, 41.691666666666663 ], [ -87.675, 41.7 ], [ -87.683333333333323, 41.7 ], [ -87.683333333333323, 41.691666666666663 ], [ -87.675, 41.691666666666663 ] ] ] } },
{ "type": "Feature", "properties": { "cell_id": "r39_c32", "row": 39, "col": 32, "global_row": 5796, "global_col": 11079, "lon": -87.670833333333334, "lat": 41.695833333333326 }, "geometry": { "type": "Polygon", "coordinates": [ [ [ -87.666666666666657, 41.691666666666663 ], [ -87.666666666666657, 41.7 ], [ -87.675, 41.7 ], [ -87.675, 41.691666666666663 ], [ -87.666666666666657, 41.691666666666663 ] ] ] } },
{ "type": "Feature", "properties": { "cell_id": "r39_c33", "row": 39, "col": 33, "global_row": 5796, "global_col": 11080, "lon": -87.6625, "lat": 41.695833333333319 }, "geometry": { "type": "Polygon", "coordinates": [ [ [ -87.658333333333331, 41.691666666666663 ], [ -87.658333333333331, 41.7 ], [ -87.666666666666657, 41.7 ], [ -87.666666666666657, 41.691666666666663 ], [ -87.658333333333331, 41.691666666666663 ] ] ] } },
{ "type": "Feature", "properties": { "cell_id": "r39_c34", "row": 39, "col": 34, "global_row": 5796, "global_col": 11081, "lon": -87.654166666666669, "lat": 41.695833333333326 }, "geometry": { "type": "Polygon", "coordinates": [ [ [ -87.65, 41.691666666666663 ], [ -87.65, 41.7 ], [ -87.658333333333331, 41.7 ], [ -87.658333333333331, 41.691666666666663 ], [ -87.65, 41.691666666666663 ] ] ] } },
{ "type": "Feature", "properties": { "cell_id": "r39_c35", "row": 39, "col": 35, "global_row": 5796, "global_col": 11082, "lon": -87.645833333333343, "lat": 41.695833333333319 }, "geometry": { "type": "Polygon", "coordinates": [ [ [ -87.641666666666666, 41.691666666666663 ], [ -87.641666666666666, 41.7 ], [ -87.65, 41.7 ], [ -87.65, 41.691666666666663 ], [ -87.641666666666666, 41.691666666666663 ] ] ] } },
{ "type": "Feature", "properties": { "cell_id": "r39_c36", "row": 39, "col": 36, "global_row": 5796, "global_col": 11083, "lon": -87.6375, "lat": 41.695833333333326 }, "geometry": { "type": "Polygon", "coordinates": [ [ [ -87.633333333333326, 41.691666666666663 ], [ -87.633333333333326, 41.7 ], [ -87.641666666666666, 41.7 ], [ -87.641666666666666, 41.691666666666663 ], [ -87.633333333333326, 41.691666666666663 ] ] ] } },
{ "type": "Feature", "properties": { "cell_id": "r39_c37", "row": 39, "col": 37, "global_row": 5796, "global_col": 11084, "lon": -87.629166666666663, "lat": 41.695833333333319 }, "geometry": { "type": "Polygon", "coordinates": [ [ [ -87.625, 41.691666666666663 ], [ -87.625, 41.7 ], [ -87.633333333333326, 41.7 ], [ -87.633333333333326, 41.691666666666663 ], [ -87.625, 41.691666666666663 ] ] ] } },
{ "type": "Feature", "properties": { "cell_id": "r39_c38", "row": 39, "col": 38, "global_row": 5796, "global_col": 11085, "lon": -87.620833333333337, "lat": 41.695833333333326 }, "geometry": { "type": "Polygon", "coordinates": [ [ [ -87.61666666666666, 41.691666666666663 ], [ -87.61666666666666, 41.7 ], [ -87.625, 41.7 ], [ -87.625, 41.691666666666663 ], [ -87.61666666666666, 41.691666666666663 ] ] ] } },
{ "type": "Feature", "properties": { "cell_id": "r39_c39", "row": 39, "col": 39, "global_row": 5796, "global_col": 11086, "lon": -87.6125, "lat": 41.695833333333319 }, "geometry": { "type": "Polygon", "coordinates": [ [ [ -87.608333333333334, 41.691666666666663 ], [ -87.608333333333334, 41.7 ], [ -87.61666666666666, 41.7 ], [ -87.61666666666666, 41.691666666666663 ], [ -87.608333333333334, 41.691666666666663 ] ] ] } },
{ "type": "Feature", "properties": { "cell_id": "r39_c40", "row": 39, "col": 40, "global_row": 5796, "global_col": 11087, "lon": -87.604166666666686, "lat": 41.695833333333326 }, "geometry": { "type": "Polygon", "coordinates": [ [ [ -87.6, 41.691666666666663 ], [ -87.6, 41.7 ], [ -87.608333333333334, 41.7 ], [ -87.608333333333334, 41.691666666666663 ], [ -87.6, 41.691666666666663 ] ] ] } },
{ "type": "Feature", "properties": { "cell_id": "r39_c41", "row": 39, "col": 41, "global_row": 5796, "global_col": 11088, "lon": -87.595833333333317, "lat": 41.695833333333319 }, "geometry": { "type": "Polygon", "coordinates": [ [ [ -87.591666666666669, 41.691666666666663 ], [ -87.591666666666669, 41.7 ], [ -87.6, 41.7 ], [ -87.6, 41.691666666666663 ], [ -87.591666666666669, 41.691666666666663 ] ] ] } },
{ "type": "Feature", "properties": { "cell_id": "r39_c42", "row": 39, "col": 42, "global_row": 5796, "global_col": 11089, "lon": -87.5875, "lat": 41.695833333333326 }, "geometry": { "type": "Polygon", "coordinates": [ [ [ -87.583333333333329, 41.691666666666663 ], [ -87.583333333333329, 41.7 ], [ -87.591666666666669, 41.7 ], [ -87.591666666666669, 41.691666666666663 ], [ -87.583333333333329, 41.691666666666663 ] ] ] } },
{ "type": "Feature", "properties": { "cell_id": "r39_c43", "row": 39, "col": 43, "global_row": 5796, "global_col": 11090, "lon": -87.57916666666668, "lat": 41.695833333333319 }, "geometry": { "type": "Polygon", "coordinates": [ [ [ -87.575, 41.691666666666663 ], [ -87.575, 41.7 ], [ -87.583333333333329, 41.7 ], [ -87.583333333333329, 41.691666666666663 ], [ -87.575, 41.691666666666663 ] ] ] } },
{ "type": "Feature", "properties": { "cell_id": "r39_c44", "row": 39, "col": 44, "global_row": 5796, "global_col": 11091, "lon": -87.570833333333312, "lat": 41.695833333333326 }, "geometry": { "type": "Polygon", "coordinates": [ [ [ -87.566666666666663, 41.691666666666663 ], [ -87.566666666666663, 41.7 ], [ -87.575, 41.7 ], [ -87.575, 41.691666666666663 ], [ -87.566666666666663, 41.691666666666663 ] ] ] } },
{ "type": "Feature", "properties": { "cell_id": "r39_c45", "row": 39, "col": 45, "global_row": 5796, "global_col": 11092, "lon": -87.5625, "lat": 41.695833333333326 }, "geometry": { "type": "Polygon", "coordinates": [ [ [ -87.558333333333323, 41.691666666666663 ], [ -87.558333333333323, 41.7 ], [ -87.566666666666663, 41.7 ], [ -87.566666666666663, 41.691666666666663 ], [ -87.558333333333323, 41.691666666666663 ] ] ] } },
{ "type": "Feature", "properties": { "cell_id": "r39_c46", "row": 39, "col": 46, "global_row": 5796, "global_col": 11093, "lon": -87.55416666666666, "lat": 41.695833333333319 }, "geometry": { "type": "Polygon", "coordinates": [ [ [ -87.55, 41.691666666666663 ], [ -87.55, 41.7 ], [ -87.558333333333323, 41.7 ], [ -87.558333333333323, 41.691666666666663 ], [ -87.55, 41.691666666666663 ] ] ] } },
{ "type": "Feature", "properties": { "cell_id": "r39_c47", "row": 39, "col": 47, "global_row": 5796, "global_col": 11094, "lon": -87.545833333333334, "lat": 41.695833333333326 }, "geometry": { "type": "Polygon", "coordinates": [ [ [ -87.541666666666657, 41.691666666666663 ], [ -87.541666666666657, 41.7 ], [ -87.55, 41.7 ], [ -87.55, 41.691666666666663 ], [ -87.541666666666657, 41.691666666666663 ] ] ] } },
{ "type": "Feature", "properties": { "cell_id": "r39_c48", "row": 39, "col": 48, "global_row": 5796, "global_col": 11095, "lon": -87.5375, "lat": 41.695833333333319 }, "geometry": { "type": "Polygon", "coordinates": [ [ [ -87.533333333333331, 41.691666666666663 ], [ -87.533333333333331, 41.7 ], [ -87.541666666666657, 41.7 ], [ -87.541666666666657, 41.691666666666663 ], [ -87.533333333333331, 41.691666666666663 ] ] ] } },
{ "type": "Feature", "properties": { "cell_id": "r39_c49", "row": 39, "col": 49, "global_row": 5796, "global_col": 11096, "lon": -87.529166666666669, "lat": 41.695833333333326 }, "geometry": { "type": "Polygon", "coordinates": [ [ [ -87.525, 41.691666666666663 ], [ -87.525, 41.7 ], [ -87.533333333333331, 41.7 ], [ -87.533333333333331, 41.691666666666663 ], [ -87.525, 41.691666666666663 ] ] ] } },
{ "type": "Feature", "properties": { "cell_id": "r40_c24", "row": 40, "col": 24, "global_row": 5797, "global_col": 11071, "lon": -87.7375, "lat": 41.6875 }, "geometry": { "type": "Polygon", "coordinates": [ [ [ -87.733333333333334, 41.68333333333333 ], [ -87.733333333333334, 41.691666666666663 ], [ -87.74166666666666, 41.691666666666663 ], [ -87.74166666666666, 41.68333333333333 ], [ -87.733333333333334, 41.68333333333333 ] ] ] } },
{ "type": "Feature", "properties": { "cell_id": "r40_c25", "row": 40, "col": 25, "global_row": 5797, "global_col": 11072, "lon": -87.729166666666671, "lat": 41.6875 }, "geometry": { "type": "Polygon", "coordinates": [ [ [ -87.725, 41.68333333333333 ], [ -87.725, 41.691666666666663 ], [ -87.733333333333334, 41.691666666666663 ], [ -87.733333333333334, 41.68333333333333 ], [ -87.725, 41.68333333333333 ] ] ] } },
{ "type": "Feature", "properties": { "cell_id": "r40_c26", "row": 40, "col": 26, "global_row": 5797, "global_col": 11073, "lon": -87.720833333333317, "lat": 41.6875 }, "geometry": { "type": "Polygon", "coordinates": [ [ [ -87.716666666666669, 41.68333333333333 ], [ -87.716666666666669, 41.691666666666663 ], [ -87.725, 41.691666666666663 ], [ -87.725, 41.68333333333333 ], [ -87.716666666666669, 41.68333333333333 ] ] ] } },
{ "type": "Feature", "properties": { "cell_id": "r40_c27", "row": 40, "col": 27, "global_row": 5797, "global_col": 11074, "lon": -87.7125, "lat": 41.6875 }, "geometry": { "type": "Polygon", "coordinates": [ [ [ -87.708333333333329, 41.68333333333333 ], [ -87.708333333333329, 41.691666666666663 ], [ -87.716666666666669, 41.691666666666663 ], [ -87.716666666666669, 41.68333333333333 ], [ -87.708333333333329, 41.68333333333333 ] ] ] } },
{ "type": "Feature", "properties": { "cell_id": "r40_c28", "row": 40, "col": 28, "global_row": 5797, "global_col": 11075, "lon": -87.704166666666666, "lat": 41.6875 }, "geometry": { "type": "Polygon", "coordinates": [ [ [ -87.7, 41.68333333333333 ], [ -87.7, 41.691666666666663 ], [ -87.708333333333329, 41.691666666666663 ], [ -87.708333333333329, 41.68333333333333 ], [ -87.7, 41.68333333333333 ] ] ] } },
{ "type": "Feature", "properties": { "cell_id": "r40_c30", "row": 40, "col": 30, "global_row": 5797, "global_col": 11077, "lon": -87.6875, "lat": 41.6875 }, "geometry": { "type": "Polygon", "coordinates": [ [ [ -87.683333333333323, 41.68333333333333 ], [ -87.683333333333323, 41.691666666666663 ], [ -87.691666666666663, 41.691666666666663 ], [ -87.691666666666663, 41.68333333333333 ], [ -87.683333333333323, 41.68333333333333 ] ] ] } },
{ "type": "Feature", "properties": { "cell_id": "r40_c31", "row": 40, "col": 31, "global_row": 5797, "global_col": 11078, "lon": -87.679166666666674, "lat": 41.6875 }, "geometry": { "type": "Polygon", "coordinates": [ [ [ -87.675, 41.68333333333333 ], [ -87.675, 41.691666666666663 ], [ -87.683333333333323, 41.691666666666663 ], [ -87.683333333333323, 41.68333333333333 ], [ -87.675, 41.68333333333333 ] ] ] } },
{ "type": "Feature", "properties": { "cell_id": "r40_c32", "row": 40, "col": 32, "global_row": 5797, "global_col": 11079, "lon": -87.670833333333334, "lat": 41.6875 }, "geometry": { "type": "Polygon", "coordinates": [ [ [ -87.666666666666657, 41.68333333333333 ], [ -87.666666666666657, 41.691666666666663 ], [ -87.675, 41.691666666666663 ], [ -87.675, 41.68333333333333 ], [ -87.666666666666657, 41.68333333333333 ] ] ] } },
{ "type": "Feature", "properties": { "cell_id": "r40_c33", "row": 40, "col": 33, "global_row": 5797, "global_col": 11080, "lon": -87.6625, "lat": 41.6875 }, "geometry": { "type": "Polygon", "coordinates": [ [ [ -87.658333333333331, 41.68333333333333 ], [ -87.658333333333331, 41.691666666666663 ], [ -87.666666666666657, 41.691666666666663 ], [ -87.666666666666657, 41.68333333333333 ], [ -87.658333333333331, 41.68333333333333 ] ] ] } },
{ "type": "Feature", "properties": { "cell_id": "r40_c34", "row": 40, "col": 34, "global_row": 5797, "global_col": 11081, "lon": -87.654166666666669, "lat": 41.6875 }, "geometry": { "type": "Polygon", "coordinates": [ [ [ -87.65, 41.68333333333333 ], [ -87.65, 41.691666666666663 ], [ -87.658333333333331, 41.691666666666663 ], [ -87.658333333333331, 41.68333333333333 ], [ -87.65, 41.68333333333333 ] ] ] } },
{ "type": "Feature", "properties": { "cell_id": "r40_c35", "row": 40, "col": 35, "global_row": 5797, "global_col": 11082, "lon": -87.645833333333343, "lat": 41.6875 }, "geometry": { "type": "Polygon", "coordinates": [ [ [ -87.641666666666666, 41.68333333333333 ], [ -87.641666666666666, 41.691666666666663 ], [ -87.65, 41.691666666666663 ], [ -87.65, 41.68333333333333 ], [ -87.641666666666666, 41.68333333333333 ] ] ] } },
{ "type": "Feature", "properties": { "cell_id": "r40_c36", "row": 40, "col": 36, "global_row": 5797, "global_col": 11083, "lon": -87.6375, "lat": 41.6875 }, "geometry": { "type": "Polygon", "coordinates": [ [ [ -87.633333333333326, 41.68333333333333 ], [ -87.633333333333326, 41.691666666666663 ], [ -87.641666666666666, 41.691666666666663 ], [ -87.641666666666666, 41.68333333333333 ], [ -87.633333333333326, 41.68333333333333 ] ] ] } },
{ "type": "Feature", "properties": { "cell_id": "r40_c37", "row": 40, "col": 37, "global_row": 5797, "global_col": 11084, "lon": -87.629166666666663, "lat": 41.6875 }, "geometry": { "type": "Polygon", "coordinates": [ [ [ -87.625, 41.68333333333333 ], [ -87.625, 41.691666666666663 ], [ -87.633333333333326, 41.691666666666663 ], [ -87.633333333333326, 41.68333333333333 ], [ -87.625, 41.68333333333333 ] ] ] } },
{ "type": "Feature", "properties": { "cell_id": "r40_c38", "row": 40, "col": 38, "global_row": 5797, "global_col": 11085, "lon": -87.620833333333337, "lat": 41.6875 }, "geometry": { "type": "Polygon", "coordinates": [ [ [ -87.61666666666666, 41.68333333333333 ], [ -87.61666666666666, 41.691666666666663 ], [ -87.625, 41.691666666666663 ], [ -87.625, 41.68333333333333 ], [ -87.61666666666666, 41.68333333333333 ] ] ] } },
{ "type": "Feature", "properties": { "cell_id": "r40_c39", "row": 40, "col": 39, "global_row": 5797, "global_col": 11086, "lon": -87.6125, "lat": 41.6875 }, "geometry": { "type": "Polygon", "coordinates": [ [ [ -87.608333333333334, 41.68333333333333 ], [ -87.608333333333334, 41.691666666666663 ], [ -87.61666666666666, 41.691666666666663 ], [ -87.61666666666666, 41.68333333333333 ], [ -87.608333333333334, 41.68333333333333 ] ] ] } },
{ "type": "Feature", "properties": { "cell_id": "r40_c40", "row": 40, "col": 40, "global_row": 5797, "global_col": 11087, "lon": -87.604166666666686, "lat": 41.6875 }, "geometry": { "type": "Polygon", "coordinates": [ [ [ -87.6, 41.68333333333333 ], [ -87.6, 41.691666666666663 ], [ -87.608333333333334, 41.691666666666663 ], [ -87.608333333333334, 41.68333333333333 ], [ -87.6, 41.68333333333333 ] ] ] } },
{ "type": "Feature", "properties": { "cell_id": "r40_c41", "row": 40, "col": 41, "global_row": 5797, "global_col": 11088, "lon": -87.595833333333317, "lat": 41.6875 }, "geometry": { "type": "Polygon", "coordinates": [ [ [ -87.591666666666669, 41.68333333333333 ], [ -87.591666666666669, 41.691666666666663 ], [ -87.6, 41.691666666666663 ], [ -87.6, 41.68333333333333 ], [ -87.591666666666669, 41.68333333333333 ] ] ] } },
{ "type": "Feature", "properties": { "cell_id": "r40_c42", "row": 40, "col": 42, "global_row": 5797, "global_col": 11089, "lon": -87.5875, "lat": 41.6875 }, "geometry": { "type": "Polygon", "coordinates": [ [ [ -87.583333333333329, 41.68333333333333 ], [ -87.583333333333329, 41.691666666666663 ], [ -87.591666666666669, 41.691666666666663 ], [ -87.591666666666669, 41.68333333333333 ], [ -87.583333333333329, 41.68333333333333 ] ] ] } },
{ "type": "Feature", "properties": { "cell_id": "r40_c43", "row": 40, "col": 43, "global_row": 5797, "global_col": 11090, "lon": -87.57916666666668, "lat": 41.6875 }, "geometry": { "type": "Polygon", "coordinates": [ [ [ -87.575, 41.68333333333333 ], [ -87.575, 41.691666666666663 ], [ -87.583333333333329, 41.691666666666663 ], [ -87.583333333333329, 41.68333333333333 ], [ -87.575, 41.68333333333333 ] ] ] } },
{ "type": "Feature", "properties": { "cell_id": "r40_c44", "row": 40, "col": 44, "global_row": 5797, "global_col": 11091, "lon": -87.570833333333312, "lat": 41.6875 }, "geometry": { "type": "Polygon", "coordinates": [ [ [ -87.566666666666663, 41.68333333333333 ], [ -87.566666666666663, 41.691666666666663 ], [ -87.575, 41.691666666666663 ], [ -87.575, 41.68333333333333 ], [ -87.566666666666663, 41.68333333333333 ] ] ] } },
{ "type": "Feature", "properties": { "cell_id": "r40_c45", "row": 40, "col": 45, "global_row": 5797, "global_col": 11092, "lon": -87.5625, "lat": 41.6875 }, "geometry": { "type": "Polygon", "coordinates": [ [ [ -87.558333333333323, 41.68333333333333 ], [ -87.558333333333323, 41.691666666666663 ], [ -87.566666666666663, 41.691666666666663 ], [ -87.566666666666663, 41.68333333333333 ], [ -87.558333333333323, 41.68333333333333 ] ] ] } },
{ "type": "Feature", "properties": { "cell_id": "r40_c46", "row": 40, "col": 46, "global_row": 5797, "global_col": 11093, "lon": -87.55416666666666, "lat": 41.6875 }, "geometry": { "type": "Polygon", "coordinates": [ [ [ -87.55, 41.68333333333333 ], [ -87.55, 41.691666666666663 ], [ -87.558333333333323, 41.691666666666663 ], [ -87.558333333333323, 41.68333333333333 ], [ -87.55, 41.68333333333333 ] ] ] } },
{ "type": "Feature", "properties": { "cell_id": "r40_c47", "row": 40, "col": 47, "global_row": 5797, "global_col": 11094, "lon": -87.545833333333334, "lat": 41.6875 }, "geometry": { "type": "Polygon", "coordinates": [ [ [ -87.541666666666657, 41.68333333333333 ], [ -87.541666666666657, 41.691666666666663 ], [ -87.55, 41.691666666666663 ], [ -87.55, 41.68333333333333 ], [ -87.541666666666657, 41.68333333333333 ] ] ] } },
{ "type": "Feature", "properties": { "cell_id": "r40_c48", "row": 40, "col": 48, "global_row": 5797, "global_col": 11095, "lon": -87.5375, "lat": 41.6875 }, "geometry": { "type": "Polygon", "coordinates": [ [ [ -87.533333333333331, 41.68333333333333 ], [ -87.533333333333331, 41.691666666666663 ], [ -87.541666666666657, 41.691666666666663 ], [ -87.541666666666657, 41.68333333333333 ], [ -87.533333333333331, 41.68333333333333 ] ] ] } },
{ "type": "Feature", "properties": { "cell_id": "r40_c49", "row": 40, "col": 49, "global_row": 5797, "global_col": 11096, "lon": -87.529166666666669, "lat": 41.6875 }, "geometry": { "type": "Polygon", "coordinates": [ [ [ -87.525, 41.68333333333333 ], [ -87.525, 41.691666666666663 ], [ -87.533333333333331, 41.691666666666663 ], [ -87.533333333333331, 41.68333333333333 ], [ -87.525, 41.68333333333333 ] ] ] } },
{ "type": "Feature", "properties": { "cell_id": "r41_c31", "row": 41, "col": 31, "global_row": 5798, "global_col": 11078, "lon": -87.679166666666674, "lat": 41.679166666666667 }, "geometry": { "type": "Polygon", "coordinates": [ [ [ -87.675, 41.675 ], [ -87.675, 41.68333333333333 ], [ -87.683333333333323, 41.68333333333333 ], [ -87.683333333333323, 41.675 ], [ -87.675, 41.675 ] ] ] } },
{ "type": "Feature", "properties": { "cell_id": "r41_c32", "row": 41, "col": 32, "global_row": 5798, "global_col": 11079, "lon": -87.670833333333334, "lat": 41.67916666666666 }, "geometry": { "type": "Polygon", "coordinates": [ [ [ -87.666666666666657, 41.675 ], [ -87.666666666666657, 41.68333333333333 ], [ -87.675, 41.68333333333333 ], [ -87.675, 41.675 ], [ -87.666666666666657, 41.675 ] ] ] } },
{ "type": "Feature", "properties": { "cell_id": "r41_c33", "row": 41, "col": 33, "global_row": 5798, "global_col": 11080, "lon": -87.6625, "lat": 41.679166666666667 }, "geometry": { "type": "Polygon", "coordinates": [ [ [ -87.658333333333331, 41.675 ], [ -87.658333333333331, 41.68333333333333 ], [ -87.666666666666657, 41.68333333333333 ], [ -87.666666666666657, 41.675 ], [ -87.658333333333331, 41.675 ] ] ] } },
{ "type": "Feature", "properties": { "cell_id": "r41_c34", "row": 41, "col": 34, "global_row": 5798, "global_col": 11081, "lon": -87.654166666666669, "lat": 41.67916666666666 }, "geometry": { "type": "Polygon", "coordinates": [ [ [ -87.65, 41.675 ], [ -87.65, 41.68333333333333 ], [ -87.658333333333331, 41.68333333333333 ], [ -87.658333333333331, 41.675 ], [ -87.65, 41.675 ] ] ] } },
{ "type": "Feature", "properties": { "cell_id": "r41_c35", "row": 41, "col": 35, "global_row": 5798, "global_col": 11082, "lon": -87.645833333333343, "lat": 41.679166666666667 }, "geometry": { "type": "Polygon", "coordinates": [ [ [ -87.641666666666666, 41.675 ], [ -87.641666666666666, 41.68333333333333 ], [ -87.65, 41.68333333333333 ], [ -87.65, 41.675 ], [ -87.641666666666666, 41.675 ] ] ] } },
{ "type": "Feature", "properties": { "cell_id": "r41_c36", "row": 41, "col": 36, "global_row": 5798, "global_col": 11083, "lon": -87.6375, "lat": 41.67916666666666 }, "geometry": { "type": "Polygon", "coordinates": [ [ [ -87.633333333333326, 41.675 ], [ -87.633333333333326, 41.68333333333333 ], [ -87.641666666666666, 41.68333333333333 ], [ -87.641666666666666, 41.675 ], [ -87.633333333333326, 41.675 ] ] ] } },
{ "type": "Feature", "properties": { "cell_id": "r41_c37", "row": 41, "col": 37, "global_row": 5798, "global_col": 11084, "lon": -87.629166666666663, "lat": 41.679166666666667 }, "geometry": { "type": "Polygon", "coordinates": [ [ [ -87.625, 41.675 ], [ -87.625, 41.68333333333333 ], [ -87.633333333333326, 41.68333333333333 ], [ -87.633333333333326, 41.675 ], [ -87.625, 41.675 ] ] ] } },
{ "type": "Feature", "properties": { "cell_id": "r41_c38", "row": 41, "col": 38, "global_row": 5798, "global_col": 11085, "lon": -87.620833333333337, "lat": 41.67916666666666 }, "geometry": { "type": "Polygon", "coordinates": [ [ [ -87.61666666666666, 41.675 ], [ -87.61666666666666, 41.68333333333333 ], [ -87.625, 41.68333333333333 ], [ -87.625, 41.675 ], [ -87.61666666666666, 41.675 ] ] ] } },
{ "type": "Feature", "properties": { "cell_id": "r41_c39", "row": 41, "col": 39, "global_row": 5798, "global_col": 11086, "lon": -87.6125, "lat": 41.679166666666667 }, "geometry": { "type": "Polygon", "coordinates": [ [ [ -87.608333333333334, 41.675 ], [ -87.608333333333334, 41.68333333333333 ], [ -87.61666666666666, 41.68333333333333 ], [ -87.61666666666666, 41.675 ], [ -87.608333333333334, 41.675 ] ] ] } },
{ "type": "Feature", "properties": { "cell_id": "r41_c40", "row": 41, "col": 40, "global_row": 5798, "global_col": 11087, "lon": -87.604166666666686, "lat": 41.67916666666666 }, "geometry": { "type": "Polygon", "coordinates": [ [ [ -87.6, 41.675 ], [ -87.6, 41.68333333333333 ], [ -87.608333333333334, 41.68333333333333 ], [ -87.608333333333334, 41.675 ], [ -87.6, 41.675 ] ] ] } },
{ "type": "Feature", "properties": { "cell_id": "r41_c41", "row": 41, "col": 41, "global_row": 5798, "global_col": 11088, "lon": -87.595833333333317, "lat": 41.679166666666667 }, "geometry": { "type": "Polygon", "coordinates": [ [ [ -87.591666666666669, 41.675 ], [ -87.591666666666669, 41.68333333333333 ], [ -87.6, 41.68333333333333 ], [ -87.6, 41.675 ], [ -87.591666666666669, 41.675 ] ] ] } },
{ "type": "Feature", "properties": { "cell_id": "r41_c42", "row": 41, "col": 42, "global_row": 5798, "global_col": 11089, "lon": -87.5875, "lat": 41.67916666666666 }, "geometry": { "type": "Polygon", "coordinates": [ [ [ -87.583333333333329, 41.675 ], [ -87.583333333333329, 41.68333333333333 ], [ -87.591666666666669, 41.68333333333333 ], [ -87.591666666666669, 41.675 ], [ -87.583333333333329, 41.675 ] ] ] } },
{ "type": "Feature", "properties": { "cell_id": "r41_c43", "row": 41, "col": 43, "global_row": 5798, "global_col": 11090, "lon": -87.57916666666668, "lat": 41.679166666666667 }, "geometry": { "type": "Polygon", "coordinates": [ [ [ -87.575, 41.675 ], [ -87.575, 41.68333333333333 ], [ -87.583333333333329, 41.68333333333333 ], [ -87.583333333333329, 41.675 ], [ -87.575, 41.675 ] ] ] } },
{ "type": "Feature", "properties": { "cell_id": "r41_c44", "row": 41, "col": 44, "global_row": 5798, "global_col": 11091, "lon": -87.570833333333312, "lat": 41.67916666666666 }, "geometry": { "type": "Polygon", "coordinates": [ [ [ -87.566666666666663, 41.675 ], [ -87.566666666666663, 41.68333333333333 ], [ -87.575, 41.68333333333333 ], [ -87.575, 41.675 ], [ -87.566666666666663, 41.675 ] ] ] } },
{ "type": "Feature", "properties": { "cell_id": "r41_c45", "row": 41, "col": 45, "global_row": 5798, "global_col": 11092, "lon": -87.5625, "lat": 41.67916666666666 }, "geometry": { "type": "Polygon", "coordinates": [ [ [ -87.558333333333323, 41.675 ], [ -87.558333333333323, 41.68333333333333 ], [ -87.566666666666663, 41.68333333333333 ], [ -87.566666666666663, 41.675 ], [ -87.558333333333323, 41.675 ] ] ] } },
{ "type": "Feature", "properties": { "cell_id": "r41_c46", "row": 41, "col": 46, "global_row": 5798, "global_col": 11093, "lon": -87.55416666666666, "lat": 41.679166666666667 }, "geometry": { "type": "Polygon", "coordinates": [ [ [ -87.55, 41.675 ], [ -87.55, 41.68333333333333 ], [ -87.558333333333323, 41.68333333333333 ], [ -87.558333333333323, 41.675 ], [ -87.55, 41.675 ] ] ] } },
{ "type": "Feature", "properties": { "cell_id": "r41_c47", "row": 41, "col": 47, "global_row": 5798, "global_col": 11094, "lon": -87.545833333333334, "lat": 41.67916666666666 }, "geometry": { "type": "Polygon", "coordinates": [ [ [ -87.541666666666657, 41.675 ], [ -87.541666666666657, 41.68333333333333 ], [ -87.55, 41.68333333333333 ], [ -87.55, 41.675 ], [ -87.541666666666657, 41.675 ] ] ] } },
{ "type": "Feature", "properties": { "cell_id": "r41_c48", "row": 41, "col": 48, "global_row": 5798, "global_col": 11095, "lon": -87.5375, "lat": 41.679166666666667 }, "geometry": { "type": "Polygon", "coordinates": [ [ [ -87.533333333333331, 41.675 ], [ -87.533333333333331, 41.68333333333333 ], [ -87.541666666666657, 41.68333333333333 ], [ -87.541666666666657, 41.675 ], [ -87.533333333333331, 41.675 ] ] ] } },
{ "type": "Feature", "properties": { "cell_id": "r41_c49", "row": 41, "col": 49, "global_row": 5798, "global_col": 11096, "lon": -87.529166666666669, "lat": 41.67916666666666 }, "geometry": { "type": "Polygon", "coordinates": [ [ [ -87.525, 41.675 ], [ -87.525, 41.68333333333333 ], [ -87.533333333333331, 41.68333333333333 ], [ -87.533333333333331, 41.675 ], [ -87.525, 41.675 ] ] ] } },
{ "type": "Feature", "properties": { "cell_id": "r42_c34", "row": 42, "col": 34, "global_row": 5799, "global_col": 11081, "lon": -87.654166666666669, "lat": 41.670833333333327 }, "geometry": { "type": "Polygon", "coordinates": [ [ [ -87.65, 41.666666666666664 ], [ -87.65, 41.675 ], [ -87.658333333333331, 41.675 ], [ -87.658333333333331, 41.666666666666664 ], [ -87.65, 41.666666666666664 ] ] ] } },
{ "type": "Feature", "properties": { "cell_id": "r42_c35", "row": 42, "col": 35, "global_row": 5799, "global_col": 11082, "lon": -87.645833333333343, "lat": 41.670833333333327 }, "geometry": { "type": "Polygon", "coordinates": [ [ [ -87.641666666666666, 41.666666666666664 ], [ -87.641666666666666, 41.675 ], [ -87.65, 41.675 ], [ -87.65, 41.666666666666664 ], [ -87.641666666666666, 41.666666666666664 ] ] ] } },
{ "type": "Feature", "properties": { "cell_id": "r42_c36", "row": 42, "col": 36, "global_row": 5799, "global_col": 11083, "lon": -87.6375, "lat": 41.670833333333327 }, "geometry": { "type": "Polygon", "coordinates": [ [ [ -87.633333333333326, 41.666666666666664 ], [ -87.633333333333326, 41.675 ], [ -87.641666666666666, 41.675 ], [ -87.641666666666666, 41.666666666666664 ], [ -87.633333333333326, 41.666666666666664 ] ] ] } },
{ "type": "Feature", "properties": { "cell_id": "r42_c37", "row": 42, "col": 37, "global_row": 5799, "global_col": 11084, "lon": -87.629166666666663, "lat": 41.670833333333327 }, "geometry": { "type": "Polygon", "coordinates": [ [ [ -87.625, 41.666666666666664 ], [ -87.625, 41.675 ], [ -87.633333333333326, 41.675 ], [ -87.633333333333326, 41.666666666666664 ], [ -87.625, 41.666666666666664 ] ] ] } },
{ "type": "Feature", "properties": { "cell_id": "r42_c38", "row": 42, "col": 38, "global_row": 5799, "global_col": 11085, "lon": -87.620833333333337, "lat": 41.670833333333327 }, "geometry": { "type": "Polygon", "coordinates": [ [ [ -87.61666666666666, 41.666666666666664 ], [ -87.61666666666666, 41.675 ], [ -87.625, 41.675 ], [ -87.625, 41.666666666666664 ], [ -87.61666666666666, 41.666666666666664 ] ] ] } },
{ "type": "Feature", "properties": { "cell_id": "r42_c39", "row": 42, "col": 39, "global_row": 5799, "global_col": 11086, "lon": -87.6125, "lat": 41.670833333333327 }, "geometry": { "type": "Polygon", "coordinates": [ [ [ -87.608333333333334, 41.666666666666664 ], [ -87.608333333333334, 41.675 ], [ -87.61666666666666, 41.675 ], [ -87.61666666666666, 41.666666666666664 ], [ -87.608333333333334, 41.666666666666664 ] ] ] } },
{ "type": "Feature", "properties": { "cell_id": "r42_c40", "row": 42, "col": 40, "global_row": 5799, "global_col": 11087, "lon": -87.604166666666686, "lat": 41.670833333333327 }, "geometry": { "type": "Polygon", "coordinates": [ [ [ -87.6, 41.666666666666664 ], [ -87.6, 41.675 ], [ -87.608333333333334, 41.675 ], [ -87.608333333333334, 41.666666666666664 ], [ -87.6, 41.666666666666664 ] ] ] } },
{ "type": "Feature", "properties": { "cell_id": "r42_c41", "row": 42, "col": 41, "global_row": 5799, "global_col": 11088, "lon": -87.595833333333317, "lat": 41.670833333333327 }, "geometry": { "type": "Polygon", "coordinates": [ [ [ -87.591666666666669, 41.666666666666664 ], [ -87.591666666666669, 41.675 ], [ -87.6, 41.675 ], [ -87.6, 41.666666666666664 ], [ -87.591666666666669, 41.666666666666664 ] ] ] } },
{ "type": "Feature", "properties": { "cell_id": "r42_c42", "row": 42, "col": 42, "global_row": 5799, "global_col": 11089, "lon": -87.5875, "lat": 41.670833333333327 }, "geometry": { "type": "Polygon", "coordinates": [ [ [ -87.583333333333329, 41.666666666666664 ], [ -87.583333333333329, 41.675 ], [ -87.591666666666669, 41.675 ], [ -87.591666666666669, 41.666666666666664 ], [ -87.583333333333329, 41.666666666666664 ] ] ] } },
{ "type": "Feature", "properties": { "cell_id": "r42_c43", "row": 42, "col": 43, "global_row": 5799, "global_col": 11090, "lon": -87.57916666666668, "lat": 41.670833333333327 }, "geometry": { "type": "Polygon", "coordinates": [ [ [ -87.575, 41.666666666666664 ], [ -87.575, 41.675 ], [ -87.583333333333329, 41.675 ], [ -87.583333333333329, 41.666666666666664 ], [ -87.575, 41.666666666666664 ] ] ] } },
{ "type": "Feature", "properties": { "cell_id": "r42_c44", "row": 42, "col": 44, "global_row": 5799, "global_col": 11091, "lon": -87.570833333333312, "lat": 41.670833333333327 }, "geometry": { "type": "Polygon", "coordinates": [ [ [ -87.566666666666663, 41.666666666666664 ], [ -87.566666666666663, 41.675 ], [ -87.575, 41.675 ], [ -87.575, 41.666666666666664 ], [ -87.566666666666663, 41.666666666666664 ] ] ] } },
{ "type": "Feature", "properties": { "cell_id": "r42_c45", "row": 42, "col": 45, "global_row": 5799, "global_col": 11092, "lon": -87.5625, "lat": 41.670833333333327 }, "geometry": { "type": "Polygon", "coordinates": [ [ [ -87.558333333333323, 41.666666666666664 ], [ -87.558333333333323, 41.675 ], [ -87.566666666666663, 41.675 ], [ -87.566666666666663, 41.666666666666664 ], [ -87.558333333333323, 41.666666666666664 ] ] ] } },
{ "type": "Feature", "properties": { "cell_id": "r42_c46", "row": 42, "col": 46, "global_row": 5799, "global_col": 11093, "lon": -87.55416666666666, "lat": 41.670833333333327 }, "geometry": { "type": "Polygon", "coordinates": [ [ [ -87.55, 41.666666666666664 ], [ -87.55, 41.675 ], [ -87.558333333333323, 41.675 ], [ -87.558333333333323, 41.666666666666664 ], [ -87.55, 41.666666666666664 ] ] ] } },
{ "type": "Feature", "properties": { "cell_id": "r42_c47", "row": 42, "col": 47, "global_row": 5799, "global_col": 11094, "lon": -87.545833333333334, "lat": 41.670833333333327 }, "geometry": { "type": "Polygon", "coordinates": [ [ [ -87.541666666666657, 41.666666666666664 ], [ -87.541666666666657, 41.675 ], [ -87.55, 41.675 ], [ -87.55, 41.666666666666664 ], [ -87.541666666666657, 41.666666666666664 ] ] ] } },
{ "type": "Feature", "properties": { "cell_id": "r42_c48", "row": 42, "col": 48, "global_row": 5799, "global_col": 11095, "lon": -87.5375, "lat": 41.670833333333327 }, "geometry": { "type": "Polygon", "coordinates": [ [ [ -87.533333333333331, 41.666666666666664 ], [ -87.533333333333331, 41.675 ], [ -87.541666666666657, 41.675 ], [ -87.541666666666657, 41.666666666666664 ], [ -87.533333333333331, 41.666666666666664 ] ] ] } },
{ "type": "Feature", "properties": { "cell_id": "r42_c49", "row": 42, "col": 49, "global_row": 5799, "global_col": 11096, "lon": -87.529166666666669, "lat": 41.670833333333327 }, "geometry": { "type": "Polygon", "coordinates": [ [ [ -87.525, 41.666666666666664 ], [ -87.525, 41.675 ], [ -87.533333333333331, 41.675 ], [ -87.533333333333331, 41.666666666666664 ], [ -87.525, 41.666666666666664 ] ] ] } },
{ "type": "Feature", "properties": { "cell_id": "r43_c35", "row": 43, "col": 35, "global_row": 5800, "global_col": 11082, "lon": -87.645833333333343, "lat": 41.6625 }, "geometry": { "type": "Polygon", "coordinates": [ [ [ -87.641666666666666, 41.658333333333331 ], [ -87.641666666666666, 41.666666666666664 ], [ -87.65, 41.666666666666664 ], [ -87.65, 41.658333333333331 ], [ -87.641666666666666, 41.658333333333331 ] ] ] } },
{ "type": "Feature", "properties": { "cell_id": "r43_c36", "row": 43, "col": 36, "global_row": 5800, "global_col": 11083, "lon": -87.6375, "lat": 41.6625 }, "geometry": { "type": "Polygon", "coordinates": [ [ [ -87.633333333333326, 41.658333333333331 ], [ -87.633333333333326, 41.666666666666664 ], [ -87.641666666666666, 41.666666666666664 ], [ -87.641666666666666, 41.658333333333331 ], [ -87.633333333333326, 41.658333333333331 ] ] ] } },
{ "type": "Feature", "properties": { "cell_id": "r43_c37", "row": 43, "col": 37, "global_row": 5800, "global_col": 11084, "lon": -87.629166666666663, "lat": 41.6625 }, "geometry": { "type": "Polygon", "coordinates": [ [ [ -87.625, 41.658333333333331 ], [ -87.625, 41.666666666666664 ], [ -87.633333333333326, 41.666666666666664 ], [ -87.633333333333326, 41.658333333333331 ], [ -87.625, 41.658333333333331 ] ] ] } },
{ "type": "Feature", "properties": { "cell_id": "r43_c38", "row": 43, "col": 38, "global_row": 5800, "global_col": 11085, "lon": -87.620833333333337, "lat": 41.6625 }, "geometry": { "type": "Polygon", "coordinates": [ [ [ -87.61666666666666, 41.658333333333331 ], [ -87.61666666666666, 41.666666666666664 ], [ -87.625, 41.666666666666664 ], [ -87.625, 41.658333333333331 ], [ -87.61666666666666, 41.658333333333331 ] ] ] } },
{ "type": "Feature", "properties": { "cell_id": "r43_c39", "row": 43, "col": 39, "global_row": 5800, "global_col": 11086, "lon": -87.6125, "lat": 41.6625 }, "geometry": { "type": "Polygon", "coordinates": [ [ [ -87.608333333333334, 41.658333333333331 ], [ -87.608333333333334, 41.666666666666664 ], [ -87.61666666666666, 41.666666666666664 ], [ -87.61666666666666, 41.658333333333331 ], [ -87.608333333333334, 41.658333333333331 ] ] ] } },
{ "type": "Feature", "properties": { "cell_id": "r43_c40", "row": 43, "col": 40, "global_row": 5800, "global_col": 11087, "lon": -87.604166666666686, "lat": 41.6625 }, "geometry": { "type": "Polygon", "coordinates": [ [ [ -87.6, 41.658333333333331 ], [ -87.6, 41.666666666666664 ], [ -87.608333333333334, 41.666666666666664 ], [ -87.608333333333334, 41.658333333333331 ], [ -87.6, 41.658333333333331 ] ] ] } },
{ "type": "Feature", "properties": { "cell_id": "r43_c41", "row": 43, "col": 41, "global_row": 5800, "global_col": 11088, "lon": -87.595833333333317, "lat": 41.6625 }, "geometry": { "type": "Polygon", "coordinates": [ [ [ -87.591666666666669, 41.658333333333331 ], [ -87.591666666666669, 41.666666666666664 ], [ -87.6, 41.666666666666664 ], [ -87.6, 41.658333333333331 ], [ -87.591666666666669, 41.658333333333331 ] ] ] } },
{ "type": "Feature", "properties": { "cell_id": "r43_c42", "row": 43, "col": 42, "global_row": 5800, "global_col": 11089, "lon": -87.5875, "lat": 41.6625 }, "geometry": { "type": "Polygon", "coordinates": [ [ [ -87.583333333333329, 41.658333333333331 ], [ -87.583333333333329, 41.666666666666664 ], [ -87.591666666666669, 41.666666666666664 ], [ -87.591666666666669, 41.658333333333331 ], [ -87.583333333333329, 41.658333333333331 ] ] ] } },
{ "type": "Feature", "properties": { "cell_id": "r43_c43", "row": 43, "col": 43, "global_row": 5800, "global_col": 11090, "lon": -87.57916666666668, "lat": 41.6625 }, "geometry": { "type": "Polygon", "coordinates": [ [ [ -87.575, 41.658333333333331 ], [ -87.575, 41.666666666666664 ], [ -87.583333333333329, 41.666666666666664 ], [ -87.583333333333329, 41.658333333333331 ], [ -87.575, 41.658333333333331 ] ] ] } },
{ "type": "Feature", "properties": { "cell_id": "r43_c44", "row": 43, "col": 44, "global_row": 5800, "global_col": 11091, "lon": -87.570833333333312, "lat": 41.6625 }, "geometry": { "type": "Polygon", "coordinates": [ [ [ -87.566666666666663, 41.658333333333331 ], [ -87.566666666666663, 41.666666666666664 ], [ -87.575, 41.666666666666664 ], [ -87.575, 41.658333333333331 ], [ -87.566666666666663, 41.658333333333331 ] ] ] } },
{ "type": "Feature", "properties": { "cell_id": "r43_c45", "row": 43, "col": 45, "global_row": 5800, "global_col": 11092, "lon": -87.5625, "lat": 41.6625 }, "geometry": { "type": "Polygon", "coordinates": [ [ [ -87.558333333333323, 41.658333333333331 ], [ -87.558333333333323, 41.666666666666664 ], [ -87.566666666666663, 41.666666666666664 ], [ -87.566666666666663, 41.658333333333331 ], [ -87.558333333333323, 41.658333333333331 ] ] ] } },
{ "type": "Feature", "properties": { "cell_id": "r43_c46", "row": 43, "col": 46, "global_row": 5800, "global_col": 11093, "lon": -87.55416666666666, "lat": 41.6625 }, "geometry": { "type": "Polygon", "coordinates": [ [ [ -87.55, 41.658333333333331 ], [ -87.55, 41.666666666666664 ], [ -87.558333333333323, 41.666666666666664 ], [ -87.558333333333323, 41.658333333333331 ], [ -87.55, 41.658333333333331 ] ] ] } },
{ "type": "Feature", "properties": { "cell_id": "r43_c47", "row": 43, "col": 47, "global_row": 5800, "global_col": 11094, "lon": -87.545833333333334, "lat": 41.6625 }, "geometry": { "type": "Polygon", "coordinates": [ [ [ -87.541666666666657, 41.658333333333331 ], [ -87.541666666666657, 41.666666666666664 ], [ -87.55, 41.666666666666664 ], [ -87.55, 41.658333333333331 ], [ -87.541666666666657, 41.658333333333331 ] ] ] } },
{ "type": "Feature", "properties": { "cell_id": "r43_c48", "row": 43, "col": 48, "global_row": 5800, "global_col": 11095, "lon": -87.5375, "lat": 41.6625 }, "geometry": { "type": "Polygon", "coordinates": [ [ [ -87.533333333333331, 41.658333333333331 ], [ -87.533333333333331, 41.666666666666664 ], [ -87.541666666666657, 41.666666666666664 ], [ -87.541666666666657, 41.658333333333331 ], [ -87.533333333333331, 41.658333333333331 ] ] ] } },
{ "type": "Feature", "properties": { "cell_id": "r43_c49", "row": 43, "col": 49, "global_row": 5800, "global_col": 11096, "lon": -87.529166666666669, "lat": 41.6625 }, "geometry": { "type": "Polygon", "coordinates": [ [ [ -87.525, 41.658333333333331 ], [ -87.525, 41.666666666666664 ], [ -87.533333333333331, 41.666666666666664 ], [ -87.533333333333331, 41.658333333333331 ], [ -87.525, 41.658333333333331 ] ] ] } },
{ "type": "Feature", "properties": { "cell_id": "r44_c39", "row": 44, "col": 39, "global_row": 5801, "global_col": 11086, "lon": -87.6125, "lat": 41.654166666666676 }, "geometry": { "type": "Polygon", "coordinates": [ [ [ -87.608333333333334, 41.65 ], [ -87.608333333333334, 41.658333333333331 ], [ -87.61666666666666, 41.658333333333331 ], [ -87.61666666666666, 41.65 ], [ -87.608333333333334, 41.65 ] ] ] } },
{ "type": "Feature", "properties": { "cell_id": "r44_c40", "row": 44, "col": 40, "global_row": 5801, "global_col": 11087, "lon": -87.604166666666686, "lat": 41.654166666666669 }, "geometry": { "type": "Polygon", "coordinates": [ [ [ -87.6, 41.65 ], [ -87.6, 41.658333333333331 ], [ -87.608333333333334, 41.658333333333331 ], [ -87.608333333333334, 41.65 ], [ -87.6, 41.65 ] ] ] } },
{ "type": "Feature", "properties": { "cell_id": "r44_c41", "row": 44, "col": 41, "global_row": 5801, "global_col": 11088, "lon": -87.595833333333317, "lat": 41.654166666666676 }, "geometry": { "type": "Polygon", "coordinates": [ [ [ -87.591666666666669, 41.65 ], [ -87.591666666666669, 41.658333333333331 ], [ -87.6, 41.658333333333331 ], [ -87.6, 41.65 ], [ -87.591666666666669, 41.65 ] ] ] } },
{ "type": "Feature", "properties": { "cell_id": "r44_c42", "row": 44, "col": 42, "global_row": 5801, "global_col": 11089, "lon": -87.5875, "lat": 41.654166666666669 }, "geometry": { "type": "Polygon", "coordinates": [ [ [ -87.583333333333329, 41.65 ], [ -87.583333333333329, 41.658333333333331 ], [ -87.591666666666669, 41.658333333333331 ], [ -87.591666666666669, 41.65 ], [ -87.583333333333329, 41.65 ] ] ] } },
{ "type": "Feature", "properties": { "cell_id": "r44_c43", "row": 44, "col": 43, "global_row": 5801, "global_col": 11090, "lon": -87.57916666666668, "lat": 41.654166666666676 }, "geometry": { "type": "Polygon", "coordinates": [ [ [ -87.575, 41.65 ], [ -87.575, 41.658333333333331 ], [ -87.583333333333329, 41.658333333333331 ], [ -87.583333333333329, 41.65 ], [ -87.575, 41.65 ] ] ] } },
{ "type": "Feature", "properties": { "cell_id": "r44_c44", "row": 44, "col": 44, "global_row": 5801, "global_col": 11091, "lon": -87.570833333333312, "lat": 41.654166666666669 }, "geometry": { "type": "Polygon", "coordinates": [ [ [ -87.566666666666663, 41.65 ], [ -87.566666666666663, 41.658333333333331 ], [ -87.575, 41.658333333333331 ], [ -87.575, 41.65 ], [ -87.566666666666663, 41.65 ] ] ] } },
{ "type": "Feature", "properties": { "cell_id": "r44_c45", "row": 44, "col": 45, "global_row": 5801, "global_col": 11092, "lon": -87.5625, "lat": 41.654166666666669 }, "geometry": { "type": "Polygon", "coordinates": [ [ [ -87.558333333333323, 41.65 ], [ -87.558333333333323, 41.658333333333331 ], [ -87.566666666666663, 41.658333333333331 ], [ -87.566666666666663, 41.65 ], [ -87.558333333333323, 41.65 ] ] ] } },
{ "type": "Feature", "properties": { "cell_id": "r44_c46", "row": 44, "col": 46, "global_row": 5801, "global_col": 11093, "lon": -87.55416666666666, "lat": 41.654166666666676 }, "geometry": { "type": "Polygon", "coordinates": [ [ [ -87.55, 41.65 ], [ -87.55, 41.658333333333331 ], [ -87.558333333333323, 41.658333333333331 ], [ -87.558333333333323, 41.65 ], [ -87.55, 41.65 ] ] ] } },
{ "type": "Feature", "properties": { "cell_id": "r44_c47", "row": 44, "col": 47, "global_row": 5801, "global_col": 11094, "lon": -87.545833333333334, "lat": 41.654166666666669 }, "geometry": { "type": "Polygon", "coordinates": [ [ [ -87.541666666666657, 41.65 ], [ -87.541666666666657, 41.658333333333331 ], [ -87.55, 41.658333333333331 ], [ -87.55, 41.65 ], [ -87.541666666666657, 41.65 ] ] ] } },
{ "type": "Feature", "properties": { "cell_id": "r44_c48", "row": 44, "col": 48, "global_row": 5801, "global_col": 11095, "lon": -87.5375, "lat": 41.654166666666676 }, "geometry": { "type": "Polygon", "coordinates": [ [ [ -87.533333333333331, 41.65 ], [ -87.533333333333331, 41.658333333333331 ], [ -87.541666666666657, 41.658333333333331 ], [ -87.541666666666657, 41.65 ], [ -87.533333333333331, 41.65 ] ] ] } },
{ "type": "Feature", "properties": { "cell_id": "r44_c49", "row": 44, "col": 49, "global_row": 5801, "global_col": 11096, "lon": -87.529166666666669, "lat": 41.654166666666669 }, "geometry": { "type": "Polygon", "coordinates": [ [ [ -87.525, 41.65 ], [ -87.525, 41.658333333333331 ], [ -87.533333333333331, 41.658333333333331 ], [ -87.533333333333331, 41.65 ], [ -87.525, 41.65 ] ] ] } },
{ "type": "Feature", "properties": { "cell_id": "r45_c39", "row": 45, "col": 39, "global_row": 5802, "global_col": 11086, "lon": -87.6125, "lat": 41.645833333333329 }, "geometry": { "type": "Polygon", "coordinates": [ [ [ -87.608333333333334, 41.641666666666666 ], [ -87.608333333333334, 41.65 ], [ -87.61666666666666, 41.65 ], [ -87.61666666666666, 41.641666666666666 ], [ -87.608333333333334, 41.641666666666666 ] ] ] } },
{ "type": "Feature", "properties": { "cell_id": "r45_c40", "row": 45, "col": 40, "global_row": 5802, "global_col": 11087, "lon": -87.604166666666686, "lat": 41.645833333333329 }, "geometry": { "type": "Polygon", "coordinates": [ [ [ -87.6, 41.641666666666666 ], [ -87.6, 41.65 ], [ -87.608333333333334, 41.65 ], [ -87.608333333333334, 41.641666666666666 ], [ -87.6, 41.641666666666666 ] ] ] } },
{ "type": "Feature", "properties": { "cell_id": "r45_c42", "row": 45, "col": 42, "global_row": 5802, "global_col": 11089, "lon": -87.5875, "lat": 41.645833333333329 }, "geometry": { "type": "Polygon", "coordinates": [ [ [ -87.583333333333329, 41.641666666666666 ], [ -87.583333333333329, 41.65 ], [ -87.591666666666669, 41.65 ], [ -87.591666666666669, 41.641666666666666 ], [ -87.583333333333329, 41.641666666666666 ] ] ] } },
{ "type": "Feature", "properties": { "cell_id": "r45_c43", "row": 45, "col": 43, "global_row": 5802, "global_col": 11090, "lon": -87.57916666666668, "lat": 41.645833333333329 }, "geometry": { "type": "Polygon", "coordinates": [ [ [ -87.575, 41.641666666666666 ], [ -87.575, 41.65 ], [ -87.583333333333329, 41.65 ], [ -87.583333333333329, 41.641666666666666 ], [ -87.575, 41.641666666666666 ] ] ] } },
{ "type": "Feature", "properties": { "cell_id": "r45_c44", "row": 45, "col": 44, "global_row": 5802, "global_col": 11091, "lon": -87.570833333333312, "lat": 41.645833333333329 }, "geometry": { "type": "Polygon", "coordinates": [ [ [ -87.566666666666663, 41.641666666666666 ], [ -87.566666666666663, 41.65 ], [ -87.575, 41.65 ], [ -87.575, 41.641666666666666 ], [ -87.566666666666663, 41.641666666666666 ] ] ] } },
{ "type": "Feature", "properties": { "cell_id": "r45_c45", "row": 45, "col": 45, "global_row": 5802, "global_col": 11092, "lon": -87.5625, "lat": 41.645833333333329 }, "geometry": { "type": "Polygon", "coordinates": [ [ [ -87.558333333333323, 41.641666666666666 ], [ -87.558333333333323, 41.65 ], [ -87.566666666666663, 41.65 ], [ -87.566666666666663, 41.641666666666666 ], [ -87.558333333333323, 41.641666666666666 ] ] ] } },
{ "type": "Feature", "properties": { "cell_id": "r45_c46", "row": 45, "col": 46, "global_row": 5802, "global_col": 11093, "lon": -87.55416666666666, "lat": 41.645833333333329 }, "geometry": { "type": "Polygon", "coordinates": [ [ [ -87.55, 41.641666666666666 ], [ -87.55, 41.65 ], [ -87.558333333333323, 41.65 ], [ -87.558333333333323, 41.641666666666666 ], [ -87.55, 41.641666666666666 ] ] ] } },
{ "type": "Feature", "properties": { "cell_id": "r45_c47", "row": 45, "col": 47, "global_row": 5802, "global_col": 11094, "lon": -87.545833333333334, "lat": 41.645833333333329 }, "geometry": { "type": "Polygon", "coordinates": [ [ [ -87.541666666666657, 41.641666666666666 ], [ -87.541666666666657, 41.65 ], [ -87.55, 41.65 ], [ -87.55, 41.641666666666666 ], [ -87.541666666666657, 41.641666666666666 ] ] ] } },
{ "type": "Feature", "properties": { "cell_id": "r45_c48", "row": 45, "col": 48, "global_row": 5802, "global_col": 11095, "lon": -87.5375, "lat": 41.645833333333329 }, "geometry": { "type": "Polygon", "coordinates": [ [ [ -87.533333333333331, 41.641666666666666 ], [ -87.533333333333331, 41.65 ], [ -87.541666666666657, 41.65 ], [ -87.541666666666657, 41.641666666666666 ], [ -87.533333333333331, 41.641666666666666 ] ] ] } },
{ "type": "Feature", "properties": { "cell_id": "r45_c49", "row": 45, "col": 49, "global_row": 5802, "global_col": 11096, "lon": -87.529166666666669, "lat": 41.645833333333329 }, "geometry": { "type": "Polygon", "coordinates": [ [ [ -87.525, 41.641666666666666 ], [ -87.525, 41.65 ], [ -87.533333333333331, 41.65 ], [ -87.533333333333331, 41.641666666666666 ], [ -87.525, 41.641666666666666 ] ] ] } }
]
}
