{
"type": "FeatureCollection",
"name": "NYC_grid_1km_odiac",
"crs": { "type": "name", "properties": { "name": "urn:ogc:def:crs:OGC:1.3:CRS84" } },
"features": [
{ "type": "Feature", "properties": { "cell_id": "r0_c42", "row": 0, "col": 42, "global_row": 5890, "global_col": 12731, "lon": -73.904166666666683, "lat": 40.9125 }, "geometry": { "type": "Polygon", "coordinates": [ [ [ -73.9, 40.908333333333331 ], [ -73.9, 40.916666666666664 ], [ -73.908333333333346, 40.916666666666664 ], [ -73.908333333333346, 40.908333333333331 ], [ -73.9, 40.908333333333331 ] ] ] } },
{ "type": "Feature", "properties": { "cell_id": "r1_c41", "row": 1, "col": 41, "global_row": 5891, "global_col": 12730, "lon": -73.9125, "lat": 40.904166666666661 }, "geometry": { "type": "Polygon", "coordinates": [ [ [ -73.908333333333346, 40.9 ], [ -73.908333333333346, 40.908333333333331 ], [ -73.916666666666671, 40.908333333333331 ], [ -73.916666666666671, 40.9 ], [ -73.908333333333346, 40.9 ] ] ] } },
{ "type": "Feature", "properties": { "cell_id": "r1_c42", "row": 1, "col": 42, "global_row": 5891, "global_col": 12731, "lon": -73.904166666666683, "lat": 40.904166666666669 }, "geometry": { "type": "Polygon", "coordinates": [ [ [ -73.9, 40.9 ], [ -73.9, 40.908333333333331 ], [ -73.908333333333346, 40.908333333333331 ], [ -73.908333333333346, 40.9 ], [ -73.9, 40.9 ] ] ] } },
{ "type": "Feature", "properties": { "cell_id": "r1_c43", "row": 1, "col": 43, "global_row": 5891, "global_col": 12732, "lon": -73.895833333333343, "lat": 40.904166666666661 }, "geometry": { "type": "Polygon", "coordinates": [ [ [ -73.89166666666668, 40.9 ], [ -73.89166666666668, 40.908333333333331 ], [ -73.9, 40.908333333333331 ], [ -73.9, 40.9 ], [ -73.89166666666668, 40.9 ] ] ] } },
{ "type": "Feature", "properties": { "cell_id": "r1_c44", "row": 1, "col": 44, "global_row": 5891, "global_col": 12733, "lon": -73.8875, "lat": 40.904166666666669 }, "geometry": { "type": "Polygon", "coordinates": [ [ [ -73.88333333333334, 40.9 ], [ -73.88333333333334, 40.908333333333331 ], [ -73.89166666666668, 40.908333333333331 ], [ -73.89166666666668, 40.9 ], [ -73.88333333333334, 40.9 ] ] ] } },
{ "type": "Feature", "properties": { "cell_id": "r1_c45", "row": 1, "col": 45, "global_row": 5891, "global_col": 12734, "lon": -73.879166666666663, "lat": 40.904166666666669 }, "geometry": { "type": "Polygon", "coordinates": [ [ [ -73.875, 40.9 ], [ -73.875, 40.908333333333331 ], [ -73.88333333333334, 40.908333333333331 ], [ -73.88333333333334, 40.9 ], [ -73.875, 40.9 ] ] ] } },
{ "type": "Feature", "properties": { "cell_id": "r1_c48", "row": 1, "col": 48, "global_row": 5891, "global_col": 12737, "lon": -73.854166666666671, "lat": 40.904166666666661 }, "geometry": { "type": "Polygon", "coordinates": [ [ [ -73.85, 40.9 ], [ -73.85, 40.908333333333331 ], [ -73.858333333333334, 40.908333333333331 ], [ -73.858333333333334, 40.9 ], [ -73.85, 40.9 ] ] ] } },
{ "type": "Feature", "properties": { "cell_id": "r1_c49", "row": 1, "col": 49, "global_row": 5891, "global_col": 12738, "lon": -73.845833333333346, "lat": 40.904166666666669 }, "geometry": { "type": "Polygon", "coordinates": [ [ [ -73.841666666666669, 40.9 ], [ -73.841666666666669, 40.908333333333331 ], [ -73.85, 40.908333333333331 ], [ -73.85, 40.9 ], [ -73.841666666666669, 40.9 ] ] ] } },
{ "type": "Feature", "properties": { "cell_id": "r2_c41", "row": 2, "col": 41, "global_row": 5892, "global_col": 12730, "lon": -73.9125, "lat": 40.895833333333336 }, "geometry": { "type": "Polygon", "coordinates": [ [ [ -73.908333333333346, 40.891666666666666 ], [ -73.908333333333346, 40.9 ], [ -73.916666666666671, 40.9 ], [ -73.916666666666671, 40.891666666666666 ], [ -73.908333333333346, 40.891666666666666 ] ] ] } },
{ "type": "Feature", "properties": { "cell_id": "r2_c42", "row": 2, "col": 42, "global_row": 5892, "global_col": 12731, "lon": -73.904166666666683, "lat": 40.895833333333336 }, "geometry": { "type": "Polygon", "coordinates": [ [ [ -73.9, 40.891666666666666 ], [ -73.9, 40.9 ], [ -73.908333333333346, 40.9 ], [ -73.908333333333346, 40.891666666666666 ], [ -73.9, 40.891666666666666 ] ] ] } },
{ "type": "Feature", "properties": { "cell_id": "r2_c43", "row": 2, "col": 43, "global_row": 5892, "global_col": 12732, "lon": -73.895833333333343, "lat": 40.895833333333336 }, "geometry": { "type": "Polygon", "coordinates": [ [ [ -73.89166666666668, 40.891666666666666 ], [ -73.89166666666668, 40.9 ], [ -73.9, 40.9 ], [ -73.9, 40.891666666666666 ], [ -73.89166666666668, 40.891666666666666 ] ] ] } },
{ "type": "Feature", "properties": { "cell_id": "r2_c44", "row": 2, "col": 44, "global_row": 5892, "global_col": 12733, "lon": -73.8875, "lat": 40.895833333333336 }, "geometry": { "type": "Polygon", "coordinates": [ [ [ -73.88333333333334, 40.891666666666666 ], [ -73.88333333333334, 40.9 ], [ -73.89166666666668, 40.9 ], [ -73.89166666666668, 40.891666666666666 ], [ -73.88333333333334, 40.891666666666666 ] ] ] } },
{ "type": "Feature", "properties": { "cell_id": "r2_c45", "row": 2, "col": 45, "global_row": 5892, "global_col": 12734, "lon": -73.879166666666663, "lat": 40.895833333333336 }, "geometry": { "type": "Polygon", "coordinates": [ [ [ -73.875, 40.891666666666666 ], [ -73.875, 40.9 ], [ -73.88333333333334, 40.9 ], [ -73.88333333333334, 40.891666666666666 ], [ -73.875, 40.891666666666666 ] ] ] } },
{ "type": "Feature", "properties": { "cell_id": "r2_c46", "row": 2, "col": 46, "global_row": 5892, "global_col": 12735, "lon": -73.870833333333351, "lat": 40.895833333333336 }, "geometry": { "type": "Polygon", "coordinates": [ [ [ -73.866666666666674, 40.891666666666666 ], [ -73.866666666666674, 40.9 ], [ -73.875, 40.9 ], [ -73.875, 40.891666666666666 ], [ -73.866666666666674, 40.891666666666666 ] ] ] } },
{ "type": "Feature", "properties": { "cell_id": "r2_c47", "row": 2, "col": 47, "global_row": 5892, "global_col": 12736, "lon": -73.8625, "lat": 40.895833333333336 }, "geometry": { "type": "Polygon", "coordinates": [ [ [ -73.858333333333334, 40.891666666666666 ], [ -73.858333333333334, 40.9 ], [ -73.866666666666674, 40.9 ], [ -73.866666666666674, 40.891666666666666 ], [ -73.858333333333334, 40.891666666666666 ] ] ] } },
{ "type": "Feature", "properties": { "cell_id": "r2_c48", "row": 2, "col": 48, "global_row": 5892, "global_col": 12737, "lon": -73.854166666666671, "lat": 40.895833333333336 }, "geometry": { "type": "Polygon", "coordinates": [ [ [ -73.85, 40.891666666666666 ], [ -73.85, 40.9 ], [ -73.858333333333334, 40.9 ], [ -73.858333333333334, 40.891666666666666 ], [ -73.85, 40.891666666666666 ] ] ] } },
{ "type": "Feature", "properties": { "cell_id": "r2_c49", "row": 2, "col": 49, "global_row": 5892, "global_col": 12738, "lon": -73.845833333333346, "lat": 40.895833333333336 }, "geometry": { "type": "Polygon", "coordinates": [ [ [ -73.841666666666669, 40.891666666666666 ], [ -73.841666666666669, 40.9 ], [ -73.85, 40.9 ], [ -73.85, 40.891666666666666 ], [ -73.841666666666669, 40.891666666666666 ] ] ] } },
{ "type": "Feature", "properties": { "cell_id": "r3_c41", "row": 3, "col": 41, "global_row": 5893, "global_col": 12730, "lon": -73.9125, "lat": 40.8875 }, "geometry": { "type": "Polygon", "coordinates": [ [ [ -73.908333333333346, 40.883333333333333 ], [ -73.908333333333346, 40.891666666666666 ], [ -73.916666666666671, 40.891666666666666 ], [ -73.916666666666671, 40.883333333333333 ], [ -73.908333333333346, 40.883333333333333 ] ] ] } },
{ "type": "Feature", "properties": { "cell_id": "r3_c42", "row": 3, "col": 42, "global_row": 5893, "global_col": 12731, "lon": -73.904166666666683, "lat": 40.8875 }, "geometry": { "type": "Polygon", "coordinates": [ [ [ -73.9, 40.883333333333333 ], [ -73.9, 40.891666666666666 ], [ -73.908333333333346, 40.891666666666666 ], [ -73.908333333333346, 40.883333333333333 ], [ -73.9, 40.883333333333333 ] ] ] } },
{ "type": "Feature", "properties": { "cell_id": "r3_c43", "row": 3, "col": 43, "global_row": 5893, "global_col": 12732, "lon": -73.895833333333343, "lat": 40.8875 }, "geometry": { "type": "Polygon", "coordinates": [ [ [ -73.89166666666668, 40.883333333333333 ], [ -73.89166666666668, 40.891666666666666 ], [ -73.9, 40.891666666666666 ], [ -73.9, 40.883333333333333 ], [ -73.89166666666668, 40.883333333333333 ] ] ] } },
{ "type": "Feature", "properties": { "cell_id": "r3_c44", "row": 3, "col": 44, "global_row": 5893, "global_col": 12733, "lon": -73.8875, "lat": 40.8875 }, "geometry": { "type": "Polygon", "coordinates": [ [ [ -73.88333333333334, 40.883333333333333 ], [ -73.88333333333334, 40.891666666666666 ], [ -73.89166666666668, 40.891666666666666 ], [ -73.89166666666668, 40.883333333333333 ], [ -73.88333333333334, 40.883333333333333 ] ] ] } },
{ "type": "Feature", "properties": { "cell_id": "r3_c45", "row": 3, "col": 45, "global_row": 5893, "global_col": 12734, "lon": -73.879166666666663, "lat": 40.8875 }, "geometry": { "type": "Polygon", "coordinates": [ [ [ -73.875, 40.883333333333333 ], [ -73.875, 40.891666666666666 ], [ -73.88333333333334, 40.891666666666666 ], [ -73.88333333333334, 40.883333333333333 ], [ -73.875, 40.883333333333333 ] ] ] } },
{ "type": "Feature", "properties": { "cell_id": "r3_c46", "row": 3, "col": 46, "global_row": 5893, "global_col": 12735, "lon": -73.870833333333351, "lat": 40.8875 }, "geometry": { "type": "Polygon", "coordinates": [ [ [ -73.866666666666674, 40.883333333333333 ], [ -73.866666666666674, 40.891666666666666 ], [ -73.875, 40.891666666666666 ], [ -73.875, 40.883333333333333 ], [ -73.866666666666674, 40.883333333333333 ] ] ] } },
{ "type": "Feature", "properties": { "cell_id": "r3_c47", "row": 3, "col": 47, "global_row": 5893, "global_col": 12736, "lon": -73.8625, "lat": 40.8875 }, "geometry": { "type": "Polygon", "coordinates": [ [ [ -73.858333333333334, 40.883333333333333 ], [ -73.858333333333334, 40.891666666666666 ], [ -73.866666666666674, 40.891666666666666 ], [ -73.866666666666674, 40.883333333333333 ], [ -73.858333333333334, 40.883333333333333 ] ] ] } },
{ "type": "Feature", "properties": { "cell_id": "r3_c48", "row": 3, "col": 48, "global_row": 5893, "global_col": 12737, "lon": -73.854166666666671, "lat": 40.8875 }, "geometry": { "type": "Polygon", "coordinates": [ [ [ -73.85, 40.883333333333333 ], [ -73.85, 40.891666666666666 ], [ -73.858333333333334, 40.891666666666666 ], [ -73.858333333333334, 40.883333333333333 ], [ -73.85, 40.883333333333333 ] ] ] } },
{ "type": "Feature", "properties": { "cell_id": "r3_c49", "row": 3, "col": 49, "global_row": 5893, "global_col": 12738, "lon": -73.845833333333346, "lat": 40.8875 }, "geometry": { "type": "Polygon", "coordinates": [ [ [ -73.841666666666669, 40.883333333333333 ], [ -73.841666666666669, 40.891666666666666 ], [ -73.85, 40.891666666666666 ], [ -73.85, 40.883333333333333 ], [ -73.841666666666669, 40.883333333333333 ] ] ] } },
{ "type": "Feature", "properties": { "cell_id": "r3_c50", "row": 3, "col": 50, "global_row": 5893, "global_col": 12739, "lon": -73.8375, "lat": 40.8875 }, "geometry": { "type": "Polygon", "coordinates": [ [ [ -73.833333333333343, 40.883333333333333 ], [ -73.833333333333343, 40.891666666666666 ], [ -73.841666666666669, 40.891666666666666 ], [ -73.841666666666669, 40.883333333333333 ], [ -73.833333333333343, 40.883333333333333 ] ] ] } },
{ "type": "Feature", "properties": { "cell_id": "r3_c51", "row": 3, "col": 51, "global_row": 5893, "global_col": 12740, "lon": -73.82916666666668, "lat": 40.8875 }, "geometry": { "type": "Polygon", "coordinates": [ [ [ -73.825, 40.883333333333333 ], [ -73.825, 40.891666666666666 ], [ -73.833333333333343, 40.891666666666666 ], [ -73.833333333333343, 40.883333333333333 ], [ -73.825, 40.883333333333333 ] ] ] } },
{ "type": "Feature", "properties": { "cell_id": "r3_c52", "row": 3, "col": 52, "global_row": 5893, "global_col": 12741, "lon": -73.82083333333334, "lat": 40.8875 }, "geometry": { "type": "Polygon", "coordinates": [ [ [ -73.816666666666677, 40.883333333333333 ], [ -73.816666666666677, 40.891666666666666 ], [ -73.825, 40.891666666666666 ], [ -73.825, 40.883333333333333 ], [ -73.816666666666677, 40.883333333333333 ] ] ] } },
{ "type": "Feature", "properties": { "cell_id": "r3_c53", "row": 3, "col": 53, "global_row": 5893, "global_col": 12742, "lon": -73.8125, "lat": 40.8875 }, "geometry": { "type": "Polygon", "coordinates": [ [ [ -73.808333333333337, 40.883333333333333 ], [ -73.808333333333337, 40.891666666666666 ], [ -73.816666666666677, 40.891666666666666 ], [ -73.816666666666677, 40.883333333333333 ], [ -73.808333333333337, 40.883333333333333 ] ] ] } },
{ "type": "Feature", "properties": { "cell_id": "r4_c40", "row": 4, "col": 40, "global_row": 5894, "global_col": 12729, "lon": -73.920833333333348, "lat": 40.879166666666656 }, "geometry": { "type": "Polygon", "coordinates": [ [ [ -73.916666666666671, 40.875 ], [ -73.916666666666671, 40.883333333333333 ], [ -73.925, 40.883333333333333 ], [ -73.925, 40.875 ], [ -73.916666666666671, 40.875 ] ] ] } },
{ "type": "Feature", "properties": { "cell_id": "r4_c41", "row": 4, "col": 41, "global_row": 5894, "global_col": 12730, "lon": -73.9125, "lat": 40.879166666666656 }, "geometry": { "type": "Polygon", "coordinates": [ [ [ -73.908333333333346, 40.875 ], [ -73.908333333333346, 40.883333333333333 ], [ -73.916666666666671, 40.883333333333333 ], [ -73.916666666666671, 40.875 ], [ -73.908333333333346, 40.875 ] ] ] } },
{ "type": "Feature", "properties": { "cell_id": "r4_c42", "row": 4, "col": 42, "global_row": 5894, "global_col": 12731, "lon": -73.904166666666683, "lat": 40.879166666666656 }, "geometry": { "type": "Polygon", "coordinates": [ [ [ -73.9, 40.875 ], [ -73.9, 40.883333333333333 ], [ -73.908333333333346, 40.883333333333333 ], [ -73.908333333333346, 40.875 ], [ -73.9, 40.875 ] ] ] } },
{ "type": "Feature", "properties": { "cell_id": "r4_c43", "row": 4, "col": 43, "global_row": 5894, "global_col": 12732, "lon": -73.895833333333343, "lat": 40.879166666666656 }, "geometry": { "type": "Polygon", "coordinates": [ [ [ -73.89166666666668, 40.875 ], [ -73.89166666666668, 40.883333333333333 ], [ -73.9, 40.883333333333333 ], [ -73.9, 40.875 ], [ -73.89166666666668, 40.875 ] ] ] } },
{ "type": "Feature", "properties": { "cell_id": "r4_c44", "row": 4, "col": 44, "global_row": 5894, "global_col": 12733, "lon": -73.8875, "lat": 40.879166666666656 }, "geometry": { "type": "Polygon", "coordinates": [ [ [ -73.88333333333334, 40.875 ], [ -73.88333333333334, 40.883333333333333 ], [ -73.89166666666668, 40.883333333333333 ], [ -73.89166666666668, 40.875 ], [ -73.88333333333334, 40.875 ] ] ] } },
{ "type": "Feature", "properties": { "cell_id": "r4_c45", "row": 4, "col": 45, "global_row": 5894, "global_col": 12734, "lon": -73.879166666666663, "lat": 40.879166666666656 }, "geometry": { "type": "Polygon", "coordinates": [ [ [ -73.875, 40.875 ], [ -73.875, 40.883333333333333 ], [ -73.88333333333334, 40.883333333333333 ], [ -73.88333333333334, 40.875 ], [ -73.875, 40.875 ] ] ] } },
{ "type": "Feature", "properties": { "cell_id": "r4_c46", "row": 4, "col": 46, "global_row": 5894, "global_col": 12735, "lon": -73.870833333333351, "lat": 40.879166666666656 }, "geometry": { "type": "Polygon", "coordinates": [ [ [ -73.866666666666674, 40.875 ], [ -73.866666666666674, 40.883333333333333 ], [ -73.875, 40.883333333333333 ], [ -73.875, 40.875 ], [ -73.866666666666674, 40.875 ] ] ] } },
{ "type": "Feature", "properties": { "cell_id": "r4_c47", "row": 4, "col": 47, "global_row": 5894, "global_col": 12736, "lon": -73.8625, "lat": 40.879166666666656 }, "geometry": { "type": "Polygon", "coordinates": [ [ [ -73.858333333333334, 40.875 ], [ -73.858333333333334, 40.883333333333333 ], [ -73.866666666666674, 40.883333333333333 ], [ -73.866666666666674, 40.875 ], [ -73.858333333333334, 40.875 ] ] ] } },
{ "type": "Feature", "properties": { "cell_id": "r4_c48", "row": 4, "col": 48, "global_row": 5894, "global_col": 12737, "lon": -73.854166666666671, "lat": 40.879166666666656 }, "geometry": { "type": "Polygon", "coordinates": [ [ [ -73.85, 40.875 ], [ -73.85, 40.883333333333333 ], [ -73.858333333333334, 40.883333333333333 ], [ -73.858333333333334, 40.875 ], [ -73.85, 40.875 ] ] ] } },
{ "type": "Feature", "properties": { "cell_id": "r4_c49", "row": 4, "col": 49, "global_row": 5894, "global_col": 12738, "lon": -73.845833333333346, "lat": 40.879166666666656 }, "geometry": { "type": "Polygon", "coordinates": [ [ [ -73.841666666666669, 40.875 ], [ -73.841666666666669, 40.883333333333333 ], [ -73.85, 40.883333333333333 ], [ -73.85, 40.875 ], [ -73.841666666666669, 40.875 ] ] ] } },
{ "type": "Feature", "properties": { "cell_id": "r4_c50", "row": 4, "col": 50, "global_row": 5894, "global_col": 12739, "lon": -73.8375, "lat": 40.879166666666656 }, "geometry": { "type": "Polygon", "coordinates": [ [ [ -73.833333333333343, 40.875 ], [ -73.833333333333343, 40.883333333333333 ], [ -73.841666666666669, 40.883333333333333 ], [ -73.841666666666669, 40.875 ], [ -73.833333333333343, 40.875 ] ] ] } },
{ "type": "Feature", "properties": { "cell_id": "r4_c51", "row": 4, "col": 51, "global_row": 5894, "global_col": 12740, "lon": -73.82916666666668, "lat": 40.879166666666656 }, "geometry": { "type": "Polygon", "coordinates": [ [ [ -73.825, 40.875 ], [ -73.825, 40.883333333333333 ], [ -73.833333333333343, 40.883333333333333 ], [ -73.833333333333343, 40.875 ], [ -73.825, 40.875 ] ] ] } },
{ "type": "Feature", "properties": { "cell_id": "r4_c52", "row": 4, "col": 52, "global_row": 5894, "global_col": 12741, "lon": -73.82083333333334, "lat": 40.879166666666656 }, "geometry": { "type": "Polygon", "coordinates": [ [ [ -73.816666666666677, 40.875 ], [ -73.816666666666677, 40.883333333333333 ], [ -73.825, 40.883333333333333 ], [ -73.825, 40.875 ], [ -73.816666666666677, 40.875 ] ] ] } },
{ "type": "Feature", "properties": { "cell_id": "r4_c53", "row": 4, "col": 53, "global_row": 5894, "global_col": 12742, "lon": -73.8125, "lat": 40.879166666666656 }, "geometry": { "type": "Polygon", "coordinates": [ [ [ -73.808333333333337, 40.875 ], [ -73.808333333333337, 40.883333333333333 ], [ -73.816666666666677, 40.883333333333333 ], [ -73.816666666666677, 40.875 ], [ -73.808333333333337, 40.875 ] ] ] } },
{ "type": "Feature", "properties": { "cell_id": "r4_c54", "row": 4, "col": 54, "global_row": 5894, "global_col": 12743, "lon": -73.804166666666674, "lat": 40.879166666666656 }, "geometry": { "type": "Polygon", "coordinates": [ [ [ -73.8, 40.875 ], [ -73.8, 40.883333333333333 ], [ -73.808333333333337, 40.883333333333333 ], [ -73.808333333333337, 40.875 ], [ -73.8, 40.875 ] ] ] } },
{ "type": "Feature", "properties": { "cell_id": "r4_c55", "row": 4, "col": 55, "global_row": 5894, "global_col": 12744, "lon": -73.795833333333334, "lat": 40.879166666666656 }, "geometry": { "type": "Polygon", "coordinates": [ [ [ -73.791666666666671, 40.875 ], [ -73.791666666666671, 40.883333333333333 ], [ -73.8, 40.883333333333333 ], [ -73.8, 40.875 ], [ -73.791666666666671, 40.875 ] ] ] } },
{ "type": "Feature", "properties": { "cell_id": "r5_c39", "row": 5, "col": 39, "global_row": 5895, "global_col": 12728, "lon": -73.929166666666674, "lat": 40.87083333333333 }, "geometry": { "type": "Polygon", "coordinates": [ [ [ -73.925, 40.866666666666667 ], [ -73.925, 40.875 ], [ -73.933333333333337, 40.875 ], [ -73.933333333333337, 40.866666666666667 ], [ -73.925, 40.866666666666667 ] ] ] } },
{ "type": "Feature", "properties": { "cell_id": "r5_c40", "row": 5, "col": 40, "global_row": 5895, "global_col": 12729, "lon": -73.920833333333348, "lat": 40.870833333333337 }, "geometry": { "type": "Polygon", "coordinates": [ [ [ -73.916666666666671, 40.866666666666667 ], [ -73.916666666666671, 40.875 ], [ -73.925, 40.875 ], [ -73.925, 40.866666666666667 ], [ -73.916666666666671, 40.866666666666667 ] ] ] } },
{ "type": "Feature", "properties": { "cell_id": "r5_c41", "row": 5, "col": 41, "global_row": 5895, "global_col": 12730, "lon": -73.9125, "lat": 40.87083333333333 }, "geometry": { "type": "Polygon", "coordinates": [ [ [ -73.908333333333346, 40.866666666666667 ], [ -73.908333333333346, 40.875 ], [ -73.916666666666671, 40.875 ], [ -73.916666666666671, 40.866666666666667 ], [ -73.908333333333346, 40.866666666666667 ] ] ] } },
{ "type": "Feature", "properties": { "cell_id": "r5_c42", "row": 5, "col": 42, "global_row": 5895, "global_col": 12731, "lon": -73.904166666666683, "lat": 40.870833333333337 }, "geometry": { "type": "Polygon", "coordinates": [ [ [ -73.9, 40.866666666666667 ], [ -73.9, 40.875 ], [ -73.908333333333346, 40.875 ], [ -73.908333333333346, 40.866666666666667 ], [ -73.9, 40.866666666666667 ] ] ] } },
{ "type": "Feature", "properties": { "cell_id": "r5_c43", "row": 5, "col": 43, "global_row": 5895, "global_col": 12732, "lon": -73.895833333333343, "lat": 40.87083333333333 }, "geometry": { "type": "Polygon", "coordinates": [ [ [ -73.89166666666668, 40.866666666666667 ], [ -73.89166666666668, 40.875 ], [ -73.9, 40.875 ], [ -73.9, 40.866666666666667 ], [ -73.89166666666668, 40.866666666666667 ] ] ] } },
{ "type": "Feature", "properties": { "cell_id": "r5_c44", "row": 5, "col": 44, "global_row": 5895, "global_col": 12733, "lon": -73.8875, "lat": 40.870833333333337 }, "geometry": { "type": "Polygon", "coordinates": [ [ [ -73.88333333333334, 40.866666666666667 ], [ -73.88333333333334, 40.875 ], [ -73.89166666666668, 40.875 ], [ -73.89166666666668, 40.866666666666667 ], [ -73.88333333333334, 40.866666666666667 ] ] ] } },
{ "type": "Feature", "properties": { "cell_id": "r5_c45", "row": 5, "col": 45, "global_row": 5895, "global_col": 12734, "lon": -73.879166666666663, "lat": 40.870833333333337 }, "geometry": { "type": "Polygon", "coordinates": [ [ [ -73.875, 40.866666666666667 ], [ -73.875, 40.875 ], [ -73.88333333333334, 40.875 ], [ -73.88333333333334, 40.866666666666667 ], [ -73.875, 40.866666666666667 ] ] ] } },
{ "type": "Feature", "properties": { "cell_id": "r5_c46", "row": 5, "col": 46, "global_row": 5895, "global_col": 12735, "lon": -73.870833333333351, "lat": 40.87083333333333 }, "geometry": { "type": "Polygon", "coordinates": [ [ [ -73.866666666666674, 40.866666666666667 ], [ -73.866666666666674, 40.875 ], [ -73.875, 40.875 ], [ -73.875, 40.866666666666667 ], [ -73.866666666666674, 40.866666666666667 ] ] ] } },
{ "type": "Feature", "properties": { "cell_id": "r5_c47", "row": 5, "col": 47, "global_row": 5895, "global_col": 12736, "lon": -73.8625, "lat": 40.870833333333337 }, "geometry": { "type": "Polygon", "coordinates": [ [ [ -73.858333333333334, 40.866666666666667 ], [ -73.858333333333334, 40.875 ], [ -73.866666666666674, 40.875 ], [ -73.866666666666674, 40.866666666666667 ], [ -73.858333333333334, 40.866666666666667 ] ] ] } },
{ "type": "Feature", "properties": { "cell_id": "r5_c48", "row": 5, "col": 48, "global_row": 5895, "global_col": 12737, "lon": -73.854166666666671, "lat": 40.87083333333333 }, "geometry": { "type": "Polygon", "coordinates": [ [ [ -73.85, 40.866666666666667 ], [ -73.85, 40.875 ], [ -73.858333333333334, 40.875 ], [ -73.858333333333334, 40.866666666666667 ], [ -73.85, 40.866666666666667 ] ] ] } },
{ "type": "Feature", "properties": { "cell_id": "r5_c49", "row": 5, "col": 49, "global_row": 5895, "global_col": 12738, "lon": -73.845833333333346, "lat": 40.870833333333337 }, "geometry": { "type": "Polygon", "coordinates": [ [ [ -73.841666666666669, 40.866666666666667 ], [ -73.841666666666669, 40.875 ], [ -73.85, 40.875 ], [ -73.85, 40.866666666666667 ], [ -73.841666666666669, 40.866666666666667 ] ] ] } },
{ "type": "Feature", "properties": { "cell_id": "r5_c50", "row": 5, "col": 50, "global_row": 5895, "global_col": 12739, "lon": -73.8375, "lat": 40.87083333333333 }, "geometry": { "type": "Polygon", "coordinates": [ [ [ -73.833333333333343, 40.866666666666667 ], [ -73.833333333333343, 40.875 ], [ -73.841666666666669, 40.875 ], [ -73.841666666666669, 40.866666666666667 ], [ -73.833333333333343, 40.866666666666667 ] ] ] } },
{ "type": "Feature", "properties": { "cell_id": "r5_c51", "row": 5, "col": 51, "global_row": 5895, "global_col": 12740, "lon": -73.82916666666668, "lat": 40.870833333333337 }, "geometry": { "type": "Polygon", "coordinates": [ [ [ -73.825, 40.866666666666667 ], [ -73.825, 40.875 ], [ -73.833333333333343, 40.875 ], [ -73.833333333333343, 40.866666666666667 ], [ -73.825, 40.866666666666667 ] ] ] } },
{ "type": "Feature", "properties": { "cell_id": "r5_c52", "row": 5, "col": 52, "global_row": 5895, "global_col": 12741, "lon": -73.82083333333334, "lat": 40.87083333333333 }, "geometry": { "type": "Polygon", "coordinates": [ [ [ -73.816666666666677, 40.866666666666667 ], [ -73.816666666666677, 40.875 ], [ -73.825, 40.875 ], [ -73.825, 40.866666666666667 ], [ -73.816666666666677, 40.866666666666667 ] ] ] } },
{ "type": "Feature", "properties": { "cell_id": "r5_c53", "row": 5, "col": 53, "global_row": 5895, "global_col": 12742, "lon": -73.8125, "lat": 40.870833333333337 }, "geometry": { "type": "Polygon", "coordinates": [ [ [ -73.808333333333337, 40.866666666666667 ], [ -73.808333333333337, 40.875 ], [ -73.816666666666677, 40.875 ], [ -73.816666666666677, 40.866666666666667 ], [ -73.808333333333337, 40.866666666666667 ] ] ] } },
{ "type": "Feature", "properties": { "cell_id": "r5_c54", "row": 5, "col": 54, "global_row": 5895, "global_col": 12743, "lon": -73.804166666666674, "lat": 40.87083333333333 }, "geometry": { "type": "Polygon", "coordinates": [ [ [ -73.8, 40.866666666666667 ], [ -73.8, 40.875 ], [ -73.808333333333337, 40.875 ], [ -73.808333333333337, 40.866666666666667 ], [ -73.8, 40.866666666666667 ] ] ] } },
{ "type": "Feature", "properties": { "cell_id": "r5_c55", "row": 5, "col": 55, "global_row": 5895, "global_col": 12744, "lon": -73.795833333333334, "lat": 40.870833333333337 }, "geometry": { "type": "Polygon", "coordinates": [ [ [ -73.791666666666671, 40.866666666666667 ], [ -73.791666666666671, 40.875 ], [ -73.8, 40.875 ], [ -73.8, 40.866666666666667 ], [ -73.791666666666671, 40.866666666666667 ] ] ] } },
{ "type": "Feature", "properties": { "cell_id": "r5_c56", "row": 5, "col": 56, "global_row": 5895, "global_col": 12745, "lon": -73.7875, "lat": 40.87083333333333 }, "geometry": { "type": "Polygon", "coordinates": [ [ [ -73.783333333333346, 40.866666666666667 ], [ -73.783333333333346, 40.875 ], [ -73.791666666666671, 40.875 ], [ -73.791666666666671, 40.866666666666667 ], [ -73.783333333333346, 40.866666666666667 ] ] ] } },
{ "type": "Feature", "properties": { "cell_id": "r6_c39", "row": 6, "col": 39, "global_row": 5896, "global_col": 12728, "lon": -73.929166666666674, "lat": 40.8625 }, "geometry": { "type": "Polygon", "coordinates": [ [ [ -73.925, 40.858333333333334 ], [ -73.925, 40.866666666666667 ], [ -73.933333333333337, 40.866666666666667 ], [ -73.933333333333337, 40.858333333333334 ], [ -73.925, 40.858333333333334 ] ] ] } },
{ "type": "Feature", "properties": { "cell_id": "r6_c40", "row": 6, "col": 40, "global_row": 5896, "global_col": 12729, "lon": -73.920833333333348, "lat": 40.8625 }, "geometry": { "type": "Polygon", "coordinates": [ [ [ -73.916666666666671, 40.858333333333334 ], [ -73.916666666666671, 40.866666666666667 ], [ -73.925, 40.866666666666667 ], [ -73.925, 40.858333333333334 ], [ -73.916666666666671, 40.858333333333334 ] ] ] } },
{ "type": "Feature", "properties": { "cell_id": "r6_c41", "row": 6, "col": 41, "global_row": 5896, "global_col": 12730, "lon": -73.9125, "lat": 40.8625 }, "geometry": { "type": "Polygon", "coordinates": [ [ [ -73.908333333333346, 40.858333333333334 ], [ -73.908333333333346, 40.866666666666667 ], [ -73.916666666666671, 40.866666666666667 ], [ -73.916666666666671, 40.858333333333334 ], [ -73.908333333333346, 40.858333333333334 ] ] ] } },
{ "type": "Feature", "properties": { "cell_id": "r6_c42", "row": 6, "col": 42, "global_row": 5896, "global_col": 12731, "lon": -73.904166666666683, "lat": 40.8625 }, "geometry": { "type": "Polygon", "coordinates": [ [ [ -73.9, 40.858333333333334 ], [ -73.9, 40.866666666666667 ], [ -73.908333333333346, 40.866666666666667 ], [ -73.908333333333346, 40.858333333333334 ], [ -73.9, 40.858333333333334 ] ] ] } },
{ "type": "Feature", "properties": { "cell_id": "r6_c43", "row": 6, "col": 43, "global_row": 5896, "global_col": 12732, "lon": -73.895833333333343, "lat": 40.8625 }, "geometry": { "type": "Polygon", "coordinates": [ [ [ -73.89166666666668, 40.858333333333334 ], [ -73.89166666666668, 40.866666666666667 ], [ -73.9, 40.866666666666667 ], [ -73.9, 40.858333333333334 ], [ -73.89166666666668, 40.858333333333334 ] ] ] } },
{ "type": "Feature", "properties": { "cell_id": "r6_c44", "row": 6, "col": 44, "global_row": 5896, "global_col": 12733, "lon": -73.8875, "lat": 40.8625 }, "geometry": { "type": "Polygon", "coordinates": [ [ [ -73.88333333333334, 40.858333333333334 ], [ -73.88333333333334, 40.866666666666667 ], [ -73.89166666666668, 40.866666666666667 ], [ -73.89166666666668, 40.858333333333334 ], [ -73.88333333333334, 40.858333333333334 ] ] ] } },
{ "type": "Feature", "properties": { "cell_id": "r6_c45", "row": 6, "col": 45, "global_row": 5896, "global_col": 12734, "lon": -73.879166666666663, "lat": 40.8625 }, "geometry": { "type": "Polygon", "coordinates": [ [ [ -73.875, 40.858333333333334 ], [ -73.875, 40.866666666666667 ], [ -73.88333333333334, 40.866666666666667 ], [ -73.88333333333334, 40.858333333333334 ], [ -73.875, 40.858333333333334 ] ] ] } },
{ "type": "Feature", "properties": { "cell_id": "r6_c46", "row": 6, "col": 46, "global_row": 5896, "global_col": 12735, "lon": -73.870833333333351, "lat": 40.8625 }, "geometry": { "type": "Polygon", "coordinates": [ [ [ -73.866666666666674, 40.858333333333334 ], [ -73.866666666666674, 40.866666666666667 ], [ -73.875, 40.866666666666667 ], [ -73.875, 40.858333333333334 ], [ -73.866666666666674, 40.858333333333334 ] ] ] } },
{ "type": "Feature", "properties": { "cell_id": "r6_c47", "row": 6, "col": 47, "global_row": 5896, "global_col": 12736, "lon": -73.8625, "lat": 40.8625 }, "geometry": { "type": "Polygon", "coordinates": [ [ [ -73.858333333333334, 40.858333333333334 ], [ -73.858333333333334, 40.866666666666667 ], [ -73.866666666666674, 40.866666666666667 ], [ -73.866666666666674, 40.858333333333334 ], [ -73.858333333333334, 40.858333333333334 ] ] ] } },
{ "type": "Feature", "properties": { "cell_id": "r6_c48", "row": 6, "col": 48, "global_row": 5896, "global_col": 12737, "lon": -73.854166666666671, "lat": 40.8625 }, "geometry": { "type": "Polygon", "coordinates": [ [ [ -73.85, 40.858333333333334 ], [ -73.85, 40.866666666666667 ], [ -73.858333333333334, 40.866666666666667 ], [ -73.858333333333334, 40.858333333333334 ], [ -73.85, 40.858333333333334 ] ] ] } },
{ "type": "Feature", "properties": { "cell_id": "r6_c49", "row": 6, "col": 49, "global_row": 5896, "global_col": 12738, "lon": -73.845833333333346, "lat": 40.8625 }, "geometry": { "type": "Polygon", "coordinates": [ [ [ -73.841666666666669, 40.858333333333334 ], [ -73.841666666666669, 40.866666666666667 ], [ -73.85, 40.866666666666667 ], [ -73.85, 40.858333333333334 ], [ -73.841666666666669, 40.858333333333334 ] ] ] } },
{ "type": "Feature", "properties": { "cell_id": "r6_c50", "row": 6, "col": 50, "global_row": 5896, "global_col": 12739, "lon": -73.8375, "lat": 40.8625 }, "geometry": { "type": "Polygon", "coordinates": [ [ [ -73.833333333333343, 40.858333333333334 ], [ -73.833333333333343, 40.866666666666667 ], [ -73.841666666666669, 40.866666666666667 ], [ -73.841666666666669, 40.858333333333334 ], [ -73.833333333333343, 40.858333333333334 ] ] ] } },
{ "type": "Feature", "properties": { "cell_id": "r6_c51", "row": 6, "col": 51, "global_row": 5896, "global_col": 12740, "lon": -73.82916666666668, "lat": 40.8625 }, "geometry": { "type": "Polygon", "coordinates": [ [ [ -73.825, 40.858333333333334 ], [ -73.825, 40.866666666666667 ], [ -73.833333333333343, 40.866666666666667 ], [ -73.833333333333343, 40.858333333333334 ], [ -73.825, 40.858333333333334 ] ] ] } },
{ "type": "Feature", "properties": { "cell_id": "r6_c52", "row": 6, "col": 52, "global_row": 5896, "global_col": 12741, "lon": -73.82083333333334, "lat": 40.8625 }, "geometry": { "type": "Polygon", "coordinates": [ [ [ -73.816666666666677, 40.858333333333334 ], [ -73.816666666666677, 40.866666666666667 ], [ -73.825, 40.866666666666667 ], [ -73.825, 40.858333333333334 ], [ -73.816666666666677, 40.858333333333334 ] ] ] } },
{ "type": "Feature", "properties": { "cell_id": "r6_c54", "row": 6, "col": 54, "global_row": 5896, "global_col": 12743, "lon": -73.804166666666674, "lat": 40.8625 }, "geometry": { "type": "Polygon", "coordinates": [ [ [ -73.8, 40.858333333333334 ], [ -73.8, 40.866666666666667 ], [ -73.808333333333337, 40.866666666666667 ], [ -73.808333333333337, 40.858333333333334 ], [ -73.8, 40.858333333333334 ] ] ] } },
{ "type": "Feature", "properties": { "cell_id": "r6_c55", "row": 6, "col": 55, "global_row": 5896, "global_col": 12744, "lon": -73.795833333333334, "lat": 40.8625 }, "geometry": { "type": "Polygon", "coordinates": [ [ [ -73.791666666666671, 40.858333333333334 ], [ -73.791666666666671, 40.866666666666667 ], [ -73.8, 40.866666666666667 ], [ -73.8, 40.858333333333334 ], [ -73.791666666666671, 40.858333333333334 ] ] ] } },
{ "type": "Feature", "properties": { "cell_id": "r7_c38", "row": 7, "col": 38, "global_row": 5897, "global_col": 12727, "lon": -73.9375, "lat": 40.854166666666664 }, "geometry": { "type": "Polygon", "coordinates": [ [ [ -73.933333333333337, 40.85 ], [ -73.933333333333337, 40.858333333333334 ], [ -73.941666666666677, 40.858333333333334 ], [ -73.941666666666677, 40.85 ], [ -73.933333333333337, 40.85 ] ] ] } },
{ "type": "Feature", "properties": { "cell_id": "r7_c39", "row": 7, "col": 39, "global_row": 5897, "global_col": 12728, "lon": -73.929166666666674, "lat": 40.854166666666657 }, "geometry": { "type": "Polygon", "coordinates": [ [ [ -73.925, 40.85 ], [ -73.925, 40.858333333333334 ], [ -73.933333333333337, 40.858333333333334 ], [ -73.933333333333337, 40.85 ], [ -73.925, 40.85 ] ] ] } },
{ "type": "Feature", "properties": { "cell_id": "r7_c40", "row": 7, "col": 40, "global_row": 5897, "global_col": 12729, "lon": -73.920833333333334, "lat": 40.854166666666664 }, "geometry": { "type": "Polygon", "coordinates": [ [ [ -73.916666666666671, 40.85 ], [ -73.916666666666671, 40.858333333333334 ], [ -73.925, 40.858333333333334 ], [ -73.925, 40.85 ], [ -73.916666666666671, 40.85 ] ] ] } },
{ "type": "Feature", "properties": { "cell_id": "r7_c41", "row": 7, "col": 41, "global_row": 5897, "global_col": 12730, "lon": -73.9125, "lat": 40.854166666666657 }, "geometry": { "type": "Polygon", "coordinates": [ [ [ -73.908333333333346, 40.85 ], [ -73.908333333333346, 40.858333333333334 ], [ -73.916666666666671, 40.858333333333334 ], [ -73.916666666666671, 40.85 ], [ -73.908333333333346, 40.85 ] ] ] } },
{ "type": "Feature", "properties": { "cell_id": "r7_c42", "row": 7, "col": 42, "global_row": 5897, "global_col": 12731, "lon": -73.904166666666683, "lat": 40.854166666666664 }, "geometry": { "type": "Polygon", "coordinates": [ [ [ -73.9, 40.85 ], [ -73.9, 40.858333333333334 ], [ -73.908333333333346, 40.858333333333334 ], [ -73.908333333333346, 40.85 ], [ -73.9, 40.85 ] ] ] } },
{ "type": "Feature", "properties": { "cell_id": "r7_c43", "row": 7, "col": 43, "global_row": 5897, "global_col": 12732, "lon": -73.895833333333343, "lat": 40.854166666666657 }, "geometry": { "type": "Polygon", "coordinates": [ [ [ -73.89166666666668, 40.85 ], [ -73.89166666666668, 40.858333333333334 ], [ -73.9, 40.858333333333334 ], [ -73.9, 40.85 ], [ -73.89166666666668, 40.85 ] ] ] } },
{ "type": "Feature", "properties": { "cell_id": "r7_c44", "row": 7, "col": 44, "global_row": 5897, "global_col": 12733, "lon": -73.8875, "lat": 40.854166666666664 }, "geometry": { "type": "Polygon", "coordinates": [ [ [ -73.88333333333334, 40.85 ], [ -73.88333333333334, 40.858333333333334 ], [ -73.89166666666668, 40.858333333333334 ], [ -73.89166666666668, 40.85 ], [ -73.88333333333334, 40.85 ] ] ] } },
{ "type": "Feature", "properties": { "cell_id": "r7_c45", "row": 7, "col": 45, "global_row": 5897, "global_col": 12734, "lon": -73.879166666666663, "lat": 40.854166666666664 }, "geometry": { "type": "Polygon", "coordinates": [ [ [ -73.875, 40.85 ], [ -73.875, 40.858333333333334 ], [ -73.88333333333334, 40.858333333333334 ], [ -73.88333333333334, 40.85 ], [ -73.875, 40.85 ] ] ] } },
{ "type": "Feature", "properties": { "cell_id": "r7_c46", "row": 7, "col": 46, "global_row": 5897, "global_col": 12735, "lon": -73.870833333333337, "lat": 40.854166666666657 }, "geometry": { "type": "Polygon", "coordinates": [ [ [ -73.866666666666674, 40.85 ], [ -73.866666666666674, 40.858333333333334 ], [ -73.875, 40.858333333333334 ], [ -73.875, 40.85 ], [ -73.866666666666674, 40.85 ] ] ] } },
{ "type": "Feature", "properties": { "cell_id": "r7_c47", "row": 7, "col": 47, "global_row": 5897, "global_col": 12736, "lon": -73.8625, "lat": 40.854166666666664 }, "geometry": { "type": "Polygon", "coordinates": [ [ [ -73.858333333333334, 40.85 ], [ -73.858333333333334, 40.858333333333334 ], [ -73.866666666666674, 40.858333333333334 ], [ -73.866666666666674, 40.85 ], [ -73.858333333333334, 40.85 ] ] ] } },
{ "type": "Feature", "properties": { "cell_id": "r7_c48", "row": 7, "col": 48, "global_row": 5897, "global_col": 12737, "lon": -73.854166666666657, "lat": 40.854166666666657 }, "geometry": { "type": "Polygon", "coordinates": [ [ [ -73.85, 40.85 ], [ -73.85, 40.858333333333334 ], [ -73.858333333333334, 40.858333333333334 ], [ -73.858333333333334, 40.85 ], [ -73.85, 40.85 ] ] ] } },
{ "type": "Feature", "properties": { "cell_id": "r7_c49", "row": 7, "col": 49, "global_row": 5897, "global_col": 12738, "lon": -73.845833333333346, "lat": 40.854166666666664 }, "geometry": { "type": "Polygon", "coordinates": [ [ [ -73.841666666666669, 40.85 ], [ -73.841666666666669, 40.858333333333334 ], [ -73.85, 40.858333333333334 ], [ -73.85, 40.85 ], [ -73.841666666666669, 40.85 ] ] ] } },
{ "type": "Feature", "properties": { "cell_id": "r7_c50", "row": 7, "col": 50, "global_row": 5897, "global_col": 12739, "lon": -73.8375, "lat": 40.854166666666657 }, "geometry": { "type": "Polygon", "coordinates": [ [ [ -73.833333333333343, 40.85 ], [ -73.833333333333343, 40.858333333333334 ], [ -73.841666666666669, 40.858333333333334 ], [ -73.841666666666669, 40.85 ], [ -73.833333333333343, 40.85 ] ] ] } },
{ "type": "Feature", "properties": { "cell_id": "r7_c51", "row": 7, "col": 51, "global_row": 5897, "global_col": 12740, "lon": -73.82916666666668, "lat": 40.854166666666664 }, "geometry": { "type": "Polygon", "coordinates": [ [ [ -73.825, 40.85 ], [ -73.825, 40.858333333333334 ], [ -73.833333333333343, 40.858333333333334 ], [ -73.833333333333343, 40.85 ], [ -73.825, 40.85 ] ] ] } },
{ "type": "Feature", "properties": { "cell_id": "r7_c52", "row": 7, "col": 52, "global_row": 5897, "global_col": 12741, "lon": -73.82083333333334, "lat": 40.854166666666657 }, "geometry": { "type": "Polygon", "coordinates": [ [ [ -73.816666666666677, 40.85 ], [ -73.816666666666677, 40.858333333333334 ], [ -73.825, 40.858333333333334 ], [ -73.825, 40.85 ], [ -73.816666666666677, 40.85 ] ] ] } },
{ "type": "Feature", "properties": { "cell_id": "r7_c53", "row": 7, "col": 53, "global_row": 5897, "global_col": 12742, "lon": -73.8125, "lat": 40.854166666666664 }, "geometry": { "type": "Polygon", "coordinates": [ [ [ -73.808333333333337, 40.85 ], [ -73.808333333333337, 40.858333333333334 ], [ -73.816666666666677, 40.858333333333334 ], [ -73.816666666666677, 40.85 ], [ -73.808333333333337, 40.85 ] ] ] } },
{ "type": "Feature", "properties": { "cell_id": "r7_c54", "row": 7, "col": 54, "global_row": 5897, "global_col": 12743, "lon": -73.804166666666674, "lat": 40.854166666666657 }, "geometry": { "type": "Polygon", "coordinates": [ [ [ -73.8, 40.85 ], [ -73.8, 40.858333333333334 ], [ -73.808333333333337, 40.858333333333334 ], [ -73.808333333333337, 40.85 ], [ -73.8, 40.85 ] ] ] } },
{ "type": "Feature", "properties": { "cell_id": "r7_c56", "row": 7, "col": 56, "global_row": 5897, "global_col": 12745, "lon": -73.7875, "lat": 40.854166666666657 }, "geometry": { "type": "Polygon", "coordinates": [ [ [ -73.783333333333346, 40.85 ], [ -73.783333333333346, 40.858333333333334 ], [ -73.791666666666671, 40.858333333333334 ], [ -73.791666666666671, 40.85 ], [ -73.783333333333346, 40.85 ] ] ] } },
{ "type": "Feature", "properties": { "cell_id": "r7_c58", "row": 7, "col": 58, "global_row": 5897, "global_col": 12747, "lon": -73.770833333333343, "lat": 40.854166666666657 }, "geometry": { "type": "Polygon", "coordinates": [ [ [ -73.76666666666668, 40.85 ], [ -73.76666666666668, 40.858333333333334 ], [ -73.775, 40.858333333333334 ], [ -73.775, 40.85 ], [ -73.76666666666668, 40.85 ] ] ] } },
{ "type": "Feature", "properties": { "cell_id": "r8_c37", "row": 8, "col": 37, "global_row": 5898, "global_col": 12726, "lon": -73.94583333333334, "lat": 40.845833333333324 }, "geometry": { "type": "Polygon", "coordinates": [ [ [ -73.941666666666677, 40.841666666666661 ], [ -73.941666666666677, 40.85 ], [ -73.95, 40.85 ], [ -73.95, 40.841666666666661 ], [ -73.941666666666677, 40.841666666666661 ] ] ] } },
{ "type": "Feature", "properties": { "cell_id": "r8_c38", "row": 8, "col": 38, "global_row": 5898, "global_col": 12727, "lon": -73.9375, "lat": 40.845833333333331 }, "geometry": { "type": "Polygon", "coordinates": [ [ [ -73.933333333333337, 40.841666666666661 ], [ -73.933333333333337, 40.85 ], [ -73.941666666666677, 40.85 ], [ -73.941666666666677, 40.841666666666661 ], [ -73.933333333333337, 40.841666666666661 ] ] ] } },
{ "type": "Feature", "properties": { "cell_id": "r8_c40", "row": 8, "col": 40, "global_row": 5898, "global_col": 12729, "lon": -73.920833333333348, "lat": 40.845833333333331 }, "geometry": { "type": "Polygon", "coordinates": [ [ [ -73.916666666666671, 40.841666666666661 ], [ -73.916666666666671, 40.85 ], [ -73.925, 40.85 ], [ -73.925, 40.841666666666661 ], [ -73.916666666666671, 40.841666666666661 ] ] ] } },
{ "type": "Feature", "properties": { "cell_id": "r8_c41", "row": 8, "col": 41, "global_row": 5898, "global_col": 12730, "lon": -73.9125, "lat": 40.845833333333324 }, "geometry": { "type": "Polygon", "coordinates": [ [ [ -73.908333333333346, 40.841666666666661 ], [ -73.908333333333346, 40.85 ], [ -73.916666666666671, 40.85 ], [ -73.916666666666671, 40.841666666666661 ], [ -73.908333333333346, 40.841666666666661 ] ] ] } },
{ "type": "Feature", "properties": { "cell_id": "r8_c42", "row": 8, "col": 42, "global_row": 5898, "global_col": 12731, "lon": -73.904166666666683, "lat": 40.845833333333331 }, "geometry": { "type": "Polygon", "coordinates": [ [ [ -73.9, 40.841666666666661 ], [ -73.9, 40.85 ], [ -73.908333333333346, 40.85 ], [ -73.908333333333346, 40.841666666666661 ], [ -73.9, 40.841666666666661 ] ] ] } },
{ "type": "Feature", "properties": { "cell_id": "r8_c43", "row": 8, "col": 43, "global_row": 5898, "global_col": 12732, "lon": -73.895833333333343, "lat": 40.845833333333324 }, "geometry": { "type": "Polygon", "coordinates": [ [ [ -73.89166666666668, 40.841666666666661 ], [ -73.89166666666668, 40.85 ], [ -73.9, 40.85 ], [ -73.9, 40.841666666666661 ], [ -73.89166666666668, 40.841666666666661 ] ] ] } },
{ "type": "Feature", "properties": { "cell_id": "r8_c44", "row": 8, "col": 44, "global_row": 5898, "global_col": 12733, "lon": -73.8875, "lat": 40.845833333333331 }, "geometry": { "type": "Polygon", "coordinates": [ [ [ -73.88333333333334, 40.841666666666661 ], [ -73.88333333333334, 40.85 ], [ -73.89166666666668, 40.85 ], [ -73.89166666666668, 40.841666666666661 ], [ -73.88333333333334, 40.841666666666661 ] ] ] } },
{ "type": "Feature", "properties": { "cell_id": "r8_c45", "row": 8, "col": 45, "global_row": 5898, "global_col": 12734, "lon": -73.879166666666663, "lat": 40.845833333333331 }, "geometry": { "type": "Polygon", "coordinates": [ [ [ -73.875, 40.841666666666661 ], [ -73.875, 40.85 ], [ -73.88333333333334, 40.85 ], [ -73.88333333333334, 40.841666666666661 ], [ -73.875, 40.841666666666661 ] ] ] } },
{ "type": "Feature", "properties": { "cell_id": "r8_c46", "row": 8, "col": 46, "global_row": 5898, "global_col": 12735, "lon": -73.870833333333351, "lat": 40.845833333333324 }, "geometry": { "type": "Polygon", "coordinates": [ [ [ -73.866666666666674, 40.841666666666661 ], [ -73.866666666666674, 40.85 ], [ -73.875, 40.85 ], [ -73.875, 40.841666666666661 ], [ -73.866666666666674, 40.841666666666661 ] ] ] } },
{ "type": "Feature", "properties": { "cell_id": "r8_c47", "row": 8, "col": 47, "global_row": 5898, "global_col": 12736, "lon": -73.8625, "lat": 40.845833333333331 }, "geometry": { "type": "Polygon", "coordinates": [ [ [ -73.858333333333334, 40.841666666666661 ], [ -73.858333333333334, 40.85 ], [ -73.866666666666674, 40.85 ], [ -73.866666666666674, 40.841666666666661 ], [ -73.858333333333334, 40.841666666666661 ] ] ] } },
{ "type": "Feature", "properties": { "cell_id": "r8_c48", "row": 8, "col": 48, "global_row": 5898, "global_col": 12737, "lon": -73.854166666666671, "lat": 40.845833333333324 }, "geometry": { "type": "Polygon", "coordinates": [ [ [ -73.85, 40.841666666666661 ], [ -73.85, 40.85 ], [ -73.858333333333334, 40.85 ], [ -73.858333333333334, 40.841666666666661 ], [ -73.85, 40.841666666666661 ] ] ] } },
{ "type": "Feature", "properties": { "cell_id": "r8_c49", "row": 8, "col": 49, "global_row": 5898, "global_col": 12738, "lon": -73.845833333333346, "lat": 40.845833333333331 }, "geometry": { "type": "Polygon", "coordinates": [ [ [ -73.841666666666669, 40.841666666666661 ], [ -73.841666666666669, 40.85 ], [ -73.85, 40.85 ], [ -73.85, 40.841666666666661 ], [ -73.841666666666669, 40.841666666666661 ] ] ] } },
{ "type": "Feature", "properties": { "cell_id": "r8_c50", "row": 8, "col": 50, "global_row": 5898, "global_col": 12739, "lon": -73.8375, "lat": 40.845833333333324 }, "geometry": { "type": "Polygon", "coordinates": [ [ [ -73.833333333333343, 40.841666666666661 ], [ -73.833333333333343, 40.85 ], [ -73.841666666666669, 40.85 ], [ -73.841666666666669, 40.841666666666661 ], [ -73.833333333333343, 40.841666666666661 ] ] ] } },
{ "type": "Feature", "properties": { "cell_id": "r8_c51", "row": 8, "col": 51, "global_row": 5898, "global_col": 12740, "lon": -73.82916666666668, "lat": 40.845833333333331 }, "geometry": { "type": "Polygon", "coordinates": [ [ [ -73.825, 40.841666666666661 ], [ -73.825, 40.85 ], [ -73.833333333333343, 40.85 ], [ -73.833333333333343, 40.841666666666661 ], [ -73.825, 40.841666666666661 ] ] ] } },
{ "type": "Feature", "properties": { "cell_id": "r8_c52", "row": 8, "col": 52, "global_row": 5898, "global_col": 12741, "lon": -73.82083333333334, "lat": 40.845833333333324 }, "geometry": { "type": "Polygon", "coordinates": [ [ [ -73.816666666666677, 40.841666666666661 ], [ -73.816666666666677, 40.85 ], [ -73.825, 40.85 ], [ -73.825, 40.841666666666661 ], [ -73.816666666666677, 40.841666666666661 ] ] ] } },
{ "type": "Feature", "properties": { "cell_id": "r8_c56", "row": 8, "col": 56, "global_row": 5898, "global_col": 12745, "lon": -73.7875, "lat": 40.845833333333324 }, "geometry": { "type": "Polygon", "coordinates": [ [ [ -73.783333333333346, 40.841666666666661 ], [ -73.783333333333346, 40.85 ], [ -73.791666666666671, 40.85 ], [ -73.791666666666671, 40.841666666666661 ], [ -73.783333333333346, 40.841666666666661 ] ] ] } },
{ "type": "Feature", "properties": { "cell_id": "r9_c37", "row": 9, "col": 37, "global_row": 5899, "global_col": 12726, "lon": -73.94583333333334, "lat": 40.8375 }, "geometry": { "type": "Polygon", "coordinates": [ [ [ -73.941666666666677, 40.833333333333329 ], [ -73.941666666666677, 40.841666666666661 ], [ -73.95, 40.841666666666661 ], [ -73.95, 40.833333333333329 ], [ -73.941666666666677, 40.833333333333329 ] ] ] } },
{ "type": "Feature", "properties": { "cell_id": "r9_c38", "row": 9, "col": 38, "global_row": 5899, "global_col": 12727, "lon": -73.9375, "lat": 40.8375 }, "geometry": { "type": "Polygon", "coordinates": [ [ [ -73.933333333333337, 40.833333333333329 ], [ -73.933333333333337, 40.841666666666661 ], [ -73.941666666666677, 40.841666666666661 ], [ -73.941666666666677, 40.833333333333329 ], [ -73.933333333333337, 40.833333333333329 ] ] ] } },
{ "type": "Feature", "properties": { "cell_id": "r9_c39", "row": 9, "col": 39, "global_row": 5899, "global_col": 12728, "lon": -73.929166666666674, "lat": 40.8375 }, "geometry": { "type": "Polygon", "coordinates": [ [ [ -73.925, 40.833333333333329 ], [ -73.925, 40.841666666666661 ], [ -73.933333333333337, 40.841666666666661 ], [ -73.933333333333337, 40.833333333333329 ], [ -73.925, 40.833333333333329 ] ] ] } },
{ "type": "Feature", "properties": { "cell_id": "r9_c40", "row": 9, "col": 40, "global_row": 5899, "global_col": 12729, "lon": -73.920833333333348, "lat": 40.8375 }, "geometry": { "type": "Polygon", "coordinates": [ [ [ -73.916666666666671, 40.833333333333329 ], [ -73.916666666666671, 40.841666666666661 ], [ -73.925, 40.841666666666661 ], [ -73.925, 40.833333333333329 ], [ -73.916666666666671, 40.833333333333329 ] ] ] } },
{ "type": "Feature", "properties": { "cell_id": "r9_c41", "row": 9, "col": 41, "global_row": 5899, "global_col": 12730, "lon": -73.9125, "lat": 40.8375 }, "geometry": { "type": "Polygon", "coordinates": [ [ [ -73.908333333333346, 40.833333333333329 ], [ -73.908333333333346, 40.841666666666661 ], [ -73.916666666666671, 40.841666666666661 ], [ -73.916666666666671, 40.833333333333329 ], [ -73.908333333333346, 40.833333333333329 ] ] ] } },
{ "type": "Feature", "properties": { "cell_id": "r9_c42", "row": 9, "col": 42, "global_row": 5899, "global_col": 12731, "lon": -73.904166666666683, "lat": 40.8375 }, "geometry": { "type": "Polygon", "coordinates": [ [ [ -73.9, 40.833333333333329 ], [ -73.9, 40.841666666666661 ], [ -73.908333333333346, 40.841666666666661 ], [ -73.908333333333346, 40.833333333333329 ], [ -73.9, 40.833333333333329 ] ] ] } },
{ "type": "Feature", "properties": { "cell_id": "r9_c43", "row": 9, "col": 43, "global_row": 5899, "global_col": 12732, "lon": -73.895833333333343, "lat": 40.8375 }, "geometry": { "type": "Polygon", "coordinates": [ [ [ -73.89166666666668, 40.833333333333329 ], [ -73.89166666666668, 40.841666666666661 ], [ -73.9, 40.841666666666661 ], [ -73.9, 40.833333333333329 ], [ -73.89166666666668, 40.833333333333329 ] ] ] } },
{ "type": "Feature", "properties": { "cell_id": "r9_c44", "row": 9, "col": 44, "global_row": 5899, "global_col": 12733, "lon": -73.8875, "lat": 40.8375 }, "geometry": { "type": "Polygon", "coordinates": [ [ [ -73.88333333333334, 40.833333333333329 ], [ -73.88333333333334, 40.841666666666661 ], [ -73.89166666666668, 40.841666666666661 ], [ -73.89166666666668, 40.833333333333329 ], [ -73.88333333333334, 40.833333333333329 ] ] ] } },
{ "type": "Feature", "properties": { "cell_id": "r9_c45", "row": 9, "col": 45, "global_row": 5899, "global_col": 12734, "lon": -73.879166666666663, "lat": 40.8375 }, "geometry": { "type": "Polygon", "coordinates": [ [ [ -73.875, 40.833333333333329 ], [ -73.875, 40.841666666666661 ], [ -73.88333333333334, 40.841666666666661 ], [ -73.88333333333334, 40.833333333333329 ], [ -73.875, 40.833333333333329 ] ] ] } },
{ "type": "Feature", "properties": { "cell_id": "r9_c46", "row": 9, "col": 46, "global_row": 5899, "global_col": 12735, "lon": -73.870833333333351, "lat": 40.8375 }, "geometry": { "type": "Polygon", "coordinates": [ [ [ -73.866666666666674, 40.833333333333329 ], [ -73.866666666666674, 40.841666666666661 ], [ -73.875, 40.841666666666661 ], [ -73.875, 40.833333333333329 ], [ -73.866666666666674, 40.833333333333329 ] ] ] } },
{ "type": "Feature", "properties": { "cell_id": "r9_c47", "row": 9, "col": 47, "global_row": 5899, "global_col": 12736, "lon": -73.8625, "lat": 40.8375 }, "geometry": { "type": "Polygon", "coordinates": [ [ [ -73.858333333333334, 40.833333333333329 ], [ -73.858333333333334, 40.841666666666661 ], [ -73.866666666666674, 40.841666666666661 ], [ -73.866666666666674, 40.833333333333329 ], [ -73.858333333333334, 40.833333333333329 ] ] ] } },
{ "type": "Feature", "properties": { "cell_id": "r9_c48", "row": 9, "col": 48, "global_row": 5899, "global_col": 12737, "lon": -73.854166666666671, "lat": 40.8375 }, "geometry": { "type": "Polygon", "coordinates": [ [ [ -73.85, 40.833333333333329 ], [ -73.85, 40.841666666666661 ], [ -73.858333333333334, 40.841666666666661 ], [ -73.858333333333334, 40.833333333333329 ], [ -73.85, 40.833333333333329 ] ] ] } },
{ "type": "Feature", "properties": { "cell_id": "r9_c49", "row": 9, "col": 49, "global_row": 5899, "global_col": 12738, "lon": -73.845833333333346, "lat": 40.8375 }, "geometry": { "type": "Polygon", "coordinates": [ [ [ -73.841666666666669, 40.833333333333329 ], [ -73.841666666666669, 40.841666666666661 ], [ -73.85, 40.841666666666661 ], [ -73.85, 40.833333333333329 ], [ -73.841666666666669, 40.833333333333329 ] ] ] } },
{ "type": "Feature", "properties": { "cell_id": "r9_c50", "row": 9, "col": 50, "global_row": 5899, "global_col": 12739, "lon": -73.8375, "lat": 40.8375 }, "geometry": { "type": "Polygon", "coordinates": [ [ [ -73.833333333333343, 40.833333333333329 ], [ -73.833333333333343, 40.841666666666661 ], [ -73.841666666666669, 40.841666666666661 ], [ -73.841666666666669, 40.833333333333329 ], [ -73.833333333333343, 40.833333333333329 ] ] ] } },
{ "type": "Feature", "properties": { "cell_id": "r9_c51", "row": 9, "col": 51, "global_row": 5899, "global_col": 12740, "lon": -73.82916666666668, "lat": 40.8375 }, "geometry": { "type": "Polygon", "coordinates": [ [ [ -73.825, 40.833333333333329 ], [ -73.825, 40.841666666666661 ], [ -73.833333333333343, 40.841666666666661 ], [ -73.833333333333343, 40.833333333333329 ], [ -73.825, 40.833333333333329 ] ] ] } },
{ "type": "Feature", "properties": { "cell_id": "r9_c52", "row": 9, "col": 52, "global_row": 5899, "global_col": 12741, "lon": -73.82083333333334, "lat": 40.8375 }, "geometry": { "type": "Polygon", "coordinates": [ [ [ -73.816666666666677, 40.833333333333329 ], [ -73.816666666666677, 40.841666666666661 ], [ -73.825, 40.841666666666661 ], [ -73.825, 40.833333333333329 ], [ -73.816666666666677, 40.833333333333329 ] ] ] } },
{ "type": "Feature", "properties": { "cell_id": "r10_c37", "row": 10, "col": 37, "global_row": 5900, "global_col": 12726, "lon": -73.94583333333334, "lat": 40.829166666666666 }, "geometry": { "type": "Polygon", "coordinates": [ [ [ -73.941666666666677, 40.825 ], [ -73.941666666666677, 40.833333333333329 ], [ -73.95, 40.833333333333329 ], [ -73.95, 40.825 ], [ -73.941666666666677, 40.825 ] ] ] } },
{ "type": "Feature", "properties": { "cell_id": "r10_c38", "row": 10, "col": 38, "global_row": 5900, "global_col": 12727, "lon": -73.9375, "lat": 40.829166666666659 }, "geometry": { "type": "Polygon", "coordinates": [ [ [ -73.933333333333337, 40.825 ], [ -73.933333333333337, 40.833333333333329 ], [ -73.941666666666677, 40.833333333333329 ], [ -73.941666666666677, 40.825 ], [ -73.933333333333337, 40.825 ] ] ] } },
{ "type": "Feature", "properties": { "cell_id": "r10_c39", "row": 10, "col": 39, "global_row": 5900, "global_col": 12728, "lon": -73.929166666666674, "lat": 40.829166666666666 }, "geometry": { "type": "Polygon", "coordinates": [ [ [ -73.925, 40.825 ], [ -73.925, 40.833333333333329 ], [ -73.933333333333337, 40.833333333333329 ], [ -73.933333333333337, 40.825 ], [ -73.925, 40.825 ] ] ] } },
{ "type": "Feature", "properties": { "cell_id": "r10_c40", "row": 10, "col": 40, "global_row": 5900, "global_col": 12729, "lon": -73.920833333333348, "lat": 40.829166666666659 }, "geometry": { "type": "Polygon", "coordinates": [ [ [ -73.916666666666671, 40.825 ], [ -73.916666666666671, 40.833333333333329 ], [ -73.925, 40.833333333333329 ], [ -73.925, 40.825 ], [ -73.916666666666671, 40.825 ] ] ] } },
{ "type": "Feature", "properties": { "cell_id": "r10_c41", "row": 10, "col": 41, "global_row": 5900, "global_col": 12730, "lon": -73.9125, "lat": 40.829166666666666 }, "geometry": { "type": "Polygon", "coordinates": [ [ [ -73.908333333333346, 40.825 ], [ -73.908333333333346, 40.833333333333329 ], [ -73.916666666666671, 40.833333333333329 ], [ -73.916666666666671, 40.825 ], [ -73.908333333333346, 40.825 ] ] ] } },
{ "type": "Feature", "properties": { "cell_id": "r10_c42", "row": 10, "col": 42, "global_row": 5900, "global_col": 12731, "lon": -73.904166666666683, "lat": 40.829166666666659 }, "geometry": { "type": "Polygon", "coordinates": [ [ [ -73.9, 40.825 ], [ -73.9, 40.833333333333329 ], [ -73.908333333333346, 40.833333333333329 ], [ -73.908333333333346, 40.825 ], [ -73.9, 40.825 ] ] ] } },
{ "type": "Feature", "properties": { "cell_id": "r10_c43", "row": 10, "col": 43, "global_row": 5900, "global_col": 12732, "lon": -73.895833333333343, "lat": 40.829166666666666 }, "geometry": { "type": "Polygon", "coordinates": [ [ [ -73.89166666666668, 40.825 ], [ -73.89166666666668, 40.833333333333329 ], [ -73.9, 40.833333333333329 ], [ -73.9, 40.825 ], [ -73.89166666666668, 40.825 ] ] ] } },
{ "type": "Feature", "properties": { "cell_id": "r10_c44", "row": 10, "col": 44, "global_row": 5900, "global_col": 12733, "lon": -73.8875, "lat": 40.829166666666659 }, "geometry": { "type": "Polygon", "coordinates": [ [ [ -73.88333333333334, 40.825 ], [ -73.88333333333334, 40.833333333333329 ], [ -73.89166666666668, 40.833333333333329 ], [ -73.89166666666668, 40.825 ], [ -73.88333333333334, 40.825 ] ] ] } },
{ "type": "Feature", "properties": { "cell_id": "r10_c45", "row": 10, "col": 45, "global_row": 5900, "global_col": 12734, "lon": -73.879166666666663, "lat": 40.829166666666659 }, "geometry": { "type": "Polygon", "coordinates": [ [ [ -73.875, 40.825 ], [ -73.875, 40.833333333333329 ], [ -73.88333333333334, 40.833333333333329 ], [ -73.88333333333334, 40.825 ], [ -73.875, 40.825 ] ] ] } },
{ "type": "Feature", "properties": { "cell_id": "r10_c46", "row": 10, "col": 46, "global_row": 5900, "global_col": 12735, "lon": -73.870833333333351, "lat": 40.829166666666666 }, "geometry": { "type": "Polygon", "coordinates": [ [ [ -73.866666666666674, 40.825 ], [ -73.866666666666674, 40.833333333333329 ], [ -73.875, 40.833333333333329 ], [ -73.875, 40.825 ], [ -73.866666666666674, 40.825 ] ] ] } },
{ "type": "Feature", "properties": { "cell_id": "r10_c47", "row": 10, "col": 47, "global_row": 5900, "global_col": 12736, "lon": -73.8625, "lat": 40.829166666666659 }, "geometry": { "type": "Polygon", "coordinates": [ [ [ -73.858333333333334, 40.825 ], [ -73.858333333333334, 40.833333333333329 ], [ -73.866666666666674, 40.833333333333329 ], [ -73.866666666666674, 40.825 ], [ -73.858333333333334, 40.825 ] ] ] } },
{ "type": "Feature", "properties": { "cell_id": "r10_c48", "row": 10, "col": 48, "global_row": 5900, "global_col": 12737, "lon": -73.854166666666671, "lat": 40.829166666666666 }, "geometry": { "type": "Polygon", "coordinates": [ [ [ -73.85, 40.825 ], [ -73.85, 40.833333333333329 ], [ -73.858333333333334, 40.833333333333329 ], [ -73.858333333333334, 40.825 ], [ -73.85, 40.825 ] ] ] } },
{ "type": "Feature", "properties": { "cell_id": "r10_c49", "row": 10, "col": 49, "global_row": 5900, "global_col": 12738, "lon": -73.845833333333346, "lat": 40.829166666666659 }, "geometry": { "type": "Polygon", "coordinates": [ [ [ -73.841666666666669, 40.825 ], [ -73.841666666666669, 40.833333333333329 ], [ -73.85, 40.833333333333329 ], [ -73.85, 40.825 ], [ -73.841666666666669, 40.825 ] ] ] } },
{ "type": "Feature", "properties": { "cell_id": "r10_c50", "row": 10, "col": 50, "global_row": 5900, "global_col": 12739, "lon": -73.8375, "lat": 40.829166666666666 }, "geometry": { "type": "Polygon", "coordinates": [ [ [ -73.833333333333343, 40.825 ], [ -73.833333333333343, 40.833333333333329 ], [ -73.841666666666669, 40.833333333333329 ], [ -73.841666666666669, 40.825 ], [ -73.833333333333343, 40.825 ] ] ] } },
{ "type": "Feature", "properties": { "cell_id": "r10_c51", "row": 10, "col": 51, "global_row": 5900, "global_col": 12740, "lon": -73.82916666666668, "lat": 40.829166666666659 }, "geometry": { "type": "Polygon", "coordinates": [ [ [ -73.825, 40.825 ], [ -73.825, 40.833333333333329 ], [ -73.833333333333343, 40.833333333333329 ], [ -73.833333333333343, 40.825 ], [ -73.825, 40.825 ] ] ] } },
{ "type": "Feature", "properties": { "cell_id": "r10_c52", "row": 10, "col": 52, "global_row": 5900, "global_col": 12741, "lon": -73.82083333333334, "lat": 40.829166666666666 }, "geometry": { "type": "Polygon", "coordinates": [ [ [ -73.816666666666677, 40.825 ], [ -73.816666666666677, 40.833333333333329 ], [ -73.825, 40.833333333333329 ], [ -73.825, 40.825 ], [ -73.816666666666677, 40.825 ] ] ] } },
{ "type": "Feature", "properties": { "cell_id": "r11_c36", "row": 11, "col": 36, "global_row": 5901, "global_col": 12725, "lon": -73.95416666666668, "lat": 40.820833333333333 }, "geometry": { "type": "Polygon", "coordinates": [ [ [ -73.95, 40.816666666666663 ], [ -73.95, 40.825 ], [ -73.958333333333343, 40.825 ], [ -73.958333333333343, 40.816666666666663 ], [ -73.95, 40.816666666666663 ] ] ] } },
{ "type": "Feature", "properties": { "cell_id": "r11_c37", "row": 11, "col": 37, "global_row": 5901, "global_col": 12726, "lon": -73.94583333333334, "lat": 40.820833333333326 }, "geometry": { "type": "Polygon", "coordinates": [ [ [ -73.941666666666677, 40.816666666666663 ], [ -73.941666666666677, 40.825 ], [ -73.95, 40.825 ], [ -73.95, 40.816666666666663 ], [ -73.941666666666677, 40.816666666666663 ] ] ] } },
{ "type": "Feature", "properties": { "cell_id": "r11_c38", "row": 11, "col": 38, "global_row": 5901, "global_col": 12727, "lon": -73.9375, "lat": 40.820833333333333 }, "geometry": { "type": "Polygon", "coordinates": [ [ [ -73.933333333333337, 40.816666666666663 ], [ -73.933333333333337, 40.825 ], [ -73.941666666666677, 40.825 ], [ -73.941666666666677, 40.816666666666663 ], [ -73.933333333333337, 40.816666666666663 ] ] ] } },
{ "type": "Feature", "properties": { "cell_id": "r11_c39", "row": 11, "col": 39, "global_row": 5901, "global_col": 12728, "lon": -73.929166666666674, "lat": 40.820833333333326 }, "geometry": { "type": "Polygon", "coordinates": [ [ [ -73.925, 40.816666666666663 ], [ -73.925, 40.825 ], [ -73.933333333333337, 40.825 ], [ -73.933333333333337, 40.816666666666663 ], [ -73.925, 40.816666666666663 ] ] ] } },
{ "type": "Feature", "properties": { "cell_id": "r11_c40", "row": 11, "col": 40, "global_row": 5901, "global_col": 12729, "lon": -73.920833333333348, "lat": 40.820833333333333 }, "geometry": { "type": "Polygon", "coordinates": [ [ [ -73.916666666666671, 40.816666666666663 ], [ -73.916666666666671, 40.825 ], [ -73.925, 40.825 ], [ -73.925, 40.816666666666663 ], [ -73.916666666666671, 40.816666666666663 ] ] ] } },
{ "type": "Feature", "properties": { "cell_id": "r11_c41", "row": 11, "col": 41, "global_row": 5901, "global_col": 12730, "lon": -73.9125, "lat": 40.820833333333326 }, "geometry": { "type": "Polygon", "coordinates": [ [ [ -73.908333333333346, 40.816666666666663 ], [ -73.908333333333346, 40.825 ], [ -73.916666666666671, 40.825 ], [ -73.916666666666671, 40.816666666666663 ], [ -73.908333333333346, 40.816666666666663 ] ] ] } },
{ "type": "Feature", "properties": { "cell_id": "r11_c42", "row": 11, "col": 42, "global_row": 5901, "global_col": 12731, "lon": -73.904166666666683, "lat": 40.820833333333333 }, "geometry": { "type": "Polygon", "coordinates": [ [ [ -73.9, 40.816666666666663 ], [ -73.9, 40.825 ], [ -73.908333333333346, 40.825 ], [ -73.908333333333346, 40.816666666666663 ], [ -73.9, 40.816666666666663 ] ] ] } },
{ "type": "Feature", "properties": { "cell_id": "r11_c43", "row": 11, "col": 43, "global_row": 5901, "global_col": 12732, "lon": -73.895833333333343, "lat": 40.820833333333326 }, "geometry": { "type": "Polygon", "coordinates": [ [ [ -73.89166666666668, 40.816666666666663 ], [ -73.89166666666668, 40.825 ], [ -73.9, 40.825 ], [ -73.9, 40.816666666666663 ], [ -73.89166666666668, 40.816666666666663 ] ] ] } },
{ "type": "Feature", "properties": { "cell_id": "r11_c44", "row": 11, "col": 44, "global_row": 5901, "global_col": 12733, "lon": -73.8875, "lat": 40.820833333333333 }, "geometry": { "type": "Polygon", "coordinates": [ [ [ -73.88333333333334, 40.816666666666663 ], [ -73.88333333333334, 40.825 ], [ -73.89166666666668, 40.825 ], [ -73.89166666666668, 40.816666666666663 ], [ -73.88333333333334, 40.816666666666663 ] ] ] } },
{ "type": "Feature", "properties": { "cell_id": "r11_c45", "row": 11, "col": 45, "global_row": 5901, "global_col": 12734, "lon": -73.879166666666663, "lat": 40.820833333333333 }, "geometry": { "type": "Polygon", "coordinates": [ [ [ -73.875, 40.816666666666663 ], [ -73.875, 40.825 ], [ -73.88333333333334, 40.825 ], [ -73.88333333333334, 40.816666666666663 ], [ -73.875, 40.816666666666663 ] ] ] } },
{ "type": "Feature", "properties": { "cell_id": "r11_c46", "row": 11, "col": 46, "global_row": 5901, "global_col": 12735, "lon": -73.870833333333351, "lat": 40.820833333333326 }, "geometry": { "type": "Polygon", "coordinates": [ [ [ -73.866666666666674, 40.816666666666663 ], [ -73.866666666666674, 40.825 ], [ -73.875, 40.825 ], [ -73.875, 40.816666666666663 ], [ -73.866666666666674, 40.816666666666663 ] ] ] } },
{ "type": "Feature", "properties": { "cell_id": "r11_c47", "row": 11, "col": 47, "global_row": 5901, "global_col": 12736, "lon": -73.8625, "lat": 40.820833333333333 }, "geometry": { "type": "Polygon", "coordinates": [ [ [ -73.858333333333334, 40.816666666666663 ], [ -73.858333333333334, 40.825 ], [ -73.866666666666674, 40.825 ], [ -73.866666666666674, 40.816666666666663 ], [ -73.858333333333334, 40.816666666666663 ] ] ] } },
{ "type": "Feature", "properties": { "cell_id": "r11_c48", "row": 11, "col": 48, "global_row": 5901, "global_col": 12737, "lon": -73.854166666666671, "lat": 40.820833333333326 }, "geometry": { "type": "Polygon", "coordinates": [ [ [ -73.85, 40.816666666666663 ], [ -73.85, 40.825 ], [ -73.858333333333334, 40.825 ], [ -73.858333333333334, 40.816666666666663 ], [ -73.85, 40.816666666666663 ] ] ] } },
{ "type": "Feature", "properties": { "cell_id": "r11_c49", "row": 11, "col": 49, "global_row": 5901, "global_col": 12738, "lon": -73.845833333333346, "lat": 40.820833333333333 }, "geometry": { "type": "Polygon", "coordinates": [ [ [ -73.841666666666669, 40.816666666666663 ], [ -73.841666666666669, 40.825 ], [ -73.85, 40.825 ], [ -73.85, 40.816666666666663 ], [ -73.841666666666669, 40.816666666666663 ] ] ] } },
{ "type": "Feature", "properties": { "cell_id": "r11_c50", "row": 11, "col": 50, "global_row": 5901, "global_col": 12739, "lon": -73.8375, "lat": 40.820833333333326 }, "geometry": { "type": "Polygon", "coordinates": [ [ [ -73.833333333333343, 40.816666666666663 ], [ -73.833333333333343, 40.825 ], [ -73.841666666666669, 40.825 ], [ -73.841666666666669, 40.816666666666663 ], [ -73.833333333333343, 40.816666666666663 ] ] ] } },
{ "type": "Feature", "properties": { "cell_id": "r11_c51", "row": 11, "col": 51, "global_row": 5901, "global_col": 12740, "lon": -73.82916666666668, "lat": 40.820833333333333 }, "geometry": { "type": "Polygon", "coordinates": [ [ [ -73.825, 40.816666666666663 ], [ -73.825, 40.825 ], [ -73.833333333333343, 40.825 ], [ -73.833333333333343, 40.816666666666663 ], [ -73.825, 40.816666666666663 ] ] ] } },
{ "type": "Feature", "properties": { "cell_id": "r11_c52", "row": 11, "col": 52, "global_row": 5901, "global_col": 12741, "lon": -73.82083333333334, "lat": 40.820833333333326 }, "geometry": { "type": "Polygon", "coordinates": [ [ [ -73.816666666666677, 40.816666666666663 ], [ -73.816666666666677, 40.825 ], [ -73.825, 40.825 ], [ -73.825, 40.816666666666663 ], [ -73.816666666666677, 40.816666666666663 ] ] ] } },
{ "type": "Feature", "properties": { "cell_id": "r11_c53", "row": 11, "col": 53, "global_row": 5901, "global_col": 12742, "lon": -73.8125, "lat": 40.820833333333333 }, "geometry": { "type": "Polygon", "coordinates": [ [ [ -73.808333333333337, 40.816666666666663 ], [ -73.808333333333337, 40.825 ], [ -73.816666666666677, 40.825 ], [ -73.816666666666677, 40.816666666666663 ], [ -73.808333333333337, 40.816666666666663 ] ] ] } },
{ "type": "Feature", "properties": { "cell_id": "r12_c35", "row": 12, "col": 35, "global_row": 5902, "global_col": 12724, "lon": -73.9625, "lat": 40.8125 }, "geometry": { "type": "Polygon", "coordinates": [ [ [ -73.958333333333343, 40.80833333333333 ], [ -73.958333333333343, 40.816666666666663 ], [ -73.966666666666669, 40.816666666666663 ], [ -73.966666666666669, 40.80833333333333 ], [ -73.958333333333343, 40.80833333333333 ] ] ] } },
{ "type": "Feature", "properties": { "cell_id": "r12_c36", "row": 12, "col": 36, "global_row": 5902, "global_col": 12725, "lon": -73.95416666666668, "lat": 40.8125 }, "geometry": { "type": "Polygon", "coordinates": [ [ [ -73.95, 40.80833333333333 ], [ -73.95, 40.816666666666663 ], [ -73.958333333333343, 40.816666666666663 ], [ -73.958333333333343, 40.80833333333333 ], [ -73.95, 40.80833333333333 ] ] ] } },
{ "type": "Feature", "properties": { "cell_id": "r12_c37", "row": 12, "col": 37, "global_row": 5902, "global_col": 12726, "lon": -73.94583333333334, "lat": 40.8125 }, "geometry": { "type": "Polygon", "coordinates": [ [ [ -73.941666666666677, 40.80833333333333 ], [ -73.941666666666677, 40.816666666666663 ], [ -73.95, 40.816666666666663 ], [ -73.95, 40.80833333333333 ], [ -73.941666666666677, 40.80833333333333 ] ] ] } },
{ "type": "Feature", "properties": { "cell_id": "r12_c38", "row": 12, "col": 38, "global_row": 5902, "global_col": 12727, "lon": -73.9375, "lat": 40.8125 }, "geometry": { "type": "Polygon", "coordinates": [ [ [ -73.933333333333337, 40.80833333333333 ], [ -73.933333333333337, 40.816666666666663 ], [ -73.941666666666677, 40.816666666666663 ], [ -73.941666666666677, 40.80833333333333 ], [ -73.933333333333337, 40.80833333333333 ] ] ] } },
{ "type": "Feature", "properties": { "cell_id": "r12_c39", "row": 12, "col": 39, "global_row": 5902, "global_col": 12728, "lon": -73.929166666666674, "lat": 40.8125 }, "geometry": { "type": "Polygon", "coordinates": [ [ [ -73.925, 40.80833333333333 ], [ -73.925, 40.816666666666663 ], [ -73.933333333333337, 40.816666666666663 ], [ -73.933333333333337, 40.80833333333333 ], [ -73.925, 40.80833333333333 ] ] ] } },
{ "type": "Feature", "properties": { "cell_id": "r12_c40", "row": 12, "col": 40, "global_row": 5902, "global_col": 12729, "lon": -73.920833333333348, "lat": 40.8125 }, "geometry": { "type": "Polygon", "coordinates": [ [ [ -73.916666666666671, 40.80833333333333 ], [ -73.916666666666671, 40.816666666666663 ], [ -73.925, 40.816666666666663 ], [ -73.925, 40.80833333333333 ], [ -73.916666666666671, 40.80833333333333 ] ] ] } },
{ "type": "Feature", "properties": { "cell_id": "r12_c41", "row": 12, "col": 41, "global_row": 5902, "global_col": 12730, "lon": -73.9125, "lat": 40.8125 }, "geometry": { "type": "Polygon", "coordinates": [ [ [ -73.908333333333346, 40.80833333333333 ], [ -73.908333333333346, 40.816666666666663 ], [ -73.916666666666671, 40.816666666666663 ], [ -73.916666666666671, 40.80833333333333 ], [ -73.908333333333346, 40.80833333333333 ] ] ] } },
{ "type": "Feature", "properties": { "cell_id": "r12_c42", "row": 12, "col": 42, "global_row": 5902, "global_col": 12731, "lon": -73.904166666666683, "lat": 40.8125 }, "geometry": { "type": "Polygon", "coordinates": [ [ [ -73.9, 40.80833333333333 ], [ -73.9, 40.816666666666663 ], [ -73.908333333333346, 40.816666666666663 ], [ -73.908333333333346, 40.80833333333333 ], [ -73.9, 40.80833333333333 ] ] ] } },
{ "type": "Feature", "properties": { "cell_id": "r12_c43", "row": 12, "col": 43, "global_row": 5902, "global_col": 12732, "lon": -73.895833333333343, "lat": 40.8125 }, "geometry": { "type": "Polygon", "coordinates": [ [ [ -73.89166666666668, 40.80833333333333 ], [ -73.89166666666668, 40.816666666666663 ], [ -73.9, 40.816666666666663 ], [ -73.9, 40.80833333333333 ], [ -73.89166666666668, 40.80833333333333 ] ] ] } },
{ "type": "Feature", "properties": { "cell_id": "r12_c44", "row": 12, "col": 44, "global_row": 5902, "global_col": 12733, "lon": -73.8875, "lat": 40.8125 }, "geometry": { "type": "Polygon", "coordinates": [ [ [ -73.88333333333334, 40.80833333333333 ], [ -73.88333333333334, 40.816666666666663 ], [ -73.89166666666668, 40.816666666666663 ], [ -73.89166666666668, 40.80833333333333 ], [ -73.88333333333334, 40.80833333333333 ] ] ] } },
{ "type": "Feature", "properties": { "cell_id": "r12_c45", "row": 12, "col": 45, "global_row": 5902, "global_col": 12734, "lon": -73.879166666666663, "lat": 40.8125 }, "geometry": { "type": "Polygon", "coordinates": [ [ [ -73.875, 40.80833333333333 ], [ -73.875, 40.816666666666663 ], [ -73.88333333333334, 40.816666666666663 ], [ -73.88333333333334, 40.80833333333333 ], [ -73.875, 40.80833333333333 ] ] ] } },
{ "type": "Feature", "properties": { "cell_id": "r12_c47", "row": 12, "col": 47, "global_row": 5902, "global_col": 12736, "lon": -73.8625, "lat": 40.8125 }, "geometry": { "type": "Polygon", "coordinates": [ [ [ -73.858333333333334, 40.80833333333333 ], [ -73.858333333333334, 40.816666666666663 ], [ -73.866666666666674, 40.816666666666663 ], [ -73.866666666666674, 40.80833333333333 ], [ -73.858333333333334, 40.80833333333333 ] ] ] } },
{ "type": "Feature", "properties": { "cell_id": "r12_c48", "row": 12, "col": 48, "global_row": 5902, "global_col": 12737, "lon": -73.854166666666671, "lat": 40.8125 }, "geometry": { "type": "Polygon", "coordinates": [ [ [ -73.85, 40.80833333333333 ], [ -73.85, 40.816666666666663 ], [ -73.858333333333334, 40.816666666666663 ], [ -73.858333333333334, 40.80833333333333 ], [ -73.85, 40.80833333333333 ] ] ] } },
{ "type": "Feature", "properties": { "cell_id": "r12_c49", "row": 12, "col": 49, "global_row": 5902, "global_col": 12738, "lon": -73.845833333333346, "lat": 40.8125 }, "geometry": { "type": "Polygon", "coordinates": [ [ [ -73.841666666666669, 40.80833333333333 ], [ -73.841666666666669, 40.816666666666663 ], [ -73.85, 40.816666666666663 ], [ -73.85, 40.80833333333333 ], [ -73.841666666666669, 40.80833333333333 ] ] ] } },
{ "type": "Feature", "properties": { "cell_id": "r12_c50", "row": 12, "col": 50, "global_row": 5902, "global_col": 12739, "lon": -73.8375, "lat": 40.8125 }, "geometry": { "type": "Polygon", "coordinates": [ [ [ -73.833333333333343, 40.80833333333333 ], [ -73.833333333333343, 40.816666666666663 ], [ -73.841666666666669, 40.816666666666663 ], [ -73.841666666666669, 40.80833333333333 ], [ -73.833333333333343, 40.80833333333333 ] ] ] } },
{ "type": "Feature", "properties": { "cell_id": "r12_c51", "row": 12, "col": 51, "global_row": 5902, "global_col": 12740, "lon": -73.82916666666668, "lat": 40.8125 }, "geometry": { "type": "Polygon", "coordinates": [ [ [ -73.825, 40.80833333333333 ], [ -73.825, 40.816666666666663 ], [ -73.833333333333343, 40.816666666666663 ], [ -73.833333333333343, 40.80833333333333 ], [ -73.825, 40.80833333333333 ] ] ] } },
{ "type": "Feature", "properties": { "cell_id": "r13_c34", "row": 13, "col": 34, "global_row": 5903, "global_col": 12723, "lon": -73.970833333333346, "lat": 40.804166666666667 }, "geometry": { "type": "Polygon", "coordinates": [ [ [ -73.966666666666669, 40.8 ], [ -73.966666666666669, 40.80833333333333 ], [ -73.975, 40.80833333333333 ], [ -73.975, 40.8 ], [ -73.966666666666669, 40.8 ] ] ] } },
{ "type": "Feature", "properties": { "cell_id": "r13_c35", "row": 13, "col": 35, "global_row": 5903, "global_col": 12724, "lon": -73.9625, "lat": 40.80416666666666 }, "geometry": { "type": "Polygon", "coordinates": [ [ [ -73.958333333333343, 40.8 ], [ -73.958333333333343, 40.80833333333333 ], [ -73.966666666666669, 40.80833333333333 ], [ -73.966666666666669, 40.8 ], [ -73.958333333333343, 40.8 ] ] ] } },
{ "type": "Feature", "properties": { "cell_id": "r13_c36", "row": 13, "col": 36, "global_row": 5903, "global_col": 12725, "lon": -73.95416666666668, "lat": 40.804166666666667 }, "geometry": { "type": "Polygon", "coordinates": [ [ [ -73.95, 40.8 ], [ -73.95, 40.80833333333333 ], [ -73.958333333333343, 40.80833333333333 ], [ -73.958333333333343, 40.8 ], [ -73.95, 40.8 ] ] ] } },
{ "type": "Feature", "properties": { "cell_id": "r13_c37", "row": 13, "col": 37, "global_row": 5903, "global_col": 12726, "lon": -73.94583333333334, "lat": 40.80416666666666 }, "geometry": { "type": "Polygon", "coordinates": [ [ [ -73.941666666666677, 40.8 ], [ -73.941666666666677, 40.80833333333333 ], [ -73.95, 40.80833333333333 ], [ -73.95, 40.8 ], [ -73.941666666666677, 40.8 ] ] ] } },
{ "type": "Feature", "properties": { "cell_id": "r13_c38", "row": 13, "col": 38, "global_row": 5903, "global_col": 12727, "lon": -73.9375, "lat": 40.804166666666667 }, "geometry": { "type": "Polygon", "coordinates": [ [ [ -73.933333333333337, 40.8 ], [ -73.933333333333337, 40.80833333333333 ], [ -73.941666666666677, 40.80833333333333 ], [ -73.941666666666677, 40.8 ], [ -73.933333333333337, 40.8 ] ] ] } },
{ "type": "Feature", "properties": { "cell_id": "r13_c40", "row": 13, "col": 40, "global_row": 5903, "global_col": 12729, "lon": -73.920833333333348, "lat": 40.804166666666667 }, "geometry": { "type": "Polygon", "coordinates": [ [ [ -73.916666666666671, 40.8 ], [ -73.916666666666671, 40.80833333333333 ], [ -73.925, 40.80833333333333 ], [ -73.925, 40.8 ], [ -73.916666666666671, 40.8 ] ] ] } },
{ "type": "Feature", "properties": { "cell_id": "r13_c41", "row": 13, "col": 41, "global_row": 5903, "global_col": 12730, "lon": -73.9125, "lat": 40.80416666666666 }, "geometry": { "type": "Polygon", "coordinates": [ [ [ -73.908333333333346, 40.8 ], [ -73.908333333333346, 40.80833333333333 ], [ -73.916666666666671, 40.80833333333333 ], [ -73.916666666666671, 40.8 ], [ -73.908333333333346, 40.8 ] ] ] } },
{ "type": "Feature", "properties": { "cell_id": "r13_c42", "row": 13, "col": 42, "global_row": 5903, "global_col": 12731, "lon": -73.904166666666683, "lat": 40.804166666666667 }, "geometry": { "type": "Polygon", "coordinates": [ [ [ -73.9, 40.8 ], [ -73.9, 40.80833333333333 ], [ -73.908333333333346, 40.80833333333333 ], [ -73.908333333333346, 40.8 ], [ -73.9, 40.8 ] ] ] } },
{ "type": "Feature", "properties": { "cell_id": "r13_c45", "row": 13, "col": 45, "global_row": 5903, "global_col": 12734, "lon": -73.879166666666663, "lat": 40.804166666666667 }, "geometry": { "type": "Polygon", "coordinates": [ [ [ -73.875, 40.8 ], [ -73.875, 40.80833333333333 ], [ -73.88333333333334, 40.80833333333333 ], [ -73.88333333333334, 40.8 ], [ -73.875, 40.8 ] ] ] } },
{ "type": "Feature", "properties": { "cell_id": "r13_c46", "row": 13, "col": 46, "global_row": 5903, "global_col": 12735, "lon": -73.870833333333351, "lat": 40.80416666666666 }, "geometry": { "type": "Polygon", "coordinates": [ [ [ -73.866666666666674, 40.8 ], [ -73.866666666666674, 40.80833333333333 ], [ -73.875, 40.80833333333333 ], [ -73.875, 40.8 ], [ -73.866666666666674, 40.8 ] ] ] } },
{ "type": "Feature", "properties": { "cell_id": "r14_c34", "row": 14, "col": 34, "global_row": 5904, "global_col": 12723, "lon": -73.970833333333346, "lat": 40.795833333333334 }, "geometry": { "type": "Polygon", "coordinates": [ [ [ -73.966666666666669, 40.791666666666664 ], [ -73.966666666666669, 40.8 ], [ -73.975, 40.8 ], [ -73.975, 40.791666666666664 ], [ -73.966666666666669, 40.791666666666664 ] ] ] } },
{ "type": "Feature", "properties": { "cell_id": "r14_c35", "row": 14, "col": 35, "global_row": 5904, "global_col": 12724, "lon": -73.9625, "lat": 40.795833333333334 }, "geometry": { "type": "Polygon", "coordinates": [ [ [ -73.958333333333343, 40.791666666666664 ], [ -73.958333333333343, 40.8 ], [ -73.966666666666669, 40.8 ], [ -73.966666666666669, 40.791666666666664 ], [ -73.958333333333343, 40.791666666666664 ] ] ] } },
{ "type": "Feature", "properties": { "cell_id": "r14_c36", "row": 14, "col": 36, "global_row": 5904, "global_col": 12725, "lon": -73.95416666666668, "lat": 40.795833333333334 }, "geometry": { "type": "Polygon", "coordinates": [ [ [ -73.95, 40.791666666666664 ], [ -73.95, 40.8 ], [ -73.958333333333343, 40.8 ], [ -73.958333333333343, 40.791666666666664 ], [ -73.95, 40.791666666666664 ] ] ] } },
{ "type": "Feature", "properties": { "cell_id": "r14_c37", "row": 14, "col": 37, "global_row": 5904, "global_col": 12726, "lon": -73.94583333333334, "lat": 40.795833333333334 }, "geometry": { "type": "Polygon", "coordinates": [ [ [ -73.941666666666677, 40.791666666666664 ], [ -73.941666666666677, 40.8 ], [ -73.95, 40.8 ], [ -73.95, 40.791666666666664 ], [ -73.941666666666677, 40.791666666666664 ] ] ] } },
{ "type": "Feature", "properties": { "cell_id": "r14_c38", "row": 14, "col": 38, "global_row": 5904, "global_col": 12727, "lon": -73.9375, "lat": 40.795833333333334 }, "geometry": { "type": "Polygon", "coordinates": [ [ [ -73.933333333333337, 40.791666666666664 ], [ -73.933333333333337, 40.8 ], [ -73.941666666666677, 40.8 ], [ -73.941666666666677, 40.791666666666664 ], [ -73.933333333333337, 40.791666666666664 ] ] ] } },
{ "type": "Feature", "properties": { "cell_id": "r14_c40", "row": 14, "col": 40, "global_row": 5904, "global_col": 12729, "lon": -73.920833333333348, "lat": 40.795833333333334 }, "geometry": { "type": "Polygon", "coordinates": [ [ [ -73.916666666666671, 40.791666666666664 ], [ -73.916666666666671, 40.8 ], [ -73.925, 40.8 ], [ -73.925, 40.791666666666664 ], [ -73.916666666666671, 40.791666666666664 ] ] ] } },
{ "type": "Feature", "properties": { "cell_id": "r14_c44", "row": 14, "col": 44, "global_row": 5904, "global_col": 12733, "lon": -73.8875, "lat": 40.795833333333334 }, "geometry": { "type": "Polygon", "coordinates": [ [ [ -73.88333333333334, 40.791666666666664 ], [ -73.88333333333334, 40.8 ], [ -73.89166666666668, 40.8 ], [ -73.89166666666668, 40.791666666666664 ], [ -73.88333333333334, 40.791666666666664 ] ] ] } },
{ "type": "Feature", "properties": { "cell_id": "r14_c49", "row": 14, "col": 49, "global_row": 5904, "global_col": 12738, "lon": -73.845833333333346, "lat": 40.795833333333334 }, "geometry": { "type": "Polygon", "coordinates": [ [ [ -73.841666666666669, 40.791666666666664 ], [ -73.841666666666669, 40.8 ], [ -73.85, 40.8 ], [ -73.85, 40.791666666666664 ], [ -73.841666666666669, 40.791666666666664 ] ] ] } },
{ "type": "Feature", "properties": { "cell_id": "r14_c52", "row": 14, "col": 52, "global_row": 5904, "global_col": 12741, "lon": -73.82083333333334, "lat": 40.795833333333334 }, "geometry": { "type": "Polygon", "coordinates": [ [ [ -73.816666666666677, 40.791666666666664 ], [ -73.816666666666677, 40.8 ], [ -73.825, 40.8 ], [ -73.825, 40.791666666666664 ], [ -73.816666666666677, 40.791666666666664 ] ] ] } },
{ "type": "Feature", "properties": { "cell_id": "r14_c53", "row": 14, "col": 53, "global_row": 5904, "global_col": 12742, "lon": -73.8125, "lat": 40.795833333333334 }, "geometry": { "type": "Polygon", "coordinates": [ [ [ -73.808333333333337, 40.791666666666664 ], [ -73.808333333333337, 40.8 ], [ -73.816666666666677, 40.8 ], [ -73.816666666666677, 40.791666666666664 ], [ -73.808333333333337, 40.791666666666664 ] ] ] } },
{ "type": "Feature", "properties": { "cell_id": "r14_c54", "row": 14, "col": 54, "global_row": 5904, "global_col": 12743, "lon": -73.804166666666674, "lat": 40.795833333333334 }, "geometry": { "type": "Polygon", "coordinates": [ [ [ -73.8, 40.791666666666664 ], [ -73.8, 40.8 ], [ -73.808333333333337, 40.8 ], [ -73.808333333333337, 40.791666666666664 ], [ -73.8, 40.791666666666664 ] ] ] } },
{ "type": "Feature", "properties": { "cell_id": "r14_c57", "row": 14, "col": 57, "global_row": 5904, "global_col": 12746, "lon": -73.779166666666669, "lat": 40.795833333333334 }, "geometry": { "type": "Polygon", "coordinates": [ [ [ -73.775, 40.791666666666664 ], [ -73.775, 40.8 ], [ -73.783333333333346, 40.8 ], [ -73.783333333333346, 40.791666666666664 ], [ -73.775, 40.791666666666664 ] ] ] } },
{ "type": "Feature", "properties": { "cell_id": "r15_c33", "row": 15, "col": 33, "global_row": 5905, "global_col": 12722, "lon": -73.979166666666671, "lat": 40.7875 }, "geometry": { "type": "Polygon", "coordinates": [ [ [ -73.975, 40.783333333333331 ], [ -73.975, 40.791666666666664 ], [ -73.983333333333334, 40.791666666666664 ], [ -73.983333333333334, 40.783333333333331 ], [ -73.975, 40.783333333333331 ] ] ] } },
{ "type": "Feature", "properties": { "cell_id": "r15_c34", "row": 15, "col": 34, "global_row": 5905, "global_col": 12723, "lon": -73.970833333333346, "lat": 40.7875 }, "geometry": { "type": "Polygon", "coordinates": [ [ [ -73.966666666666669, 40.783333333333331 ], [ -73.966666666666669, 40.791666666666664 ], [ -73.975, 40.791666666666664 ], [ -73.975, 40.783333333333331 ], [ -73.966666666666669, 40.783333333333331 ] ] ] } },
{ "type": "Feature", "properties": { "cell_id": "r15_c35", "row": 15, "col": 35, "global_row": 5905, "global_col": 12724, "lon": -73.9625, "lat": 40.7875 }, "geometry": { "type": "Polygon", "coordinates": [ [ [ -73.958333333333343, 40.783333333333331 ], [ -73.958333333333343, 40.791666666666664 ], [ -73.966666666666669, 40.791666666666664 ], [ -73.966666666666669, 40.783333333333331 ], [ -73.958333333333343, 40.783333333333331 ] ] ] } },
{ "type": "Feature", "properties": { "cell_id": "r15_c36", "row": 15, "col": 36, "global_row": 5905, "global_col": 12725, "lon": -73.95416666666668, "lat": 40.7875 }, "geometry": { "type": "Polygon", "coordinates": [ [ [ -73.95, 40.783333333333331 ], [ -73.95, 40.791666666666664 ], [ -73.958333333333343, 40.791666666666664 ], [ -73.958333333333343, 40.783333333333331 ], [ -73.95, 40.783333333333331 ] ] ] } },
{ "type": "Feature", "properties": { "cell_id": "r15_c37", "row": 15, "col": 37, "global_row": 5905, "global_col": 12726, "lon": -73.94583333333334, "lat": 40.7875 }, "geometry": { "type": "Polygon", "coordinates": [ [ [ -73.941666666666677, 40.783333333333331 ], [ -73.941666666666677, 40.791666666666664 ], [ -73.95, 40.791666666666664 ], [ -73.95, 40.783333333333331 ], [ -73.941666666666677, 40.783333333333331 ] ] ] } },
{ "type": "Feature", "properties": { "cell_id": "r15_c39", "row": 15, "col": 39, "global_row": 5905, "global_col": 12728, "lon": -73.929166666666674, "lat": 40.7875 }, "geometry": { "type": "Polygon", "coordinates": [ [ [ -73.925, 40.783333333333331 ], [ -73.925, 40.791666666666664 ], [ -73.933333333333337, 40.791666666666664 ], [ -73.933333333333337, 40.783333333333331 ], [ -73.925, 40.783333333333331 ] ] ] } },
{ "type": "Feature", "properties": { "cell_id": "r15_c40", "row": 15, "col": 40, "global_row": 5905, "global_col": 12729, "lon": -73.920833333333348, "lat": 40.7875 }, "geometry": { "type": "Polygon", "coordinates": [ [ [ -73.916666666666671, 40.783333333333331 ], [ -73.916666666666671, 40.791666666666664 ], [ -73.925, 40.791666666666664 ], [ -73.925, 40.783333333333331 ], [ -73.916666666666671, 40.783333333333331 ] ] ] } },
{ "type": "Feature", "properties": { "cell_id": "r15_c41", "row": 15, "col": 41, "global_row": 5905, "global_col": 12730, "lon": -73.9125, "lat": 40.7875 }, "geometry": { "type": "Polygon", "coordinates": [ [ [ -73.908333333333346, 40.783333333333331 ], [ -73.908333333333346, 40.791666666666664 ], [ -73.916666666666671, 40.791666666666664 ], [ -73.916666666666671, 40.783333333333331 ], [ -73.908333333333346, 40.783333333333331 ] ] ] } },
{ "type": "Feature", "properties": { "cell_id": "r15_c42", "row": 15, "col": 42, "global_row": 5905, "global_col": 12731, "lon": -73.904166666666683, "lat": 40.7875 }, "geometry": { "type": "Polygon", "coordinates": [ [ [ -73.9, 40.783333333333331 ], [ -73.9, 40.791666666666664 ], [ -73.908333333333346, 40.791666666666664 ], [ -73.908333333333346, 40.783333333333331 ], [ -73.9, 40.783333333333331 ] ] ] } },
{ "type": "Feature", "properties": { "cell_id": "r15_c44", "row": 15, "col": 44, "global_row": 5905, "global_col": 12733, "lon": -73.8875, "lat": 40.7875 }, "geometry": { "type": "Polygon", "coordinates": [ [ [ -73.88333333333334, 40.783333333333331 ], [ -73.88333333333334, 40.791666666666664 ], [ -73.89166666666668, 40.791666666666664 ], [ -73.89166666666668, 40.783333333333331 ], [ -73.88333333333334, 40.783333333333331 ] ] ] } },
{ "type": "Feature", "properties": { "cell_id": "r15_c45", "row": 15, "col": 45, "global_row": 5905, "global_col": 12734, "lon": -73.879166666666663, "lat": 40.7875 }, "geometry": { "type": "Polygon", "coordinates": [ [ [ -73.875, 40.783333333333331 ], [ -73.875, 40.791666666666664 ], [ -73.88333333333334, 40.791666666666664 ], [ -73.88333333333334, 40.783333333333331 ], [ -73.875, 40.783333333333331 ] ] ] } },
{ "type": "Feature", "properties": { "cell_id": "r15_c48", "row": 15, "col": 48, "global_row": 5905, "global_col": 12737, "lon": -73.854166666666671, "lat": 40.7875 }, "geometry": { "type": "Polygon", "coordinates": [ [ [ -73.85, 40.783333333333331 ], [ -73.85, 40.791666666666664 ], [ -73.858333333333334, 40.791666666666664 ], [ -73.858333333333334, 40.783333333333331 ], [ -73.85, 40.783333333333331 ] ] ] } },
{ "type": "Feature", "properties": { "cell_id": "r15_c49", "row": 15, "col": 49, "global_row": 5905, "global_col": 12738, "lon": -73.845833333333346, "lat": 40.7875 }, "geometry": { "type": "Polygon", "coordinates": [ [ [ -73.841666666666669, 40.783333333333331 ], [ -73.841666666666669, 40.791666666666664 ], [ -73.85, 40.791666666666664 ], [ -73.85, 40.783333333333331 ], [ -73.841666666666669, 40.783333333333331 ] ] ] } },
{ "type": "Feature", "properties": { "cell_id": "r15_c50", "row": 15, "col": 50, "global_row": 5905, "global_col": 12739, "lon": -73.8375, "lat": 40.7875 }, "geometry": { "type": "Polygon", "coordinates": [ [ [ -73.833333333333343, 40.783333333333331 ], [ -73.833333333333343, 40.791666666666664 ], [ -73.841666666666669, 40.791666666666664 ], [ -73.841666666666669, 40.783333333333331 ], [ -73.833333333333343, 40.783333333333331 ] ] ] } },
{ "type": "Feature", "properties": { "cell_id": "r15_c51", "row": 15, "col": 51, "global_row": 5905, "global_col": 12740, "lon": -73.82916666666668, "lat": 40.7875 }, "geometry": { "type": "Polygon", "coordinates": [ [ [ -73.825, 40.783333333333331 ], [ -73.825, 40.791666666666664 ], [ -73.833333333333343, 40.791666666666664 ], [ -73.833333333333343, 40.783333333333331 ], [ -73.825, 40.783333333333331 ] ] ] } },
{ "type": "Feature", "properties": { "cell_id": "r15_c52", "row": 15, "col": 52, "global_row": 5905, "global_col": 12741, "lon": -73.82083333333334, "lat": 40.7875 }, "geometry": { "type": "Polygon", "coordinates": [ [ [ -73.816666666666677, 40.783333333333331 ], [ -73.816666666666677, 40.791666666666664 ], [ -73.825, 40.791666666666664 ], [ -73.825, 40.783333333333331 ], [ -73.816666666666677, 40.783333333333331 ] ] ] } },
{ "type": "Feature", "properties": { "cell_id": "r15_c53", "row": 15, "col": 53, "global_row": 5905, "global_col": 12742, "lon": -73.8125, "lat": 40.7875 }, "geometry": { "type": "Polygon", "coordinates": [ [ [ -73.808333333333337, 40.783333333333331 ], [ -73.808333333333337, 40.791666666666664 ], [ -73.816666666666677, 40.791666666666664 ], [ -73.816666666666677, 40.783333333333331 ], [ -73.808333333333337, 40.783333333333331 ] ] ] } },
{ "type": "Feature", "properties": { "cell_id": "r15_c54", "row": 15, "col": 54, "global_row": 5905, "global_col": 12743, "lon": -73.804166666666674, "lat": 40.7875 }, "geometry": { "type": "Polygon", "coordinates": [ [ [ -73.8, 40.783333333333331 ], [ -73.8, 40.791666666666664 ], [ -73.808333333333337, 40.791666666666664 ], [ -73.808333333333337, 40.783333333333331 ], [ -73.8, 40.783333333333331 ] ] ] } },
{ "type": "Feature", "properties": { "cell_id": "r15_c55", "row": 15, "col": 55, "global_row": 5905, "global_col": 12744, "lon": -73.795833333333334, "lat": 40.7875 }, "geometry": { "type": "Polygon", "coordinates": [ [ [ -73.791666666666671, 40.783333333333331 ], [ -73.791666666666671, 40.791666666666664 ], [ -73.8, 40.791666666666664 ], [ -73.8, 40.783333333333331 ], [ -73.791666666666671, 40.783333333333331 ] ] ] } },
{ "type": "Feature", "properties": { "cell_id": "r15_c56", "row": 15, "col": 56, "global_row": 5905, "global_col": 12745, "lon": -73.7875, "lat": 40.7875 }, "geometry": { "type": "Polygon", "coordinates": [ [ [ -73.783333333333346, 40.783333333333331 ], [ -73.783333333333346, 40.791666666666664 ], [ -73.791666666666671, 40.791666666666664 ], [ -73.791666666666671, 40.783333333333331 ], [ -73.783333333333346, 40.783333333333331 ] ] ] } },
{ "type": "Feature", "properties": { "cell_id": "r15_c57", "row": 15, "col": 57, "global_row": 5905, "global_col": 12746, "lon": -73.779166666666669, "lat": 40.7875 }, "geometry": { "type": "Polygon", "coordinates": [ [ [ -73.775, 40.783333333333331 ], [ -73.775, 40.791666666666664 ], [ -73.783333333333346, 40.791666666666664 ], [ -73.783333333333346, 40.783333333333331 ], [ -73.775, 40.783333333333331 ] ] ] } },
{ "type": "Feature", "properties": { "cell_id": "r16_c32", "row": 16, "col": 32, "global_row": 5906, "global_col": 12721, "lon": -73.9875, "lat": 40.779166666666669 }, "geometry": { "type": "Polygon", "coordinates": [ [ [ -73.983333333333334, 40.775 ], [ -73.983333333333334, 40.783333333333331 ], [ -73.991666666666674, 40.783333333333331 ], [ -73.991666666666674, 40.775 ], [ -73.983333333333334, 40.775 ] ] ] } },
{ "type": "Feature", "properties": { "cell_id": "r16_c33", "row": 16, "col": 33, "global_row": 5906, "global_col": 12722, "lon": -73.979166666666671, "lat": 40.779166666666676 }, "geometry": { "type": "Polygon", "coordinates": [ [ [ -73.975, 40.775 ], [ -73.975, 40.783333333333331 ], [ -73.983333333333334, 40.783333333333331 ], [ -73.983333333333334, 40.775 ], [ -73.975, 40.775 ] ] ] } },
{ "type": "Feature", "properties": { "cell_id": "r16_c34", "row": 16, "col": 34, "global_row": 5906, "global_col": 12723, "lon": -73.970833333333346, "lat": 40.779166666666669 }, "geometry": { "type": "Polygon", "coordinates": [ [ [ -73.966666666666669, 40.775 ], [ -73.966666666666669, 40.783333333333331 ], [ -73.975, 40.783333333333331 ], [ -73.975, 40.775 ], [ -73.966666666666669, 40.775 ] ] ] } },
{ "type": "Feature", "properties": { "cell_id": "r16_c35", "row": 16, "col": 35, "global_row": 5906, "global_col": 12724, "lon": -73.9625, "lat": 40.779166666666676 }, "geometry": { "type": "Polygon", "coordinates": [ [ [ -73.958333333333343, 40.775 ], [ -73.958333333333343, 40.783333333333331 ], [ -73.966666666666669, 40.783333333333331 ], [ -73.966666666666669, 40.775 ], [ -73.958333333333343, 40.775 ] ] ] } },
{ "type": "Feature", "properties": { "cell_id": "r16_c36", "row": 16, "col": 36, "global_row": 5906, "global_col": 12725, "lon": -73.95416666666668, "lat": 40.779166666666669 }, "geometry": { "type": "Polygon", "coordinates": [ [ [ -73.95, 40.775 ], [ -73.95, 40.783333333333331 ], [ -73.958333333333343, 40.783333333333331 ], [ -73.958333333333343, 40.775 ], [ -73.95, 40.775 ] ] ] } },
{ "type": "Feature", "properties": { "cell_id": "r16_c37", "row": 16, "col": 37, "global_row": 5906, "global_col": 12726, "lon": -73.94583333333334, "lat": 40.779166666666676 }, "geometry": { "type": "Polygon", "coordinates": [ [ [ -73.941666666666677, 40.775 ], [ -73.941666666666677, 40.783333333333331 ], [ -73.95, 40.783333333333331 ], [ -73.95, 40.775 ], [ -73.941666666666677, 40.775 ] ] ] } },
{ "type": "Feature", "properties": { "cell_id": "r16_c40", "row": 16, "col": 40, "global_row": 5906, "global_col": 12729, "lon": -73.920833333333348, "lat": 40.779166666666669 }, "geometry": { "type": "Polygon", "coordinates": [ [ [ -73.916666666666671, 40.775 ], [ -73.916666666666671, 40.783333333333331 ], [ -73.925, 40.783333333333331 ], [ -73.925, 40.775 ], [ -73.916666666666671, 40.775 ] ] ] } },
{ "type": "Feature", "properties": { "cell_id": "r16_c41", "row": 16, "col": 41, "global_row": 5906, "global_col": 12730, "lon": -73.9125, "lat": 40.779166666666676 }, "geometry": { "type": "Polygon", "coordinates": [ [ [ -73.908333333333346, 40.775 ], [ -73.908333333333346, 40.783333333333331 ], [ -73.916666666666671, 40.783333333333331 ], [ -73.916666666666671, 40.775 ], [ -73.908333333333346, 40.775 ] ] ] } },
{ "type": "Feature", "properties": { "cell_id": "r16_c42", "row": 16, "col": 42, "global_row": 5906, "global_col": 12731, "lon": -73.904166666666683, "lat": 40.779166666666669 }, "geometry": { "type": "Polygon", "coordinates": [ [ [ -73.9, 40.775 ], [ -73.9, 40.783333333333331 ], [ -73.908333333333346, 40.783333333333331 ], [ -73.908333333333346, 40.775 ], [ -73.9, 40.775 ] ] ] } },
{ "type": "Feature", "properties": { "cell_id": "r16_c43", "row": 16, "col": 43, "global_row": 5906, "global_col": 12732, "lon": -73.895833333333343, "lat": 40.779166666666676 }, "geometry": { "type": "Polygon", "coordinates": [ [ [ -73.89166666666668, 40.775 ], [ -73.89166666666668, 40.783333333333331 ], [ -73.9, 40.783333333333331 ], [ -73.9, 40.775 ], [ -73.89166666666668, 40.775 ] ] ] } },
{ "type": "Feature", "properties": { "cell_id": "r16_c45", "row": 16, "col": 45, "global_row": 5906, "global_col": 12734, "lon": -73.879166666666663, "lat": 40.779166666666669 }, "geometry": { "type": "Polygon", "coordinates": [ [ [ -73.875, 40.775 ], [ -73.875, 40.783333333333331 ], [ -73.88333333333334, 40.783333333333331 ], [ -73.88333333333334, 40.775 ], [ -73.875, 40.775 ] ] ] } },
{ "type": "Feature", "properties": { "cell_id": "r16_c46", "row": 16, "col": 46, "global_row": 5906, "global_col": 12735, "lon": -73.870833333333351, "lat": 40.779166666666676 }, "geometry": { "type": "Polygon", "coordinates": [ [ [ -73.866666666666674, 40.775 ], [ -73.866666666666674, 40.783333333333331 ], [ -73.875, 40.783333333333331 ], [ -73.875, 40.775 ], [ -73.866666666666674, 40.775 ] ] ] } },
{ "type": "Feature", "properties": { "cell_id": "r16_c49", "row": 16, "col": 49, "global_row": 5906, "global_col": 12738, "lon": -73.845833333333346, "lat": 40.779166666666669 }, "geometry": { "type": "Polygon", "coordinates": [ [ [ -73.841666666666669, 40.775 ], [ -73.841666666666669, 40.783333333333331 ], [ -73.85, 40.783333333333331 ], [ -73.85, 40.775 ], [ -73.841666666666669, 40.775 ] ] ] } },
{ "type": "Feature", "properties": { "cell_id": "r16_c50", "row": 16, "col": 50, "global_row": 5906, "global_col": 12739, "lon": -73.8375, "lat": 40.779166666666676 }, "geometry": { "type": "Polygon", "coordinates": [ [ [ -73.833333333333343, 40.775 ], [ -73.833333333333343, 40.783333333333331 ], [ -73.841666666666669, 40.783333333333331 ], [ -73.841666666666669, 40.775 ], [ -73.833333333333343, 40.775 ] ] ] } },
{ "type": "Feature", "properties": { "cell_id": "r16_c51", "row": 16, "col": 51, "global_row": 5906, "global_col": 12740, "lon": -73.82916666666668, "lat": 40.779166666666669 }, "geometry": { "type": "Polygon", "coordinates": [ [ [ -73.825, 40.775 ], [ -73.825, 40.783333333333331 ], [ -73.833333333333343, 40.783333333333331 ], [ -73.833333333333343, 40.775 ], [ -73.825, 40.775 ] ] ] } },
{ "type": "Feature", "properties": { "cell_id": "r16_c52", "row": 16, "col": 52, "global_row": 5906, "global_col": 12741, "lon": -73.82083333333334, "lat": 40.779166666666676 }, "geometry": { "type": "Polygon", "coordinates": [ [ [ -73.816666666666677, 40.775 ], [ -73.816666666666677, 40.783333333333331 ], [ -73.825, 40.783333333333331 ], [ -73.825, 40.775 ], [ -73.816666666666677, 40.775 ] ] ] } },
{ "type": "Feature", "properties": { "cell_id": "r16_c53", "row": 16, "col": 53, "global_row": 5906, "global_col": 12742, "lon": -73.8125, "lat": 40.779166666666669 }, "geometry": { "type": "Polygon", "coordinates": [ [ [ -73.808333333333337, 40.775 ], [ -73.808333333333337, 40.783333333333331 ], [ -73.816666666666677, 40.783333333333331 ], [ -73.816666666666677, 40.775 ], [ -73.808333333333337, 40.775 ] ] ] } },
{ "type": "Feature", "properties": { "cell_id": "r16_c54", "row": 16, "col": 54, "global_row": 5906, "global_col": 12743, "lon": -73.804166666666674, "lat": 40.779166666666676 }, "geometry": { "type": "Polygon", "coordinates": [ [ [ -73.8, 40.775 ], [ -73.8, 40.783333333333331 ], [ -73.808333333333337, 40.783333333333331 ], [ -73.808333333333337, 40.775 ], [ -73.8, 40.775 ] ] ] } },
{ "type": "Feature", "properties": { "cell_id": "r16_c55", "row": 16, "col": 55, "global_row": 5906, "global_col": 12744, "lon": -73.795833333333334, "lat": 40.779166666666669 }, "geometry": { "type": "Polygon", "coordinates": [ [ [ -73.791666666666671, 40.775 ], [ -73.791666666666671, 40.783333333333331 ], [ -73.8, 40.783333333333331 ], [ -73.8, 40.775 ], [ -73.791666666666671, 40.775 ] ] ] } },
{ "type": "Feature", "properties": { "cell_id": "r16_c56", "row": 16, "col": 56, "global_row": 5906, "global_col": 12745, "lon": -73.7875, "lat": 40.779166666666676 }, "geometry": { "type": "Polygon", "coordinates": [ [ [ -73.783333333333346, 40.775 ], [ -73.783333333333346, 40.783333333333331 ], [ -73.791666666666671, 40.783333333333331 ], [ -73.791666666666671, 40.775 ], [ -73.783333333333346, 40.775 ] ] ] } },
{ "type": "Feature", "properties": { "cell_id": "r16_c57", "row": 16, "col": 57, "global_row": 5906, "global_col": 12746, "lon": -73.779166666666669, "lat": 40.779166666666669 }, "geometry": { "type": "Polygon", "coordinates": [ [ [ -73.775, 40.775 ], [ -73.775, 40.783333333333331 ], [ -73.783333333333346, 40.783333333333331 ], [ -73.783333333333346, 40.775 ], [ -73.775, 40.775 ] ] ] } },
{ "type": "Feature", "properties": { "cell_id": "r16_c58", "row": 16, "col": 58, "global_row": 5906, "global_col": 12747, "lon": -73.770833333333343, "lat": 40.779166666666676 }, "geometry": { "type": "Polygon", "coordinates": [ [ [ -73.76666666666668, 40.775 ], [ -73.76666666666668, 40.783333333333331 ], [ -73.775, 40.783333333333331 ], [ -73.775, 40.775 ], [ -73.76666666666668, 40.775 ] ] ] } },
{ "type": "Feature", "properties": { "cell_id": "r17_c32", "row": 17, "col": 32, "global_row": 5907, "global_col": 12721, "lon": -73.9875, "lat": 40.770833333333336 }, "geometry": { "type": "Polygon", "coordinates": [ [ [ -73.983333333333334, 40.766666666666666 ], [ -73.983333333333334, 40.775 ], [ -73.991666666666674, 40.775 ], [ -73.991666666666674, 40.766666666666666 ], [ -73.983333333333334, 40.766666666666666 ] ] ] } },
{ "type": "Feature", "properties": { "cell_id": "r17_c33", "row": 17, "col": 33, "global_row": 5907, "global_col": 12722, "lon": -73.979166666666671, "lat": 40.770833333333329 }, "geometry": { "type": "Polygon", "coordinates": [ [ [ -73.975, 40.766666666666666 ], [ -73.975, 40.775 ], [ -73.983333333333334, 40.775 ], [ -73.983333333333334, 40.766666666666666 ], [ -73.975, 40.766666666666666 ] ] ] } },
{ "type": "Feature", "properties": { "cell_id": "r17_c34", "row": 17, "col": 34, "global_row": 5907, "global_col": 12723, "lon": -73.970833333333346, "lat": 40.770833333333336 }, "geometry": { "type": "Polygon", "coordinates": [ [ [ -73.966666666666669, 40.766666666666666 ], [ -73.966666666666669, 40.775 ], [ -73.975, 40.775 ], [ -73.975, 40.766666666666666 ], [ -73.966666666666669, 40.766666666666666 ] ] ] } },
{ "type": "Feature", "properties": { "cell_id": "r17_c35", "row": 17, "col": 35, "global_row": 5907, "global_col": 12724, "lon": -73.9625, "lat": 40.770833333333329 }, "geometry": { "type": "Polygon", "coordinates": [ [ [ -73.958333333333343, 40.766666666666666 ], [ -73.958333333333343, 40.775 ], [ -73.966666666666669, 40.775 ], [ -73.966666666666669, 40.766666666666666 ], [ -73.958333333333343, 40.766666666666666 ] ] ] } },
{ "type": "Feature", "properties": { "cell_id": "r17_c36", "row": 17, "col": 36, "global_row": 5907, "global_col": 12725, "lon": -73.95416666666668, "lat": 40.770833333333336 }, "geometry": { "type": "Polygon", "coordinates": [ [ [ -73.95, 40.766666666666666 ], [ -73.95, 40.775 ], [ -73.958333333333343, 40.775 ], [ -73.958333333333343, 40.766666666666666 ], [ -73.95, 40.766666666666666 ] ] ] } },
{ "type": "Feature", "properties": { "cell_id": "r17_c39", "row": 17, "col": 39, "global_row": 5907, "global_col": 12728, "lon": -73.929166666666674, "lat": 40.770833333333329 }, "geometry": { "type": "Polygon", "coordinates": [ [ [ -73.925, 40.766666666666666 ], [ -73.925, 40.775 ], [ -73.933333333333337, 40.775 ], [ -73.933333333333337, 40.766666666666666 ], [ -73.925, 40.766666666666666 ] ] ] } },
{ "type": "Feature", "properties": { "cell_id": "r17_c40", "row": 17, "col": 40, "global_row": 5907, "global_col": 12729, "lon": -73.920833333333348, "lat": 40.770833333333336 }, "geometry": { "type": "Polygon", "coordinates": [ [ [ -73.916666666666671, 40.766666666666666 ], [ -73.916666666666671, 40.775 ], [ -73.925, 40.775 ], [ -73.925, 40.766666666666666 ], [ -73.916666666666671, 40.766666666666666 ] ] ] } },
{ "type": "Feature", "properties": { "cell_id": "r17_c41", "row": 17, "col": 41, "global_row": 5907, "global_col": 12730, "lon": -73.9125, "lat": 40.770833333333329 }, "geometry": { "type": "Polygon", "coordinates": [ [ [ -73.908333333333346, 40.766666666666666 ], [ -73.908333333333346, 40.775 ], [ -73.916666666666671, 40.775 ], [ -73.916666666666671, 40.766666666666666 ], [ -73.908333333333346, 40.766666666666666 ] ] ] } },
{ "type": "Feature", "properties": { "cell_id": "r17_c42", "row": 17, "col": 42, "global_row": 5907, "global_col": 12731, "lon": -73.904166666666683, "lat": 40.770833333333336 }, "geometry": { "type": "Polygon", "coordinates": [ [ [ -73.9, 40.766666666666666 ], [ -73.9, 40.775 ], [ -73.908333333333346, 40.775 ], [ -73.908333333333346, 40.766666666666666 ], [ -73.9, 40.766666666666666 ] ] ] } },
{ "type": "Feature", "properties": { "cell_id": "r17_c43", "row": 17, "col": 43, "global_row": 5907, "global_col": 12732, "lon": -73.895833333333343, "lat": 40.770833333333329 }, "geometry": { "type": "Polygon", "coordinates": [ [ [ -73.89166666666668, 40.766666666666666 ], [ -73.89166666666668, 40.775 ], [ -73.9, 40.775 ], [ -73.9, 40.766666666666666 ], [ -73.89166666666668, 40.766666666666666 ] ] ] } },
{ "type": "Feature", "properties": { "cell_id": "r17_c44", "row": 17, "col": 44, "global_row": 5907, "global_col": 12733, "lon": -73.8875, "lat": 40.770833333333336 }, "geometry": { "type": "Polygon", "coordinates": [ [ [ -73.88333333333334, 40.766666666666666 ], [ -73.88333333333334, 40.775 ], [ -73.89166666666668, 40.775 ], [ -73.89166666666668, 40.766666666666666 ], [ -73.88333333333334, 40.766666666666666 ] ] ] } },
{ "type": "Feature", "properties": { "cell_id": "r17_c45", "row": 17, "col": 45, "global_row": 5907, "global_col": 12734, "lon": -73.879166666666663, "lat": 40.770833333333336 }, "geometry": { "type": "Polygon", "coordinates": [ [ [ -73.875, 40.766666666666666 ], [ -73.875, 40.775 ], [ -73.88333333333334, 40.775 ], [ -73.88333333333334, 40.766666666666666 ], [ -73.875, 40.766666666666666 ] ] ] } },
{ "type": "Feature", "properties": { "cell_id": "r17_c46", "row": 17, "col": 46, "global_row": 5907, "global_col": 12735, "lon": -73.870833333333351, "lat": 40.770833333333329 }, "geometry": { "type": "Polygon", "coordinates": [ [ [ -73.866666666666674, 40.766666666666666 ], [ -73.866666666666674, 40.775 ], [ -73.875, 40.775 ], [ -73.875, 40.766666666666666 ], [ -73.866666666666674, 40.766666666666666 ] ] ] } },
{ "type": "Feature", "properties": { "cell_id": "r17_c47", "row": 17, "col": 47, "global_row": 5907, "global_col": 12736, "lon": -73.8625, "lat": 40.770833333333336 }, "geometry": { "type": "Polygon", "coordinates": [ [ [ -73.858333333333334, 40.766666666666666 ], [ -73.858333333333334, 40.775 ], [ -73.866666666666674, 40.775 ], [ -73.866666666666674, 40.766666666666666 ], [ -73.858333333333334, 40.766666666666666 ] ] ] } },
{ "type": "Feature", "properties": { "cell_id": "r17_c49", "row": 17, "col": 49, "global_row": 5907, "global_col": 12738, "lon": -73.845833333333346, "lat": 40.770833333333336 }, "geometry": { "type": "Polygon", "coordinates": [ [ [ -73.841666666666669, 40.766666666666666 ], [ -73.841666666666669, 40.775 ], [ -73.85, 40.775 ], [ -73.85, 40.766666666666666 ], [ -73.841666666666669, 40.766666666666666 ] ] ] } },
{ "type": "Feature", "properties": { "cell_id": "r17_c50", "row": 17, "col": 50, "global_row": 5907, "global_col": 12739, "lon": -73.8375, "lat": 40.770833333333329 }, "geometry": { "type": "Polygon", "coordinates": [ [ [ -73.833333333333343, 40.766666666666666 ], [ -73.833333333333343, 40.775 ], [ -73.841666666666669, 40.775 ], [ -73.841666666666669, 40.766666666666666 ], [ -73.833333333333343, 40.766666666666666 ] ] ] } },
{ "type": "Feature", "properties": { "cell_id": "r17_c51", "row": 17, "col": 51, "global_row": 5907, "global_col": 12740, "lon": -73.82916666666668, "lat": 40.770833333333336 }, "geometry": { "type": "Polygon", "coordinates": [ [ [ -73.825, 40.766666666666666 ], [ -73.825, 40.775 ], [ -73.833333333333343, 40.775 ], [ -73.833333333333343, 40.766666666666666 ], [ -73.825, 40.766666666666666 ] ] ] } },
{ "type": "Feature", "properties": { "cell_id": "r17_c52", "row": 17, "col": 52, "global_row": 5907, "global_col": 12741, "lon": -73.82083333333334, "lat": 40.770833333333329 }, "geometry": { "type": "Polygon", "coordinates": [ [ [ -73.816666666666677, 40.766666666666666 ], [ -73.816666666666677, 40.775 ], [ -73.825, 40.775 ], [ -73.825, 40.766666666666666 ], [ -73.816666666666677, 40.766666666666666 ] ] ] } },
{ "type": "Feature", "properties": { "cell_id": "r17_c53", "row": 17, "col": 53, "global_row": 5907, "global_col": 12742, "lon": -73.8125, "lat": 40.770833333333336 }, "geometry": { "type": "Polygon", "coordinates": [ [ [ -73.808333333333337, 40.766666666666666 ], [ -73.808333333333337, 40.775 ], [ -73.816666666666677, 40.775 ], [ -73.816666666666677, 40.766666666666666 ], [ -73.808333333333337, 40.766666666666666 ] ] ] } },
{ "type": "Feature", "properties": { "cell_id": "r17_c54", "row": 17, "col": 54, "global_row": 5907, "global_col": 12743, "lon": -73.804166666666674, "lat": 40.770833333333329 }, "geometry": { "type": "Polygon", "coordinates": [ [ [ -73.8, 40.766666666666666 ], [ -73.8, 40.775 ], [ -73.808333333333337, 40.775 ], [ -73.808333333333337, 40.766666666666666 ], [ -73.8, 40.766666666666666 ] ] ] } },
{ "type": "Feature", "properties": { "cell_id": "r17_c55", "row": 17, "col": 55, "global_row": 5907, "global_col": 12744, "lon": -73.795833333333334, "lat": 40.770833333333336 }, "geometry": { "type": "Polygon", "coordinates": [ [ [ -73.791666666666671, 40.766666666666666 ], [ -73.791666666666671, 40.775 ], [ -73.8, 40.775 ], [ -73.8, 40.766666666666666 ], [ -73.791666666666671, 40.766666666666666 ] ] ] } },
{ "type": "Feature", "properties": { "cell_id": "r17_c56", "row": 17, "col": 56, "global_row": 5907, "global_col": 12745, "lon": -73.7875, "lat": 40.770833333333329 }, "geometry": { "type": "Polygon", "coordinates": [ [ [ -73.783333333333346, 40.766666666666666 ], [ -73.783333333333346, 40.775 ], [ -73.791666666666671, 40.775 ], [ -73.791666666666671, 40.766666666666666 ], [ -73.783333333333346, 40.766666666666666 ] ] ] } },
{ "type": "Feature", "properties": { "cell_id": "r17_c57", "row": 17, "col": 57, "global_row": 5907, "global_col": 12746, "lon": -73.779166666666669, "lat": 40.770833333333336 }, "geometry": { "type": "Polygon", "coordinates": [ [ [ -73.775, 40.766666666666666 ], [ -73.775, 40.775 ], [ -73.783333333333346, 40.775 ], [ -73.783333333333346, 40.766666666666666 ], [ -73.775, 40.766666666666666 ] ] ] } },
{ "type": "Feature", "properties": { "cell_id": "r17_c58", "row": 17, "col": 58, "global_row": 5907, "global_col": 12747, "lon": -73.770833333333343, "lat": 40.770833333333329 }, "geometry": { "type": "Polygon", "coordinates": [ [ [ -73.76666666666668, 40.766666666666666 ], [ -73.76666666666668, 40.775 ], [ -73.775, 40.775 ], [ -73.775, 40.766666666666666 ], [ -73.76666666666668, 40.766666666666666 ] ] ] } },
{ "type": "Feature", "properties": { "cell_id": "r17_c59", "row": 17, "col": 59, "global_row": 5907, "global_col": 12748, "lon": -73.7625, "lat": 40.770833333333336 }, "geometry": { "type": "Polygon", "coordinates": [ [ [ -73.75833333333334, 40.766666666666666 ], [ -73.75833333333334, 40.775 ], [ -73.76666666666668, 40.775 ], [ -73.76666666666668, 40.766666666666666 ], [ -73.75833333333334, 40.766666666666666 ] ] ] } },
{ "type": "Feature", "properties": { "cell_id": "r17_c60", "row": 17, "col": 60, "global_row": 5907, "global_col": 12749, "lon": -73.754166666666663, "lat": 40.770833333333336 }, "geometry": { "type": "Polygon", "coordinates": [ [ [ -73.75, 40.766666666666666 ], [ -73.75, 40.775 ], [ -73.75833333333334, 40.775 ], [ -73.75833333333334, 40.766666666666666 ], [ -73.75, 40.766666666666666 ] ] ] } },
{ "type": "Feature", "properties": { "cell_id": "r17_c61", "row": 17, "col": 61, "global_row": 5907, "global_col": 12750, "lon": -73.745833333333337, "lat": 40.770833333333329 }, "geometry": { "type": "Polygon", "coordinates": [ [ [ -73.741666666666674, 40.766666666666666 ], [ -73.741666666666674, 40.775 ], [ -73.75, 40.775 ], [ -73.75, 40.766666666666666 ], [ -73.741666666666674, 40.766666666666666 ] ] ] } },
{ "type": "Feature", "properties": { "cell_id": "r17_c62", "row": 17, "col": 62, "global_row": 5907, "global_col": 12751, "lon": -73.7375, "lat": 40.770833333333336 }, "geometry": { "type": "Polygon", "coordinates": [ [ [ -73.733333333333334, 40.766666666666666 ], [ -73.733333333333334, 40.775 ], [ -73.741666666666674, 40.775 ], [ -73.741666666666674, 40.766666666666666 ], [ -73.733333333333334, 40.766666666666666 ] ] ] } },
{ "type": "Feature", "properties": { "cell_id": "r18_c30", "row": 18, "col": 30, "global_row": 5908, "global_col": 12719, "lon": -74.004166666666677, "lat": 40.7625 }, "geometry": { "type": "Polygon", "coordinates": [ [ [ -74.0, 40.758333333333333 ], [ -74.0, 40.766666666666666 ], [ -74.00833333333334, 40.766666666666666 ], [ -74.00833333333334, 40.758333333333333 ], [ -74.0, 40.758333333333333 ] ] ] } },
{ "type": "Feature", "properties": { "cell_id": "r18_c31", "row": 18, "col": 31, "global_row": 5908, "global_col": 12720, "lon": -73.995833333333337, "lat": 40.7625 }, "geometry": { "type": "Polygon", "coordinates": [ [ [ -73.991666666666674, 40.758333333333333 ], [ -73.991666666666674, 40.766666666666666 ], [ -74.0, 40.766666666666666 ], [ -74.0, 40.758333333333333 ], [ -73.991666666666674, 40.758333333333333 ] ] ] } },
{ "type": "Feature", "properties": { "cell_id": "r18_c32", "row": 18, "col": 32, "global_row": 5908, "global_col": 12721, "lon": -73.9875, "lat": 40.7625 }, "geometry": { "type": "Polygon", "coordinates": [ [ [ -73.983333333333334, 40.758333333333333 ], [ -73.983333333333334, 40.766666666666666 ], [ -73.991666666666674, 40.766666666666666 ], [ -73.991666666666674, 40.758333333333333 ], [ -73.983333333333334, 40.758333333333333 ] ] ] } },
{ "type": "Feature", "properties": { "cell_id": "r18_c33", "row": 18, "col": 33, "global_row": 5908, "global_col": 12722, "lon": -73.979166666666671, "lat": 40.7625 }, "geometry": { "type": "Polygon", "coordinates": [ [ [ -73.975, 40.758333333333333 ], [ -73.975, 40.766666666666666 ], [ -73.983333333333334, 40.766666666666666 ], [ -73.983333333333334, 40.758333333333333 ], [ -73.975, 40.758333333333333 ] ] ] } },
{ "type": "Feature", "properties": { "cell_id": "r18_c34", "row": 18, "col": 34, "global_row": 5908, "global_col": 12723, "lon": -73.970833333333346, "lat": 40.7625 }, "geometry": { "type": "Polygon", "coordinates": [ [ [ -73.966666666666669, 40.758333333333333 ], [ -73.966666666666669, 40.766666666666666 ], [ -73.975, 40.766666666666666 ], [ -73.975, 40.758333333333333 ], [ -73.966666666666669, 40.758333333333333 ] ] ] } },
{ "type": "Feature", "properties": { "cell_id": "r18_c35", "row": 18, "col": 35, "global_row": 5908, "global_col": 12724, "lon": -73.9625, "lat": 40.7625 }, "geometry": { "type": "Polygon", "coordinates": [ [ [ -73.958333333333343, 40.758333333333333 ], [ -73.958333333333343, 40.766666666666666 ], [ -73.966666666666669, 40.766666666666666 ], [ -73.966666666666669, 40.758333333333333 ], [ -73.958333333333343, 40.758333333333333 ] ] ] } },
{ "type": "Feature", "properties": { "cell_id": "r18_c36", "row": 18, "col": 36, "global_row": 5908, "global_col": 12725, "lon": -73.95416666666668, "lat": 40.7625 }, "geometry": { "type": "Polygon", "coordinates": [ [ [ -73.95, 40.758333333333333 ], [ -73.95, 40.766666666666666 ], [ -73.958333333333343, 40.766666666666666 ], [ -73.958333333333343, 40.758333333333333 ], [ -73.95, 40.758333333333333 ] ] ] } },
{ "type": "Feature", "properties": { "cell_id": "r18_c38", "row": 18, "col": 38, "global_row": 5908, "global_col": 12727, "lon": -73.9375, "lat": 40.7625 }, "geometry": { "type": "Polygon", "coordinates": [ [ [ -73.933333333333337, 40.758333333333333 ], [ -73.933333333333337, 40.766666666666666 ], [ -73.941666666666677, 40.766666666666666 ], [ -73.941666666666677, 40.758333333333333 ], [ -73.933333333333337, 40.758333333333333 ] ] ] } },
{ "type": "Feature", "properties": { "cell_id": "r18_c39", "row": 18, "col": 39, "global_row": 5908, "global_col": 12728, "lon": -73.929166666666674, "lat": 40.7625 }, "geometry": { "type": "Polygon", "coordinates": [ [ [ -73.925, 40.758333333333333 ], [ -73.925, 40.766666666666666 ], [ -73.933333333333337, 40.766666666666666 ], [ -73.933333333333337, 40.758333333333333 ], [ -73.925, 40.758333333333333 ] ] ] } },
{ "type": "Feature", "properties": { "cell_id": "r18_c40", "row": 18, "col": 40, "global_row": 5908, "global_col": 12729, "lon": -73.920833333333348, "lat": 40.7625 }, "geometry": { "type": "Polygon", "coordinates": [ [ [ -73.916666666666671, 40.758333333333333 ], [ -73.916666666666671, 40.766666666666666 ], [ -73.925, 40.766666666666666 ], [ -73.925, 40.758333333333333 ], [ -73.916666666666671, 40.758333333333333 ] ] ] } },
{ "type": "Feature", "properties": { "cell_id": "r18_c41", "row": 18, "col": 41, "global_row": 5908, "global_col": 12730, "lon": -73.9125, "lat": 40.7625 }, "geometry": { "type": "Polygon", "coordinates": [ [ [ -73.908333333333346, 40.758333333333333 ], [ -73.908333333333346, 40.766666666666666 ], [ -73.916666666666671, 40.766666666666666 ], [ -73.916666666666671, 40.758333333333333 ], [ -73.908333333333346, 40.758333333333333 ] ] ] } },
{ "type": "Feature", "properties": { "cell_id": "r18_c42", "row": 18, "col": 42, "global_row": 5908, "global_col": 12731, "lon": -73.904166666666683, "lat": 40.7625 }, "geometry": { "type": "Polygon", "coordinates": [ [ [ -73.9, 40.758333333333333 ], [ -73.9, 40.766666666666666 ], [ -73.908333333333346, 40.766666666666666 ], [ -73.908333333333346, 40.758333333333333 ], [ -73.9, 40.758333333333333 ] ] ] } },
{ "type": "Feature", "properties": { "cell_id": "r18_c43", "row": 18, "col": 43, "global_row": 5908, "global_col": 12732, "lon": -73.895833333333343, "lat": 40.7625 }, "geometry": { "type": "Polygon", "coordinates": [ [ [ -73.89166666666668, 40.758333333333333 ], [ -73.89166666666668, 40.766666666666666 ], [ -73.9, 40.766666666666666 ], [ -73.9, 40.758333333333333 ], [ -73.89166666666668, 40.758333333333333 ] ] ] } },
{ "type": "Feature", "properties": { "cell_id": "r18_c44", "row": 18, "col": 44, "global_row": 5908, "global_col": 12733, "lon": -73.8875, "lat": 40.7625 }, "geometry": { "type": "Polygon", "coordinates": [ [ [ -73.88333333333334, 40.758333333333333 ], [ -73.88333333333334, 40.766666666666666 ], [ -73.89166666666668, 40.766666666666666 ], [ -73.89166666666668, 40.758333333333333 ], [ -73.88333333333334, 40.758333333333333 ] ] ] } },
{ "type": "Feature", "properties": { "cell_id": "r18_c45", "row": 18, "col": 45, "global_row": 5908, "global_col": 12734, "lon": -73.879166666666663, "lat": 40.7625 }, "geometry": { "type": "Polygon", "coordinates": [ [ [ -73.875, 40.758333333333333 ], [ -73.875, 40.766666666666666 ], [ -73.88333333333334, 40.766666666666666 ], [ -73.88333333333334, 40.758333333333333 ], [ -73.875, 40.758333333333333 ] ] ] } },
{ "type": "Feature", "properties": { "cell_id": "r18_c46", "row": 18, "col": 46, "global_row": 5908, "global_col": 12735, "lon": -73.870833333333351, "lat": 40.7625 }, "geometry": { "type": "Polygon", "coordinates": [ [ [ -73.866666666666674, 40.758333333333333 ], [ -73.866666666666674, 40.766666666666666 ], [ -73.875, 40.766666666666666 ], [ -73.875, 40.758333333333333 ], [ -73.866666666666674, 40.758333333333333 ] ] ] } },
{ "type": "Feature", "properties": { "cell_id": "r18_c47", "row": 18, "col": 47, "global_row": 5908, "global_col": 12736, "lon": -73.8625, "lat": 40.7625 }, "geometry": { "type": "Polygon", "coordinates": [ [ [ -73.858333333333334, 40.758333333333333 ], [ -73.858333333333334, 40.766666666666666 ], [ -73.866666666666674, 40.766666666666666 ], [ -73.866666666666674, 40.758333333333333 ], [ -73.858333333333334, 40.758333333333333 ] ] ] } },
{ "type": "Feature", "properties": { "cell_id": "r18_c50", "row": 18, "col": 50, "global_row": 5908, "global_col": 12739, "lon": -73.8375, "lat": 40.7625 }, "geometry": { "type": "Polygon", "coordinates": [ [ [ -73.833333333333343, 40.758333333333333 ], [ -73.833333333333343, 40.766666666666666 ], [ -73.841666666666669, 40.766666666666666 ], [ -73.841666666666669, 40.758333333333333 ], [ -73.833333333333343, 40.758333333333333 ] ] ] } },
{ "type": "Feature", "properties": { "cell_id": "r18_c51", "row": 18, "col": 51, "global_row": 5908, "global_col": 12740, "lon": -73.82916666666668, "lat": 40.7625 }, "geometry": { "type": "Polygon", "coordinates": [ [ [ -73.825, 40.758333333333333 ], [ -73.825, 40.766666666666666 ], [ -73.833333333333343, 40.766666666666666 ], [ -73.833333333333343, 40.758333333333333 ], [ -73.825, 40.758333333333333 ] ] ] } },
{ "type": "Feature", "properties": { "cell_id": "r18_c52", "row": 18, "col": 52, "global_row": 5908, "global_col": 12741, "lon": -73.82083333333334, "lat": 40.7625 }, "geometry": { "type": "Polygon", "coordinates": [ [ [ -73.816666666666677, 40.758333333333333 ], [ -73.816666666666677, 40.766666666666666 ], [ -73.825, 40.766666666666666 ], [ -73.825, 40.758333333333333 ], [ -73.816666666666677, 40.758333333333333 ] ] ] } },
{ "type": "Feature", "properties": { "cell_id": "r18_c53", "row": 18, "col": 53, "global_row": 5908, "global_col": 12742, "lon": -73.8125, "lat": 40.7625 }, "geometry": { "type": "Polygon", "coordinates": [ [ [ -73.808333333333337, 40.758333333333333 ], [ -73.808333333333337, 40.766666666666666 ], [ -73.816666666666677, 40.766666666666666 ], [ -73.816666666666677, 40.758333333333333 ], [ -73.808333333333337, 40.758333333333333 ] ] ] } },
{ "type": "Feature", "properties": { "cell_id": "r18_c54", "row": 18, "col": 54, "global_row": 5908, "global_col": 12743, "lon": -73.804166666666674, "lat": 40.7625 }, "geometry": { "type": "Polygon", "coordinates": [ [ [ -73.8, 40.758333333333333 ], [ -73.8, 40.766666666666666 ], [ -73.808333333333337, 40.766666666666666 ], [ -73.808333333333337, 40.758333333333333 ], [ -73.8, 40.758333333333333 ] ] ] } },
{ "type": "Feature", "properties": { "cell_id": "r18_c55", "row": 18, "col": 55, "global_row": 5908, "global_col": 12744, "lon": -73.795833333333334, "lat": 40.7625 }, "geometry": { "type": "Polygon", "coordinates": [ [ [ -73.791666666666671, 40.758333333333333 ], [ -73.791666666666671, 40.766666666666666 ], [ -73.8, 40.766666666666666 ], [ -73.8, 40.758333333333333 ], [ -73.791666666666671, 40.758333333333333 ] ] ] } },
{ "type": "Feature", "properties": { "cell_id": "r18_c56", "row": 18, "col": 56, "global_row": 5908, "global_col": 12745, "lon": -73.7875, "lat": 40.7625 }, "geometry": { "type": "Polygon", "coordinates": [ [ [ -73.783333333333346, 40.758333333333333 ], [ -73.783333333333346, 40.766666666666666 ], [ -73.791666666666671, 40.766666666666666 ], [ -73.791666666666671, 40.758333333333333 ], [ -73.783333333333346, 40.758333333333333 ] ] ] } },
{ "type": "Feature", "properties": { "cell_id": "r18_c57", "row": 18, "col": 57, "global_row": 5908, "global_col": 12746, "lon": -73.779166666666669, "lat": 40.7625 }, "geometry": { "type": "Polygon", "coordinates": [ [ [ -73.775, 40.758333333333333 ], [ -73.775, 40.766666666666666 ], [ -73.783333333333346, 40.766666666666666 ], [ -73.783333333333346, 40.758333333333333 ], [ -73.775, 40.758333333333333 ] ] ] } },
{ "type": "Feature", "properties": { "cell_id": "r18_c58", "row": 18, "col": 58, "global_row": 5908, "global_col": 12747, "lon": -73.770833333333343, "lat": 40.7625 }, "geometry": { "type": "Polygon", "coordinates": [ [ [ -73.76666666666668, 40.758333333333333 ], [ -73.76666666666668, 40.766666666666666 ], [ -73.775, 40.766666666666666 ], [ -73.775, 40.758333333333333 ], [ -73.76666666666668, 40.758333333333333 ] ] ] } },
{ "type": "Feature", "properties": { "cell_id": "r18_c59", "row": 18, "col": 59, "global_row": 5908, "global_col": 12748, "lon": -73.7625, "lat": 40.7625 }, "geometry": { "type": "Polygon", "coordinates": [ [ [ -73.75833333333334, 40.758333333333333 ], [ -73.75833333333334, 40.766666666666666 ], [ -73.76666666666668, 40.766666666666666 ], [ -73.76666666666668, 40.758333333333333 ], [ -73.75833333333334, 40.758333333333333 ] ] ] } },
{ "type": "Feature", "properties": { "cell_id": "r18_c60", "row": 18, "col": 60, "global_row": 5908, "global_col": 12749, "lon": -73.754166666666663, "lat": 40.7625 }, "geometry": { "type": "Polygon", "coordinates": [ [ [ -73.75, 40.758333333333333 ], [ -73.75, 40.766666666666666 ], [ -73.75833333333334, 40.766666666666666 ], [ -73.75833333333334, 40.758333333333333 ], [ -73.75, 40.758333333333333 ] ] ] } },
{ "type": "Feature", "properties": { "cell_id": "r18_c61", "row": 18, "col": 61, "global_row": 5908, "global_col": 12750, "lon": -73.745833333333337, "lat": 40.7625 }, "geometry": { "type": "Polygon", "coordinates": [ [ [ -73.741666666666674, 40.758333333333333 ], [ -73.741666666666674, 40.766666666666666 ], [ -73.75, 40.766666666666666 ], [ -73.75, 40.758333333333333 ], [ -73.741666666666674, 40.758333333333333 ] ] ] } },
{ "type": "Feature", "properties": { "cell_id": "r18_c62", "row": 18, "col": 62, "global_row": 5908, "global_col": 12751, "lon": -73.7375, "lat": 40.7625 }, "geometry": { "type": "Polygon", "coordinates": [ [ [ -73.733333333333334, 40.758333333333333 ], [ -73.733333333333334, 40.766666666666666 ], [ -73.741666666666674, 40.766666666666666 ], [ -73.741666666666674, 40.758333333333333 ], [ -73.733333333333334, 40.758333333333333 ] ] ] } },
{ "type": "Feature", "properties": { "cell_id": "r18_c63", "row": 18, "col": 63, "global_row": 5908, "global_col": 12752, "lon": -73.729166666666671, "lat": 40.7625 }, "geometry": { "type": "Polygon", "coordinates": [ [ [ -73.725, 40.758333333333333 ], [ -73.725, 40.766666666666666 ], [ -73.733333333333334, 40.766666666666666 ], [ -73.733333333333334, 40.758333333333333 ], [ -73.725, 40.758333333333333 ] ] ] } },
{ "type": "Feature", "properties": { "cell_id": "r18_c64", "row": 18, "col": 64, "global_row": 5908, "global_col": 12753, "lon": -73.720833333333346, "lat": 40.7625 }, "geometry": { "type": "Polygon", "coordinates": [ [ [ -73.716666666666669, 40.758333333333333 ], [ -73.716666666666669, 40.766666666666666 ], [ -73.725, 40.766666666666666 ], [ -73.725, 40.758333333333333 ], [ -73.716666666666669, 40.758333333333333 ] ] ] } },
{ "type": "Feature", "properties": { "cell_id": "r19_c30", "row": 19, "col": 30, "global_row": 5909, "global_col": 12719, "lon": -74.004166666666677, "lat": 40.754166666666656 }, "geometry": { "type": "Polygon", "coordinates": [ [ [ -74.0, 40.75 ], [ -74.0, 40.758333333333333 ], [ -74.00833333333334, 40.758333333333333 ], [ -74.00833333333334, 40.75 ], [ -74.0, 40.75 ] ] ] } },
{ "type": "Feature", "properties": { "cell_id": "r19_c31", "row": 19, "col": 31, "global_row": 5909, "global_col": 12720, "lon": -73.995833333333337, "lat": 40.75416666666667 }, "geometry": { "type": "Polygon", "coordinates": [ [ [ -73.991666666666674, 40.75 ], [ -73.991666666666674, 40.758333333333333 ], [ -74.0, 40.758333333333333 ], [ -74.0, 40.75 ], [ -73.991666666666674, 40.75 ] ] ] } },
{ "type": "Feature", "properties": { "cell_id": "r19_c32", "row": 19, "col": 32, "global_row": 5909, "global_col": 12721, "lon": -73.9875, "lat": 40.754166666666656 }, "geometry": { "type": "Polygon", "coordinates": [ [ [ -73.983333333333334, 40.75 ], [ -73.983333333333334, 40.758333333333333 ], [ -73.991666666666674, 40.758333333333333 ], [ -73.991666666666674, 40.75 ], [ -73.983333333333334, 40.75 ] ] ] } },
{ "type": "Feature", "properties": { "cell_id": "r19_c33", "row": 19, "col": 33, "global_row": 5909, "global_col": 12722, "lon": -73.979166666666671, "lat": 40.75416666666667 }, "geometry": { "type": "Polygon", "coordinates": [ [ [ -73.975, 40.75 ], [ -73.975, 40.758333333333333 ], [ -73.983333333333334, 40.758333333333333 ], [ -73.983333333333334, 40.75 ], [ -73.975, 40.75 ] ] ] } },
{ "type": "Feature", "properties": { "cell_id": "r19_c34", "row": 19, "col": 34, "global_row": 5909, "global_col": 12723, "lon": -73.970833333333346, "lat": 40.754166666666656 }, "geometry": { "type": "Polygon", "coordinates": [ [ [ -73.966666666666669, 40.75 ], [ -73.966666666666669, 40.758333333333333 ], [ -73.975, 40.758333333333333 ], [ -73.975, 40.75 ], [ -73.966666666666669, 40.75 ] ] ] } },
{ "type": "Feature", "properties": { "cell_id": "r19_c37", "row": 19, "col": 37, "global_row": 5909, "global_col": 12726, "lon": -73.94583333333334, "lat": 40.75416666666667 }, "geometry": { "type": "Polygon", "coordinates": [ [ [ -73.941666666666677, 40.75 ], [ -73.941666666666677, 40.758333333333333 ], [ -73.95, 40.758333333333333 ], [ -73.95, 40.75 ], [ -73.941666666666677, 40.75 ] ] ] } },
{ "type": "Feature", "properties": { "cell_id": "r19_c38", "row": 19, "col": 38, "global_row": 5909, "global_col": 12727, "lon": -73.9375, "lat": 40.754166666666656 }, "geometry": { "type": "Polygon", "coordinates": [ [ [ -73.933333333333337, 40.75 ], [ -73.933333333333337, 40.758333333333333 ], [ -73.941666666666677, 40.758333333333333 ], [ -73.941666666666677, 40.75 ], [ -73.933333333333337, 40.75 ] ] ] } },
{ "type": "Feature", "properties": { "cell_id": "r19_c39", "row": 19, "col": 39, "global_row": 5909, "global_col": 12728, "lon": -73.929166666666674, "lat": 40.75416666666667 }, "geometry": { "type": "Polygon", "coordinates": [ [ [ -73.925, 40.75 ], [ -73.925, 40.758333333333333 ], [ -73.933333333333337, 40.758333333333333 ], [ -73.933333333333337, 40.75 ], [ -73.925, 40.75 ] ] ] } },
{ "type": "Feature", "properties": { "cell_id": "r19_c40", "row": 19, "col": 40, "global_row": 5909, "global_col": 12729, "lon": -73.920833333333348, "lat": 40.754166666666656 }, "geometry": { "type": "Polygon", "coordinates": [ [ [ -73.916666666666671, 40.75 ], [ -73.916666666666671, 40.758333333333333 ], [ -73.925, 40.758333333333333 ], [ -73.925, 40.75 ], [ -73.916666666666671, 40.75 ] ] ] } },
{ "type": "Feature", "properties": { "cell_id": "r19_c41", "row": 19, "col": 41, "global_row": 5909, "global_col": 12730, "lon": -73.9125, "lat": 40.75416666666667 }, "geometry": { "type": "Polygon", "coordinates": [ [ [ -73.908333333333346, 40.75 ], [ -73.908333333333346, 40.758333333333333 ], [ -73.916666666666671, 40.758333333333333 ], [ -73.916666666666671, 40.75 ], [ -73.908333333333346, 40.75 ] ] ] } },
{ "type": "Feature", "properties": { "cell_id": "r19_c42", "row": 19, "col": 42, "global_row": 5909, "global_col": 12731, "lon": -73.904166666666683, "lat": 40.754166666666656 }, "geometry": { "type": "Polygon", "coordinates": [ [ [ -73.9, 40.75 ], [ -73.9, 40.758333333333333 ], [ -73.908333333333346, 40.758333333333333 ], [ -73.908333333333346, 40.75 ], [ -73.9, 40.75 ] ] ] } },
{ "type": "Feature", "properties": { "cell_id": "r19_c43", "row": 19, "col": 43, "global_row": 5909, "global_col": 12732, "lon": -73.895833333333343, "lat": 40.75416666666667 }, "geometry": { "type": "Polygon", "coordinates": [ [ [ -73.89166666666668, 40.75 ], [ -73.89166666666668, 40.758333333333333 ], [ -73.9, 40.758333333333333 ], [ -73.9, 40.75 ], [ -73.89166666666668, 40.75 ] ] ] } },
{ "type": "Feature", "properties": { "cell_id": "r19_c44", "row": 19, "col": 44, "global_row": 5909, "global_col": 12733, "lon": -73.8875, "lat": 40.754166666666656 }, "geometry": { "type": "Polygon", "coordinates": [ [ [ -73.88333333333334, 40.75 ], [ -73.88333333333334, 40.758333333333333 ], [ -73.89166666666668, 40.758333333333333 ], [ -73.89166666666668, 40.75 ], [ -73.88333333333334, 40.75 ] ] ] } },
{ "type": "Feature", "properties": { "cell_id": "r19_c45", "row": 19, "col": 45, "global_row": 5909, "global_col": 12734, "lon": -73.879166666666663, "lat": 40.754166666666656 }, "geometry": { "type": "Polygon", "coordinates": [ [ [ -73.875, 40.75 ], [ -73.875, 40.758333333333333 ], [ -73.88333333333334, 40.758333333333333 ], [ -73.88333333333334, 40.75 ], [ -73.875, 40.75 ] ] ] } },
{ "type": "Feature", "properties": { "cell_id": "r19_c46", "row": 19, "col": 46, "global_row": 5909, "global_col": 12735, "lon": -73.870833333333351, "lat": 40.75416666666667 }, "geometry": { "type": "Polygon", "coordinates": [ [ [ -73.866666666666674, 40.75 ], [ -73.866666666666674, 40.758333333333333 ], [ -73.875, 40.758333333333333 ], [ -73.875, 40.75 ], [ -73.866666666666674, 40.75 ] ] ] } },
{ "type": "Feature", "properties": { "cell_id": "r19_c47", "row": 19, "col": 47, "global_row": 5909, "global_col": 12736, "lon": -73.8625, "lat": 40.754166666666656 }, "geometry": { "type": "Polygon", "coordinates": [ [ [ -73.858333333333334, 40.75 ], [ -73.858333333333334, 40.758333333333333 ], [ -73.866666666666674, 40.758333333333333 ], [ -73.866666666666674, 40.75 ], [ -73.858333333333334, 40.75 ] ] ] } },
{ "type": "Feature", "properties": { "cell_id": "r19_c48", "row": 19, "col": 48, "global_row": 5909, "global_col": 12737, "lon": -73.854166666666671, "lat": 40.75416666666667 }, "geometry": { "type": "Polygon", "coordinates": [ [ [ -73.85, 40.75 ], [ -73.85, 40.758333333333333 ], [ -73.858333333333334, 40.758333333333333 ], [ -73.858333333333334, 40.75 ], [ -73.85, 40.75 ] ] ] } },
{ "type": "Feature", "properties": { "cell_id": "r19_c49", "row": 19, "col": 49, "global_row": 5909, "global_col": 12738, "lon": -73.845833333333346, "lat": 40.754166666666656 }, "geometry": { "type": "Polygon", "coordinates": [ [ [ -73.841666666666669, 40.75 ], [ -73.841666666666669, 40.758333333333333 ], [ -73.85, 40.758333333333333 ], [ -73.85, 40.75 ], [ -73.841666666666669, 40.75 ] ] ] } },
{ "type": "Feature", "properties": { "cell_id": "r19_c50", "row": 19, "col": 50, "global_row": 5909, "global_col": 12739, "lon": -73.8375, "lat": 40.75416666666667 }, "geometry": { "type": "Polygon", "coordinates": [ [ [ -73.833333333333343, 40.75 ], [ -73.833333333333343, 40.758333333333333 ], [ -73.841666666666669, 40.758333333333333 ], [ -73.841666666666669, 40.75 ], [ -73.833333333333343, 40.75 ] ] ] } },
{ "type": "Feature", "properties": { "cell_id": "r19_c51", "row": 19, "col": 51, "global_row": 5909, "global_col": 12740, "lon": -73.82916666666668, "lat": 40.754166666666656 }, "geometry": { "type": "Polygon", "coordinates": [ [ [ -73.825, 40.75 ], [ -73.825, 40.758333333333333 ], [ -73.833333333333343, 40.758333333333333 ], [ -73.833333333333343, 40.75 ], [ -73.825, 40.75 ] ] ] } },
{ "type": "Feature", "properties": { "cell_id": "r19_c52", "row": 19, "col": 52, "global_row": 5909, "global_col": 12741, "lon": -73.82083333333334, "lat": 40.75416666666667 }, "geometry": { "type": "Polygon", "coordinates": [ [ [ -73.816666666666677, 40.75 ], [ -73.816666666666677, 40.758333333333333 ], [ -73.825, 40.758333333333333 ], [ -73.825, 40.75 ], [ -73.816666666666677, 40.75 ] ] ] } },
{ "type": "Feature", "properties": { "cell_id": "r19_c53", "row": 19, "col": 53, "global_row": 5909, "global_col": 12742, "lon": -73.8125, "lat": 40.754166666666656 }, "geometry": { "type": "Polygon", "coordinates": [ [ [ -73.808333333333337, 40.75 ], [ -73.808333333333337, 40.758333333333333 ], [ -73.816666666666677, 40.758333333333333 ], [ -73.816666666666677, 40.75 ], [ -73.808333333333337, 40.75 ] ] ] } },
{ "type": "Feature", "properties": { "cell_id": "r19_c54", "row": 19, "col": 54, "global_row": 5909, "global_col": 12743, "lon": -73.804166666666674, "lat": 40.75416666666667 }, "geometry": { "type": "Polygon", "coordinates": [ [ [ -73.8, 40.75 ], [ -73.8, 40.758333333333333 ], [ -73.808333333333337, 40.758333333333333 ], [ -73.808333333333337, 40.75 ], [ -73.8, 40.75 ] ] ] } },
{ "type": "Feature", "properties": { "cell_id": "r19_c55", "row": 19, "col": 55, "global_row": 5909, "global_col": 12744, "lon": -73.795833333333334, "lat": 40.754166666666656 }, "geometry": { "type": "Polygon", "coordinates": [ [ [ -73.791666666666671, 40.75 ], [ -73.791666666666671, 40.758333333333333 ], [ -73.8, 40.758333333333333 ], [ -73.8, 40.75 ], [ -73.791666666666671, 40.75 ] ] ] } },
{ "type": "Feature", "properties": { "cell_id": "r19_c56", "row": 19, "col": 56, "global_row": 5909, "global_col": 12745, "lon": -73.7875, "lat": 40.75416666666667 }, "geometry": { "type": "Polygon", "coordinates": [ [ [ -73.783333333333346, 40.75 ], [ -73.783333333333346, 40.758333333333333 ], [ -73.791666666666671, 40.758333333333333 ], [ -73.791666666666671, 40.75 ], [ -73.783333333333346, 40.75 ] ] ] } },
{ "type": "Feature", "properties": { "cell_id": "r19_c57", "row": 19, "col": 57, "global_row": 5909, "global_col": 12746, "lon": -73.779166666666669, "lat": 40.754166666666656 }, "geometry": { "type": "Polygon", "coordinates": [ [ [ -73.775, 40.75 ], [ -73.775, 40.758333333333333 ], [ -73.783333333333346, 40.758333333333333 ], [ -73.783333333333346, 40.75 ], [ -73.775, 40.75 ] ] ] } },
{ "type": "Feature", "properties": { "cell_id": "r19_c58", "row": 19, "col": 58, "global_row": 5909, "global_col": 12747, "lon": -73.770833333333343, "lat": 40.75416666666667 }, "geometry": { "type": "Polygon", "coordinates": [ [ [ -73.76666666666668, 40.75 ], [ -73.76666666666668, 40.758333333333333 ], [ -73.775, 40.758333333333333 ], [ -73.775, 40.75 ], [ -73.76666666666668, 40.75 ] ] ] } },
{ "type": "Feature", "properties": { "cell_id": "r19_c59", "row": 19, "col": 59, "global_row": 5909, "global_col": 12748, "lon": -73.7625, "lat": 40.754166666666656 }, "geometry": { "type": "Polygon", "coordinates": [ [ [ -73.75833333333334, 40.75 ], [ -73.75833333333334, 40.758333333333333 ], [ -73.76666666666668, 40.758333333333333 ], [ -73.76666666666668, 40.75 ], [ -73.75833333333334, 40.75 ] ] ] } },
{ "type": "Feature", "properties": { "cell_id": "r19_c60", "row": 19, "col": 60, "global_row": 5909, "global_col": 12749, "lon": -73.754166666666663, "lat": 40.754166666666656 }, "geometry": { "type": "Polygon", "coordinates": [ [ [ -73.75, 40.75 ], [ -73.75, 40.758333333333333 ], [ -73.75833333333334, 40.758333333333333 ], [ -73.75833333333334, 40.75 ], [ -73.75, 40.75 ] ] ] } },
{ "type": "Feature", "properties": { "cell_id": "r19_c61", "row": 19, "col": 61, "global_row": 5909, "global_col": 12750, "lon": -73.745833333333337, "lat": 40.75416666666667 }, "geometry": { "type": "Polygon", "coordinates": [ [ [ -73.741666666666674, 40.75 ], [ -73.741666666666674, 40.758333333333333 ], [ -73.75, 40.758333333333333 ], [ -73.75, 40.75 ], [ -73.741666666666674, 40.75 ] ] ] } },
{ "type": "Feature", "properties": { "cell_id": "r19_c62", "row": 19, "col": 62, "global_row": 5909, "global_col": 12751, "lon": -73.7375, "lat": 40.754166666666656 }, "geometry": { "type": "Polygon", "coordinates": [ [ [ -73.733333333333334, 40.75 ], [ -73.733333333333334, 40.758333333333333 ], [ -73.741666666666674, 40.758333333333333 ], [ -73.741666666666674, 40.75 ], [ -73.733333333333334, 40.75 ] ] ] } },
{ "type": "Feature", "properties": { "cell_id": "r19_c63", "row": 19, "col": 63, "global_row": 5909, "global_col": 12752, "lon": -73.729166666666671, "lat": 40.75416666666667 }, "geometry": { "type": "Polygon", "coordinates": [ [ [ -73.725, 40.75 ], [ -73.725, 40.758333333333333 ], [ -73.733333333333334, 40.758333333333333 ], [ -73.733333333333334, 40.75 ], [ -73.725, 40.75 ] ] ] } },
{ "type": "Feature", "properties": { "cell_id": "r19_c64", "row": 19, "col": 64, "global_row": 5909, "global_col": 12753, "lon": -73.720833333333346, "lat": 40.754166666666656 }, "geometry": { "type": "Polygon", "coordinates": [ [ [ -73.716666666666669, 40.75 ], [ -73.716666666666669, 40.758333333333333 ], [ -73.725, 40.758333333333333 ], [ -73.725, 40.75 ], [ -73.716666666666669, 40.75 ] ] ] } },
{ "type": "Feature", "properties": { "cell_id": "r19_c65", "row": 19, "col": 65, "global_row": 5909, "global_col": 12754, "lon": -73.7125, "lat": 40.75416666666667 }, "geometry": { "type": "Polygon", "coordinates": [ [ [ -73.708333333333343, 40.75 ], [ -73.708333333333343, 40.758333333333333 ], [ -73.716666666666669, 40.758333333333333 ], [ -73.716666666666669, 40.75 ], [ -73.708333333333343, 40.75 ] ] ] } },
{ "type": "Feature", "properties": { "cell_id": "r20_c30", "row": 20, "col": 30, "global_row": 5910, "global_col": 12719, "lon": -74.004166666666677, "lat": 40.745833333333337 }, "geometry": { "type": "Polygon", "coordinates": [ [ [ -74.0, 40.741666666666667 ], [ -74.0, 40.75 ], [ -74.00833333333334, 40.75 ], [ -74.00833333333334, 40.741666666666667 ], [ -74.0, 40.741666666666667 ] ] ] } },
{ "type": "Feature", "properties": { "cell_id": "r20_c31", "row": 20, "col": 31, "global_row": 5910, "global_col": 12720, "lon": -73.995833333333337, "lat": 40.745833333333337 }, "geometry": { "type": "Polygon", "coordinates": [ [ [ -73.991666666666674, 40.741666666666667 ], [ -73.991666666666674, 40.75 ], [ -74.0, 40.75 ], [ -74.0, 40.741666666666667 ], [ -73.991666666666674, 40.741666666666667 ] ] ] } },
{ "type": "Feature", "properties": { "cell_id": "r20_c32", "row": 20, "col": 32, "global_row": 5910, "global_col": 12721, "lon": -73.9875, "lat": 40.745833333333337 }, "geometry": { "type": "Polygon", "coordinates": [ [ [ -73.983333333333334, 40.741666666666667 ], [ -73.983333333333334, 40.75 ], [ -73.991666666666674, 40.75 ], [ -73.991666666666674, 40.741666666666667 ], [ -73.983333333333334, 40.741666666666667 ] ] ] } },
{ "type": "Feature", "properties": { "cell_id": "r20_c33", "row": 20, "col": 33, "global_row": 5910, "global_col": 12722, "lon": -73.979166666666671, "lat": 40.745833333333337 }, "geometry": { "type": "Polygon", "coordinates": [ [ [ -73.975, 40.741666666666667 ], [ -73.975, 40.75 ], [ -73.983333333333334, 40.75 ], [ -73.983333333333334, 40.741666666666667 ], [ -73.975, 40.741666666666667 ] ] ] } },
{ "type": "Feature", "properties": { "cell_id": "r20_c34", "row": 20, "col": 34, "global_row": 5910, "global_col": 12723, "lon": -73.970833333333346, "lat": 40.745833333333337 }, "geometry": { "type": "Polygon", "coordinates": [ [ [ -73.966666666666669, 40.741666666666667 ], [ -73.966666666666669, 40.75 ], [ -73.975, 40.75 ], [ -73.975, 40.741666666666667 ], [ -73.966666666666669, 40.741666666666667 ] ] ] } },
{ "type": "Feature", "properties": { "cell_id": "r20_c36", "row": 20, "col": 36, "global_row": 5910, "global_col": 12725, "lon": -73.95416666666668, "lat": 40.745833333333337 }, "geometry": { "type": "Polygon", "coordinates": [ [ [ -73.95, 40.741666666666667 ], [ -73.95, 40.75 ], [ -73.958333333333343, 40.75 ], [ -73.958333333333343, 40.741666666666667 ], [ -73.95, 40.741666666666667 ] ] ] } },
{ "type": "Feature", "properties": { "cell_id": "r20_c37", "row": 20, "col": 37, "global_row": 5910, "global_col": 12726, "lon": -73.94583333333334, "lat": 40.745833333333337 }, "geometry": { "type": "Polygon", "coordinates": [ [ [ -73.941666666666677, 40.741666666666667 ], [ -73.941666666666677, 40.75 ], [ -73.95, 40.75 ], [ -73.95, 40.741666666666667 ], [ -73.941666666666677, 40.741666666666667 ] ] ] } },
{ "type": "Feature", "properties": { "cell_id": "r20_c38", "row": 20, "col": 38, "global_row": 5910, "global_col": 12727, "lon": -73.9375, "lat": 40.745833333333337 }, "geometry": { "type": "Polygon", "coordinates": [ [ [ -73.933333333333337, 40.741666666666667 ], [ -73.933333333333337, 40.75 ], [ -73.941666666666677, 40.75 ], [ -73.941666666666677, 40.741666666666667 ], [ -73.933333333333337, 40.741666666666667 ] ] ] } },
{ "type": "Feature", "properties": { "cell_id": "r20_c39", "row": 20, "col": 39, "global_row": 5910, "global_col": 12728, "lon": -73.929166666666674, "lat": 40.745833333333337 }, "geometry": { "type": "Polygon", "coordinates": [ [ [ -73.925, 40.741666666666667 ], [ -73.925, 40.75 ], [ -73.933333333333337, 40.75 ], [ -73.933333333333337, 40.741666666666667 ], [ -73.925, 40.741666666666667 ] ] ] } },
{ "type": "Feature", "properties": { "cell_id": "r20_c40", "row": 20, "col": 40, "global_row": 5910, "global_col": 12729, "lon": -73.920833333333348, "lat": 40.745833333333337 }, "geometry": { "type": "Polygon", "coordinates": [ [ [ -73.916666666666671, 40.741666666666667 ], [ -73.916666666666671, 40.75 ], [ -73.925, 40.75 ], [ -73.925, 40.741666666666667 ], [ -73.916666666666671, 40.741666666666667 ] ] ] } },
{ "type": "Feature", "properties": { "cell_id": "r20_c41", "row": 20, "col": 41, "global_row": 5910, "global_col": 12730, "lon": -73.9125, "lat": 40.745833333333337 }, "geometry": { "type": "Polygon", "coordinates": [ [ [ -73.908333333333346, 40.741666666666667 ], [ -73.908333333333346, 40.75 ], [ -73.916666666666671, 40.75 ], [ -73.916666666666671, 40.741666666666667 ], [ -73.908333333333346, 40.741666666666667 ] ] ] } },
{ "type": "Feature", "properties": { "cell_id": "r20_c42", "row": 20, "col": 42, "global_row": 5910, "global_col": 12731, "lon": -73.904166666666683, "lat": 40.745833333333337 }, "geometry": { "type": "Polygon", "coordinates": [ [ [ -73.9, 40.741666666666667 ], [ -73.9, 40.75 ], [ -73.908333333333346, 40.75 ], [ -73.908333333333346, 40.741666666666667 ], [ -73.9, 40.741666666666667 ] ] ] } },
{ "type": "Feature", "properties": { "cell_id": "r20_c43", "row": 20, "col": 43, "global_row": 5910, "global_col": 12732, "lon": -73.895833333333343, "lat": 40.745833333333337 }, "geometry": { "type": "Polygon", "coordinates": [ [ [ -73.89166666666668, 40.741666666666667 ], [ -73.89166666666668, 40.75 ], [ -73.9, 40.75 ], [ -73.9, 40.741666666666667 ], [ -73.89166666666668, 40.741666666666667 ] ] ] } },
{ "type": "Feature", "properties": { "cell_id": "r20_c44", "row": 20, "col": 44, "global_row": 5910, "global_col": 12733, "lon": -73.8875, "lat": 40.745833333333337 }, "geometry": { "type": "Polygon", "coordinates": [ [ [ -73.88333333333334, 40.741666666666667 ], [ -73.88333333333334, 40.75 ], [ -73.89166666666668, 40.75 ], [ -73.89166666666668, 40.741666666666667 ], [ -73.88333333333334, 40.741666666666667 ] ] ] } },
{ "type": "Feature", "properties": { "cell_id": "r20_c45", "row": 20, "col": 45, "global_row": 5910, "global_col": 12734, "lon": -73.879166666666663, "lat": 40.745833333333337 }, "geometry": { "type": "Polygon", "coordinates": [ [ [ -73.875, 40.741666666666667 ], [ -73.875, 40.75 ], [ -73.88333333333334, 40.75 ], [ -73.88333333333334, 40.741666666666667 ], [ -73.875, 40.741666666666667 ] ] ] } },
{ "type": "Feature", "properties": { "cell_id": "r20_c46", "row": 20, "col": 46, "global_row": 5910, "global_col": 12735, "lon": -73.870833333333351, "lat": 40.745833333333337 }, "geometry": { "type": "Polygon", "coordinates": [ [ [ -73.866666666666674, 40.741666666666667 ], [ -73.866666666666674, 40.75 ], [ -73.875, 40.75 ], [ -73.875, 40.741666666666667 ], [ -73.866666666666674, 40.741666666666667 ] ] ] } },
{ "type": "Feature", "properties": { "cell_id": "r20_c47", "row": 20, "col": 47, "global_row": 5910, "global_col": 12736, "lon": -73.8625, "lat": 40.745833333333337 }, "geometry": { "type": "Polygon", "coordinates": [ [ [ -73.858333333333334, 40.741666666666667 ], [ -73.858333333333334, 40.75 ], [ -73.866666666666674, 40.75 ], [ -73.866666666666674, 40.741666666666667 ], [ -73.858333333333334, 40.741666666666667 ] ] ] } },
{ "type": "Feature", "properties": { "cell_id": "r20_c48", "row": 20, "col": 48, "global_row": 5910, "global_col": 12737, "lon": -73.854166666666671, "lat": 40.745833333333337 }, "geometry": { "type": "Polygon", "coordinates": [ [ [ -73.85, 40.741666666666667 ], [ -73.85, 40.75 ], [ -73.858333333333334, 40.75 ], [ -73.858333333333334, 40.741666666666667 ], [ -73.85, 40.741666666666667 ] ] ] } },
{ "type": "Feature", "properties": { "cell_id": "r20_c49", "row": 20, "col": 49, "global_row": 5910, "global_col": 12738, "lon": -73.845833333333346, "lat": 40.745833333333337 }, "geometry": { "type": "Polygon", "coordinates": [ [ [ -73.841666666666669, 40.741666666666667 ], [ -73.841666666666669, 40.75 ], [ -73.85, 40.75 ], [ -73.85, 40.741666666666667 ], [ -73.841666666666669, 40.741666666666667 ] ] ] } },
{ "type": "Feature", "properties": { "cell_id": "r20_c50", "row": 20, "col": 50, "global_row": 5910, "global_col": 12739, "lon": -73.8375, "lat": 40.745833333333337 }, "geometry": { "type": "Polygon", "coordinates": [ [ [ -73.833333333333343, 40.741666666666667 ], [ -73.833333333333343, 40.75 ], [ -73.841666666666669, 40.75 ], [ -73.841666666666669, 40.741666666666667 ], [ -73.833333333333343, 40.741666666666667 ] ] ] } },
{ "type": "Feature", "properties": { "cell_id": "r20_c51", "row": 20, "col": 51, "global_row": 5910, "global_col": 12740, "lon": -73.82916666666668, "lat": 40.745833333333337 }, "geometry": { "type": "Polygon", "coordinates": [ [ [ -73.825, 40.741666666666667 ], [ -73.825, 40.75 ], [ -73.833333333333343, 40.75 ], [ -73.833333333333343, 40.741666666666667 ], [ -73.825, 40.741666666666667 ] ] ] } },
{ "type": "Feature", "properties": { "cell_id": "r20_c52", "row": 20, "col": 52, "global_row": 5910, "global_col": 12741, "lon": -73.82083333333334, "lat": 40.745833333333337 }, "geometry": { "type": "Polygon", "coordinates": [ [ [ -73.816666666666677, 40.741666666666667 ], [ -73.816666666666677, 40.75 ], [ -73.825, 40.75 ], [ -73.825, 40.741666666666667 ], [ -73.816666666666677, 40.741666666666667 ] ] ] } },
{ "type": "Feature", "properties": { "cell_id": "r20_c53", "row": 20, "col": 53, "global_row": 5910, "global_col": 12742, "lon": -73.8125, "lat": 40.745833333333337 }, "geometry": { "type": "Polygon", "coordinates": [ [ [ -73.808333333333337, 40.741666666666667 ], [ -73.808333333333337, 40.75 ], [ -73.816666666666677, 40.75 ], [ -73.816666666666677, 40.741666666666667 ], [ -73.808333333333337, 40.741666666666667 ] ] ] } },
{ "type": "Feature", "properties": { "cell_id": "r20_c54", "row": 20, "col": 54, "global_row": 5910, "global_col": 12743, "lon": -73.804166666666674, "lat": 40.745833333333337 }, "geometry": { "type": "Polygon", "coordinates": [ [ [ -73.8, 40.741666666666667 ], [ -73.8, 40.75 ], [ -73.808333333333337, 40.75 ], [ -73.808333333333337, 40.741666666666667 ], [ -73.8, 40.741666666666667 ] ] ] } },
{ "type": "Feature", "properties": { "cell_id": "r20_c55", "row": 20, "col": 55, "global_row": 5910, "global_col": 12744, "lon": -73.795833333333334, "lat": 40.745833333333337 }, "geometry": { "type": "Polygon", "coordinates": [ [ [ -73.791666666666671, 40.741666666666667 ], [ -73.791666666666671, 40.75 ], [ -73.8, 40.75 ], [ -73.8, 40.741666666666667 ], [ -73.791666666666671, 40.741666666666667 ] ] ] } },
{ "type": "Feature", "properties": { "cell_id": "r20_c56", "row": 20, "col": 56, "global_row": 5910, "global_col": 12745, "lon": -73.7875, "lat": 40.745833333333337 }, "geometry": { "type": "Polygon", "coordinates": [ [ [ -73.783333333333346, 40.741666666666667 ], [ -73.783333333333346, 40.75 ], [ -73.791666666666671, 40.75 ], [ -73.791666666666671, 40.741666666666667 ], [ -73.783333333333346, 40.741666666666667 ] ] ] } },
{ "type": "Feature", "properties": { "cell_id": "r20_c57", "row": 20, "col": 57, "global_row": 5910, "global_col": 12746, "lon": -73.779166666666669, "lat": 40.745833333333337 }, "geometry": { "type": "Polygon", "coordinates": [ [ [ -73.775, 40.741666666666667 ], [ -73.775, 40.75 ], [ -73.783333333333346, 40.75 ], [ -73.783333333333346, 40.741666666666667 ], [ -73.775, 40.741666666666667 ] ] ] } },
{ "type": "Feature", "properties": { "cell_id": "r20_c58", "row": 20, "col": 58, "global_row": 5910, "global_col": 12747, "lon": -73.770833333333343, "lat": 40.745833333333337 }, "geometry": { "type": "Polygon", "coordinates": [ [ [ -73.76666666666668, 40.741666666666667 ], [ -73.76666666666668, 40.75 ], [ -73.775, 40.75 ], [ -73.775, 40.741666666666667 ], [ -73.76666666666668, 40.741666666666667 ] ] ] } },
{ "type": "Feature", "properties": { "cell_id": "r20_c59", "row": 20, "col": 59, "global_row": 5910, "global_col": 12748, "lon": -73.7625, "lat": 40.745833333333337 }, "geometry": { "type": "Polygon", "coordinates": [ [ [ -73.75833333333334, 40.741666666666667 ], [ -73.75833333333334, 40.75 ], [ -73.76666666666668, 40.75 ], [ -73.76666666666668, 40.741666666666667 ], [ -73.75833333333334, 40.741666666666667 ] ] ] } },
{ "type": "Feature", "properties": { "cell_id": "r20_c60", "row": 20, "col": 60, "global_row": 5910, "global_col": 12749, "lon": -73.754166666666663, "lat": 40.745833333333337 }, "geometry": { "type": "Polygon", "coordinates": [ [ [ -73.75, 40.741666666666667 ], [ -73.75, 40.75 ], [ -73.75833333333334, 40.75 ], [ -73.75833333333334, 40.741666666666667 ], [ -73.75, 40.741666666666667 ] ] ] } },
{ "type": "Feature", "properties": { "cell_id": "r20_c61", "row": 20, "col": 61, "global_row": 5910, "global_col": 12750, "lon": -73.745833333333337, "lat": 40.745833333333337 }, "geometry": { "type": "Polygon", "coordinates": [ [ [ -73.741666666666674, 40.741666666666667 ], [ -73.741666666666674, 40.75 ], [ -73.75, 40.75 ], [ -73.75, 40.741666666666667 ], [ -73.741666666666674, 40.741666666666667 ] ] ] } },
{ "type": "Feature", "properties": { "cell_id": "r20_c62", "row": 20, "col": 62, "global_row": 5910, "global_col": 12751, "lon": -73.7375, "lat": 40.745833333333337 }, "geometry": { "type": "Polygon", "coordinates": [ [ [ -73.733333333333334, 40.741666666666667 ], [ -73.733333333333334, 40.75 ], [ -73.741666666666674, 40.75 ], [ -73.741666666666674, 40.741666666666667 ], [ -73.733333333333334, 40.741666666666667 ] ] ] } },
{ "type": "Feature", "properties": { "cell_id": "r20_c63", "row": 20, "col": 63, "global_row": 5910, "global_col": 12752, "lon": -73.729166666666671, "lat": 40.745833333333337 }, "geometry": { "type": "Polygon", "coordinates": [ [ [ -73.725, 40.741666666666667 ], [ -73.725, 40.75 ], [ -73.733333333333334, 40.75 ], [ -73.733333333333334, 40.741666666666667 ], [ -73.725, 40.741666666666667 ] ] ] } },
{ "type": "Feature", "properties": { "cell_id": "r20_c64", "row": 20, "col": 64, "global_row": 5910, "global_col": 12753, "lon": -73.720833333333346, "lat": 40.745833333333337 }, "geometry": { "type": "Polygon", "coordinates": [ [ [ -73.716666666666669, 40.741666666666667 ], [ -73.716666666666669, 40.75 ], [ -73.725, 40.75 ], [ -73.725, 40.741666666666667 ], [ -73.716666666666669, 40.741666666666667 ] ] ] } },
{ "type": "Feature", "properties": { "cell_id": "r20_c65", "row": 20, "col": 65, "global_row": 5910, "global_col": 12754, "lon": -73.7125, "lat": 40.745833333333337 }, "geometry": { "type": "Polygon", "coordinates": [ [ [ -73.708333333333343, 40.741666666666667 ], [ -73.708333333333343, 40.75 ], [ -73.716666666666669, 40.75 ], [ -73.716666666666669, 40.741666666666667 ], [ -73.708333333333343, 40.741666666666667 ] ] ] } },
{ "type": "Feature", "properties": { "cell_id": "r20_c66", "row": 20, "col": 66, "global_row": 5910, "global_col": 12755, "lon": -73.70416666666668, "lat": 40.745833333333337 }, "geometry": { "type": "Polygon", "coordinates": [ [ [ -73.7, 40.741666666666667 ], [ -73.7, 40.75 ], [ -73.708333333333343, 40.75 ], [ -73.708333333333343, 40.741666666666667 ], [ -73.7, 40.741666666666667 ] ] ] } },
{ "type": "Feature", "properties": { "cell_id": "r21_c30", "row": 21, "col": 30, "global_row": 5911, "global_col": 12719, "lon": -74.004166666666677, "lat": 40.7375 }, "geometry": { "type": "Polygon", "coordinates": [ [ [ -74.0, 40.733333333333334 ], [ -74.0, 40.741666666666667 ], [ -74.00833333333334, 40.741666666666667 ], [ -74.00833333333334, 40.733333333333334 ], [ -74.0, 40.733333333333334 ] ] ] } },
{ "type": "Feature", "properties": { "cell_id": "r21_c31", "row": 21, "col": 31, "global_row": 5911, "global_col": 12720, "lon": -73.995833333333337, "lat": 40.7375 }, "geometry": { "type": "Polygon", "coordinates": [ [ [ -73.991666666666674, 40.733333333333334 ], [ -73.991666666666674, 40.741666666666667 ], [ -74.0, 40.741666666666667 ], [ -74.0, 40.733333333333334 ], [ -73.991666666666674, 40.733333333333334 ] ] ] } },
{ "type": "Feature", "properties": { "cell_id": "r21_c32", "row": 21, "col": 32, "global_row": 5911, "global_col": 12721, "lon": -73.9875, "lat": 40.7375 }, "geometry": { "type": "Polygon", "coordinates": [ [ [ -73.983333333333334, 40.733333333333334 ], [ -73.983333333333334, 40.741666666666667 ], [ -73.991666666666674, 40.741666666666667 ], [ -73.991666666666674, 40.733333333333334 ], [ -73.983333333333334, 40.733333333333334 ] ] ] } },
{ "type": "Feature", "properties": { "cell_id": "r21_c33", "row": 21, "col": 33, "global_row": 5911, "global_col": 12722, "lon": -73.979166666666671, "lat": 40.7375 }, "geometry": { "type": "Polygon", "coordinates": [ [ [ -73.975, 40.733333333333334 ], [ -73.975, 40.741666666666667 ], [ -73.983333333333334, 40.741666666666667 ], [ -73.983333333333334, 40.733333333333334 ], [ -73.975, 40.733333333333334 ] ] ] } },
{ "type": "Feature", "properties": { "cell_id": "r21_c36", "row": 21, "col": 36, "global_row": 5911, "global_col": 12725, "lon": -73.95416666666668, "lat": 40.7375 }, "geometry": { "type": "Polygon", "coordinates": [ [ [ -73.95, 40.733333333333334 ], [ -73.95, 40.741666666666667 ], [ -73.958333333333343, 40.741666666666667 ], [ -73.958333333333343, 40.733333333333334 ], [ -73.95, 40.733333333333334 ] ] ] } },
{ "type": "Feature", "properties": { "cell_id": "r21_c37", "row": 21, "col": 37, "global_row": 5911, "global_col": 12726, "lon": -73.94583333333334, "lat": 40.7375 }, "geometry": { "type": "Polygon", "coordinates": [ [ [ -73.941666666666677, 40.733333333333334 ], [ -73.941666666666677, 40.741666666666667 ], [ -73.95, 40.741666666666667 ], [ -73.95, 40.733333333333334 ], [ -73.941666666666677, 40.733333333333334 ] ] ] } },
{ "type": "Feature", "properties": { "cell_id": "r21_c38", "row": 21, "col": 38, "global_row": 5911, "global_col": 12727, "lon": -73.9375, "lat": 40.7375 }, "geometry": { "type": "Polygon", "coordinates": [ [ [ -73.933333333333337, 40.733333333333334 ], [ -73.933333333333337, 40.741666666666667 ], [ -73.941666666666677, 40.741666666666667 ], [ -73.941666666666677, 40.733333333333334 ], [ -73.933333333333337, 40.733333333333334 ] ] ] } },
{ "type": "Feature", "properties": { "cell_id": "r21_c39", "row": 21, "col": 39, "global_row": 5911, "global_col": 12728, "lon": -73.929166666666674, "lat": 40.7375 }, "geometry": { "type": "Polygon", "coordinates": [ [ [ -73.925, 40.733333333333334 ], [ -73.925, 40.741666666666667 ], [ -73.933333333333337, 40.741666666666667 ], [ -73.933333333333337, 40.733333333333334 ], [ -73.925, 40.733333333333334 ] ] ] } },
{ "type": "Feature", "properties": { "cell_id": "r21_c40", "row": 21, "col": 40, "global_row": 5911, "global_col": 12729, "lon": -73.920833333333348, "lat": 40.7375 }, "geometry": { "type": "Polygon", "coordinates": [ [ [ -73.916666666666671, 40.733333333333334 ], [ -73.916666666666671, 40.741666666666667 ], [ -73.925, 40.741666666666667 ], [ -73.925, 40.733333333333334 ], [ -73.916666666666671, 40.733333333333334 ] ] ] } },
{ "type": "Feature", "properties": { "cell_id": "r21_c41", "row": 21, "col": 41, "global_row": 5911, "global_col": 12730, "lon": -73.9125, "lat": 40.7375 }, "geometry": { "type": "Polygon", "coordinates": [ [ [ -73.908333333333346, 40.733333333333334 ], [ -73.908333333333346, 40.741666666666667 ], [ -73.916666666666671, 40.741666666666667 ], [ -73.916666666666671, 40.733333333333334 ], [ -73.908333333333346, 40.733333333333334 ] ] ] } },
{ "type": "Feature", "properties": { "cell_id": "r21_c42", "row": 21, "col": 42, "global_row": 5911, "global_col": 12731, "lon": -73.904166666666683, "lat": 40.7375 }, "geometry": { "type": "Polygon", "coordinates": [ [ [ -73.9, 40.733333333333334 ], [ -73.9, 40.741666666666667 ], [ -73.908333333333346, 40.741666666666667 ], [ -73.908333333333346, 40.733333333333334 ], [ -73.9, 40.733333333333334 ] ] ] } },
{ "type": "Feature", "properties": { "cell_id": "r21_c43", "row": 21, "col": 43, "global_row": 5911, "global_col": 12732, "lon": -73.895833333333343, "lat": 40.7375 }, "geometry": { "type": "Polygon", "coordinates": [ [ [ -73.89166666666668, 40.733333333333334 ], [ -73.89166666666668, 40.741666666666667 ], [ -73.9, 40.741666666666667 ], [ -73.9, 40.733333333333334 ], [ -73.89166666666668, 40.733333333333334 ] ] ] } },
{ "type": "Feature", "properties": { "cell_id": "r21_c44", "row": 21, "col": 44, "global_row": 5911, "global_col": 12733, "lon": -73.8875, "lat": 40.7375 }, "geometry": { "type": "Polygon", "coordinates": [ [ [ -73.88333333333334, 40.733333333333334 ], [ -73.88333333333334, 40.741666666666667 ], [ -73.89166666666668, 40.741666666666667 ], [ -73.89166666666668, 40.733333333333334 ], [ -73.88333333333334, 40.733333333333334 ] ] ] } },
{ "type": "Feature", "properties": { "cell_id": "r21_c45", "row": 21, "col": 45, "global_row": 5911, "global_col": 12734, "lon": -73.879166666666663, "lat": 40.7375 }, "geometry": { "type": "Polygon", "coordinates": [ [ [ -73.875, 40.733333333333334 ], [ -73.875, 40.741666666666667 ], [ -73.88333333333334, 40.741666666666667 ], [ -73.88333333333334, 40.733333333333334 ], [ -73.875, 40.733333333333334 ] ] ] } },
{ "type": "Feature", "properties": { "cell_id": "r21_c46", "row": 21, "col": 46, "global_row": 5911, "global_col": 12735, "lon": -73.870833333333351, "lat": 40.7375 }, "geometry": { "type": "Polygon", "coordinates": [ [ [ -73.866666666666674, 40.733333333333334 ], [ -73.866666666666674, 40.741666666666667 ], [ -73.875, 40.741666666666667 ], [ -73.875, 40.733333333333334 ], [ -73.866666666666674, 40.733333333333334 ] ] ] } },
{ "type": "Feature", "properties": { "cell_id": "r21_c47", "row": 21, "col": 47, "global_row": 5911, "global_col": 12736, "lon": -73.8625, "lat": 40.7375 }, "geometry": { "type": "Polygon", "coordinates": [ [ [ -73.858333333333334, 40.733333333333334 ], [ -73.858333333333334, 40.741666666666667 ], [ -73.866666666666674, 40.741666666666667 ], [ -73.866666666666674, 40.733333333333334 ], [ -73.858333333333334, 40.733333333333334 ] ] ] } },
{ "type": "Feature", "properties": { "cell_id": "r21_c48", "row": 21, "col": 48, "global_row": 5911, "global_col": 12737, "lon": -73.854166666666671, "lat": 40.7375 }, "geometry": { "type": "Polygon", "coordinates": [ [ [ -73.85, 40.733333333333334 ], [ -73.85, 40.741666666666667 ], [ -73.858333333333334, 40.741666666666667 ], [ -73.858333333333334, 40.733333333333334 ], [ -73.85, 40.733333333333334 ] ] ] } },
{ "type": "Feature", "properties": { "cell_id": "r21_c49", "row": 21, "col": 49, "global_row": 5911, "global_col": 12738, "lon": -73.845833333333346, "lat": 40.7375 }, "geometry": { "type": "Polygon", "coordinates": [ [ [ -73.841666666666669, 40.733333333333334 ], [ -73.841666666666669, 40.741666666666667 ], [ -73.85, 40.741666666666667 ], [ -73.85, 40.733333333333334 ], [ -73.841666666666669, 40.733333333333334 ] ] ] } },
{ "type": "Feature", "properties": { "cell_id": "r21_c50", "row": 21, "col": 50, "global_row": 5911, "global_col": 12739, "lon": -73.8375, "lat": 40.7375 }, "geometry": { "type": "Polygon", "coordinates": [ [ [ -73.833333333333343, 40.733333333333334 ], [ -73.833333333333343, 40.741666666666667 ], [ -73.841666666666669, 40.741666666666667 ], [ -73.841666666666669, 40.733333333333334 ], [ -73.833333333333343, 40.733333333333334 ] ] ] } },
{ "type": "Feature", "properties": { "cell_id": "r21_c51", "row": 21, "col": 51, "global_row": 5911, "global_col": 12740, "lon": -73.82916666666668, "lat": 40.7375 }, "geometry": { "type": "Polygon", "coordinates": [ [ [ -73.825, 40.733333333333334 ], [ -73.825, 40.741666666666667 ], [ -73.833333333333343, 40.741666666666667 ], [ -73.833333333333343, 40.733333333333334 ], [ -73.825, 40.733333333333334 ] ] ] } },
{ "type": "Feature", "properties": { "cell_id": "r21_c52", "row": 21, "col": 52, "global_row": 5911, "global_col": 12741, "lon": -73.82083333333334, "lat": 40.7375 }, "geometry": { "type": "Polygon", "coordinates": [ [ [ -73.816666666666677, 40.733333333333334 ], [ -73.816666666666677, 40.741666666666667 ], [ -73.825, 40.741666666666667 ], [ -73.825, 40.733333333333334 ], [ -73.816666666666677, 40.733333333333334 ] ] ] } },
{ "type": "Feature", "properties": { "cell_id": "r21_c53", "row": 21, "col": 53, "global_row": 5911, "global_col": 12742, "lon": -73.8125, "lat": 40.7375 }, "geometry": { "type": "Polygon", "coordinates": [ [ [ -73.808333333333337, 40.733333333333334 ], [ -73.808333333333337, 40.741666666666667 ], [ -73.816666666666677, 40.741666666666667 ], [ -73.816666666666677, 40.733333333333334 ], [ -73.808333333333337, 40.733333333333334 ] ] ] } },
{ "type": "Feature", "properties": { "cell_id": "r21_c54", "row": 21, "col": 54, "global_row": 5911, "global_col": 12743, "lon": -73.804166666666674, "lat": 40.7375 }, "geometry": { "type": "Polygon", "coordinates": [ [ [ -73.8, 40.733333333333334 ], [ -73.8, 40.741666666666667 ], [ -73.808333333333337, 40.741666666666667 ], [ -73.808333333333337, 40.733333333333334 ], [ -73.8, 40.733333333333334 ] ] ] } },
{ "type": "Feature", "properties": { "cell_id": "r21_c55", "row": 21, "col": 55, "global_row": 5911, "global_col": 12744, "lon": -73.795833333333334, "lat": 40.7375 }, "geometry": { "type": "Polygon", "coordinates": [ [ [ -73.791666666666671, 40.733333333333334 ], [ -73.791666666666671, 40.741666666666667 ], [ -73.8, 40.741666666666667 ], [ -73.8, 40.733333333333334 ], [ -73.791666666666671, 40.733333333333334 ] ] ] } },
{ "type": "Feature", "properties": { "cell_id": "r21_c56", "row": 21, "col": 56, "global_row": 5911, "global_col": 12745, "lon": -73.7875, "lat": 40.7375 }, "geometry": { "type": "Polygon", "coordinates": [ [ [ -73.783333333333346, 40.733333333333334 ], [ -73.783333333333346, 40.741666666666667 ], [ -73.791666666666671, 40.741666666666667 ], [ -73.791666666666671, 40.733333333333334 ], [ -73.783333333333346, 40.733333333333334 ] ] ] } },
{ "type": "Feature", "properties": { "cell_id": "r21_c57", "row": 21, "col": 57, "global_row": 5911, "global_col": 12746, "lon": -73.779166666666669, "lat": 40.7375 }, "geometry": { "type": "Polygon", "coordinates": [ [ [ -73.775, 40.733333333333334 ], [ -73.775, 40.741666666666667 ], [ -73.783333333333346, 40.741666666666667 ], [ -73.783333333333346, 40.733333333333334 ], [ -73.775, 40.733333333333334 ] ] ] } },
{ "type": "Feature", "properties": { "cell_id": "r21_c58", "row": 21, "col": 58, "global_row": 5911, "global_col": 12747, "lon": -73.770833333333343, "lat": 40.7375 }, "geometry": { "type": "Polygon", "coordinates": [ [ [ -73.76666666666668, 40.733333333333334 ], [ -73.76666666666668, 40.741666666666667 ], [ -73.775, 40.741666666666667 ], [ -73.775, 40.733333333333334 ], [ -73.76666666666668, 40.733333333333334 ] ] ] } },
{ "type": "Feature", "properties": { "cell_id": "r21_c59", "row": 21, "col": 59, "global_row": 5911, "global_col": 12748, "lon": -73.7625, "lat": 40.7375 }, "geometry": { "type": "Polygon", "coordinates": [ [ [ -73.75833333333334, 40.733333333333334 ], [ -73.75833333333334, 40.741666666666667 ], [ -73.76666666666668, 40.741666666666667 ], [ -73.76666666666668, 40.733333333333334 ], [ -73.75833333333334, 40.733333333333334 ] ] ] } },
{ "type": "Feature", "properties": { "cell_id": "r21_c60", "row": 21, "col": 60, "global_row": 5911, "global_col": 12749, "lon": -73.754166666666663, "lat": 40.7375 }, "geometry": { "type": "Polygon", "coordinates": [ [ [ -73.75, 40.733333333333334 ], [ -73.75, 40.741666666666667 ], [ -73.75833333333334, 40.741666666666667 ], [ -73.75833333333334, 40.733333333333334 ], [ -73.75, 40.733333333333334 ] ] ] } },
{ "type": "Feature", "properties": { "cell_id": "r21_c61", "row": 21, "col": 61, "global_row": 5911, "global_col": 12750, "lon": -73.745833333333337, "lat": 40.7375 }, "geometry": { "type": "Polygon", "coordinates": [ [ [ -73.741666666666674, 40.733333333333334 ], [ -73.741666666666674, 40.741666666666667 ], [ -73.75, 40.741666666666667 ], [ -73.75, 40.733333333333334 ], [ -73.741666666666674, 40.733333333333334 ] ] ] } },
{ "type": "Feature", "properties": { "cell_id": "r21_c62", "row": 21, "col": 62, "global_row": 5911, "global_col": 12751, "lon": -73.7375, "lat": 40.7375 }, "geometry": { "type": "Polygon", "coordinates": [ [ [ -73.733333333333334, 40.733333333333334 ], [ -73.733333333333334, 40.741666666666667 ], [ -73.741666666666674, 40.741666666666667 ], [ -73.741666666666674, 40.733333333333334 ], [ -73.733333333333334, 40.733333333333334 ] ] ] } },
{ "type": "Feature", "properties": { "cell_id": "r21_c63", "row": 21, "col": 63, "global_row": 5911, "global_col": 12752, "lon": -73.729166666666671, "lat": 40.7375 }, "geometry": { "type": "Polygon", "coordinates": [ [ [ -73.725, 40.733333333333334 ], [ -73.725, 40.741666666666667 ], [ -73.733333333333334, 40.741666666666667 ], [ -73.733333333333334, 40.733333333333334 ], [ -73.725, 40.733333333333334 ] ] ] } },
{ "type": "Feature", "properties": { "cell_id": "r21_c64", "row": 21, "col": 64, "global_row": 5911, "global_col": 12753, "lon": -73.720833333333346, "lat": 40.7375 }, "geometry": { "type": "Polygon", "coordinates": [ [ [ -73.716666666666669, 40.733333333333334 ], [ -73.716666666666669, 40.741666666666667 ], [ -73.725, 40.741666666666667 ], [ -73.725, 40.733333333333334 ], [ -73.716666666666669, 40.733333333333334 ] ] ] } },
{ "type": "Feature", "properties": { "cell_id": "r21_c65", "row": 21, "col": 65, "global_row": 5911, "global_col": 12754, "lon": -73.7125, "lat": 40.7375 }, "geometry": { "type": "Polygon", "coordinates": [ [ [ -73.708333333333343, 40.733333333333334 ], [ -73.708333333333343, 40.741666666666667 ], [ -73.716666666666669, 40.741666666666667 ], [ -73.716666666666669, 40.733333333333334 ], [ -73.708333333333343, 40.733333333333334 ] ] ] } },
{ "type": "Feature", "properties": { "cell_id": "r21_c66", "row": 21, "col": 66, "global_row": 5911, "global_col": 12755, "lon": -73.70416666666668, "lat": 40.7375 }, "geometry": { "type": "Polygon", "coordinates": [ [ [ -73.7, 40.733333333333334 ], [ -73.7, 40.741666666666667 ], [ -73.708333333333343, 40.741666666666667 ], [ -73.708333333333343, 40.733333333333334 ], [ -73.7, 40.733333333333334 ] ] ] } },
{ "type": "Feature", "properties": { "cell_id": "r22_c29", "row": 22, "col": 29, "global_row": 5912, "global_col": 12718, "lon": -74.0125, "lat": 40.729166666666657 }, "geometry": { "type": "Polygon", "coordinates": [ [ [ -74.00833333333334, 40.725 ], [ -74.00833333333334, 40.733333333333334 ], [ -74.01666666666668, 40.733333333333334 ], [ -74.01666666666668, 40.725 ], [ -74.00833333333334, 40.725 ] ] ] } },
{ "type": "Feature", "properties": { "cell_id": "r22_c30", "row": 22, "col": 30, "global_row": 5912, "global_col": 12719, "lon": -74.004166666666663, "lat": 40.729166666666657 }, "geometry": { "type": "Polygon", "coordinates": [ [ [ -74.0, 40.725 ], [ -74.0, 40.733333333333334 ], [ -74.00833333333334, 40.733333333333334 ], [ -74.00833333333334, 40.725 ], [ -74.0, 40.725 ] ] ] } },
{ "type": "Feature", "properties": { "cell_id": "r22_c31", "row": 22, "col": 31, "global_row": 5912, "global_col": 12720, "lon": -73.995833333333351, "lat": 40.729166666666671 }, "geometry": { "type": "Polygon", "coordinates": [ [ [ -73.991666666666674, 40.725 ], [ -73.991666666666674, 40.733333333333334 ], [ -74.0, 40.733333333333334 ], [ -74.0, 40.725 ], [ -73.991666666666674, 40.725 ] ] ] } },
{ "type": "Feature", "properties": { "cell_id": "r22_c32", "row": 22, "col": 32, "global_row": 5912, "global_col": 12721, "lon": -73.9875, "lat": 40.729166666666657 }, "geometry": { "type": "Polygon", "coordinates": [ [ [ -73.983333333333334, 40.725 ], [ -73.983333333333334, 40.733333333333334 ], [ -73.991666666666674, 40.733333333333334 ], [ -73.991666666666674, 40.725 ], [ -73.983333333333334, 40.725 ] ] ] } },
{ "type": "Feature", "properties": { "cell_id": "r22_c33", "row": 22, "col": 33, "global_row": 5912, "global_col": 12722, "lon": -73.979166666666671, "lat": 40.729166666666671 }, "geometry": { "type": "Polygon", "coordinates": [ [ [ -73.975, 40.725 ], [ -73.975, 40.733333333333334 ], [ -73.983333333333334, 40.733333333333334 ], [ -73.983333333333334, 40.725 ], [ -73.975, 40.725 ] ] ] } },
{ "type": "Feature", "properties": { "cell_id": "r22_c36", "row": 22, "col": 36, "global_row": 5912, "global_col": 12725, "lon": -73.95416666666668, "lat": 40.729166666666657 }, "geometry": { "type": "Polygon", "coordinates": [ [ [ -73.95, 40.725 ], [ -73.95, 40.733333333333334 ], [ -73.958333333333343, 40.733333333333334 ], [ -73.958333333333343, 40.725 ], [ -73.95, 40.725 ] ] ] } },
{ "type": "Feature", "properties": { "cell_id": "r22_c37", "row": 22, "col": 37, "global_row": 5912, "global_col": 12726, "lon": -73.94583333333334, "lat": 40.729166666666671 }, "geometry": { "type": "Polygon", "coordinates": [ [ [ -73.941666666666677, 40.725 ], [ -73.941666666666677, 40.733333333333334 ], [ -73.95, 40.733333333333334 ], [ -73.95, 40.725 ], [ -73.941666666666677, 40.725 ] ] ] } },
{ "type": "Feature", "properties": { "cell_id": "r22_c38", "row": 22, "col": 38, "global_row": 5912, "global_col": 12727, "lon": -73.9375, "lat": 40.729166666666657 }, "geometry": { "type": "Polygon", "coordinates": [ [ [ -73.933333333333337, 40.725 ], [ -73.933333333333337, 40.733333333333334 ], [ -73.941666666666677, 40.733333333333334 ], [ -73.941666666666677, 40.725 ], [ -73.933333333333337, 40.725 ] ] ] } },
{ "type": "Feature", "properties": { "cell_id": "r22_c39", "row": 22, "col": 39, "global_row": 5912, "global_col": 12728, "lon": -73.929166666666674, "lat": 40.729166666666671 }, "geometry": { "type": "Polygon", "coordinates": [ [ [ -73.925, 40.725 ], [ -73.925, 40.733333333333334 ], [ -73.933333333333337, 40.733333333333334 ], [ -73.933333333333337, 40.725 ], [ -73.925, 40.725 ] ] ] } },
{ "type": "Feature", "properties": { "cell_id": "r22_c40", "row": 22, "col": 40, "global_row": 5912, "global_col": 12729, "lon": -73.920833333333334, "lat": 40.729166666666657 }, "geometry": { "type": "Polygon", "coordinates": [ [ [ -73.916666666666671, 40.725 ], [ -73.916666666666671, 40.733333333333334 ], [ -73.925, 40.733333333333334 ], [ -73.925, 40.725 ], [ -73.916666666666671, 40.725 ] ] ] } },
{ "type": "Feature", "properties": { "cell_id": "r22_c41", "row": 22, "col": 41, "global_row": 5912, "global_col": 12730, "lon": -73.9125, "lat": 40.729166666666671 }, "geometry": { "type": "Polygon", "coordinates": [ [ [ -73.908333333333346, 40.725 ], [ -73.908333333333346, 40.733333333333334 ], [ -73.916666666666671, 40.733333333333334 ], [ -73.916666666666671, 40.725 ], [ -73.908333333333346, 40.725 ] ] ] } },
{ "type": "Feature", "properties": { "cell_id": "r22_c42", "row": 22, "col": 42, "global_row": 5912, "global_col": 12731, "lon": -73.904166666666683, "lat": 40.729166666666657 }, "geometry": { "type": "Polygon", "coordinates": [ [ [ -73.9, 40.725 ], [ -73.9, 40.733333333333334 ], [ -73.908333333333346, 40.733333333333334 ], [ -73.908333333333346, 40.725 ], [ -73.9, 40.725 ] ] ] } },
{ "type": "Feature", "properties": { "cell_id": "r22_c43", "row": 22, "col": 43, "global_row": 5912, "global_col": 12732, "lon": -73.895833333333343, "lat": 40.729166666666671 }, "geometry": { "type": "Polygon", "coordinates": [ [ [ -73.89166666666668, 40.725 ], [ -73.89166666666668, 40.733333333333334 ], [ -73.9, 40.733333333333334 ], [ -73.9, 40.725 ], [ -73.89166666666668, 40.725 ] ] ] } },
{ "type": "Feature", "properties": { "cell_id": "r22_c44", "row": 22, "col": 44, "global_row": 5912, "global_col": 12733, "lon": -73.8875, "lat": 40.729166666666657 }, "geometry": { "type": "Polygon", "coordinates": [ [ [ -73.88333333333334, 40.725 ], [ -73.88333333333334, 40.733333333333334 ], [ -73.89166666666668, 40.733333333333334 ], [ -73.89166666666668, 40.725 ], [ -73.88333333333334, 40.725 ] ] ] } },
{ "type": "Feature", "properties": { "cell_id": "r22_c45", "row": 22, "col": 45, "global_row": 5912, "global_col": 12734, "lon": -73.879166666666663, "lat": 40.729166666666657 }, "geometry": { "type": "Polygon", "coordinates": [ [ [ -73.875, 40.725 ], [ -73.875, 40.733333333333334 ], [ -73.88333333333334, 40.733333333333334 ], [ -73.88333333333334, 40.725 ], [ -73.875, 40.725 ] ] ] } },
{ "type": "Feature", "properties": { "cell_id": "r22_c46", "row": 22, "col": 46, "global_row": 5912, "global_col": 12735, "lon": -73.870833333333337, "lat": 40.729166666666671 }, "geometry": { "type": "Polygon", "coordinates": [ [ [ -73.866666666666674, 40.725 ], [ -73.866666666666674, 40.733333333333334 ], [ -73.875, 40.733333333333334 ], [ -73.875, 40.725 ], [ -73.866666666666674, 40.725 ] ] ] } },
{ "type": "Feature", "properties": { "cell_id": "r22_c47", "row": 22, "col": 47, "global_row": 5912, "global_col": 12736, "lon": -73.8625, "lat": 40.729166666666657 }, "geometry": { "type": "Polygon", "coordinates": [ [ [ -73.858333333333334, 40.725 ], [ -73.858333333333334, 40.733333333333334 ], [ -73.866666666666674, 40.733333333333334 ], [ -73.866666666666674, 40.725 ], [ -73.858333333333334, 40.725 ] ] ] } },
{ "type": "Feature", "properties": { "cell_id": "r22_c48", "row": 22, "col": 48, "global_row": 5912, "global_col": 12737, "lon": -73.854166666666657, "lat": 40.729166666666671 }, "geometry": { "type": "Polygon", "coordinates": [ [ [ -73.85, 40.725 ], [ -73.85, 40.733333333333334 ], [ -73.858333333333334, 40.733333333333334 ], [ -73.858333333333334, 40.725 ], [ -73.85, 40.725 ] ] ] } },
{ "type": "Feature", "properties": { "cell_id": "r22_c49", "row": 22, "col": 49, "global_row": 5912, "global_col": 12738, "lon": -73.845833333333346, "lat": 40.729166666666657 }, "geometry": { "type": "Polygon", "coordinates": [ [ [ -73.841666666666669, 40.725 ], [ -73.841666666666669, 40.733333333333334 ], [ -73.85, 40.733333333333334 ], [ -73.85, 40.725 ], [ -73.841666666666669, 40.725 ] ] ] } },
{ "type": "Feature", "properties": { "cell_id": "r22_c50", "row": 22, "col": 50, "global_row": 5912, "global_col": 12739, "lon": -73.8375, "lat": 40.729166666666671 }, "geometry": { "type": "Polygon", "coordinates": [ [ [ -73.833333333333343, 40.725 ], [ -73.833333333333343, 40.733333333333334 ], [ -73.841666666666669, 40.733333333333334 ], [ -73.841666666666669, 40.725 ], [ -73.833333333333343, 40.725 ] ] ] } },
{ "type": "Feature", "properties": { "cell_id": "r22_c51", "row": 22, "col": 51, "global_row": 5912, "global_col": 12740, "lon": -73.82916666666668, "lat": 40.729166666666657 }, "geometry": { "type": "Polygon", "coordinates": [ [ [ -73.825, 40.725 ], [ -73.825, 40.733333333333334 ], [ -73.833333333333343, 40.733333333333334 ], [ -73.833333333333343, 40.725 ], [ -73.825, 40.725 ] ] ] } },
{ "type": "Feature", "properties": { "cell_id": "r22_c52", "row": 22, "col": 52, "global_row": 5912, "global_col": 12741, "lon": -73.82083333333334, "lat": 40.729166666666671 }, "geometry": { "type": "Polygon", "coordinates": [ [ [ -73.816666666666677, 40.725 ], [ -73.816666666666677, 40.733333333333334 ], [ -73.825, 40.733333333333334 ], [ -73.825, 40.725 ], [ -73.816666666666677, 40.725 ] ] ] } },
{ "type": "Feature", "properties": { "cell_id": "r22_c53", "row": 22, "col": 53, "global_row": 5912, "global_col": 12742, "lon": -73.8125, "lat": 40.729166666666657 }, "geometry": { "type": "Polygon", "coordinates": [ [ [ -73.808333333333337, 40.725 ], [ -73.808333333333337, 40.733333333333334 ], [ -73.816666666666677, 40.733333333333334 ], [ -73.816666666666677, 40.725 ], [ -73.808333333333337, 40.725 ] ] ] } },
{ "type": "Feature", "properties": { "cell_id": "r22_c54", "row": 22, "col": 54, "global_row": 5912, "global_col": 12743, "lon": -73.804166666666674, "lat": 40.729166666666671 }, "geometry": { "type": "Polygon", "coordinates": [ [ [ -73.8, 40.725 ], [ -73.8, 40.733333333333334 ], [ -73.808333333333337, 40.733333333333334 ], [ -73.808333333333337, 40.725 ], [ -73.8, 40.725 ] ] ] } },
{ "type": "Feature", "properties": { "cell_id": "r22_c55", "row": 22, "col": 55, "global_row": 5912, "global_col": 12744, "lon": -73.795833333333348, "lat": 40.729166666666657 }, "geometry": { "type": "Polygon", "coordinates": [ [ [ -73.791666666666671, 40.725 ], [ -73.791666666666671, 40.733333333333334 ], [ -73.8, 40.733333333333334 ], [ -73.8, 40.725 ], [ -73.791666666666671, 40.725 ] ] ] } },
{ "type": "Feature", "properties": { "cell_id": "r22_c56", "row": 22, "col": 56, "global_row": 5912, "global_col": 12745, "lon": -73.7875, "lat": 40.729166666666671 }, "geometry": { "type": "Polygon", "coordinates": [ [ [ -73.783333333333346, 40.725 ], [ -73.783333333333346, 40.733333333333334 ], [ -73.791666666666671, 40.733333333333334 ], [ -73.791666666666671, 40.725 ], [ -73.783333333333346, 40.725 ] ] ] } },
{ "type": "Feature", "properties": { "cell_id": "r22_c57", "row": 22, "col": 57, "global_row": 5912, "global_col": 12746, "lon": -73.779166666666683, "lat": 40.729166666666657 }, "geometry": { "type": "Polygon", "coordinates": [ [ [ -73.775, 40.725 ], [ -73.775, 40.733333333333334 ], [ -73.783333333333346, 40.733333333333334 ], [ -73.783333333333346, 40.725 ], [ -73.775, 40.725 ] ] ] } },
{ "type": "Feature", "properties": { "cell_id": "r22_c58", "row": 22, "col": 58, "global_row": 5912, "global_col": 12747, "lon": -73.770833333333343, "lat": 40.729166666666671 }, "geometry": { "type": "Polygon", "coordinates": [ [ [ -73.76666666666668, 40.725 ], [ -73.76666666666668, 40.733333333333334 ], [ -73.775, 40.733333333333334 ], [ -73.775, 40.725 ], [ -73.76666666666668, 40.725 ] ] ] } },
{ "type": "Feature", "properties": { "cell_id": "r22_c59", "row": 22, "col": 59, "global_row": 5912, "global_col": 12748, "lon": -73.7625, "lat": 40.729166666666657 }, "geometry": { "type": "Polygon", "coordinates": [ [ [ -73.75833333333334, 40.725 ], [ -73.75833333333334, 40.733333333333334 ], [ -73.76666666666668, 40.733333333333334 ], [ -73.76666666666668, 40.725 ], [ -73.75833333333334, 40.725 ] ] ] } },
{ "type": "Feature", "properties": { "cell_id": "r22_c60", "row": 22, "col": 60, "global_row": 5912, "global_col": 12749, "lon": -73.754166666666663, "lat": 40.729166666666657 }, "geometry": { "type": "Polygon", "coordinates": [ [ [ -73.75, 40.725 ], [ -73.75, 40.733333333333334 ], [ -73.75833333333334, 40.733333333333334 ], [ -73.75833333333334, 40.725 ], [ -73.75, 40.725 ] ] ] } },
{ "type": "Feature", "properties": { "cell_id": "r22_c61", "row": 22, "col": 61, "global_row": 5912, "global_col": 12750, "lon": -73.745833333333337, "lat": 40.729166666666671 }, "geometry": { "type": "Polygon", "coordinates": [ [ [ -73.741666666666674, 40.725 ], [ -73.741666666666674, 40.733333333333334 ], [ -73.75, 40.733333333333334 ], [ -73.75, 40.725 ], [ -73.741666666666674, 40.725 ] ] ] } },
{ "type": "Feature", "properties": { "cell_id": "r22_c62", "row": 22, "col": 62, "global_row": 5912, "global_col": 12751, "lon": -73.7375, "lat": 40.729166666666657 }, "geometry": { "type": "Polygon", "coordinates": [ [ [ -73.733333333333334, 40.725 ], [ -73.733333333333334, 40.733333333333334 ], [ -73.741666666666674, 40.733333333333334 ], [ -73.741666666666674, 40.725 ], [ -73.733333333333334, 40.725 ] ] ] } },
{ "type": "Feature", "properties": { "cell_id": "r22_c63", "row": 22, "col": 63, "global_row": 5912, "global_col": 12752, "lon": -73.729166666666657, "lat": 40.729166666666671 }, "geometry": { "type": "Polygon", "coordinates": [ [ [ -73.725, 40.725 ], [ -73.725, 40.733333333333334 ], [ -73.733333333333334, 40.733333333333334 ], [ -73.733333333333334, 40.725 ], [ -73.725, 40.725 ] ] ] } },
{ "type": "Feature", "properties": { "cell_id": "r22_c64", "row": 22, "col": 64, "global_row": 5912, "global_col": 12753, "lon": -73.720833333333346, "lat": 40.729166666666657 }, "geometry": { "type": "Polygon", "coordinates": [ [ [ -73.716666666666669, 40.725 ], [ -73.716666666666669, 40.733333333333334 ], [ -73.725, 40.733333333333334 ], [ -73.725, 40.725 ], [ -73.716666666666669, 40.725 ] ] ] } },
{ "type": "Feature", "properties": { "cell_id": "r22_c65", "row": 22, "col": 65, "global_row": 5912, "global_col": 12754, "lon": -73.7125, "lat": 40.729166666666671 }, "geometry": { "type": "Polygon", "coordinates": [ [ [ -73.708333333333343, 40.725 ], [ -73.708333333333343, 40.733333333333334 ], [ -73.716666666666669, 40.733333333333334 ], [ -73.716666666666669, 40.725 ], [ -73.708333333333343, 40.725 ] ] ] } },
{ "type": "Feature", "properties": { "cell_id": "r23_c29", "row": 23, "col": 29, "global_row": 5913, "global_col": 12718, "lon": -74.0125, "lat": 40.720833333333331 }, "geometry": { "type": "Polygon", "coordinates": [ [ [ -74.00833333333334, 40.716666666666661 ], [ -74.00833333333334, 40.725 ], [ -74.01666666666668, 40.725 ], [ -74.01666666666668, 40.716666666666661 ], [ -74.00833333333334, 40.716666666666661 ] ] ] } },
{ "type": "Feature", "properties": { "cell_id": "r23_c30", "row": 23, "col": 30, "global_row": 5913, "global_col": 12719, "lon": -74.004166666666677, "lat": 40.720833333333331 }, "geometry": { "type": "Polygon", "coordinates": [ [ [ -74.0, 40.716666666666661 ], [ -74.0, 40.725 ], [ -74.00833333333334, 40.725 ], [ -74.00833333333334, 40.716666666666661 ], [ -74.0, 40.716666666666661 ] ] ] } },
{ "type": "Feature", "properties": { "cell_id": "r23_c31", "row": 23, "col": 31, "global_row": 5913, "global_col": 12720, "lon": -73.995833333333337, "lat": 40.720833333333331 }, "geometry": { "type": "Polygon", "coordinates": [ [ [ -73.991666666666674, 40.716666666666661 ], [ -73.991666666666674, 40.725 ], [ -74.0, 40.725 ], [ -74.0, 40.716666666666661 ], [ -73.991666666666674, 40.716666666666661 ] ] ] } },
{ "type": "Feature", "properties": { "cell_id": "r23_c32", "row": 23, "col": 32, "global_row": 5913, "global_col": 12721, "lon": -73.9875, "lat": 40.720833333333331 }, "geometry": { "type": "Polygon", "coordinates": [ [ [ -73.983333333333334, 40.716666666666661 ], [ -73.983333333333334, 40.725 ], [ -73.991666666666674, 40.725 ], [ -73.991666666666674, 40.716666666666661 ], [ -73.983333333333334, 40.716666666666661 ] ] ] } },
{ "type": "Feature", "properties": { "cell_id": "r23_c33", "row": 23, "col": 33, "global_row": 5913, "global_col": 12722, "lon": -73.979166666666671, "lat": 40.720833333333331 }, "geometry": { "type": "Polygon", "coordinates": [ [ [ -73.975, 40.716666666666661 ], [ -73.975, 40.725 ], [ -73.983333333333334, 40.725 ], [ -73.983333333333334, 40.716666666666661 ], [ -73.975, 40.716666666666661 ] ] ] } },
{ "type": "Feature", "properties": { "cell_id": "r23_c35", "row": 23, "col": 35, "global_row": 5913, "global_col": 12724, "lon": -73.9625, "lat": 40.720833333333331 }, "geometry": { "type": "Polygon", "coordinates": [ [ [ -73.958333333333343, 40.716666666666661 ], [ -73.958333333333343, 40.725 ], [ -73.966666666666669, 40.725 ], [ -73.966666666666669, 40.716666666666661 ], [ -73.958333333333343, 40.716666666666661 ] ] ] } },
{ "type": "Feature", "properties": { "cell_id": "r23_c36", "row": 23, "col": 36, "global_row": 5913, "global_col": 12725, "lon": -73.95416666666668, "lat": 40.720833333333331 }, "geometry": { "type": "Polygon", "coordinates": [ [ [ -73.95, 40.716666666666661 ], [ -73.95, 40.725 ], [ -73.958333333333343, 40.725 ], [ -73.958333333333343, 40.716666666666661 ], [ -73.95, 40.716666666666661 ] ] ] } },
{ "type": "Feature", "properties": { "cell_id": "r23_c37", "row": 23, "col": 37, "global_row": 5913, "global_col": 12726, "lon": -73.94583333333334, "lat": 40.720833333333331 }, "geometry": { "type": "Polygon", "coordinates": [ [ [ -73.941666666666677, 40.716666666666661 ], [ -73.941666666666677, 40.725 ], [ -73.95, 40.725 ], [ -73.95, 40.716666666666661 ], [ -73.941666666666677, 40.716666666666661 ] ] ] } },
{ "type": "Feature", "properties": { "cell_id": "r23_c38", "row": 23, "col": 38, "global_row": 5913, "global_col": 12727, "lon": -73.9375, "lat": 40.720833333333331 }, "geometry": { "type": "Polygon", "coordinates": [ [ [ -73.933333333333337, 40.716666666666661 ], [ -73.933333333333337, 40.725 ], [ -73.941666666666677, 40.725 ], [ -73.941666666666677, 40.716666666666661 ], [ -73.933333333333337, 40.716666666666661 ] ] ] } },
{ "type": "Feature", "properties": { "cell_id": "r23_c39", "row": 23, "col": 39, "global_row": 5913, "global_col": 12728, "lon": -73.929166666666674, "lat": 40.720833333333331 }, "geometry": { "type": "Polygon", "coordinates": [ [ [ -73.925, 40.716666666666661 ], [ -73.925, 40.725 ], [ -73.933333333333337, 40.725 ], [ -73.933333333333337, 40.716666666666661 ], [ -73.925, 40.716666666666661 ] ] ] } },
{ "type": "Feature", "properties": { "cell_id": "r23_c40", "row": 23, "col": 40, "global_row": 5913, "global_col": 12729, "lon": -73.920833333333348, "lat": 40.720833333333331 }, "geometry": { "type": "Polygon", "coordinates": [ [ [ -73.916666666666671, 40.716666666666661 ], [ -73.916666666666671, 40.725 ], [ -73.925, 40.725 ], [ -73.925, 40.716666666666661 ], [ -73.916666666666671, 40.716666666666661 ] ] ] } },
{ "type": "Feature", "properties": { "cell_id": "r23_c41", "row": 23, "col": 41, "global_row": 5913, "global_col": 12730, "lon": -73.9125, "lat": 40.720833333333331 }, "geometry": { "type": "Polygon", "coordinates": [ [ [ -73.908333333333346, 40.716666666666661 ], [ -73.908333333333346, 40.725 ], [ -73.916666666666671, 40.725 ], [ -73.916666666666671, 40.716666666666661 ], [ -73.908333333333346, 40.716666666666661 ] ] ] } },
{ "type": "Feature", "properties": { "cell_id": "r23_c42", "row": 23, "col": 42, "global_row": 5913, "global_col": 12731, "lon": -73.904166666666683, "lat": 40.720833333333331 }, "geometry": { "type": "Polygon", "coordinates": [ [ [ -73.9, 40.716666666666661 ], [ -73.9, 40.725 ], [ -73.908333333333346, 40.725 ], [ -73.908333333333346, 40.716666666666661 ], [ -73.9, 40.716666666666661 ] ] ] } },
{ "type": "Feature", "properties": { "cell_id": "r23_c43", "row": 23, "col": 43, "global_row": 5913, "global_col": 12732, "lon": -73.895833333333343, "lat": 40.720833333333331 }, "geometry": { "type": "Polygon", "coordinates": [ [ [ -73.89166666666668, 40.716666666666661 ], [ -73.89166666666668, 40.725 ], [ -73.9, 40.725 ], [ -73.9, 40.716666666666661 ], [ -73.89166666666668, 40.716666666666661 ] ] ] } },
{ "type": "Feature", "properties": { "cell_id": "r23_c44", "row": 23, "col": 44, "global_row": 5913, "global_col": 12733, "lon": -73.8875, "lat": 40.720833333333331 }, "geometry": { "type": "Polygon", "coordinates": [ [ [ -73.88333333333334, 40.716666666666661 ], [ -73.88333333333334, 40.725 ], [ -73.89166666666668, 40.725 ], [ -73.89166666666668, 40.716666666666661 ], [ -73.88333333333334, 40.716666666666661 ] ] ] } },
{ "type": "Feature", "properties": { "cell_id": "r23_c45", "row": 23, "col": 45, "global_row": 5913, "global_col": 12734, "lon": -73.879166666666663, "lat": 40.720833333333331 }, "geometry": { "type": "Polygon", "coordinates": [ [ [ -73.875, 40.716666666666661 ], [ -73.875, 40.725 ], [ -73.88333333333334, 40.725 ], [ -73.88333333333334, 40.716666666666661 ], [ -73.875, 40.716666666666661 ] ] ] } },
{ "type": "Feature", "properties": { "cell_id": "r23_c46", "row": 23, "col": 46, "global_row": 5913, "global_col": 12735, "lon": -73.870833333333351, "lat": 40.720833333333331 }, "geometry": { "type": "Polygon", "coordinates": [ [ [ -73.866666666666674, 40.716666666666661 ], [ -73.866666666666674, 40.725 ], [ -73.875, 40.725 ], [ -73.875, 40.716666666666661 ], [ -73.866666666666674, 40.716666666666661 ] ] ] } },
{ "type": "Feature", "properties": { "cell_id": "r23_c47", "row": 23, "col": 47, "global_row": 5913, "global_col": 12736, "lon": -73.8625, "lat": 40.720833333333331 }, "geometry": { "type": "Polygon", "coordinates": [ [ [ -73.858333333333334, 40.716666666666661 ], [ -73.858333333333334, 40.725 ], [ -73.866666666666674, 40.725 ], [ -73.866666666666674, 40.716666666666661 ], [ -73.858333333333334, 40.716666666666661 ] ] ] } },
{ "type": "Feature", "properties": { "cell_id": "r23_c48", "row": 23, "col": 48, "global_row": 5913, "global_col": 12737, "lon": -73.854166666666671, "lat": 40.720833333333331 }, "geometry": { "type": "Polygon", "coordinates": [ [ [ -73.85, 40.716666666666661 ], [ -73.85, 40.725 ], [ -73.858333333333334, 40.725 ], [ -73.858333333333334, 40.716666666666661 ], [ -73.85, 40.716666666666661 ] ] ] } },
{ "type": "Feature", "properties": { "cell_id": "r23_c49", "row": 23, "col": 49, "global_row": 5913, "global_col": 12738, "lon": -73.845833333333346, "lat": 40.720833333333331 }, "geometry": { "type": "Polygon", "coordinates": [ [ [ -73.841666666666669, 40.716666666666661 ], [ -73.841666666666669, 40.725 ], [ -73.85, 40.725 ], [ -73.85, 40.716666666666661 ], [ -73.841666666666669, 40.716666666666661 ] ] ] } },
{ "type": "Feature", "properties": { "cell_id": "r23_c50", "row": 23, "col": 50, "global_row": 5913, "global_col": 12739, "lon": -73.8375, "lat": 40.720833333333331 }, "geometry": { "type": "Polygon", "coordinates": [ [ [ -73.833333333333343, 40.716666666666661 ], [ -73.833333333333343, 40.725 ], [ -73.841666666666669, 40.725 ], [ -73.841666666666669, 40.716666666666661 ], [ -73.833333333333343, 40.716666666666661 ] ] ] } },
{ "type": "Feature", "properties": { "cell_id": "r23_c51", "row": 23, "col": 51, "global_row": 5913, "global_col": 12740, "lon": -73.82916666666668, "lat": 40.720833333333331 }, "geometry": { "type": "Polygon", "coordinates": [ [ [ -73.825, 40.716666666666661 ], [ -73.825, 40.725 ], [ -73.833333333333343, 40.725 ], [ -73.833333333333343, 40.716666666666661 ], [ -73.825, 40.716666666666661 ] ] ] } },
{ "type": "Feature", "properties": { "cell_id": "r23_c52", "row": 23, "col": 52, "global_row": 5913, "global_col": 12741, "lon": -73.82083333333334, "lat": 40.720833333333331 }, "geometry": { "type": "Polygon", "coordinates": [ [ [ -73.816666666666677, 40.716666666666661 ], [ -73.816666666666677, 40.725 ], [ -73.825, 40.725 ], [ -73.825, 40.716666666666661 ], [ -73.816666666666677, 40.716666666666661 ] ] ] } },
{ "type": "Feature", "properties": { "cell_id": "r23_c53", "row": 23, "col": 53, "global_row": 5913, "global_col": 12742, "lon": -73.8125, "lat": 40.720833333333331 }, "geometry": { "type": "Polygon", "coordinates": [ [ [ -73.808333333333337, 40.716666666666661 ], [ -73.808333333333337, 40.725 ], [ -73.816666666666677, 40.725 ], [ -73.816666666666677, 40.716666666666661 ], [ -73.808333333333337, 40.716666666666661 ] ] ] } },
{ "type": "Feature", "properties": { "cell_id": "r23_c54", "row": 23, "col": 54, "global_row": 5913, "global_col": 12743, "lon": -73.804166666666674, "lat": 40.720833333333331 }, "geometry": { "type": "Polygon", "coordinates": [ [ [ -73.8, 40.716666666666661 ], [ -73.8, 40.725 ], [ -73.808333333333337, 40.725 ], [ -73.808333333333337, 40.716666666666661 ], [ -73.8, 40.716666666666661 ] ] ] } },
{ "type": "Feature", "properties": { "cell_id": "r23_c55", "row": 23, "col": 55, "global_row": 5913, "global_col": 12744, "lon": -73.795833333333334, "lat": 40.720833333333331 }, "geometry": { "type": "Polygon", "coordinates": [ [ [ -73.791666666666671, 40.716666666666661 ], [ -73.791666666666671, 40.725 ], [ -73.8, 40.725 ], [ -73.8, 40.716666666666661 ], [ -73.791666666666671, 40.716666666666661 ] ] ] } },
{ "type": "Feature", "properties": { "cell_id": "r23_c56", "row": 23, "col": 56, "global_row": 5913, "global_col": 12745, "lon": -73.7875, "lat": 40.720833333333331 }, "geometry": { "type": "Polygon", "coordinates": [ [ [ -73.783333333333346, 40.716666666666661 ], [ -73.783333333333346, 40.725 ], [ -73.791666666666671, 40.725 ], [ -73.791666666666671, 40.716666666666661 ], [ -73.783333333333346, 40.716666666666661 ] ] ] } },
{ "type": "Feature", "properties": { "cell_id": "r23_c57", "row": 23, "col": 57, "global_row": 5913, "global_col": 12746, "lon": -73.779166666666669, "lat": 40.720833333333331 }, "geometry": { "type": "Polygon", "coordinates": [ [ [ -73.775, 40.716666666666661 ], [ -73.775, 40.725 ], [ -73.783333333333346, 40.725 ], [ -73.783333333333346, 40.716666666666661 ], [ -73.775, 40.716666666666661 ] ] ] } },
{ "type": "Feature", "properties": { "cell_id": "r23_c58", "row": 23, "col": 58, "global_row": 5913, "global_col": 12747, "lon": -73.770833333333343, "lat": 40.720833333333331 }, "geometry": { "type": "Polygon", "coordinates": [ [ [ -73.76666666666668, 40.716666666666661 ], [ -73.76666666666668, 40.725 ], [ -73.775, 40.725 ], [ -73.775, 40.716666666666661 ], [ -73.76666666666668, 40.716666666666661 ] ] ] } },
{ "type": "Feature", "properties": { "cell_id": "r23_c59", "row": 23, "col": 59, "global_row": 5913, "global_col": 12748, "lon": -73.7625, "lat": 40.720833333333331 }, "geometry": { "type": "Polygon", "coordinates": [ [ [ -73.75833333333334, 40.716666666666661 ], [ -73.75833333333334, 40.725 ], [ -73.76666666666668, 40.725 ], [ -73.76666666666668, 40.716666666666661 ], [ -73.75833333333334, 40.716666666666661 ] ] ] } },
{ "type": "Feature", "properties": { "cell_id": "r23_c60", "row": 23, "col": 60, "global_row": 5913, "global_col": 12749, "lon": -73.754166666666663, "lat": 40.720833333333331 }, "geometry": { "type": "Polygon", "coordinates": [ [ [ -73.75, 40.716666666666661 ], [ -73.75, 40.725 ], [ -73.75833333333334, 40.725 ], [ -73.75833333333334, 40.716666666666661 ], [ -73.75, 40.716666666666661 ] ] ] } },
{ "type": "Feature", "properties": { "cell_id": "r23_c61", "row": 23, "col": 61, "global_row": 5913, "global_col": 12750, "lon": -73.745833333333337, "lat": 40.720833333333331 }, "geometry": { "type": "Polygon", "coordinates": [ [ [ -73.741666666666674, 40.716666666666661 ], [ -73.741666666666674, 40.725 ], [ -73.75, 40.725 ], [ -73.75, 40.716666666666661 ], [ -73.741666666666674, 40.716666666666661 ] ] ] } },
{ "type": "Feature", "properties": { "cell_id": "r23_c62", "row": 23, "col": 62, "global_row": 5913, "global_col": 12751, "lon": -73.7375, "lat": 40.720833333333331 }, "geometry": { "type": "Polygon", "coordinates": [ [ [ -73.733333333333334, 40.716666666666661 ], [ -73.733333333333334, 40.725 ], [ -73.741666666666674, 40.725 ], [ -73.741666666666674, 40.716666666666661 ], [ -73.733333333333334, 40.716666666666661 ] ] ] } },
{ "type": "Feature", "properties": { "cell_id": "r24_c29", "row": 24, "col": 29, "global_row": 5914, "global_col": 12718, "lon": -74.0125, "lat": 40.7125 }, "geometry": { "type": "Polygon", "coordinates": [ [ [ -74.00833333333334, 40.708333333333329 ], [ -74.00833333333334, 40.716666666666661 ], [ -74.01666666666668, 40.716666666666661 ], [ -74.01666666666668, 40.708333333333329 ], [ -74.00833333333334, 40.708333333333329 ] ] ] } },
{ "type": "Feature", "properties": { "cell_id": "r24_c30", "row": 24, "col": 30, "global_row": 5914, "global_col": 12719, "lon": -74.004166666666677, "lat": 40.7125 }, "geometry": { "type": "Polygon", "coordinates": [ [ [ -74.0, 40.708333333333329 ], [ -74.0, 40.716666666666661 ], [ -74.00833333333334, 40.716666666666661 ], [ -74.00833333333334, 40.708333333333329 ], [ -74.0, 40.708333333333329 ] ] ] } },
{ "type": "Feature", "properties": { "cell_id": "r24_c31", "row": 24, "col": 31, "global_row": 5914, "global_col": 12720, "lon": -73.995833333333337, "lat": 40.7125 }, "geometry": { "type": "Polygon", "coordinates": [ [ [ -73.991666666666674, 40.708333333333329 ], [ -73.991666666666674, 40.716666666666661 ], [ -74.0, 40.716666666666661 ], [ -74.0, 40.708333333333329 ], [ -73.991666666666674, 40.708333333333329 ] ] ] } },
{ "type": "Feature", "properties": { "cell_id": "r24_c32", "row": 24, "col": 32, "global_row": 5914, "global_col": 12721, "lon": -73.9875, "lat": 40.7125 }, "geometry": { "type": "Polygon", "coordinates": [ [ [ -73.983333333333334, 40.708333333333329 ], [ -73.983333333333334, 40.716666666666661 ], [ -73.991666666666674, 40.716666666666661 ], [ -73.991666666666674, 40.708333333333329 ], [ -73.983333333333334, 40.708333333333329 ] ] ] } },
{ "type": "Feature", "properties": { "cell_id": "r24_c33", "row": 24, "col": 33, "global_row": 5914, "global_col": 12722, "lon": -73.979166666666671, "lat": 40.7125 }, "geometry": { "type": "Polygon", "coordinates": [ [ [ -73.975, 40.708333333333329 ], [ -73.975, 40.716666666666661 ], [ -73.983333333333334, 40.716666666666661 ], [ -73.983333333333334, 40.708333333333329 ], [ -73.975, 40.708333333333329 ] ] ] } },
{ "type": "Feature", "properties": { "cell_id": "r24_c35", "row": 24, "col": 35, "global_row": 5914, "global_col": 12724, "lon": -73.9625, "lat": 40.7125 }, "geometry": { "type": "Polygon", "coordinates": [ [ [ -73.958333333333343, 40.708333333333329 ], [ -73.958333333333343, 40.716666666666661 ], [ -73.966666666666669, 40.716666666666661 ], [ -73.966666666666669, 40.708333333333329 ], [ -73.958333333333343, 40.708333333333329 ] ] ] } },
{ "type": "Feature", "properties": { "cell_id": "r24_c36", "row": 24, "col": 36, "global_row": 5914, "global_col": 12725, "lon": -73.95416666666668, "lat": 40.7125 }, "geometry": { "type": "Polygon", "coordinates": [ [ [ -73.95, 40.708333333333329 ], [ -73.95, 40.716666666666661 ], [ -73.958333333333343, 40.716666666666661 ], [ -73.958333333333343, 40.708333333333329 ], [ -73.95, 40.708333333333329 ] ] ] } },
{ "type": "Feature", "properties": { "cell_id": "r24_c37", "row": 24, "col": 37, "global_row": 5914, "global_col": 12726, "lon": -73.94583333333334, "lat": 40.7125 }, "geometry": { "type": "Polygon", "coordinates": [ [ [ -73.941666666666677, 40.708333333333329 ], [ -73.941666666666677, 40.716666666666661 ], [ -73.95, 40.716666666666661 ], [ -73.95, 40.708333333333329 ], [ -73.941666666666677, 40.708333333333329 ] ] ] } },
{ "type": "Feature", "properties": { "cell_id": "r24_c38", "row": 24, "col": 38, "global_row": 5914, "global_col": 12727, "lon": -73.9375, "lat": 40.7125 }, "geometry": { "type": "Polygon", "coordinates": [ [ [ -73.933333333333337, 40.708333333333329 ], [ -73.933333333333337, 40.716666666666661 ], [ -73.941666666666677, 40.716666666666661 ], [ -73.941666666666677, 40.708333333333329 ], [ -73.933333333333337, 40.708333333333329 ] ] ] } },
{ "type": "Feature", "properties": { "cell_id": "r24_c39", "row": 24, "col": 39, "global_row": 5914, "global_col": 12728, "lon": -73.929166666666674, "lat": 40.7125 }, "geometry": { "type": "Polygon", "coordinates": [ [ [ -73.925, 40.708333333333329 ], [ -73.925, 40.716666666666661 ], [ -73.933333333333337, 40.716666666666661 ], [ -73.933333333333337, 40.708333333333329 ], [ -73.925, 40.708333333333329 ] ] ] } },
{ "type": "Feature", "properties": { "cell_id": "r24_c40", "row": 24, "col": 40, "global_row": 5914, "global_col": 12729, "lon": -73.920833333333348, "lat": 40.7125 }, "geometry": { "type": "Polygon", "coordinates": [ [ [ -73.916666666666671, 40.708333333333329 ], [ -73.916666666666671, 40.716666666666661 ], [ -73.925, 40.716666666666661 ], [ -73.925, 40.708333333333329 ], [ -73.916666666666671, 40.708333333333329 ] ] ] } },
{ "type": "Feature", "properties": { "cell_id": "r24_c41", "row": 24, "col": 41, "global_row": 5914, "global_col": 12730, "lon": -73.9125, "lat": 40.7125 }, "geometry": { "type": "Polygon", "coordinates": [ [ [ -73.908333333333346, 40.708333333333329 ], [ -73.908333333333346, 40.716666666666661 ], [ -73.916666666666671, 40.716666666666661 ], [ -73.916666666666671, 40.708333333333329 ], [ -73.908333333333346, 40.708333333333329 ] ] ] } },
{ "type": "Feature", "properties": { "cell_id": "r24_c42", "row": 24, "col": 42, "global_row": 5914, "global_col": 12731, "lon": -73.904166666666683, "lat": 40.7125 }, "geometry": { "type": "Polygon", "coordinates": [ [ [ -73.9, 40.708333333333329 ], [ -73.9, 40.716666666666661 ], [ -73.908333333333346, 40.716666666666661 ], [ -73.908333333333346, 40.708333333333329 ], [ -73.9, 40.708333333333329 ] ] ] } },
{ "type": "Feature", "properties": { "cell_id": "r24_c43", "row": 24, "col": 43, "global_row": 5914, "global_col": 12732, "lon": -73.895833333333343, "lat": 40.7125 }, "geometry": { "type": "Polygon", "coordinates": [ [ [ -73.89166666666668, 40.708333333333329 ], [ -73.89166666666668, 40.716666666666661 ], [ -73.9, 40.716666666666661 ], [ -73.9, 40.708333333333329 ], [ -73.89166666666668, 40.708333333333329 ] ] ] } },
{ "type": "Feature", "properties": { "cell_id": "r24_c44", "row": 24, "col": 44, "global_row": 5914, "global_col": 12733, "lon": -73.8875, "lat": 40.7125 }, "geometry": { "type": "Polygon", "coordinates": [ [ [ -73.88333333333334, 40.708333333333329 ], [ -73.88333333333334, 40.716666666666661 ], [ -73.89166666666668, 40.716666666666661 ], [ -73.89166666666668, 40.708333333333329 ], [ -73.88333333333334, 40.708333333333329 ] ] ] } },
{ "type": "Feature", "properties": { "cell_id": "r24_c45", "row": 24, "col": 45, "global_row": 5914, "global_col": 12734, "lon": -73.879166666666663, "lat": 40.7125 }, "geometry": { "type": "Polygon", "coordinates": [ [ [ -73.875, 40.708333333333329 ], [ -73.875, 40.716666666666661 ], [ -73.88333333333334, 40.716666666666661 ], [ -73.88333333333334, 40.708333333333329 ], [ -73.875, 40.708333333333329 ] ] ] } },
{ "type": "Feature", "properties": { "cell_id": "r24_c46", "row": 24, "col": 46, "global_row": 5914, "global_col": 12735, "lon": -73.870833333333351, "lat": 40.7125 }, "geometry": { "type": "Polygon", "coordinates": [ [ [ -73.866666666666674, 40.708333333333329 ], [ -73.866666666666674, 40.716666666666661 ], [ -73.875, 40.716666666666661 ], [ -73.875, 40.708333333333329 ], [ -73.866666666666674, 40.708333333333329 ] ] ] } },
{ "type": "Feature", "properties": { "cell_id": "r24_c47", "row": 24, "col": 47, "global_row": 5914, "global_col": 12736, "lon": -73.8625, "lat": 40.7125 }, "geometry": { "type": "Polygon", "coordinates": [ [ [ -73.858333333333334, 40.708333333333329 ], [ -73.858333333333334, 40.716666666666661 ], [ -73.866666666666674, 40.716666666666661 ], [ -73.866666666666674, 40.708333333333329 ], [ -73.858333333333334, 40.708333333333329 ] ] ] } },
{ "type": "Feature", "properties": { "cell_id": "r24_c48", "row": 24, "col": 48, "global_row": 5914, "global_col": 12737, "lon": -73.854166666666671, "lat": 40.7125 }, "geometry": { "type": "Polygon", "coordinates": [ [ [ -73.85, 40.708333333333329 ], [ -73.85, 40.716666666666661 ], [ -73.858333333333334, 40.716666666666661 ], [ -73.858333333333334, 40.708333333333329 ], [ -73.85, 40.708333333333329 ] ] ] } },
{ "type": "Feature", "properties": { "cell_id": "r24_c49", "row": 24, "col": 49, "global_row": 5914, "global_col": 12738, "lon": -73.845833333333346, "lat": 40.7125 }, "geometry": { "type": "Polygon", "coordinates": [ [ [ -73.841666666666669, 40.708333333333329 ], [ -73.841666666666669, 40.716666666666661 ], [ -73.85, 40.716666666666661 ], [ -73.85, 40.708333333333329 ], [ -73.841666666666669, 40.708333333333329 ] ] ] } },
{ "type": "Feature", "properties": { "cell_id": "r24_c50", "row": 24, "col": 50, "global_row": 5914, "global_col": 12739, "lon": -73.8375, "lat": 40.7125 }, "geometry": { "type": "Polygon", "coordinates": [ [ [ -73.833333333333343, 40.708333333333329 ], [ -73.833333333333343, 40.716666666666661 ], [ -73.841666666666669, 40.716666666666661 ], [ -73.841666666666669, 40.708333333333329 ], [ -73.833333333333343, 40.708333333333329 ] ] ] } },
{ "type": "Feature", "properties": { "cell_id": "r24_c51", "row": 24, "col": 51, "global_row": 5914, "global_col": 12740, "lon": -73.82916666666668, "lat": 40.7125 }, "geometry": { "type": "Polygon", "coordinates": [ [ [ -73.825, 40.708333333333329 ], [ -73.825, 40.716666666666661 ], [ -73.833333333333343, 40.716666666666661 ], [ -73.833333333333343, 40.708333333333329 ], [ -73.825, 40.708333333333329 ] ] ] } },
{ "type": "Feature", "properties": { "cell_id": "r24_c52", "row": 24, "col": 52, "global_row": 5914, "global_col": 12741, "lon": -73.82083333333334, "lat": 40.7125 }, "geometry": { "type": "Polygon", "coordinates": [ [ [ -73.816666666666677, 40.708333333333329 ], [ -73.816666666666677, 40.716666666666661 ], [ -73.825, 40.716666666666661 ], [ -73.825, 40.708333333333329 ], [ -73.816666666666677, 40.708333333333329 ] ] ] } },
{ "type": "Feature", "properties": { "cell_id": "r24_c53", "row": 24, "col": 53, "global_row": 5914, "global_col": 12742, "lon": -73.8125, "lat": 40.7125 }, "geometry": { "type": "Polygon", "coordinates": [ [ [ -73.808333333333337, 40.708333333333329 ], [ -73.808333333333337, 40.716666666666661 ], [ -73.816666666666677, 40.716666666666661 ], [ -73.816666666666677, 40.708333333333329 ], [ -73.808333333333337, 40.708333333333329 ] ] ] } },
{ "type": "Feature", "properties": { "cell_id": "r24_c54", "row": 24, "col": 54, "global_row": 5914, "global_col": 12743, "lon": -73.804166666666674, "lat": 40.7125 }, "geometry": { "type": "Polygon", "coordinates": [ [ [ -73.8, 40.708333333333329 ], [ -73.8, 40.716666666666661 ], [ -73.808333333333337, 40.716666666666661 ], [ -73.808333333333337, 40.708333333333329 ], [ -73.8, 40.708333333333329 ] ] ] } },
{ "type": "Feature", "properties": { "cell_id": "r24_c55", "row": 24, "col": 55, "global_row": 5914, "global_col": 12744, "lon": -73.795833333333334, "lat": 40.7125 }, "geometry": { "type": "Polygon", "coordinates": [ [ [ -73.791666666666671, 40.708333333333329 ], [ -73.791666666666671, 40.716666666666661 ], [ -73.8, 40.716666666666661 ], [ -73.8, 40.708333333333329 ], [ -73.791666666666671, 40.708333333333329 ] ] ] } },
{ "type": "Feature", "properties": { "cell_id": "r24_c56", "row": 24, "col": 56, "global_row": 5914, "global_col": 12745, "lon": -73.7875, "lat": 40.7125 }, "geometry": { "type": "Polygon", "coordinates": [ [ [ -73.783333333333346, 40.708333333333329 ], [ -73.783333333333346, 40.716666666666661 ], [ -73.791666666666671, 40.716666666666661 ], [ -73.791666666666671, 40.708333333333329 ], [ -73.783333333333346, 40.708333333333329 ] ] ] } },
{ "type": "Feature", "properties": { "cell_id": "r24_c57", "row": 24, "col": 57, "global_row": 5914, "global_col": 12746, "lon": -73.779166666666669, "lat": 40.7125 }, "geometry": { "type": "Polygon", "coordinates": [ [ [ -73.775, 40.708333333333329 ], [ -73.775, 40.716666666666661 ], [ -73.783333333333346, 40.716666666666661 ], [ -73.783333333333346, 40.708333333333329 ], [ -73.775, 40.708333333333329 ] ] ] } },
{ "type": "Feature", "properties": { "cell_id": "r24_c58", "row": 24, "col": 58, "global_row": 5914, "global_col": 12747, "lon": -73.770833333333343, "lat": 40.7125 }, "geometry": { "type": "Polygon", "coordinates": [ [ [ -73.76666666666668, 40.708333333333329 ], [ -73.76666666666668, 40.716666666666661 ], [ -73.775, 40.716666666666661 ], [ -73.775, 40.708333333333329 ], [ -73.76666666666668, 40.708333333333329 ] ] ] } },
{ "type": "Feature", "properties": { "cell_id": "r24_c59", "row": 24, "col": 59, "global_row": 5914, "global_col": 12748, "lon": -73.7625, "lat": 40.7125 }, "geometry": { "type": "Polygon", "coordinates": [ [ [ -73.75833333333334, 40.708333333333329 ], [ -73.75833333333334, 40.716666666666661 ], [ -73.76666666666668, 40.716666666666661 ], [ -73.76666666666668, 40.708333333333329 ], [ -73.75833333333334, 40.708333333333329 ] ] ] } },
{ "type": "Feature", "properties": { "cell_id": "r24_c60", "row": 24, "col": 60, "global_row": 5914, "global_col": 12749, "lon": -73.754166666666663, "lat": 40.7125 }, "geometry": { "type": "Polygon", "coordinates": [ [ [ -73.75, 40.708333333333329 ], [ -73.75, 40.716666666666661 ], [ -73.75833333333334, 40.716666666666661 ], [ -73.75833333333334, 40.708333333333329 ], [ -73.75, 40.708333333333329 ] ] ] } },
{ "type": "Feature", "properties": { "cell_id": "r24_c61", "row": 24, "col": 61, "global_row": 5914, "global_col": 12750, "lon": -73.745833333333337, "lat": 40.7125 }, "geometry": { "type": "Polygon", "coordinates": [ [ [ -73.741666666666674, 40.708333333333329 ], [ -73.741666666666674, 40.716666666666661 ], [ -73.75, 40.716666666666661 ], [ -73.75, 40.708333333333329 ], [ -73.741666666666674, 40.708333333333329 ] ] ] } },
{ "type": "Feature", "properties": { "cell_id": "r24_c62", "row": 24, "col": 62, "global_row": 5914, "global_col": 12751, "lon": -73.7375, "lat": 40.7125 }, "geometry": { "type": "Polygon", "coordinates": [ [ [ -73.733333333333334, 40.708333333333329 ], [ -73.733333333333334, 40.716666666666661 ], [ -73.741666666666674, 40.716666666666661 ], [ -73.741666666666674, 40.708333333333329 ], [ -73.733333333333334, 40.708333333333329 ] ] ] } },
{ "type": "Feature", "properties": { "cell_id": "r24_c63", "row": 24, "col": 63, "global_row": 5914, "global_col": 12752, "lon": -73.729166666666671, "lat": 40.7125 }, "geometry": { "type": "Polygon", "coordinates": [ [ [ -73.725, 40.708333333333329 ], [ -73.725, 40.716666666666661 ], [ -73.733333333333334, 40.716666666666661 ], [ -73.733333333333334, 40.708333333333329 ], [ -73.725, 40.708333333333329 ] ] ] } },
{ "type": "Feature", "properties": { "cell_id": "r25_c29", "row": 25, "col": 29, "global_row": 5915, "global_col": 12718, "lon": -74.0125, "lat": 40.704166666666666 }, "geometry": { "type": "Polygon", "coordinates": [ [ [ -74.00833333333334, 40.7 ], [ -74.00833333333334, 40.708333333333329 ], [ -74.01666666666668, 40.708333333333329 ], [ -74.01666666666668, 40.7 ], [ -74.00833333333334, 40.7 ] ] ] } },
{ "type": "Feature", "properties": { "cell_id": "r25_c32", "row": 25, "col": 32, "global_row": 5915, "global_col": 12721, "lon": -73.9875, "lat": 40.704166666666666 }, "geometry": { "type": "Polygon", "coordinates": [ [ [ -73.983333333333334, 40.7 ], [ -73.983333333333334, 40.708333333333329 ], [ -73.991666666666674, 40.708333333333329 ], [ -73.991666666666674, 40.7 ], [ -73.983333333333334, 40.7 ] ] ] } },
{ "type": "Feature", "properties": { "cell_id": "r25_c33", "row": 25, "col": 33, "global_row": 5915, "global_col": 12722, "lon": -73.979166666666671, "lat": 40.704166666666659 }, "geometry": { "type": "Polygon", "coordinates": [ [ [ -73.975, 40.7 ], [ -73.975, 40.708333333333329 ], [ -73.983333333333334, 40.708333333333329 ], [ -73.983333333333334, 40.7 ], [ -73.975, 40.7 ] ] ] } },
{ "type": "Feature", "properties": { "cell_id": "r25_c34", "row": 25, "col": 34, "global_row": 5915, "global_col": 12723, "lon": -73.970833333333346, "lat": 40.704166666666666 }, "geometry": { "type": "Polygon", "coordinates": [ [ [ -73.966666666666669, 40.7 ], [ -73.966666666666669, 40.708333333333329 ], [ -73.975, 40.708333333333329 ], [ -73.975, 40.7 ], [ -73.966666666666669, 40.7 ] ] ] } },
{ "type": "Feature", "properties": { "cell_id": "r25_c35", "row": 25, "col": 35, "global_row": 5915, "global_col": 12724, "lon": -73.9625, "lat": 40.704166666666659 }, "geometry": { "type": "Polygon", "coordinates": [ [ [ -73.958333333333343, 40.7 ], [ -73.958333333333343, 40.708333333333329 ], [ -73.966666666666669, 40.708333333333329 ], [ -73.966666666666669, 40.7 ], [ -73.958333333333343, 40.7 ] ] ] } },
{ "type": "Feature", "properties": { "cell_id": "r25_c36", "row": 25, "col": 36, "global_row": 5915, "global_col": 12725, "lon": -73.95416666666668, "lat": 40.704166666666666 }, "geometry": { "type": "Polygon", "coordinates": [ [ [ -73.95, 40.7 ], [ -73.95, 40.708333333333329 ], [ -73.958333333333343, 40.708333333333329 ], [ -73.958333333333343, 40.7 ], [ -73.95, 40.7 ] ] ] } },
{ "type": "Feature", "properties": { "cell_id": "r25_c37", "row": 25, "col": 37, "global_row": 5915, "global_col": 12726, "lon": -73.94583333333334, "lat": 40.704166666666659 }, "geometry": { "type": "Polygon", "coordinates": [ [ [ -73.941666666666677, 40.7 ], [ -73.941666666666677, 40.708333333333329 ], [ -73.95, 40.708333333333329 ], [ -73.95, 40.7 ], [ -73.941666666666677, 40.7 ] ] ] } },
{ "type": "Feature", "properties": { "cell_id": "r25_c38", "row": 25, "col": 38, "global_row": 5915, "global_col": 12727, "lon": -73.9375, "lat": 40.704166666666666 }, "geometry": { "type": "Polygon", "coordinates": [ [ [ -73.933333333333337, 40.7 ], [ -73.933333333333337, 40.708333333333329 ], [ -73.941666666666677, 40.708333333333329 ], [ -73.941666666666677, 40.7 ], [ -73.933333333333337, 40.7 ] ] ] } },
{ "type": "Feature", "properties": { "cell_id": "r25_c39", "row": 25, "col": 39, "global_row": 5915, "global_col": 12728, "lon": -73.929166666666674, "lat": 40.704166666666659 }, "geometry": { "type": "Polygon", "coordinates": [ [ [ -73.925, 40.7 ], [ -73.925, 40.708333333333329 ], [ -73.933333333333337, 40.708333333333329 ], [ -73.933333333333337, 40.7 ], [ -73.925, 40.7 ] ] ] } },
{ "type": "Feature", "properties": { "cell_id": "r25_c40", "row": 25, "col": 40, "global_row": 5915, "global_col": 12729, "lon": -73.920833333333348, "lat": 40.704166666666666 }, "geometry": { "type": "Polygon", "coordinates": [ [ [ -73.916666666666671, 40.7 ], [ -73.916666666666671, 40.708333333333329 ], [ -73.925, 40.708333333333329 ], [ -73.925, 40.7 ], [ -73.916666666666671, 40.7 ] ] ] } },
{ "type": "Feature", "properties": { "cell_id": "r25_c41", "row": 25, "col": 41, "global_row": 5915, "global_col": 12730, "lon": -73.9125, "lat": 40.704166666666659 }, "geometry": { "type": "Polygon", "coordinates": [ [ [ -73.908333333333346, 40.7 ], [ -73.908333333333346, 40.708333333333329 ], [ -73.916666666666671, 40.708333333333329 ], [ -73.916666666666671, 40.7 ], [ -73.908333333333346, 40.7 ] ] ] } },
{ "type": "Feature", "properties": { "cell_id": "r25_c42", "row": 25, "col": 42, "global_row": 5915, "global_col": 12731, "lon": -73.904166666666683, "lat": 40.704166666666666 }, "geometry": { "type": "Polygon", "coordinates": [ [ [ -73.9, 40.7 ], [ -73.9, 40.708333333333329 ], [ -73.908333333333346, 40.708333333333329 ], [ -73.908333333333346, 40.7 ], [ -73.9, 40.7 ] ] ] } },
{ "type": "Feature", "properties": { "cell_id": "r25_c43", "row": 25, "col": 43, "global_row": 5915, "global_col": 12732, "lon": -73.895833333333343, "lat": 40.704166666666659 }, "geometry": { "type": "Polygon", "coordinates": [ [ [ -73.89166666666668, 40.7 ], [ -73.89166666666668, 40.708333333333329 ], [ -73.9, 40.708333333333329 ], [ -73.9, 40.7 ], [ -73.89166666666668, 40.7 ] ] ] } },
{ "type": "Feature", "properties": { "cell_id": "r25_c44", "row": 25, "col": 44, "global_row": 5915, "global_col": 12733, "lon": -73.8875, "lat": 40.704166666666666 }, "geometry": { "type": "Polygon", "coordinates": [ [ [ -73.88333333333334, 40.7 ], [ -73.88333333333334, 40.708333333333329 ], [ -73.89166666666668, 40.708333333333329 ], [ -73.89166666666668, 40.7 ], [ -73.88333333333334, 40.7 ] ] ] } },
{ "type": "Feature", "properties": { "cell_id": "r25_c45", "row": 25, "col": 45, "global_row": 5915, "global_col": 12734, "lon": -73.879166666666663, "lat": 40.704166666666666 }, "geometry": { "type": "Polygon", "coordinates": [ [ [ -73.875, 40.7 ], [ -73.875, 40.708333333333329 ], [ -73.88333333333334, 40.708333333333329 ], [ -73.88333333333334, 40.7 ], [ -73.875, 40.7 ] ] ] } },
{ "type": "Feature", "properties": { "cell_id": "r25_c46", "row": 25, "col": 46, "global_row": 5915, "global_col": 12735, "lon": -73.870833333333351, "lat": 40.704166666666659 }, "geometry": { "type": "Polygon", "coordinates": [ [ [ -73.866666666666674, 40.7 ], [ -73.866666666666674, 40.708333333333329 ], [ -73.875, 40.708333333333329 ], [ -73.875, 40.7 ], [ -73.866666666666674, 40.7 ] ] ] } },
{ "type": "Feature", "properties": { "cell_id": "r25_c47", "row": 25, "col": 47, "global_row": 5915, "global_col": 12736, "lon": -73.8625, "lat": 40.704166666666666 }, "geometry": { "type": "Polygon", "coordinates": [ [ [ -73.858333333333334, 40.7 ], [ -73.858333333333334, 40.708333333333329 ], [ -73.866666666666674, 40.708333333333329 ], [ -73.866666666666674, 40.7 ], [ -73.858333333333334, 40.7 ] ] ] } },
{ "type": "Feature", "properties": { "cell_id": "r25_c48", "row": 25, "col": 48, "global_row": 5915, "global_col": 12737, "lon": -73.854166666666671, "lat": 40.704166666666659 }, "geometry": { "type": "Polygon", "coordinates": [ [ [ -73.85, 40.7 ], [ -73.85, 40.708333333333329 ], [ -73.858333333333334, 40.708333333333329 ], [ -73.858333333333334, 40.7 ], [ -73.85, 40.7 ] ] ] } },
{ "type": "Feature", "properties": { "cell_id": "r25_c49", "row": 25, "col": 49, "global_row": 5915, "global_col": 12738, "lon": -73.845833333333346, "lat": 40.704166666666666 }, "geometry": { "type": "Polygon", "coordinates": [ [ [ -73.841666666666669, 40.7 ], [ -73.841666666666669, 40.708333333333329 ], [ -73.85, 40.708333333333329 ], [ -73.85, 40.7 ], [ -73.841666666666669, 40.7 ] ] ] } },
{ "type": "Feature", "properties": { "cell_id": "r25_c50", "row": 25, "col": 50, "global_row": 5915, "global_col": 12739, "lon": -73.8375, "lat": 40.704166666666659 }, "geometry": { "type": "Polygon", "coordinates": [ [ [ -73.833333333333343, 40.7 ], [ -73.833333333333343, 40.708333333333329 ], [ -73.841666666666669, 40.708333333333329 ], [ -73.841666666666669, 40.7 ], [ -73.833333333333343, 40.7 ] ] ] } },
{ "type": "Feature", "properties": { "cell_id": "r25_c51", "row": 25, "col": 51, "global_row": 5915, "global_col": 12740, "lon": -73.82916666666668, "lat": 40.704166666666666 }, "geometry": { "type": "Polygon", "coordinates": [ [ [ -73.825, 40.7 ], [ -73.825, 40.708333333333329 ], [ -73.833333333333343, 40.708333333333329 ], [ -73.833333333333343, 40.7 ], [ -73.825, 40.7 ] ] ] } },
{ "type": "Feature", "properties": { "cell_id": "r25_c52", "row": 25, "col": 52, "global_row": 5915, "global_col": 12741, "lon": -73.82083333333334, "lat": 40.704166666666659 }, "geometry": { "type": "Polygon", "coordinates": [ [ [ -73.816666666666677, 40.7 ], [ -73.816666666666677, 40.708333333333329 ], [ -73.825, 40.708333333333329 ], [ -73.825, 40.7 ], [ -73.816666666666677, 40.7 ] ] ] } },
{ "type": "Feature", "properties": { "cell_id": "r25_c53", "row": 25, "col": 53, "global_row": 5915, "global_col": 12742, "lon": -73.8125, "lat": 40.704166666666666 }, "geometry": { "type": "Polygon", "coordinates": [ [ [ -73.808333333333337, 40.7 ], [ -73.808333333333337, 40.708333333333329 ], [ -73.816666666666677, 40.708333333333329 ], [ -73.816666666666677, 40.7 ], [ -73.808333333333337, 40.7 ] ] ] } },
{ "type": "Feature", "properties": { "cell_id": "r25_c54", "row": 25, "col": 54, "global_row": 5915, "global_col": 12743, "lon": -73.804166666666674, "lat": 40.704166666666659 }, "geometry": { "type": "Polygon", "coordinates": [ [ [ -73.8, 40.7 ], [ -73.8, 40.708333333333329 ], [ -73.808333333333337, 40.708333333333329 ], [ -73.808333333333337, 40.7 ], [ -73.8, 40.7 ] ] ] } },
{ "type": "Feature", "properties": { "cell_id": "r25_c55", "row": 25, "col": 55, "global_row": 5915, "global_col": 12744, "lon": -73.795833333333334, "lat": 40.704166666666666 }, "geometry": { "type": "Polygon", "coordinates": [ [ [ -73.791666666666671, 40.7 ], [ -73.791666666666671, 40.708333333333329 ], [ -73.8, 40.708333333333329 ], [ -73.8, 40.7 ], [ -73.791666666666671, 40.7 ] ] ] } },
{ "type": "Feature", "properties": { "cell_id": "r25_c56", "row": 25, "col": 56, "global_row": 5915, "global_col": 12745, "lon": -73.7875, "lat": 40.704166666666659 }, "geometry": { "type": "Polygon", "coordinates": [ [ [ -73.783333333333346, 40.7 ], [ -73.783333333333346, 40.708333333333329 ], [ -73.791666666666671, 40.708333333333329 ], [ -73.791666666666671, 40.7 ], [ -73.783333333333346, 40.7 ] ] ] } },
{ "type": "Feature", "properties": { "cell_id": "r25_c57", "row": 25, "col": 57, "global_row": 5915, "global_col": 12746, "lon": -73.779166666666669, "lat": 40.704166666666666 }, "geometry": { "type": "Polygon", "coordinates": [ [ [ -73.775, 40.7 ], [ -73.775, 40.708333333333329 ], [ -73.783333333333346, 40.708333333333329 ], [ -73.783333333333346, 40.7 ], [ -73.775, 40.7 ] ] ] } },
{ "type": "Feature", "properties": { "cell_id": "r25_c58", "row": 25, "col": 58, "global_row": 5915, "global_col": 12747, "lon": -73.770833333333343, "lat": 40.704166666666659 }, "geometry": { "type": "Polygon", "coordinates": [ [ [ -73.76666666666668, 40.7 ], [ -73.76666666666668, 40.708333333333329 ], [ -73.775, 40.708333333333329 ], [ -73.775, 40.7 ], [ -73.76666666666668, 40.7 ] ] ] } },
{ "type": "Feature", "properties": { "cell_id": "r25_c59", "row": 25, "col": 59, "global_row": 5915, "global_col": 12748, "lon": -73.7625, "lat": 40.704166666666666 }, "geometry": { "type": "Polygon", "coordinates": [ [ [ -73.75833333333334, 40.7 ], [ -73.75833333333334, 40.708333333333329 ], [ -73.76666666666668, 40.708333333333329 ], [ -73.76666666666668, 40.7 ], [ -73.75833333333334, 40.7 ] ] ] } },
{ "type": "Feature", "properties": { "cell_id": "r25_c60", "row": 25, "col": 60, "global_row": 5915, "global_col": 12749, "lon": -73.754166666666663, "lat": 40.704166666666666 }, "geometry": { "type": "Polygon", "coordinates": [ [ [ -73.75, 40.7 ], [ -73.75, 40.708333333333329 ], [ -73.75833333333334, 40.708333333333329 ], [ -73.75833333333334, 40.7 ], [ -73.75, 40.7 ] ] ] } },
{ "type": "Feature", "properties": { "cell_id": "r25_c61", "row": 25, "col": 61, "global_row": 5915, "global_col": 12750, "lon": -73.745833333333337, "lat": 40.704166666666659 }, "geometry": { "type": "Polygon", "coordinates": [ [ [ -73.741666666666674, 40.7 ], [ -73.741666666666674, 40.708333333333329 ], [ -73.75, 40.708333333333329 ], [ -73.75, 40.7 ], [ -73.741666666666674, 40.7 ] ] ] } },
{ "type": "Feature", "properties": { "cell_id": "r25_c62", "row": 25, "col": 62, "global_row": 5915, "global_col": 12751, "lon": -73.7375, "lat": 40.704166666666666 }, "geometry": { "type": "Polygon", "coordinates": [ [ [ -73.733333333333334, 40.7 ], [ -73.733333333333334, 40.708333333333329 ], [ -73.741666666666674, 40.708333333333329 ], [ -73.741666666666674, 40.7 ], [ -73.733333333333334, 40.7 ] ] ] } },
{ "type": "Feature", "properties": { "cell_id": "r25_c63", "row": 25, "col": 63, "global_row": 5915, "global_col": 12752, "lon": -73.729166666666671, "lat": 40.704166666666659 }, "geometry": { "type": "Polygon", "coordinates": [ [ [ -73.725, 40.7 ], [ -73.725, 40.708333333333329 ], [ -73.733333333333334, 40.708333333333329 ], [ -73.733333333333334, 40.7 ], [ -73.725, 40.7 ] ] ] } },
{ "type": "Feature", "properties": { "cell_id": "r26_c31", "row": 26, "col": 31, "global_row": 5916, "global_col": 12720, "lon": -73.995833333333337, "lat": 40.695833333333333 }, "geometry": { "type": "Polygon", "coordinates": [ [ [ -73.991666666666674, 40.691666666666663 ], [ -73.991666666666674, 40.7 ], [ -74.0, 40.7 ], [ -74.0, 40.691666666666663 ], [ -73.991666666666674, 40.691666666666663 ] ] ] } },
{ "type": "Feature", "properties": { "cell_id": "r26_c32", "row": 26, "col": 32, "global_row": 5916, "global_col": 12721, "lon": -73.9875, "lat": 40.695833333333326 }, "geometry": { "type": "Polygon", "coordinates": [ [ [ -73.983333333333334, 40.691666666666663 ], [ -73.983333333333334, 40.7 ], [ -73.991666666666674, 40.7 ], [ -73.991666666666674, 40.691666666666663 ], [ -73.983333333333334, 40.691666666666663 ] ] ] } },
{ "type": "Feature", "properties": { "cell_id": "r26_c33", "row": 26, "col": 33, "global_row": 5916, "global_col": 12722, "lon": -73.979166666666671, "lat": 40.695833333333333 }, "geometry": { "type": "Polygon", "coordinates": [ [ [ -73.975, 40.691666666666663 ], [ -73.975, 40.7 ], [ -73.983333333333334, 40.7 ], [ -73.983333333333334, 40.691666666666663 ], [ -73.975, 40.691666666666663 ] ] ] } },
{ "type": "Feature", "properties": { "cell_id": "r26_c34", "row": 26, "col": 34, "global_row": 5916, "global_col": 12723, "lon": -73.970833333333346, "lat": 40.695833333333326 }, "geometry": { "type": "Polygon", "coordinates": [ [ [ -73.966666666666669, 40.691666666666663 ], [ -73.966666666666669, 40.7 ], [ -73.975, 40.7 ], [ -73.975, 40.691666666666663 ], [ -73.966666666666669, 40.691666666666663 ] ] ] } },
{ "type": "Feature", "properties": { "cell_id": "r26_c35", "row": 26, "col": 35, "global_row": 5916, "global_col": 12724, "lon": -73.9625, "lat": 40.695833333333333 }, "geometry": { "type": "Polygon", "coordinates": [ [ [ -73.958333333333343, 40.691666666666663 ], [ -73.958333333333343, 40.7 ], [ -73.966666666666669, 40.7 ], [ -73.966666666666669, 40.691666666666663 ], [ -73.958333333333343, 40.691666666666663 ] ] ] } },
{ "type": "Feature", "properties": { "cell_id": "r26_c36", "row": 26, "col": 36, "global_row": 5916, "global_col": 12725, "lon": -73.95416666666668, "lat": 40.695833333333326 }, "geometry": { "type": "Polygon", "coordinates": [ [ [ -73.95, 40.691666666666663 ], [ -73.95, 40.7 ], [ -73.958333333333343, 40.7 ], [ -73.958333333333343, 40.691666666666663 ], [ -73.95, 40.691666666666663 ] ] ] } },
{ "type": "Feature", "properties": { "cell_id": "r26_c37", "row": 26, "col": 37, "global_row": 5916, "global_col": 12726, "lon": -73.94583333333334, "lat": 40.695833333333333 }, "geometry": { "type": "Polygon", "coordinates": [ [ [ -73.941666666666677, 40.691666666666663 ], [ -73.941666666666677, 40.7 ], [ -73.95, 40.7 ], [ -73.95, 40.691666666666663 ], [ -73.941666666666677, 40.691666666666663 ] ] ] } },
{ "type": "Feature", "properties": { "cell_id": "r26_c38", "row": 26, "col": 38, "global_row": 5916, "global_col": 12727, "lon": -73.9375, "lat": 40.695833333333326 }, "geometry": { "type": "Polygon", "coordinates": [ [ [ -73.933333333333337, 40.691666666666663 ], [ -73.933333333333337, 40.7 ], [ -73.941666666666677, 40.7 ], [ -73.941666666666677, 40.691666666666663 ], [ -73.933333333333337, 40.691666666666663 ] ] ] } },
{ "type": "Feature", "properties": { "cell_id": "r26_c39", "row": 26, "col": 39, "global_row": 5916, "global_col": 12728, "lon": -73.929166666666674, "lat": 40.695833333333333 }, "geometry": { "type": "Polygon", "coordinates": [ [ [ -73.925, 40.691666666666663 ], [ -73.925, 40.7 ], [ -73.933333333333337, 40.7 ], [ -73.933333333333337, 40.691666666666663 ], [ -73.925, 40.691666666666663 ] ] ] } },
{ "type": "Feature", "properties": { "cell_id": "r26_c40", "row": 26, "col": 40, "global_row": 5916, "global_col": 12729, "lon": -73.920833333333348, "lat": 40.695833333333326 }, "geometry": { "type": "Polygon", "coordinates": [ [ [ -73.916666666666671, 40.691666666666663 ], [ -73.916666666666671, 40.7 ], [ -73.925, 40.7 ], [ -73.925, 40.691666666666663 ], [ -73.916666666666671, 40.691666666666663 ] ] ] } },
{ "type": "Feature", "properties": { "cell_id": "r26_c41", "row": 26, "col": 41, "global_row": 5916, "global_col": 12730, "lon": -73.9125, "lat": 40.695833333333333 }, "geometry": { "type": "Polygon", "coordinates": [ [ [ -73.908333333333346, 40.691666666666663 ], [ -73.908333333333346, 40.7 ], [ -73.916666666666671, 40.7 ], [ -73.916666666666671, 40.691666666666663 ], [ -73.908333333333346, 40.691666666666663 ] ] ] } },
{ "type": "Feature", "properties": { "cell_id": "r26_c42", "row": 26, "col": 42, "global_row": 5916, "global_col": 12731, "lon": -73.904166666666683, "lat": 40.695833333333326 }, "geometry": { "type": "Polygon", "coordinates": [ [ [ -73.9, 40.691666666666663 ], [ -73.9, 40.7 ], [ -73.908333333333346, 40.7 ], [ -73.908333333333346, 40.691666666666663 ], [ -73.9, 40.691666666666663 ] ] ] } },
{ "type": "Feature", "properties": { "cell_id": "r26_c43", "row": 26, "col": 43, "global_row": 5916, "global_col": 12732, "lon": -73.895833333333343, "lat": 40.695833333333333 }, "geometry": { "type": "Polygon", "coordinates": [ [ [ -73.89166666666668, 40.691666666666663 ], [ -73.89166666666668, 40.7 ], [ -73.9, 40.7 ], [ -73.9, 40.691666666666663 ], [ -73.89166666666668, 40.691666666666663 ] ] ] } },
{ "type": "Feature", "properties": { "cell_id": "r26_c44", "row": 26, "col": 44, "global_row": 5916, "global_col": 12733, "lon": -73.8875, "lat": 40.695833333333326 }, "geometry": { "type": "Polygon", "coordinates": [ [ [ -73.88333333333334, 40.691666666666663 ], [ -73.88333333333334, 40.7 ], [ -73.89166666666668, 40.7 ], [ -73.89166666666668, 40.691666666666663 ], [ -73.88333333333334, 40.691666666666663 ] ] ] } },
{ "type": "Feature", "properties": { "cell_id": "r26_c45", "row": 26, "col": 45, "global_row": 5916, "global_col": 12734, "lon": -73.879166666666663, "lat": 40.695833333333326 }, "geometry": { "type": "Polygon", "coordinates": [ [ [ -73.875, 40.691666666666663 ], [ -73.875, 40.7 ], [ -73.88333333333334, 40.7 ], [ -73.88333333333334, 40.691666666666663 ], [ -73.875, 40.691666666666663 ] ] ] } },
{ "type": "Feature", "properties": { "cell_id": "r26_c46", "row": 26, "col": 46, "global_row": 5916, "global_col": 12735, "lon": -73.870833333333351, "lat": 40.695833333333333 }, "geometry": { "type": "Polygon", "coordinates": [ [ [ -73.866666666666674, 40.691666666666663 ], [ -73.866666666666674, 40.7 ], [ -73.875, 40.7 ], [ -73.875, 40.691666666666663 ], [ -73.866666666666674, 40.691666666666663 ] ] ] } },
{ "type": "Feature", "properties": { "cell_id": "r26_c47", "row": 26, "col": 47, "global_row": 5916, "global_col": 12736, "lon": -73.8625, "lat": 40.695833333333326 }, "geometry": { "type": "Polygon", "coordinates": [ [ [ -73.858333333333334, 40.691666666666663 ], [ -73.858333333333334, 40.7 ], [ -73.866666666666674, 40.7 ], [ -73.866666666666674, 40.691666666666663 ], [ -73.858333333333334, 40.691666666666663 ] ] ] } },
{ "type": "Feature", "properties": { "cell_id": "r26_c48", "row": 26, "col": 48, "global_row": 5916, "global_col": 12737, "lon": -73.854166666666671, "lat": 40.695833333333333 }, "geometry": { "type": "Polygon", "coordinates": [ [ [ -73.85, 40.691666666666663 ], [ -73.85, 40.7 ], [ -73.858333333333334, 40.7 ], [ -73.858333333333334, 40.691666666666663 ], [ -73.85, 40.691666666666663 ] ] ] } },
{ "type": "Feature", "properties": { "cell_id": "r26_c49", "row": 26, "col": 49, "global_row": 5916, "global_col": 12738, "lon": -73.845833333333346, "lat": 40.695833333333326 }, "geometry": { "type": "Polygon", "coordinates": [ [ [ -73.841666666666669, 40.691666666666663 ], [ -73.841666666666669, 40.7 ], [ -73.85, 40.7 ], [ -73.85, 40.691666666666663 ], [ -73.841666666666669, 40.691666666666663 ] ] ] } },
{ "type": "Feature", "properties": { "cell_id": "r26_c50", "row": 26, "col": 50, "global_row": 5916, "global_col": 12739, "lon": -73.8375, "lat": 40.695833333333333 }, "geometry": { "type": "Polygon", "coordinates": [ [ [ -73.833333333333343, 40.691666666666663 ], [ -73.833333333333343, 40.7 ], [ -73.841666666666669, 40.7 ], [ -73.841666666666669, 40.691666666666663 ], [ -73.833333333333343, 40.691666666666663 ] ] ] } },
{ "type": "Feature", "properties": { "cell_id": "r26_c51", "row": 26, "col": 51, "global_row": 5916, "global_col": 12740, "lon": -73.82916666666668, "lat": 40.695833333333326 }, "geometry": { "type": "Polygon", "coordinates": [ [ [ -73.825, 40.691666666666663 ], [ -73.825, 40.7 ], [ -73.833333333333343, 40.7 ], [ -73.833333333333343, 40.691666666666663 ], [ -73.825, 40.691666666666663 ] ] ] } },
{ "type": "Feature", "properties": { "cell_id": "r26_c52", "row": 26, "col": 52, "global_row": 5916, "global_col": 12741, "lon": -73.82083333333334, "lat": 40.695833333333333 }, "geometry": { "type": "Polygon", "coordinates": [ [ [ -73.816666666666677, 40.691666666666663 ], [ -73.816666666666677, 40.7 ], [ -73.825, 40.7 ], [ -73.825, 40.691666666666663 ], [ -73.816666666666677, 40.691666666666663 ] ] ] } },
{ "type": "Feature", "properties": { "cell_id": "r26_c53", "row": 26, "col": 53, "global_row": 5916, "global_col": 12742, "lon": -73.8125, "lat": 40.695833333333326 }, "geometry": { "type": "Polygon", "coordinates": [ [ [ -73.808333333333337, 40.691666666666663 ], [ -73.808333333333337, 40.7 ], [ -73.816666666666677, 40.7 ], [ -73.816666666666677, 40.691666666666663 ], [ -73.808333333333337, 40.691666666666663 ] ] ] } },
{ "type": "Feature", "properties": { "cell_id": "r26_c54", "row": 26, "col": 54, "global_row": 5916, "global_col": 12743, "lon": -73.804166666666674, "lat": 40.695833333333333 }, "geometry": { "type": "Polygon", "coordinates": [ [ [ -73.8, 40.691666666666663 ], [ -73.8, 40.7 ], [ -73.808333333333337, 40.7 ], [ -73.808333333333337, 40.691666666666663 ], [ -73.8, 40.691666666666663 ] ] ] } },
{ "type": "Feature", "properties": { "cell_id": "r26_c55", "row": 26, "col": 55, "global_row": 5916, "global_col": 12744, "lon": -73.795833333333334, "lat": 40.695833333333326 }, "geometry": { "type": "Polygon", "coordinates": [ [ [ -73.791666666666671, 40.691666666666663 ], [ -73.791666666666671, 40.7 ], [ -73.8, 40.7 ], [ -73.8, 40.691666666666663 ], [ -73.791666666666671, 40.691666666666663 ] ] ] } },
{ "type": "Feature", "properties": { "cell_id": "r26_c56", "row": 26, "col": 56, "global_row": 5916, "global_col": 12745, "lon": -73.7875, "lat": 40.695833333333333 }, "geometry": { "type": "Polygon", "coordinates": [ [ [ -73.783333333333346, 40.691666666666663 ], [ -73.783333333333346, 40.7 ], [ -73.791666666666671, 40.7 ], [ -73.791666666666671, 40.691666666666663 ], [ -73.783333333333346, 40.691666666666663 ] ] ] } },
{ "type": "Feature", "properties": { "cell_id": "r26_c57", "row": 26, "col": 57, "global_row": 5916, "global_col": 12746, "lon": -73.779166666666669, "lat": 40.695833333333326 }, "geometry": { "type": "Polygon", "coordinates": [ [ [ -73.775, 40.691666666666663 ], [ -73.775, 40.7 ], [ -73.783333333333346, 40.7 ], [ -73.783333333333346, 40.691666666666663 ], [ -73.775, 40.691666666666663 ] ] ] } },
{ "type": "Feature", "properties": { "cell_id": "r26_c58", "row": 26, "col": 58, "global_row": 5916, "global_col": 12747, "lon": -73.770833333333343, "lat": 40.695833333333333 }, "geometry": { "type": "Polygon", "coordinates": [ [ [ -73.76666666666668, 40.691666666666663 ], [ -73.76666666666668, 40.7 ], [ -73.775, 40.7 ], [ -73.775, 40.691666666666663 ], [ -73.76666666666668, 40.691666666666663 ] ] ] } },
{ "type": "Feature", "properties": { "cell_id": "r26_c59", "row": 26, "col": 59, "global_row": 5916, "global_col": 12748, "lon": -73.7625, "lat": 40.695833333333326 }, "geometry": { "type": "Polygon", "coordinates": [ [ [ -73.75833333333334, 40.691666666666663 ], [ -73.75833333333334, 40.7 ], [ -73.76666666666668, 40.7 ], [ -73.76666666666668, 40.691666666666663 ], [ -73.75833333333334, 40.691666666666663 ] ] ] } },
{ "type": "Feature", "properties": { "cell_id": "r26_c60", "row": 26, "col": 60, "global_row": 5916, "global_col": 12749, "lon": -73.754166666666663, "lat": 40.695833333333326 }, "geometry": { "type": "Polygon", "coordinates": [ [ [ -73.75, 40.691666666666663 ], [ -73.75, 40.7 ], [ -73.75833333333334, 40.7 ], [ -73.75833333333334, 40.691666666666663 ], [ -73.75, 40.691666666666663 ] ] ] } },
{ "type": "Feature", "properties": { "cell_id": "r26_c61", "row": 26, "col": 61, "global_row": 5916, "global_col": 12750, "lon": -73.745833333333337, "lat": 40.695833333333333 }, "geometry": { "type": "Polygon", "coordinates": [ [ [ -73.741666666666674, 40.691666666666663 ], [ -73.741666666666674, 40.7 ], [ -73.75, 40.7 ], [ -73.75, 40.691666666666663 ], [ -73.741666666666674, 40.691666666666663 ] ] ] } },
{ "type": "Feature", "properties": { "cell_id": "r26_c62", "row": 26, "col": 62, "global_row": 5916, "global_col": 12751, "lon": -73.7375, "lat": 40.695833333333326 }, "geometry": { "type": "Polygon", "coordinates": [ [ [ -73.733333333333334, 40.691666666666663 ], [ -73.733333333333334, 40.7 ], [ -73.741666666666674, 40.7 ], [ -73.741666666666674, 40.691666666666663 ], [ -73.733333333333334, 40.691666666666663 ] ] ] } },
{ "type": "Feature", "properties": { "cell_id": "r26_c63", "row": 26, "col": 63, "global_row": 5916, "global_col": 12752, "lon": -73.729166666666671, "lat": 40.695833333333333 }, "geometry": { "type": "Polygon", "coordinates": [ [ [ -73.725, 40.691666666666663 ], [ -73.725, 40.7 ], [ -73.733333333333334, 40.7 ], [ -73.733333333333334, 40.691666666666663 ], [ -73.725, 40.691666666666663 ] ] ] } },
{ "type": "Feature", "properties": { "cell_id": "r27_c28", "row": 27, "col": 28, "global_row": 5917, "global_col": 12717, "lon": -74.020833333333343, "lat": 40.6875 }, "geometry": { "type": "Polygon", "coordinates": [ [ [ -74.01666666666668, 40.68333333333333 ], [ -74.01666666666668, 40.691666666666663 ], [ -74.025, 40.691666666666663 ], [ -74.025, 40.68333333333333 ], [ -74.01666666666668, 40.68333333333333 ] ] ] } },
{ "type": "Feature", "properties": { "cell_id": "r27_c30", "row": 27, "col": 30, "global_row": 5917, "global_col": 12719, "lon": -74.004166666666677, "lat": 40.6875 }, "geometry": { "type": "Polygon", "coordinates": [ [ [ -74.0, 40.68333333333333 ], [ -74.0, 40.691666666666663 ], [ -74.00833333333334, 40.691666666666663 ], [ -74.00833333333334, 40.68333333333333 ], [ -74.0, 40.68333333333333 ] ] ] } },
{ "type": "Feature", "properties": { "cell_id": "r27_c31", "row": 27, "col": 31, "global_row": 5917, "global_col": 12720, "lon": -73.995833333333337, "lat": 40.6875 }, "geometry": { "type": "Polygon", "coordinates": [ [ [ -73.991666666666674, 40.68333333333333 ], [ -73.991666666666674, 40.691666666666663 ], [ -74.0, 40.691666666666663 ], [ -74.0, 40.68333333333333 ], [ -73.991666666666674, 40.68333333333333 ] ] ] } },
{ "type": "Feature", "properties": { "cell_id": "r27_c32", "row": 27, "col": 32, "global_row": 5917, "global_col": 12721, "lon": -73.9875, "lat": 40.6875 }, "geometry": { "type": "Polygon", "coordinates": [ [ [ -73.983333333333334, 40.68333333333333 ], [ -73.983333333333334, 40.691666666666663 ], [ -73.991666666666674, 40.691666666666663 ], [ -73.991666666666674, 40.68333333333333 ], [ -73.983333333333334, 40.68333333333333 ] ] ] } },
{ "type": "Feature", "properties": { "cell_id": "r27_c33", "row": 27, "col": 33, "global_row": 5917, "global_col": 12722, "lon": -73.979166666666671, "lat": 40.6875 }, "geometry": { "type": "Polygon", "coordinates": [ [ [ -73.975, 40.68333333333333 ], [ -73.975, 40.691666666666663 ], [ -73.983333333333334, 40.691666666666663 ], [ -73.983333333333334, 40.68333333333333 ], [ -73.975, 40.68333333333333 ] ] ] } },
{ "type": "Feature", "properties": { "cell_id": "r27_c34", "row": 27, "col": 34, "global_row": 5917, "global_col": 12723, "lon": -73.970833333333346, "lat": 40.6875 }, "geometry": { "type": "Polygon", "coordinates": [ [ [ -73.966666666666669, 40.68333333333333 ], [ -73.966666666666669, 40.691666666666663 ], [ -73.975, 40.691666666666663 ], [ -73.975, 40.68333333333333 ], [ -73.966666666666669, 40.68333333333333 ] ] ] } },
{ "type": "Feature", "properties": { "cell_id": "r27_c35", "row": 27, "col": 35, "global_row": 5917, "global_col": 12724, "lon": -73.9625, "lat": 40.6875 }, "geometry": { "type": "Polygon", "coordinates": [ [ [ -73.958333333333343, 40.68333333333333 ], [ -73.958333333333343, 40.691666666666663 ], [ -73.966666666666669, 40.691666666666663 ], [ -73.966666666666669, 40.68333333333333 ], [ -73.958333333333343, 40.68333333333333 ] ] ] } },
{ "type": "Feature", "properties": { "cell_id": "r27_c36", "row": 27, "col": 36, "global_row": 5917, "global_col": 12725, "lon": -73.95416666666668, "lat": 40.6875 }, "geometry": { "type": "Polygon", "coordinates": [ [ [ -73.95, 40.68333333333333 ], [ -73.95, 40.691666666666663 ], [ -73.958333333333343, 40.691666666666663 ], [ -73.958333333333343, 40.68333333333333 ], [ -73.95, 40.68333333333333 ] ] ] } },
{ "type": "Feature", "properties": { "cell_id": "r27_c37", "row": 27, "col": 37, "global_row": 5917, "global_col": 12726, "lon": -73.94583333333334, "lat": 40.6875 }, "geometry": { "type": "Polygon", "coordinates": [ [ [ -73.941666666666677, 40.68333333333333 ], [ -73.941666666666677, 40.691666666666663 ], [ -73.95, 40.691666666666663 ], [ -73.95, 40.68333333333333 ], [ -73.941666666666677, 40.68333333333333 ] ] ] } },
{ "type": "Feature", "properties": { "cell_id": "r27_c38", "row": 27, "col": 38, "global_row": 5917, "global_col": 12727, "lon": -73.9375, "lat": 40.6875 }, "geometry": { "type": "Polygon", "coordinates": [ [ [ -73.933333333333337, 40.68333333333333 ], [ -73.933333333333337, 40.691666666666663 ], [ -73.941666666666677, 40.691666666666663 ], [ -73.941666666666677, 40.68333333333333 ], [ -73.933333333333337, 40.68333333333333 ] ] ] } },
{ "type": "Feature", "properties": { "cell_id": "r27_c39", "row": 27, "col": 39, "global_row": 5917, "global_col": 12728, "lon": -73.929166666666674, "lat": 40.6875 }, "geometry": { "type": "Polygon", "coordinates": [ [ [ -73.925, 40.68333333333333 ], [ -73.925, 40.691666666666663 ], [ -73.933333333333337, 40.691666666666663 ], [ -73.933333333333337, 40.68333333333333 ], [ -73.925, 40.68333333333333 ] ] ] } },
{ "type": "Feature", "properties": { "cell_id": "r27_c40", "row": 27, "col": 40, "global_row": 5917, "global_col": 12729, "lon": -73.920833333333348, "lat": 40.6875 }, "geometry": { "type": "Polygon", "coordinates": [ [ [ -73.916666666666671, 40.68333333333333 ], [ -73.916666666666671, 40.691666666666663 ], [ -73.925, 40.691666666666663 ], [ -73.925, 40.68333333333333 ], [ -73.916666666666671, 40.68333333333333 ] ] ] } },
{ "type": "Feature", "properties": { "cell_id": "r27_c41", "row": 27, "col": 41, "global_row": 5917, "global_col": 12730, "lon": -73.9125, "lat": 40.6875 }, "geometry": { "type": "Polygon", "coordinates": [ [ [ -73.908333333333346, 40.68333333333333 ], [ -73.908333333333346, 40.691666666666663 ], [ -73.916666666666671, 40.691666666666663 ], [ -73.916666666666671, 40.68333333333333 ], [ -73.908333333333346, 40.68333333333333 ] ] ] } },
{ "type": "Feature", "properties": { "cell_id": "r27_c42", "row": 27, "col": 42, "global_row": 5917, "global_col": 12731, "lon": -73.904166666666683, "lat": 40.6875 }, "geometry": { "type": "Polygon", "coordinates": [ [ [ -73.9, 40.68333333333333 ], [ -73.9, 40.691666666666663 ], [ -73.908333333333346, 40.691666666666663 ], [ -73.908333333333346, 40.68333333333333 ], [ -73.9, 40.68333333333333 ] ] ] } },
{ "type": "Feature", "properties": { "cell_id": "r27_c43", "row": 27, "col": 43, "global_row": 5917, "global_col": 12732, "lon": -73.895833333333343, "lat": 40.6875 }, "geometry": { "type": "Polygon", "coordinates": [ [ [ -73.89166666666668, 40.68333333333333 ], [ -73.89166666666668, 40.691666666666663 ], [ -73.9, 40.691666666666663 ], [ -73.9, 40.68333333333333 ], [ -73.89166666666668, 40.68333333333333 ] ] ] } },
{ "type": "Feature", "properties": { "cell_id": "r27_c44", "row": 27, "col": 44, "global_row": 5917, "global_col": 12733, "lon": -73.8875, "lat": 40.6875 }, "geometry": { "type": "Polygon", "coordinates": [ [ [ -73.88333333333334, 40.68333333333333 ], [ -73.88333333333334, 40.691666666666663 ], [ -73.89166666666668, 40.691666666666663 ], [ -73.89166666666668, 40.68333333333333 ], [ -73.88333333333334, 40.68333333333333 ] ] ] } },
{ "type": "Feature", "properties": { "cell_id": "r27_c45", "row": 27, "col": 45, "global_row": 5917, "global_col": 12734, "lon": -73.879166666666663, "lat": 40.6875 }, "geometry": { "type": "Polygon", "coordinates": [ [ [ -73.875, 40.68333333333333 ], [ -73.875, 40.691666666666663 ], [ -73.88333333333334, 40.691666666666663 ], [ -73.88333333333334, 40.68333333333333 ], [ -73.875, 40.68333333333333 ] ] ] } },
{ "type": "Feature", "properties": { "cell_id": "r27_c46", "row": 27, "col": 46, "global_row": 5917, "global_col": 12735, "lon": -73.870833333333351, "lat": 40.6875 }, "geometry": { "type": "Polygon", "coordinates": [ [ [ -73.866666666666674, 40.68333333333333 ], [ -73.866666666666674, 40.691666666666663 ], [ -73.875, 40.691666666666663 ], [ -73.875, 40.68333333333333 ], [ -73.866666666666674, 40.68333333333333 ] ] ] } },
{ "type": "Feature", "properties": { "cell_id": "r27_c47", "row": 27, "col": 47, "global_row": 5917, "global_col": 12736, "lon": -73.8625, "lat": 40.6875 }, "geometry": { "type": "Polygon", "coordinates": [ [ [ -73.858333333333334, 40.68333333333333 ], [ -73.858333333333334, 40.691666666666663 ], [ -73.866666666666674, 40.691666666666663 ], [ -73.866666666666674, 40.68333333333333 ], [ -73.858333333333334, 40.68333333333333 ] ] ] } },
{ "type": "Feature", "properties": { "cell_id": "r27_c48", "row": 27, "col": 48, "global_row": 5917, "global_col": 12737, "lon": -73.854166666666671, "lat": 40.6875 }, "geometry": { "type": "Polygon", "coordinates": [ [ [ -73.85, 40.68333333333333 ], [ -73.85, 40.691666666666663 ], [ -73.858333333333334, 40.691666666666663 ], [ -73.858333333333334, 40.68333333333333 ], [ -73.85, 40.68333333333333 ] ] ] } },
{ "type": "Feature", "properties": { "cell_id": "r27_c49", "row": 27, "col": 49, "global_row": 5917, "global_col": 12738, "lon": -73.845833333333346, "lat": 40.6875 }, "geometry": { "type": "Polygon", "coordinates": [ [ [ -73.841666666666669, 40.68333333333333 ], [ -73.841666666666669, 40.691666666666663 ], [ -73.85, 40.691666666666663 ], [ -73.85, 40.68333333333333 ], [ -73.841666666666669, 40.68333333333333 ] ] ] } },
{ "type": "Feature", "properties": { "cell_id": "r27_c50", "row": 27, "col": 50, "global_row": 5917, "global_col": 12739, "lon": -73.8375, "lat": 40.6875 }, "geometry": { "type": "Polygon", "coordinates": [ [ [ -73.833333333333343, 40.68333333333333 ], [ -73.833333333333343, 40.691666666666663 ], [ -73.841666666666669, 40.691666666666663 ], [ -73.841666666666669, 40.68333333333333 ], [ -73.833333333333343, 40.68333333333333 ] ] ] } },
{ "type": "Feature", "properties": { "cell_id": "r27_c51", "row": 27, "col": 51, "global_row": 5917, "global_col": 12740, "lon": -73.82916666666668, "lat": 40.6875 }, "geometry": { "type": "Polygon", "coordinates": [ [ [ -73.825, 40.68333333333333 ], [ -73.825, 40.691666666666663 ], [ -73.833333333333343, 40.691666666666663 ], [ -73.833333333333343, 40.68333333333333 ], [ -73.825, 40.68333333333333 ] ] ] } },
{ "type": "Feature", "properties": { "cell_id": "r27_c52", "row": 27, "col": 52, "global_row": 5917, "global_col": 12741, "lon": -73.82083333333334, "lat": 40.6875 }, "geometry": { "type": "Polygon", "coordinates": [ [ [ -73.816666666666677, 40.68333333333333 ], [ -73.816666666666677, 40.691666666666663 ], [ -73.825, 40.691666666666663 ], [ -73.825, 40.68333333333333 ], [ -73.816666666666677, 40.68333333333333 ] ] ] } },
{ "type": "Feature", "properties": { "cell_id": "r27_c53", "row": 27, "col": 53, "global_row": 5917, "global_col": 12742, "lon": -73.8125, "lat": 40.6875 }, "geometry": { "type": "Polygon", "coordinates": [ [ [ -73.808333333333337, 40.68333333333333 ], [ -73.808333333333337, 40.691666666666663 ], [ -73.816666666666677, 40.691666666666663 ], [ -73.816666666666677, 40.68333333333333 ], [ -73.808333333333337, 40.68333333333333 ] ] ] } },
{ "type": "Feature", "properties": { "cell_id": "r27_c54", "row": 27, "col": 54, "global_row": 5917, "global_col": 12743, "lon": -73.804166666666674, "lat": 40.6875 }, "geometry": { "type": "Polygon", "coordinates": [ [ [ -73.8, 40.68333333333333 ], [ -73.8, 40.691666666666663 ], [ -73.808333333333337, 40.691666666666663 ], [ -73.808333333333337, 40.68333333333333 ], [ -73.8, 40.68333333333333 ] ] ] } },
{ "type": "Feature", "properties": { "cell_id": "r27_c55", "row": 27, "col": 55, "global_row": 5917, "global_col": 12744, "lon": -73.795833333333334, "lat": 40.6875 }, "geometry": { "type": "Polygon", "coordinates": [ [ [ -73.791666666666671, 40.68333333333333 ], [ -73.791666666666671, 40.691666666666663 ], [ -73.8, 40.691666666666663 ], [ -73.8, 40.68333333333333 ], [ -73.791666666666671, 40.68333333333333 ] ] ] } },
{ "type": "Feature", "properties": { "cell_id": "r27_c56", "row": 27, "col": 56, "global_row": 5917, "global_col": 12745, "lon": -73.7875, "lat": 40.6875 }, "geometry": { "type": "Polygon", "coordinates": [ [ [ -73.783333333333346, 40.68333333333333 ], [ -73.783333333333346, 40.691666666666663 ], [ -73.791666666666671, 40.691666666666663 ], [ -73.791666666666671, 40.68333333333333 ], [ -73.783333333333346, 40.68333333333333 ] ] ] } },
{ "type": "Feature", "properties": { "cell_id": "r27_c57", "row": 27, "col": 57, "global_row": 5917, "global_col": 12746, "lon": -73.779166666666669, "lat": 40.6875 }, "geometry": { "type": "Polygon", "coordinates": [ [ [ -73.775, 40.68333333333333 ], [ -73.775, 40.691666666666663 ], [ -73.783333333333346, 40.691666666666663 ], [ -73.783333333333346, 40.68333333333333 ], [ -73.775, 40.68333333333333 ] ] ] } },
{ "type": "Feature", "properties": { "cell_id": "r27_c58", "row": 27, "col": 58, "global_row": 5917, "global_col": 12747, "lon": -73.770833333333343, "lat": 40.6875 }, "geometry": { "type": "Polygon", "coordinates": [ [ [ -73.76666666666668, 40.68333333333333 ], [ -73.76666666666668, 40.691666666666663 ], [ -73.775, 40.691666666666663 ], [ -73.775, 40.68333333333333 ], [ -73.76666666666668, 40.68333333333333 ] ] ] } },
{ "type": "Feature", "properties": { "cell_id": "r27_c59", "row": 27, "col": 59, "global_row": 5917, "global_col": 12748, "lon": -73.7625, "lat": 40.6875 }, "geometry": { "type": "Polygon", "coordinates": [ [ [ -73.75833333333334, 40.68333333333333 ], [ -73.75833333333334, 40.691666666666663 ], [ -73.76666666666668, 40.691666666666663 ], [ -73.76666666666668, 40.68333333333333 ], [ -73.75833333333334, 40.68333333333333 ] ] ] } },
{ "type": "Feature", "properties": { "cell_id": "r27_c60", "row": 27, "col": 60, "global_row": 5917, "global_col": 12749, "lon": -73.754166666666663, "lat": 40.6875 }, "geometry": { "type": "Polygon", "coordinates": [ [ [ -73.75, 40.68333333333333 ], [ -73.75, 40.691666666666663 ], [ -73.75833333333334, 40.691666666666663 ], [ -73.75833333333334, 40.68333333333333 ], [ -73.75, 40.68333333333333 ] ] ] } },
{ "type": "Feature", "properties": { "cell_id": "r27_c61", "row": 27, "col": 61, "global_row": 5917, "global_col": 12750, "lon": -73.745833333333337, "lat": 40.6875 }, "geometry": { "type": "Polygon", "coordinates": [ [ [ -73.741666666666674, 40.68333333333333 ], [ -73.741666666666674, 40.691666666666663 ], [ -73.75, 40.691666666666663 ], [ -73.75, 40.68333333333333 ], [ -73.741666666666674, 40.68333333333333 ] ] ] } },
{ "type": "Feature", "properties": { "cell_id": "r27_c62", "row": 27, "col": 62, "global_row": 5917, "global_col": 12751, "lon": -73.7375, "lat": 40.6875 }, "geometry": { "type": "Polygon", "coordinates": [ [ [ -73.733333333333334, 40.68333333333333 ], [ -73.733333333333334, 40.691666666666663 ], [ -73.741666666666674, 40.691666666666663 ], [ -73.741666666666674, 40.68333333333333 ], [ -73.733333333333334, 40.68333333333333 ] ] ] } },
{ "type": "Feature", "properties": { "cell_id": "r27_c63", "row": 27, "col": 63, "global_row": 5917, "global_col": 12752, "lon": -73.729166666666671, "lat": 40.6875 }, "geometry": { "type": "Polygon", "coordinates": [ [ [ -73.725, 40.68333333333333 ], [ -73.725, 40.691666666666663 ], [ -73.733333333333334, 40.691666666666663 ], [ -73.733333333333334, 40.68333333333333 ], [ -73.725, 40.68333333333333 ] ] ] } },
{ "type": "Feature", "properties": { "cell_id": "r28_c29", "row": 28, "col": 29, "global_row": 5918, "global_col": 12718, "lon": -74.0125, "lat": 40.679166666666667 }, "geometry": { "type": "Polygon", "coordinates": [ [ [ -74.00833333333334, 40.675 ], [ -74.00833333333334, 40.68333333333333 ], [ -74.01666666666668, 40.68333333333333 ], [ -74.01666666666668, 40.675 ], [ -74.00833333333334, 40.675 ] ] ] } },
{ "type": "Feature", "properties": { "cell_id": "r28_c30", "row": 28, "col": 30, "global_row": 5918, "global_col": 12719, "lon": -74.004166666666677, "lat": 40.679166666666667 }, "geometry": { "type": "Polygon", "coordinates": [ [ [ -74.0, 40.675 ], [ -74.0, 40.68333333333333 ], [ -74.00833333333334, 40.68333333333333 ], [ -74.00833333333334, 40.675 ], [ -74.0, 40.675 ] ] ] } },
{ "type": "Feature", "properties": { "cell_id": "r28_c31", "row": 28, "col": 31, "global_row": 5918, "global_col": 12720, "lon": -73.995833333333337, "lat": 40.679166666666667 }, "geometry": { "type": "Polygon", "coordinates": [ [ [ -73.991666666666674, 40.675 ], [ -73.991666666666674, 40.68333333333333 ], [ -74.0, 40.68333333333333 ], [ -74.0, 40.675 ], [ -73.991666666666674, 40.675 ] ] ] } },
{ "type": "Feature", "properties": { "cell_id": "r28_c32", "row": 28, "col": 32, "global_row": 5918, "global_col": 12721, "lon": -73.9875, "lat": 40.679166666666667 }, "geometry": { "type": "Polygon", "coordinates": [ [ [ -73.983333333333334, 40.675 ], [ -73.983333333333334, 40.68333333333333 ], [ -73.991666666666674, 40.68333333333333 ], [ -73.991666666666674, 40.675 ], [ -73.983333333333334, 40.675 ] ] ] } },
{ "type": "Feature", "properties": { "cell_id": "r28_c33", "row": 28, "col": 33, "global_row": 5918, "global_col": 12722, "lon": -73.979166666666671, "lat": 40.679166666666667 }, "geometry": { "type": "Polygon", "coordinates": [ [ [ -73.975, 40.675 ], [ -73.975, 40.68333333333333 ], [ -73.983333333333334, 40.68333333333333 ], [ -73.983333333333334, 40.675 ], [ -73.975, 40.675 ] ] ] } },
{ "type": "Feature", "properties": { "cell_id": "r28_c34", "row": 28, "col": 34, "global_row": 5918, "global_col": 12723, "lon": -73.970833333333346, "lat": 40.679166666666667 }, "geometry": { "type": "Polygon", "coordinates": [ [ [ -73.966666666666669, 40.675 ], [ -73.966666666666669, 40.68333333333333 ], [ -73.975, 40.68333333333333 ], [ -73.975, 40.675 ], [ -73.966666666666669, 40.675 ] ] ] } },
{ "type": "Feature", "properties": { "cell_id": "r28_c35", "row": 28, "col": 35, "global_row": 5918, "global_col": 12724, "lon": -73.9625, "lat": 40.679166666666667 }, "geometry": { "type": "Polygon", "coordinates": [ [ [ -73.958333333333343, 40.675 ], [ -73.958333333333343, 40.68333333333333 ], [ -73.966666666666669, 40.68333333333333 ], [ -73.966666666666669, 40.675 ], [ -73.958333333333343, 40.675 ] ] ] } },
{ "type": "Feature", "properties": { "cell_id": "r28_c36", "row": 28, "col": 36, "global_row": 5918, "global_col": 12725, "lon": -73.95416666666668, "lat": 40.679166666666667 }, "geometry": { "type": "Polygon", "coordinates": [ [ [ -73.95, 40.675 ], [ -73.95, 40.68333333333333 ], [ -73.958333333333343, 40.68333333333333 ], [ -73.958333333333343, 40.675 ], [ -73.95, 40.675 ] ] ] } },
{ "type": "Feature", "properties": { "cell_id": "r28_c37", "row": 28, "col": 37, "global_row": 5918, "global_col": 12726, "lon": -73.94583333333334, "lat": 40.679166666666667 }, "geometry": { "type": "Polygon", "coordinates": [ [ [ -73.941666666666677, 40.675 ], [ -73.941666666666677, 40.68333333333333 ], [ -73.95, 40.68333333333333 ], [ -73.95, 40.675 ], [ -73.941666666666677, 40.675 ] ] ] } },
{ "type": "Feature", "properties": { "cell_id": "r28_c38", "row": 28, "col": 38, "global_row": 5918, "global_col": 12727, "lon": -73.9375, "lat": 40.679166666666667 }, "geometry": { "type": "Polygon", "coordinates": [ [ [ -73.933333333333337, 40.675 ], [ -73.933333333333337, 40.68333333333333 ], [ -73.941666666666677, 40.68333333333333 ], [ -73.941666666666677, 40.675 ], [ -73.933333333333337, 40.675 ] ] ] } },
{ "type": "Feature", "properties": { "cell_id": "r28_c39", "row": 28, "col": 39, "global_row": 5918, "global_col": 12728, "lon": -73.929166666666674, "lat": 40.679166666666667 }, "geometry": { "type": "Polygon", "coordinates": [ [ [ -73.925, 40.675 ], [ -73.925, 40.68333333333333 ], [ -73.933333333333337, 40.68333333333333 ], [ -73.933333333333337, 40.675 ], [ -73.925, 40.675 ] ] ] } },
{ "type": "Feature", "properties": { "cell_id": "r28_c40", "row": 28, "col": 40, "global_row": 5918, "global_col": 12729, "lon": -73.920833333333348, "lat": 40.679166666666667 }, "geometry": { "type": "Polygon", "coordinates": [ [ [ -73.916666666666671, 40.675 ], [ -73.916666666666671, 40.68333333333333 ], [ -73.925, 40.68333333333333 ], [ -73.925, 40.675 ], [ -73.916666666666671, 40.675 ] ] ] } },
{ "type": "Feature", "properties": { "cell_id": "r28_c41", "row": 28, "col": 41, "global_row": 5918, "global_col": 12730, "lon": -73.9125, "lat": 40.679166666666667 }, "geometry": { "type": "Polygon", "coordinates": [ [ [ -73.908333333333346, 40.675 ], [ -73.908333333333346, 40.68333333333333 ], [ -73.916666666666671, 40.68333333333333 ], [ -73.916666666666671, 40.675 ], [ -73.908333333333346, 40.675 ] ] ] } },
{ "type": "Feature", "properties": { "cell_id": "r28_c42", "row": 28, "col": 42, "global_row": 5918, "global_col": 12731, "lon": -73.904166666666683, "lat": 40.679166666666667 }, "geometry": { "type": "Polygon", "coordinates": [ [ [ -73.9, 40.675 ], [ -73.9, 40.68333333333333 ], [ -73.908333333333346, 40.68333333333333 ], [ -73.908333333333346, 40.675 ], [ -73.9, 40.675 ] ] ] } },
{ "type": "Feature", "properties": { "cell_id": "r28_c43", "row": 28, "col": 43, "global_row": 5918, "global_col": 12732, "lon": -73.895833333333343, "lat": 40.679166666666667 }, "geometry": { "type": "Polygon", "coordinates": [ [ [ -73.89166666666668, 40.675 ], [ -73.89166666666668, 40.68333333333333 ], [ -73.9, 40.68333333333333 ], [ -73.9, 40.675 ], [ -73.89166666666668, 40.675 ] ] ] } },
{ "type": "Feature", "properties": { "cell_id": "r28_c44", "row": 28, "col": 44, "global_row": 5918, "global_col": 12733, "lon": -73.8875, "lat": 40.679166666666667 }, "geometry": { "type": "Polygon", "coordinates": [ [ [ -73.88333333333334, 40.675 ], [ -73.88333333333334, 40.68333333333333 ], [ -73.89166666666668, 40.68333333333333 ], [ -73.89166666666668, 40.675 ], [ -73.88333333333334, 40.675 ] ] ] } },
{ "type": "Feature", "properties": { "cell_id": "r28_c45", "row": 28, "col": 45, "global_row": 5918, "global_col": 12734, "lon": -73.879166666666663, "lat": 40.679166666666667 }, "geometry": { "type": "Polygon", "coordinates": [ [ [ -73.875, 40.675 ], [ -73.875, 40.68333333333333 ], [ -73.88333333333334, 40.68333333333333 ], [ -73.88333333333334, 40.675 ], [ -73.875, 40.675 ] ] ] } },
{ "type": "Feature", "properties": { "cell_id": "r28_c46", "row": 28, "col": 46, "global_row": 5918, "global_col": 12735, "lon": -73.870833333333351, "lat": 40.679166666666667 }, "geometry": { "type": "Polygon", "coordinates": [ [ [ -73.866666666666674, 40.675 ], [ -73.866666666666674, 40.68333333333333 ], [ -73.875, 40.68333333333333 ], [ -73.875, 40.675 ], [ -73.866666666666674, 40.675 ] ] ] } },
{ "type": "Feature", "properties": { "cell_id": "r28_c47", "row": 28, "col": 47, "global_row": 5918, "global_col": 12736, "lon": -73.8625, "lat": 40.679166666666667 }, "geometry": { "type": "Polygon", "coordinates": [ [ [ -73.858333333333334, 40.675 ], [ -73.858333333333334, 40.68333333333333 ], [ -73.866666666666674, 40.68333333333333 ], [ -73.866666666666674, 40.675 ], [ -73.858333333333334, 40.675 ] ] ] } },
{ "type": "Feature", "properties": { "cell_id": "r28_c48", "row": 28, "col": 48, "global_row": 5918, "global_col": 12737, "lon": -73.854166666666671, "lat": 40.679166666666667 }, "geometry": { "type": "Polygon", "coordinates": [ [ [ -73.85, 40.675 ], [ -73.85, 40.68333333333333 ], [ -73.858333333333334, 40.68333333333333 ], [ -73.858333333333334, 40.675 ], [ -73.85, 40.675 ] ] ] } },
{ "type": "Feature", "properties": { "cell_id": "r28_c49", "row": 28, "col": 49, "global_row": 5918, "global_col": 12738, "lon": -73.845833333333346, "lat": 40.679166666666667 }, "geometry": { "type": "Polygon", "coordinates": [ [ [ -73.841666666666669, 40.675 ], [ -73.841666666666669, 40.68333333333333 ], [ -73.85, 40.68333333333333 ], [ -73.85, 40.675 ], [ -73.841666666666669, 40.675 ] ] ] } },
{ "type": "Feature", "properties": { "cell_id": "r28_c50", "row": 28, "col": 50, "global_row": 5918, "global_col": 12739, "lon": -73.8375, "lat": 40.679166666666667 }, "geometry": { "type": "Polygon", "coordinates": [ [ [ -73.833333333333343, 40.675 ], [ -73.833333333333343, 40.68333333333333 ], [ -73.841666666666669, 40.68333333333333 ], [ -73.841666666666669, 40.675 ], [ -73.833333333333343, 40.675 ] ] ] } },
{ "type": "Feature", "properties": { "cell_id": "r28_c51", "row": 28, "col": 51, "global_row": 5918, "global_col": 12740, "lon": -73.82916666666668, "lat": 40.679166666666667 }, "geometry": { "type": "Polygon", "coordinates": [ [ [ -73.825, 40.675 ], [ -73.825, 40.68333333333333 ], [ -73.833333333333343, 40.68333333333333 ], [ -73.833333333333343, 40.675 ], [ -73.825, 40.675 ] ] ] } },
{ "type": "Feature", "properties": { "cell_id": "r28_c52", "row": 28, "col": 52, "global_row": 5918, "global_col": 12741, "lon": -73.82083333333334, "lat": 40.679166666666667 }, "geometry": { "type": "Polygon", "coordinates": [ [ [ -73.816666666666677, 40.675 ], [ -73.816666666666677, 40.68333333333333 ], [ -73.825, 40.68333333333333 ], [ -73.825, 40.675 ], [ -73.816666666666677, 40.675 ] ] ] } },
{ "type": "Feature", "properties": { "cell_id": "r28_c53", "row": 28, "col": 53, "global_row": 5918, "global_col": 12742, "lon": -73.8125, "lat": 40.679166666666667 }, "geometry": { "type": "Polygon", "coordinates": [ [ [ -73.808333333333337, 40.675 ], [ -73.808333333333337, 40.68333333333333 ], [ -73.816666666666677, 40.68333333333333 ], [ -73.816666666666677, 40.675 ], [ -73.808333333333337, 40.675 ] ] ] } },
{ "type": "Feature", "properties": { "cell_id": "r28_c54", "row": 28, "col": 54, "global_row": 5918, "global_col": 12743, "lon": -73.804166666666674, "lat": 40.679166666666667 }, "geometry": { "type": "Polygon", "coordinates": [ [ [ -73.8, 40.675 ], [ -73.8, 40.68333333333333 ], [ -73.808333333333337, 40.68333333333333 ], [ -73.808333333333337, 40.675 ], [ -73.8, 40.675 ] ] ] } },
{ "type": "Feature", "properties": { "cell_id": "r28_c55", "row": 28, "col": 55, "global_row": 5918, "global_col": 12744, "lon": -73.795833333333334, "lat": 40.679166666666667 }, "geometry": { "type": "Polygon", "coordinates": [ [ [ -73.791666666666671, 40.675 ], [ -73.791666666666671, 40.68333333333333 ], [ -73.8, 40.68333333333333 ], [ -73.8, 40.675 ], [ -73.791666666666671, 40.675 ] ] ] } },
{ "type": "Feature", "properties": { "cell_id": "r28_c56", "row": 28, "col": 56, "global_row": 5918, "global_col": 12745, "lon": -73.7875, "lat": 40.679166666666667 }, "geometry": { "type": "Polygon", "coordinates": [ [ [ -73.783333333333346, 40.675 ], [ -73.783333333333346, 40.68333333333333 ], [ -73.791666666666671, 40.68333333333333 ], [ -73.791666666666671, 40.675 ], [ -73.783333333333346, 40.675 ] ] ] } },
{ "type": "Feature", "properties": { "cell_id": "r28_c57", "row": 28, "col": 57, "global_row": 5918, "global_col": 12746, "lon": -73.779166666666669, "lat": 40.679166666666667 }, "geometry": { "type": "Polygon", "coordinates": [ [ [ -73.775, 40.675 ], [ -73.775, 40.68333333333333 ], [ -73.783333333333346, 40.68333333333333 ], [ -73.783333333333346, 40.675 ], [ -73.775, 40.675 ] ] ] } },
{ "type": "Feature", "properties": { "cell_id": "r28_c58", "row": 28, "col": 58, "global_row": 5918, "global_col": 12747, "lon": -73.770833333333343, "lat": 40.679166666666667 }, "geometry": { "type": "Polygon", "coordinates": [ [ [ -73.76666666666668, 40.675 ], [ -73.76666666666668, 40.68333333333333 ], [ -73.775, 40.68333333333333 ], [ -73.775, 40.675 ], [ -73.76666666666668, 40.675 ] ] ] } },
{ "type": "Feature", "properties": { "cell_id": "r28_c59", "row": 28, "col": 59, "global_row": 5918, "global_col": 12748, "lon": -73.7625, "lat": 40.679166666666667 }, "geometry": { "type": "Polygon", "coordinates": [ [ [ -73.75833333333334, 40.675 ], [ -73.75833333333334, 40.68333333333333 ], [ -73.76666666666668, 40.68333333333333 ], [ -73.76666666666668, 40.675 ], [ -73.75833333333334, 40.675 ] ] ] } },
{ "type": "Feature", "properties": { "cell_id": "r28_c60", "row": 28, "col": 60, "global_row": 5918, "global_col": 12749, "lon": -73.754166666666663, "lat": 40.679166666666667 }, "geometry": { "type": "Polygon", "coordinates": [ [ [ -73.75, 40.675 ], [ -73.75, 40.68333333333333 ], [ -73.75833333333334, 40.68333333333333 ], [ -73.75833333333334, 40.675 ], [ -73.75, 40.675 ] ] ] } },
{ "type": "Feature", "properties": { "cell_id": "r28_c61", "row": 28, "col": 61, "global_row": 5918, "global_col": 12750, "lon": -73.745833333333337, "lat": 40.679166666666667 }, "geometry": { "type": "Polygon", "coordinates": [ [ [ -73.741666666666674, 40.675 ], [ -73.741666666666674, 40.68333333333333 ], [ -73.75, 40.68333333333333 ], [ -73.75, 40.675 ], [ -73.741666666666674, 40.675 ] ] ] } },
{ "type": "Feature", "properties": { "cell_id": "r28_c62", "row": 28, "col": 62, "global_row": 5918, "global_col": 12751, "lon": -73.7375, "lat": 40.679166666666667 }, "geometry": { "type": "Polygon", "coordinates": [ [ [ -73.733333333333334, 40.675 ], [ -73.733333333333334, 40.68333333333333 ], [ -73.741666666666674, 40.68333333333333 ], [ -73.741666666666674, 40.675 ], [ -73.733333333333334, 40.675 ] ] ] } },
{ "type": "Feature", "properties": { "cell_id": "r28_c63", "row": 28, "col": 63, "global_row": 5918, "global_col": 12752, "lon": -73.729166666666671, "lat": 40.679166666666667 }, "geometry": { "type": "Polygon", "coordinates": [ [ [ -73.725, 40.675 ], [ -73.725, 40.68333333333333 ], [ -73.733333333333334, 40.68333333333333 ], [ -73.733333333333334, 40.675 ], [ -73.725, 40.675 ] ] ] } },
{ "type": "Feature", "properties": { "cell_id": "r29_c30", "row": 29, "col": 30, "global_row": 5919, "global_col": 12719, "lon": -74.004166666666677, "lat": 40.670833333333334 }, "geometry": { "type": "Polygon", "coordinates": [ [ [ -74.0, 40.666666666666664 ], [ -74.0, 40.675 ], [ -74.00833333333334, 40.675 ], [ -74.00833333333334, 40.666666666666664 ], [ -74.0, 40.666666666666664 ] ] ] } },
{ "type": "Feature", "properties": { "cell_id": "r29_c31", "row": 29, "col": 31, "global_row": 5919, "global_col": 12720, "lon": -73.995833333333337, "lat": 40.670833333333334 }, "geometry": { "type": "Polygon", "coordinates": [ [ [ -73.991666666666674, 40.666666666666664 ], [ -73.991666666666674, 40.675 ], [ -74.0, 40.675 ], [ -74.0, 40.666666666666664 ], [ -73.991666666666674, 40.666666666666664 ] ] ] } },
{ "type": "Feature", "properties": { "cell_id": "r29_c32", "row": 29, "col": 32, "global_row": 5919, "global_col": 12721, "lon": -73.9875, "lat": 40.670833333333334 }, "geometry": { "type": "Polygon", "coordinates": [ [ [ -73.983333333333334, 40.666666666666664 ], [ -73.983333333333334, 40.675 ], [ -73.991666666666674, 40.675 ], [ -73.991666666666674, 40.666666666666664 ], [ -73.983333333333334, 40.666666666666664 ] ] ] } },
{ "type": "Feature", "properties": { "cell_id": "r29_c33", "row": 29, "col": 33, "global_row": 5919, "global_col": 12722, "lon": -73.979166666666671, "lat": 40.670833333333334 }, "geometry": { "type": "Polygon", "coordinates": [ [ [ -73.975, 40.666666666666664 ], [ -73.975, 40.675 ], [ -73.983333333333334, 40.675 ], [ -73.983333333333334, 40.666666666666664 ], [ -73.975, 40.666666666666664 ] ] ] } },
{ "type": "Feature", "properties": { "cell_id": "r29_c34", "row": 29, "col": 34, "global_row": 5919, "global_col": 12723, "lon": -73.970833333333346, "lat": 40.670833333333334 }, "geometry": { "type": "Polygon", "coordinates": [ [ [ -73.966666666666669, 40.666666666666664 ], [ -73.966666666666669, 40.675 ], [ -73.975, 40.675 ], [ -73.975, 40.666666666666664 ], [ -73.966666666666669, 40.666666666666664 ] ] ] } },
{ "type": "Feature", "properties": { "cell_id": "r29_c35", "row": 29, "col": 35, "global_row": 5919, "global_col": 12724, "lon": -73.9625, "lat": 40.670833333333334 }, "geometry": { "type": "Polygon", "coordinates": [ [ [ -73.958333333333343, 40.666666666666664 ], [ -73.958333333333343, 40.675 ], [ -73.966666666666669, 40.675 ], [ -73.966666666666669, 40.666666666666664 ], [ -73.958333333333343, 40.666666666666664 ] ] ] } },
{ "type": "Feature", "properties": { "cell_id": "r29_c36", "row": 29, "col": 36, "global_row": 5919, "global_col": 12725, "lon": -73.95416666666668, "lat": 40.670833333333334 }, "geometry": { "type": "Polygon", "coordinates": [ [ [ -73.95, 40.666666666666664 ], [ -73.95, 40.675 ], [ -73.958333333333343, 40.675 ], [ -73.958333333333343, 40.666666666666664 ], [ -73.95, 40.666666666666664 ] ] ] } },
{ "type": "Feature", "properties": { "cell_id": "r29_c37", "row": 29, "col": 37, "global_row": 5919, "global_col": 12726, "lon": -73.94583333333334, "lat": 40.670833333333334 }, "geometry": { "type": "Polygon", "coordinates": [ [ [ -73.941666666666677, 40.666666666666664 ], [ -73.941666666666677, 40.675 ], [ -73.95, 40.675 ], [ -73.95, 40.666666666666664 ], [ -73.941666666666677, 40.666666666666664 ] ] ] } },
{ "type": "Feature", "properties": { "cell_id": "r29_c38", "row": 29, "col": 38, "global_row": 5919, "global_col": 12727, "lon": -73.9375, "lat": 40.670833333333334 }, "geometry": { "type": "Polygon", "coordinates": [ [ [ -73.933333333333337, 40.666666666666664 ], [ -73.933333333333337, 40.675 ], [ -73.941666666666677, 40.675 ], [ -73.941666666666677, 40.666666666666664 ], [ -73.933333333333337, 40.666666666666664 ] ] ] } },
{ "type": "Feature", "properties": { "cell_id": "r29_c39", "row": 29, "col": 39, "global_row": 5919, "global_col": 12728, "lon": -73.929166666666674, "lat": 40.670833333333334 }, "geometry": { "type": "Polygon", "coordinates": [ [ [ -73.925, 40.666666666666664 ], [ -73.925, 40.675 ], [ -73.933333333333337, 40.675 ], [ -73.933333333333337, 40.666666666666664 ], [ -73.925, 40.666666666666664 ] ] ] } },
{ "type": "Feature", "properties": { "cell_id": "r29_c40", "row": 29, "col": 40, "global_row": 5919, "global_col": 12729, "lon": -73.920833333333348, "lat": 40.670833333333334 }, "geometry": { "type": "Polygon", "coordinates": [ [ [ -73.916666666666671, 40.666666666666664 ], [ -73.916666666666671, 40.675 ], [ -73.925, 40.675 ], [ -73.925, 40.666666666666664 ], [ -73.916666666666671, 40.666666666666664 ] ] ] } },
{ "type": "Feature", "properties": { "cell_id": "r29_c41", "row": 29, "col": 41, "global_row": 5919, "global_col": 12730, "lon": -73.9125, "lat": 40.670833333333334 }, "geometry": { "type": "Polygon", "coordinates": [ [ [ -73.908333333333346, 40.666666666666664 ], [ -73.908333333333346, 40.675 ], [ -73.916666666666671, 40.675 ], [ -73.916666666666671, 40.666666666666664 ], [ -73.908333333333346, 40.666666666666664 ] ] ] } },
{ "type": "Feature", "properties": { "cell_id": "r29_c42", "row": 29, "col": 42, "global_row": 5919, "global_col": 12731, "lon": -73.904166666666683, "lat": 40.670833333333334 }, "geometry": { "type": "Polygon", "coordinates": [ [ [ -73.9, 40.666666666666664 ], [ -73.9, 40.675 ], [ -73.908333333333346, 40.675 ], [ -73.908333333333346, 40.666666666666664 ], [ -73.9, 40.666666666666664 ] ] ] } },
{ "type": "Feature", "properties": { "cell_id": "r29_c43", "row": 29, "col": 43, "global_row": 5919, "global_col": 12732, "lon": -73.895833333333343, "lat": 40.670833333333334 }, "geometry": { "type": "Polygon", "coordinates": [ [ [ -73.89166666666668, 40.666666666666664 ], [ -73.89166666666668, 40.675 ], [ -73.9, 40.675 ], [ -73.9, 40.666666666666664 ], [ -73.89166666666668, 40.666666666666664 ] ] ] } },
{ "type": "Feature", "properties": { "cell_id": "r29_c44", "row": 29, "col": 44, "global_row": 5919, "global_col": 12733, "lon": -73.8875, "lat": 40.670833333333334 }, "geometry": { "type": "Polygon", "coordinates": [ [ [ -73.88333333333334, 40.666666666666664 ], [ -73.88333333333334, 40.675 ], [ -73.89166666666668, 40.675 ], [ -73.89166666666668, 40.666666666666664 ], [ -73.88333333333334, 40.666666666666664 ] ] ] } },
{ "type": "Feature", "properties": { "cell_id": "r29_c45", "row": 29, "col": 45, "global_row": 5919, "global_col": 12734, "lon": -73.879166666666663, "lat": 40.670833333333334 }, "geometry": { "type": "Polygon", "coordinates": [ [ [ -73.875, 40.666666666666664 ], [ -73.875, 40.675 ], [ -73.88333333333334, 40.675 ], [ -73.88333333333334, 40.666666666666664 ], [ -73.875, 40.666666666666664 ] ] ] } },
{ "type": "Feature", "properties": { "cell_id": "r29_c46", "row": 29, "col": 46, "global_row": 5919, "global_col": 12735, "lon": -73.870833333333351, "lat": 40.670833333333334 }, "geometry": { "type": "Polygon", "coordinates": [ [ [ -73.866666666666674, 40.666666666666664 ], [ -73.866666666666674, 40.675 ], [ -73.875, 40.675 ], [ -73.875, 40.666666666666664 ], [ -73.866666666666674, 40.666666666666664 ] ] ] } },
{ "type": "Feature", "properties": { "cell_id": "r29_c47", "row": 29, "col": 47, "global_row": 5919, "global_col": 12736, "lon": -73.8625, "lat": 40.670833333333334 }, "geometry": { "type": "Polygon", "coordinates": [ [ [ -73.858333333333334, 40.666666666666664 ], [ -73.858333333333334, 40.675 ], [ -73.866666666666674, 40.675 ], [ -73.866666666666674, 40.666666666666664 ], [ -73.858333333333334, 40.666666666666664 ] ] ] } },
{ "type": "Feature", "properties": { "cell_id": "r29_c48", "row": 29, "col": 48, "global_row": 5919, "global_col": 12737, "lon": -73.854166666666671, "lat": 40.670833333333334 }, "geometry": { "type": "Polygon", "coordinates": [ [ [ -73.85, 40.666666666666664 ], [ -73.85, 40.675 ], [ -73.858333333333334, 40.675 ], [ -73.858333333333334, 40.666666666666664 ], [ -73.85, 40.666666666666664 ] ] ] } },
{ "type": "Feature", "properties": { "cell_id": "r29_c49", "row": 29, "col": 49, "global_row": 5919, "global_col": 12738, "lon": -73.845833333333346, "lat": 40.670833333333334 }, "geometry": { "type": "Polygon", "coordinates": [ [ [ -73.841666666666669, 40.666666666666664 ], [ -73.841666666666669, 40.675 ], [ -73.85, 40.675 ], [ -73.85, 40.666666666666664 ], [ -73.841666666666669, 40.666666666666664 ] ] ] } },
{ "type": "Feature", "properties": { "cell_id": "r29_c50", "row": 29, "col": 50, "global_row": 5919, "global_col": 12739, "lon": -73.8375, "lat": 40.670833333333334 }, "geometry": { "type": "Polygon", "coordinates": [ [ [ -73.833333333333343, 40.666666666666664 ], [ -73.833333333333343, 40.675 ], [ -73.841666666666669, 40.675 ], [ -73.841666666666669, 40.666666666666664 ], [ -73.833333333333343, 40.666666666666664 ] ] ] } },
{ "type": "Feature", "properties": { "cell_id": "r29_c51", "row": 29, "col": 51, "global_row": 5919, "global_col": 12740, "lon": -73.82916666666668, "lat": 40.670833333333334 }, "geometry": { "type": "Polygon", "coordinates": [ [ [ -73.825, 40.666666666666664 ], [ -73.825, 40.675 ], [ -73.833333333333343, 40.675 ], [ -73.833333333333343, 40.666666666666664 ], [ -73.825, 40.666666666666664 ] ] ] } },
{ "type": "Feature", "properties": { "cell_id": "r29_c52", "row": 29, "col": 52, "global_row": 5919, "global_col": 12741, "lon": -73.82083333333334, "lat": 40.670833333333334 }, "geometry": { "type": "Polygon", "coordinates": [ [ [ -73.816666666666677, 40.666666666666664 ], [ -73.816666666666677, 40.675 ], [ -73.825, 40.675 ], [ -73.825, 40.666666666666664 ], [ -73.816666666666677, 40.666666666666664 ] ] ] } },
{ "type": "Feature", "properties": { "cell_id": "r29_c53", "row": 29, "col": 53, "global_row": 5919, "global_col": 12742, "lon": -73.8125, "lat": 40.670833333333334 }, "geometry": { "type": "Polygon", "coordinates": [ [ [ -73.808333333333337, 40.666666666666664 ], [ -73.808333333333337, 40.675 ], [ -73.816666666666677, 40.675 ], [ -73.816666666666677, 40.666666666666664 ], [ -73.808333333333337, 40.666666666666664 ] ] ] } },
{ "type": "Feature", "properties": { "cell_id": "r29_c54", "row": 29, "col": 54, "global_row": 5919, "global_col": 12743, "lon": -73.804166666666674, "lat": 40.670833333333334 }, "geometry": { "type": "Polygon", "coordinates": [ [ [ -73.8, 40.666666666666664 ], [ -73.8, 40.675 ], [ -73.808333333333337, 40.675 ], [ -73.808333333333337, 40.666666666666664 ], [ -73.8, 40.666666666666664 ] ] ] } },
{ "type": "Feature", "properties": { "cell_id": "r29_c55", "row": 29, "col": 55, "global_row": 5919, "global_col": 12744, "lon": -73.795833333333334, "lat": 40.670833333333334 }, "geometry": { "type": "Polygon", "coordinates": [ [ [ -73.791666666666671, 40.666666666666664 ], [ -73.791666666666671, 40.675 ], [ -73.8, 40.675 ], [ -73.8, 40.666666666666664 ], [ -73.791666666666671, 40.666666666666664 ] ] ] } },
{ "type": "Feature", "properties": { "cell_id": "r29_c56", "row": 29, "col": 56, "global_row": 5919, "global_col": 12745, "lon": -73.7875, "lat": 40.670833333333334 }, "geometry": { "type": "Polygon", "coordinates": [ [ [ -73.783333333333346, 40.666666666666664 ], [ -73.783333333333346, 40.675 ], [ -73.791666666666671, 40.675 ], [ -73.791666666666671, 40.666666666666664 ], [ -73.783333333333346, 40.666666666666664 ] ] ] } },
{ "type": "Feature", "properties": { "cell_id": "r29_c57", "row": 29, "col": 57, "global_row": 5919, "global_col": 12746, "lon": -73.779166666666669, "lat": 40.670833333333334 }, "geometry": { "type": "Polygon", "coordinates": [ [ [ -73.775, 40.666666666666664 ], [ -73.775, 40.675 ], [ -73.783333333333346, 40.675 ], [ -73.783333333333346, 40.666666666666664 ], [ -73.775, 40.666666666666664 ] ] ] } },
{ "type": "Feature", "properties": { "cell_id": "r29_c58", "row": 29, "col": 58, "global_row": 5919, "global_col": 12747, "lon": -73.770833333333343, "lat": 40.670833333333334 }, "geometry": { "type": "Polygon", "coordinates": [ [ [ -73.76666666666668, 40.666666666666664 ], [ -73.76666666666668, 40.675 ], [ -73.775, 40.675 ], [ -73.775, 40.666666666666664 ], [ -73.76666666666668, 40.666666666666664 ] ] ] } },
{ "type": "Feature", "properties": { "cell_id": "r29_c59", "row": 29, "col": 59, "global_row": 5919, "global_col": 12748, "lon": -73.7625, "lat": 40.670833333333334 }, "geometry": { "type": "Polygon", "coordinates": [ [ [ -73.75833333333334, 40.666666666666664 ], [ -73.75833333333334, 40.675 ], [ -73.76666666666668, 40.675 ], [ -73.76666666666668, 40.666666666666664 ], [ -73.75833333333334, 40.666666666666664 ] ] ] } },
{ "type": "Feature", "properties": { "cell_id": "r29_c60", "row": 29, "col": 60, "global_row": 5919, "global_col": 12749, "lon": -73.754166666666663, "lat": 40.670833333333334 }, "geometry": { "type": "Polygon", "coordinates": [ [ [ -73.75, 40.666666666666664 ], [ -73.75, 40.675 ], [ -73.75833333333334, 40.675 ], [ -73.75833333333334, 40.666666666666664 ], [ -73.75, 40.666666666666664 ] ] ] } },
{ "type": "Feature", "properties": { "cell_id": "r29_c61", "row": 29, "col": 61, "global_row": 5919, "global_col": 12750, "lon": -73.745833333333337, "lat": 40.670833333333334 }, "geometry": { "type": "Polygon", "coordinates": [ [ [ -73.741666666666674, 40.666666666666664 ], [ -73.741666666666674, 40.675 ], [ -73.75, 40.675 ], [ -73.75, 40.666666666666664 ], [ -73.741666666666674, 40.666666666666664 ] ] ] } },
{ "type": "Feature", "properties": { "cell_id": "r29_c62", "row": 29, "col": 62, "global_row": 5919, "global_col": 12751, "lon": -73.7375, "lat": 40.670833333333334 }, "geometry": { "type": "Polygon", "coordinates": [ [ [ -73.733333333333334, 40.666666666666664 ], [ -73.733333333333334, 40.675 ], [ -73.741666666666674, 40.675 ], [ -73.741666666666674, 40.666666666666664 ], [ -73.733333333333334, 40.666666666666664 ] ] ] } },
{ "type": "Feature", "properties": { "cell_id": "r29_c63", "row": 29, "col": 63, "global_row": 5919, "global_col": 12752, "lon": -73.729166666666671, "lat": 40.670833333333334 }, "geometry": { "type": "Polygon", "coordinates": [ [ [ -73.725, 40.666666666666664 ], [ -73.725, 40.675 ], [ -73.733333333333334, 40.675 ], [ -73.733333333333334, 40.666666666666664 ], [ -73.725, 40.666666666666664 ] ] ] } },
{ "type": "Feature", "properties": { "cell_id": "r30_c31", "row": 30, "col": 31, "global_row": 5920, "global_col": 12720, "lon": -73.995833333333337, "lat": 40.6625 }, "geometry": { "type": "Polygon", "coordinates": [ [ [ -73.991666666666674, 40.658333333333331 ], [ -73.991666666666674, 40.666666666666664 ], [ -74.0, 40.666666666666664 ], [ -74.0, 40.658333333333331 ], [ -73.991666666666674, 40.658333333333331 ] ] ] } },
{ "type": "Feature", "properties": { "cell_id": "r30_c32", "row": 30, "col": 32, "global_row": 5920, "global_col": 12721, "lon": -73.9875, "lat": 40.6625 }, "geometry": { "type": "Polygon", "coordinates": [ [ [ -73.983333333333334, 40.658333333333331 ], [ -73.983333333333334, 40.666666666666664 ], [ -73.991666666666674, 40.666666666666664 ], [ -73.991666666666674, 40.658333333333331 ], [ -73.983333333333334, 40.658333333333331 ] ] ] } },
{ "type": "Feature", "properties": { "cell_id": "r30_c33", "row": 30, "col": 33, "global_row": 5920, "global_col": 12722, "lon": -73.979166666666671, "lat": 40.6625 }, "geometry": { "type": "Polygon", "coordinates": [ [ [ -73.975, 40.658333333333331 ], [ -73.975, 40.666666666666664 ], [ -73.983333333333334, 40.666666666666664 ], [ -73.983333333333334, 40.658333333333331 ], [ -73.975, 40.658333333333331 ] ] ] } },
{ "type": "Feature", "properties": { "cell_id": "r30_c34", "row": 30, "col": 34, "global_row": 5920, "global_col": 12723, "lon": -73.970833333333346, "lat": 40.6625 }, "geometry": { "type": "Polygon", "coordinates": [ [ [ -73.966666666666669, 40.658333333333331 ], [ -73.966666666666669, 40.666666666666664 ], [ -73.975, 40.666666666666664 ], [ -73.975, 40.658333333333331 ], [ -73.966666666666669, 40.658333333333331 ] ] ] } },
{ "type": "Feature", "properties": { "cell_id": "r30_c35", "row": 30, "col": 35, "global_row": 5920, "global_col": 12724, "lon": -73.9625, "lat": 40.6625 }, "geometry": { "type": "Polygon", "coordinates": [ [ [ -73.958333333333343, 40.658333333333331 ], [ -73.958333333333343, 40.666666666666664 ], [ -73.966666666666669, 40.666666666666664 ], [ -73.966666666666669, 40.658333333333331 ], [ -73.958333333333343, 40.658333333333331 ] ] ] } },
{ "type": "Feature", "properties": { "cell_id": "r30_c36", "row": 30, "col": 36, "global_row": 5920, "global_col": 12725, "lon": -73.95416666666668, "lat": 40.6625 }, "geometry": { "type": "Polygon", "coordinates": [ [ [ -73.95, 40.658333333333331 ], [ -73.95, 40.666666666666664 ], [ -73.958333333333343, 40.666666666666664 ], [ -73.958333333333343, 40.658333333333331 ], [ -73.95, 40.658333333333331 ] ] ] } },
{ "type": "Feature", "properties": { "cell_id": "r30_c37", "row": 30, "col": 37, "global_row": 5920, "global_col": 12726, "lon": -73.94583333333334, "lat": 40.6625 }, "geometry": { "type": "Polygon", "coordinates": [ [ [ -73.941666666666677, 40.658333333333331 ], [ -73.941666666666677, 40.666666666666664 ], [ -73.95, 40.666666666666664 ], [ -73.95, 40.658333333333331 ], [ -73.941666666666677, 40.658333333333331 ] ] ] } },
{ "type": "Feature", "properties": { "cell_id": "r30_c38", "row": 30, "col": 38, "global_row": 5920, "global_col": 12727, "lon": -73.9375, "lat": 40.6625 }, "geometry": { "type": "Polygon", "coordinates": [ [ [ -73.933333333333337, 40.658333333333331 ], [ -73.933333333333337, 40.666666666666664 ], [ -73.941666666666677, 40.666666666666664 ], [ -73.941666666666677, 40.658333333333331 ], [ -73.933333333333337, 40.658333333333331 ] ] ] } },
{ "type": "Feature", "properties": { "cell_id": "r30_c39", "row": 30, "col": 39, "global_row": 5920, "global_col": 12728, "lon": -73.929166666666674, "lat": 40.6625 }, "geometry": { "type": "Polygon", "coordinates": [ [ [ -73.925, 40.658333333333331 ], [ -73.925, 40.666666666666664 ], [ -73.933333333333337, 40.666666666666664 ], [ -73.933333333333337, 40.658333333333331 ], [ -73.925, 40.658333333333331 ] ] ] } },
{ "type": "Feature", "properties": { "cell_id": "r30_c40", "row": 30, "col": 40, "global_row": 5920, "global_col": 12729, "lon": -73.920833333333348, "lat": 40.6625 }, "geometry": { "type": "Polygon", "coordinates": [ [ [ -73.916666666666671, 40.658333333333331 ], [ -73.916666666666671, 40.666666666666664 ], [ -73.925, 40.666666666666664 ], [ -73.925, 40.658333333333331 ], [ -73.916666666666671, 40.658333333333331 ] ] ] } },
{ "type": "Feature", "properties": { "cell_id": "r30_c41", "row": 30, "col": 41, "global_row": 5920, "global_col": 12730, "lon": -73.9125, "lat": 40.6625 }, "geometry": { "type": "Polygon", "coordinates": [ [ [ -73.908333333333346, 40.658333333333331 ], [ -73.908333333333346, 40.666666666666664 ], [ -73.916666666666671, 40.666666666666664 ], [ -73.916666666666671, 40.658333333333331 ], [ -73.908333333333346, 40.658333333333331 ] ] ] } },
{ "type": "Feature", "properties": { "cell_id": "r30_c42", "row": 30, "col": 42, "global_row": 5920, "global_col": 12731, "lon": -73.904166666666683, "lat": 40.6625 }, "geometry": { "type": "Polygon", "coordinates": [ [ [ -73.9, 40.658333333333331 ], [ -73.9, 40.666666666666664 ], [ -73.908333333333346, 40.666666666666664 ], [ -73.908333333333346, 40.658333333333331 ], [ -73.9, 40.658333333333331 ] ] ] } },
{ "type": "Feature", "properties": { "cell_id": "r30_c43", "row": 30, "col": 43, "global_row": 5920, "global_col": 12732, "lon": -73.895833333333343, "lat": 40.6625 }, "geometry": { "type": "Polygon", "coordinates": [ [ [ -73.89166666666668, 40.658333333333331 ], [ -73.89166666666668, 40.666666666666664 ], [ -73.9, 40.666666666666664 ], [ -73.9, 40.658333333333331 ], [ -73.89166666666668, 40.658333333333331 ] ] ] } },
{ "type": "Feature", "properties": { "cell_id": "r30_c44", "row": 30, "col": 44, "global_row": 5920, "global_col": 12733, "lon": -73.8875, "lat": 40.6625 }, "geometry": { "type": "Polygon", "coordinates": [ [ [ -73.88333333333334, 40.658333333333331 ], [ -73.88333333333334, 40.666666666666664 ], [ -73.89166666666668, 40.666666666666664 ], [ -73.89166666666668, 40.658333333333331 ], [ -73.88333333333334, 40.658333333333331 ] ] ] } },
{ "type": "Feature", "properties": { "cell_id": "r30_c45", "row": 30, "col": 45, "global_row": 5920, "global_col": 12734, "lon": -73.879166666666663, "lat": 40.6625 }, "geometry": { "type": "Polygon", "coordinates": [ [ [ -73.875, 40.658333333333331 ], [ -73.875, 40.666666666666664 ], [ -73.88333333333334, 40.666666666666664 ], [ -73.88333333333334, 40.658333333333331 ], [ -73.875, 40.658333333333331 ] ] ] } },
{ "type": "Feature", "properties": { "cell_id": "r30_c46", "row": 30, "col": 46, "global_row": 5920, "global_col": 12735, "lon": -73.870833333333351, "lat": 40.6625 }, "geometry": { "type": "Polygon", "coordinates": [ [ [ -73.866666666666674, 40.658333333333331 ], [ -73.866666666666674, 40.666666666666664 ], [ -73.875, 40.666666666666664 ], [ -73.875, 40.658333333333331 ], [ -73.866666666666674, 40.658333333333331 ] ] ] } },
{ "type": "Feature", "properties": { "cell_id": "r30_c47", "row": 30, "col": 47, "global_row": 5920, "global_col": 12736, "lon": -73.8625, "lat": 40.6625 }, "geometry": { "type": "Polygon", "coordinates": [ [ [ -73.858333333333334, 40.658333333333331 ], [ -73.858333333333334, 40.666666666666664 ], [ -73.866666666666674, 40.666666666666664 ], [ -73.866666666666674, 40.658333333333331 ], [ -73.858333333333334, 40.658333333333331 ] ] ] } },
{ "type": "Feature", "properties": { "cell_id": "r30_c48", "row": 30, "col": 48, "global_row": 5920, "global_col": 12737, "lon": -73.854166666666671, "lat": 40.6625 }, "geometry": { "type": "Polygon", "coordinates": [ [ [ -73.85, 40.658333333333331 ], [ -73.85, 40.666666666666664 ], [ -73.858333333333334, 40.666666666666664 ], [ -73.858333333333334, 40.658333333333331 ], [ -73.85, 40.658333333333331 ] ] ] } },
{ "type": "Feature", "properties": { "cell_id": "r30_c49", "row": 30, "col": 49, "global_row": 5920, "global_col": 12738, "lon": -73.845833333333346, "lat": 40.6625 }, "geometry": { "type": "Polygon", "coordinates": [ [ [ -73.841666666666669, 40.658333333333331 ], [ -73.841666666666669, 40.666666666666664 ], [ -73.85, 40.666666666666664 ], [ -73.85, 40.658333333333331 ], [ -73.841666666666669, 40.658333333333331 ] ] ] } },
{ "type": "Feature", "properties": { "cell_id": "r30_c50", "row": 30, "col": 50, "global_row": 5920, "global_col": 12739, "lon": -73.8375, "lat": 40.6625 }, "geometry": { "type": "Polygon", "coordinates": [ [ [ -73.833333333333343, 40.658333333333331 ], [ -73.833333333333343, 40.666666666666664 ], [ -73.841666666666669, 40.666666666666664 ], [ -73.841666666666669, 40.658333333333331 ], [ -73.833333333333343, 40.658333333333331 ] ] ] } },
{ "type": "Feature", "properties": { "cell_id": "r30_c51", "row": 30, "col": 51, "global_row": 5920, "global_col": 12740, "lon": -73.82916666666668, "lat": 40.6625 }, "geometry": { "type": "Polygon", "coordinates": [ [ [ -73.825, 40.658333333333331 ], [ -73.825, 40.666666666666664 ], [ -73.833333333333343, 40.666666666666664 ], [ -73.833333333333343, 40.658333333333331 ], [ -73.825, 40.658333333333331 ] ] ] } },
{ "type": "Feature", "properties": { "cell_id": "r30_c52", "row": 30, "col": 52, "global_row": 5920, "global_col": 12741, "lon": -73.82083333333334, "lat": 40.6625 }, "geometry": { "type": "Polygon", "coordinates": [ [ [ -73.816666666666677, 40.658333333333331 ], [ -73.816666666666677, 40.666666666666664 ], [ -73.825, 40.666666666666664 ], [ -73.825, 40.658333333333331 ], [ -73.816666666666677, 40.658333333333331 ] ] ] } },
{ "type": "Feature", "properties": { "cell_id": "r30_c53", "row": 30, "col": 53, "global_row": 5920, "global_col": 12742, "lon": -73.8125, "lat": 40.6625 }, "geometry": { "type": "Polygon", "coordinates": [ [ [ -73.808333333333337, 40.658333333333331 ], [ -73.808333333333337, 40.666666666666664 ], [ -73.816666666666677, 40.666666666666664 ], [ -73.816666666666677, 40.658333333333331 ], [ -73.808333333333337, 40.658333333333331 ] ] ] } },
{ "type": "Feature", "properties": { "cell_id": "r30_c54", "row": 30, "col": 54, "global_row": 5920, "global_col": 12743, "lon": -73.804166666666674, "lat": 40.6625 }, "geometry": { "type": "Polygon", "coordinates": [ [ [ -73.8, 40.658333333333331 ], [ -73.8, 40.666666666666664 ], [ -73.808333333333337, 40.666666666666664 ], [ -73.808333333333337, 40.658333333333331 ], [ -73.8, 40.658333333333331 ] ] ] } },
{ "type": "Feature", "properties": { "cell_id": "r30_c55", "row": 30, "col": 55, "global_row": 5920, "global_col": 12744, "lon": -73.795833333333334, "lat": 40.6625 }, "geometry": { "type": "Polygon", "coordinates": [ [ [ -73.791666666666671, 40.658333333333331 ], [ -73.791666666666671, 40.666666666666664 ], [ -73.8, 40.666666666666664 ], [ -73.8, 40.658333333333331 ], [ -73.791666666666671, 40.658333333333331 ] ] ] } },
{ "type": "Feature", "properties": { "cell_id": "r30_c56", "row": 30, "col": 56, "global_row": 5920, "global_col": 12745, "lon": -73.7875, "lat": 40.6625 }, "geometry": { "type": "Polygon", "coordinates": [ [ [ -73.783333333333346, 40.658333333333331 ], [ -73.783333333333346, 40.666666666666664 ], [ -73.791666666666671, 40.666666666666664 ], [ -73.791666666666671, 40.658333333333331 ], [ -73.783333333333346, 40.658333333333331 ] ] ] } },
{ "type": "Feature", "properties": { "cell_id": "r30_c57", "row": 30, "col": 57, "global_row": 5920, "global_col": 12746, "lon": -73.779166666666669, "lat": 40.6625 }, "geometry": { "type": "Polygon", "coordinates": [ [ [ -73.775, 40.658333333333331 ], [ -73.775, 40.666666666666664 ], [ -73.783333333333346, 40.666666666666664 ], [ -73.783333333333346, 40.658333333333331 ], [ -73.775, 40.658333333333331 ] ] ] } },
{ "type": "Feature", "properties": { "cell_id": "r30_c58", "row": 30, "col": 58, "global_row": 5920, "global_col": 12747, "lon": -73.770833333333343, "lat": 40.6625 }, "geometry": { "type": "Polygon", "coordinates": [ [ [ -73.76666666666668, 40.658333333333331 ], [ -73.76666666666668, 40.666666666666664 ], [ -73.775, 40.666666666666664 ], [ -73.775, 40.658333333333331 ], [ -73.76666666666668, 40.658333333333331 ] ] ] } },
{ "type": "Feature", "properties": { "cell_id": "r30_c59", "row": 30, "col": 59, "global_row": 5920, "global_col": 12748, "lon": -73.7625, "lat": 40.6625 }, "geometry": { "type": "Polygon", "coordinates": [ [ [ -73.75833333333334, 40.658333333333331 ], [ -73.75833333333334, 40.666666666666664 ], [ -73.76666666666668, 40.666666666666664 ], [ -73.76666666666668, 40.658333333333331 ], [ -73.75833333333334, 40.658333333333331 ] ] ] } },
{ "type": "Feature", "properties": { "cell_id": "r30_c60", "row": 30, "col": 60, "global_row": 5920, "global_col": 12749, "lon": -73.754166666666663, "lat": 40.6625 }, "geometry": { "type": "Polygon", "coordinates": [ [ [ -73.75, 40.658333333333331 ], [ -73.75, 40.666666666666664 ], [ -73.75833333333334, 40.666666666666664 ], [ -73.75833333333334, 40.658333333333331 ], [ -73.75, 40.658333333333331 ] ] ] } },
{ "type": "Feature", "properties": { "cell_id": "r30_c61", "row": 30, "col": 61, "global_row": 5920, "global_col": 12750, "lon": -73.745833333333337, "lat": 40.6625 }, "geometry": { "type": "Polygon", "coordinates": [ [ [ -73.741666666666674, 40.658333333333331 ], [ -73.741666666666674, 40.666666666666664 ], [ -73.75, 40.666666666666664 ], [ -73.75, 40.658333333333331 ], [ -73.741666666666674, 40.658333333333331 ] ] ] } },
{ "type": "Feature", "properties": { "cell_id": "r30_c62", "row": 30, "col": 62, "global_row": 5920, "global_col": 12751, "lon": -73.7375, "lat": 40.6625 }, "geometry": { "type": "Polygon", "coordinates": [ [ [ -73.733333333333334, 40.658333333333331 ], [ -73.733333333333334, 40.666666666666664 ], [ -73.741666666666674, 40.666666666666664 ], [ -73.741666666666674, 40.658333333333331 ], [ -73.733333333333334, 40.658333333333331 ] ] ] } },
{ "type": "Feature", "properties": { "cell_id": "r30_c63", "row": 30, "col": 63, "global_row": 5920, "global_col": 12752, "lon": -73.729166666666671, "lat": 40.6625 }, "geometry": { "type": "Polygon", "coordinates": [ [ [ -73.725, 40.658333333333331 ], [ -73.725, 40.666666666666664 ], [ -73.733333333333334, 40.666666666666664 ], [ -73.733333333333334, 40.658333333333331 ], [ -73.725, 40.658333333333331 ] ] ] } },
{ "type": "Feature", "properties": { "cell_id": "r31_c28", "row": 31, "col": 28, "global_row": 5921, "global_col": 12717, "lon": -74.020833333333343, "lat": 40.654166666666661 }, "geometry": { "type": "Polygon", "coordinates": [ [ [ -74.01666666666668, 40.65 ], [ -74.01666666666668, 40.658333333333331 ], [ -74.025, 40.658333333333331 ], [ -74.025, 40.65 ], [ -74.01666666666668, 40.65 ] ] ] } },
{ "type": "Feature", "properties": { "cell_id": "r31_c29", "row": 31, "col": 29, "global_row": 5921, "global_col": 12718, "lon": -74.0125, "lat": 40.654166666666669 }, "geometry": { "type": "Polygon", "coordinates": [ [ [ -74.00833333333334, 40.65 ], [ -74.00833333333334, 40.658333333333331 ], [ -74.01666666666668, 40.658333333333331 ], [ -74.01666666666668, 40.65 ], [ -74.00833333333334, 40.65 ] ] ] } },
{ "type": "Feature", "properties": { "cell_id": "r31_c30", "row": 31, "col": 30, "global_row": 5921, "global_col": 12719, "lon": -74.004166666666677, "lat": 40.654166666666669 }, "geometry": { "type": "Polygon", "coordinates": [ [ [ -74.0, 40.65 ], [ -74.0, 40.658333333333331 ], [ -74.00833333333334, 40.658333333333331 ], [ -74.00833333333334, 40.65 ], [ -74.0, 40.65 ] ] ] } },
{ "type": "Feature", "properties": { "cell_id": "r31_c31", "row": 31, "col": 31, "global_row": 5921, "global_col": 12720, "lon": -73.995833333333337, "lat": 40.654166666666661 }, "geometry": { "type": "Polygon", "coordinates": [ [ [ -73.991666666666674, 40.65 ], [ -73.991666666666674, 40.658333333333331 ], [ -74.0, 40.658333333333331 ], [ -74.0, 40.65 ], [ -73.991666666666674, 40.65 ] ] ] } },
{ "type": "Feature", "properties": { "cell_id": "r31_c32", "row": 31, "col": 32, "global_row": 5921, "global_col": 12721, "lon": -73.9875, "lat": 40.654166666666669 }, "geometry": { "type": "Polygon", "coordinates": [ [ [ -73.983333333333334, 40.65 ], [ -73.983333333333334, 40.658333333333331 ], [ -73.991666666666674, 40.658333333333331 ], [ -73.991666666666674, 40.65 ], [ -73.983333333333334, 40.65 ] ] ] } },
{ "type": "Feature", "properties": { "cell_id": "r31_c33", "row": 31, "col": 33, "global_row": 5921, "global_col": 12722, "lon": -73.979166666666671, "lat": 40.654166666666661 }, "geometry": { "type": "Polygon", "coordinates": [ [ [ -73.975, 40.65 ], [ -73.975, 40.658333333333331 ], [ -73.983333333333334, 40.658333333333331 ], [ -73.983333333333334, 40.65 ], [ -73.975, 40.65 ] ] ] } },
{ "type": "Feature", "properties": { "cell_id": "r31_c34", "row": 31, "col": 34, "global_row": 5921, "global_col": 12723, "lon": -73.970833333333346, "lat": 40.654166666666669 }, "geometry": { "type": "Polygon", "coordinates": [ [ [ -73.966666666666669, 40.65 ], [ -73.966666666666669, 40.658333333333331 ], [ -73.975, 40.658333333333331 ], [ -73.975, 40.65 ], [ -73.966666666666669, 40.65 ] ] ] } },
{ "type": "Feature", "properties": { "cell_id": "r31_c35", "row": 31, "col": 35, "global_row": 5921, "global_col": 12724, "lon": -73.9625, "lat": 40.654166666666661 }, "geometry": { "type": "Polygon", "coordinates": [ [ [ -73.958333333333343, 40.65 ], [ -73.958333333333343, 40.658333333333331 ], [ -73.966666666666669, 40.658333333333331 ], [ -73.966666666666669, 40.65 ], [ -73.958333333333343, 40.65 ] ] ] } },
{ "type": "Feature", "properties": { "cell_id": "r31_c36", "row": 31, "col": 36, "global_row": 5921, "global_col": 12725, "lon": -73.95416666666668, "lat": 40.654166666666669 }, "geometry": { "type": "Polygon", "coordinates": [ [ [ -73.95, 40.65 ], [ -73.95, 40.658333333333331 ], [ -73.958333333333343, 40.658333333333331 ], [ -73.958333333333343, 40.65 ], [ -73.95, 40.65 ] ] ] } },
{ "type": "Feature", "properties": { "cell_id": "r31_c37", "row": 31, "col": 37, "global_row": 5921, "global_col": 12726, "lon": -73.94583333333334, "lat": 40.654166666666661 }, "geometry": { "type": "Polygon", "coordinates": [ [ [ -73.941666666666677, 40.65 ], [ -73.941666666666677, 40.658333333333331 ], [ -73.95, 40.658333333333331 ], [ -73.95, 40.65 ], [ -73.941666666666677, 40.65 ] ] ] } },
{ "type": "Feature", "properties": { "cell_id": "r31_c38", "row": 31, "col": 38, "global_row": 5921, "global_col": 12727, "lon": -73.9375, "lat": 40.654166666666669 }, "geometry": { "type": "Polygon", "coordinates": [ [ [ -73.933333333333337, 40.65 ], [ -73.933333333333337, 40.658333333333331 ], [ -73.941666666666677, 40.658333333333331 ], [ -73.941666666666677, 40.65 ], [ -73.933333333333337, 40.65 ] ] ] } },
{ "type": "Feature", "properties": { "cell_id": "r31_c39", "row": 31, "col": 39, "global_row": 5921, "global_col": 12728, "lon": -73.929166666666674, "lat": 40.654166666666661 }, "geometry": { "type": "Polygon", "coordinates": [ [ [ -73.925, 40.65 ], [ -73.925, 40.658333333333331 ], [ -73.933333333333337, 40.658333333333331 ], [ -73.933333333333337, 40.65 ], [ -73.925, 40.65 ] ] ] } },
{ "type": "Feature", "properties": { "cell_id": "r31_c40", "row": 31, "col": 40, "global_row": 5921, "global_col": 12729, "lon": -73.920833333333348, "lat": 40.654166666666669 }, "geometry": { "type": "Polygon", "coordinates": [ [ [ -73.916666666666671, 40.65 ], [ -73.916666666666671, 40.658333333333331 ], [ -73.925, 40.658333333333331 ], [ -73.925, 40.65 ], [ -73.916666666666671, 40.65 ] ] ] } },
{ "type": "Feature", "properties": { "cell_id": "r31_c41", "row": 31, "col": 41, "global_row": 5921, "global_col": 12730, "lon": -73.9125, "lat": 40.654166666666661 }, "geometry": { "type": "Polygon", "coordinates": [ [ [ -73.908333333333346, 40.65 ], [ -73.908333333333346, 40.658333333333331 ], [ -73.916666666666671, 40.658333333333331 ], [ -73.916666666666671, 40.65 ], [ -73.908333333333346, 40.65 ] ] ] } },
{ "type": "Feature", "properties": { "cell_id": "r31_c42", "row": 31, "col": 42, "global_row": 5921, "global_col": 12731, "lon": -73.904166666666683, "lat": 40.654166666666669 }, "geometry": { "type": "Polygon", "coordinates": [ [ [ -73.9, 40.65 ], [ -73.9, 40.658333333333331 ], [ -73.908333333333346, 40.658333333333331 ], [ -73.908333333333346, 40.65 ], [ -73.9, 40.65 ] ] ] } },
{ "type": "Feature", "properties": { "cell_id": "r31_c43", "row": 31, "col": 43, "global_row": 5921, "global_col": 12732, "lon": -73.895833333333343, "lat": 40.654166666666661 }, "geometry": { "type": "Polygon", "coordinates": [ [ [ -73.89166666666668, 40.65 ], [ -73.89166666666668, 40.658333333333331 ], [ -73.9, 40.658333333333331 ], [ -73.9, 40.65 ], [ -73.89166666666668, 40.65 ] ] ] } },
{ "type": "Feature", "properties": { "cell_id": "r31_c44", "row": 31, "col": 44, "global_row": 5921, "global_col": 12733, "lon": -73.8875, "lat": 40.654166666666669 }, "geometry": { "type": "Polygon", "coordinates": [ [ [ -73.88333333333334, 40.65 ], [ -73.88333333333334, 40.658333333333331 ], [ -73.89166666666668, 40.658333333333331 ], [ -73.89166666666668, 40.65 ], [ -73.88333333333334, 40.65 ] ] ] } },
{ "type": "Feature", "properties": { "cell_id": "r31_c46", "row": 31, "col": 46, "global_row": 5921, "global_col": 12735, "lon": -73.870833333333351, "lat": 40.654166666666661 }, "geometry": { "type": "Polygon", "coordinates": [ [ [ -73.866666666666674, 40.65 ], [ -73.866666666666674, 40.658333333333331 ], [ -73.875, 40.658333333333331 ], [ -73.875, 40.65 ], [ -73.866666666666674, 40.65 ] ] ] } },
{ "type": "Feature", "properties": { "cell_id": "r31_c47", "row": 31, "col": 47, "global_row": 5921, "global_col": 12736, "lon": -73.8625, "lat": 40.654166666666669 }, "geometry": { "type": "Polygon", "coordinates": [ [ [ -73.858333333333334, 40.65 ], [ -73.858333333333334, 40.658333333333331 ], [ -73.866666666666674, 40.658333333333331 ], [ -73.866666666666674, 40.65 ], [ -73.858333333333334, 40.65 ] ] ] } },
{ "type": "Feature", "properties": { "cell_id": "r31_c48", "row": 31, "col": 48, "global_row": 5921, "global_col": 12737, "lon": -73.854166666666671, "lat": 40.654166666666661 }, "geometry": { "type": "Polygon", "coordinates": [ [ [ -73.85, 40.65 ], [ -73.85, 40.658333333333331 ], [ -73.858333333333334, 40.658333333333331 ], [ -73.858333333333334, 40.65 ], [ -73.85, 40.65 ] ] ] } },
{ "type": "Feature", "properties": { "cell_id": "r31_c49", "row": 31, "col": 49, "global_row": 5921, "global_col": 12738, "lon": -73.845833333333346, "lat": 40.654166666666669 }, "geometry": { "type": "Polygon", "coordinates": [ [ [ -73.841666666666669, 40.65 ], [ -73.841666666666669, 40.658333333333331 ], [ -73.85, 40.658333333333331 ], [ -73.85, 40.65 ], [ -73.841666666666669, 40.65 ] ] ] } },
{ "type": "Feature", "properties": { "cell_id": "r31_c51", "row": 31, "col": 51, "global_row": 5921, "global_col": 12740, "lon": -73.82916666666668, "lat": 40.654166666666669 }, "geometry": { "type": "Polygon", "coordinates": [ [ [ -73.825, 40.65 ], [ -73.825, 40.658333333333331 ], [ -73.833333333333343, 40.658333333333331 ], [ -73.833333333333343, 40.65 ], [ -73.825, 40.65 ] ] ] } },
{ "type": "Feature", "properties": { "cell_id": "r31_c52", "row": 31, "col": 52, "global_row": 5921, "global_col": 12741, "lon": -73.82083333333334, "lat": 40.654166666666661 }, "geometry": { "type": "Polygon", "coordinates": [ [ [ -73.816666666666677, 40.65 ], [ -73.816666666666677, 40.658333333333331 ], [ -73.825, 40.658333333333331 ], [ -73.825, 40.65 ], [ -73.816666666666677, 40.65 ] ] ] } },
{ "type": "Feature", "properties": { "cell_id": "r31_c53", "row": 31, "col": 53, "global_row": 5921, "global_col": 12742, "lon": -73.8125, "lat": 40.654166666666669 }, "geometry": { "type": "Polygon", "coordinates": [ [ [ -73.808333333333337, 40.65 ], [ -73.808333333333337, 40.658333333333331 ], [ -73.816666666666677, 40.658333333333331 ], [ -73.816666666666677, 40.65 ], [ -73.808333333333337, 40.65 ] ] ] } },
{ "type": "Feature", "properties": { "cell_id": "r31_c54", "row": 31, "col": 54, "global_row": 5921, "global_col": 12743, "lon": -73.804166666666674, "lat": 40.654166666666661 }, "geometry": { "type": "Polygon", "coordinates": [ [ [ -73.8, 40.65 ], [ -73.8, 40.658333333333331 ], [ -73.808333333333337, 40.658333333333331 ], [ -73.808333333333337, 40.65 ], [ -73.8, 40.65 ] ] ] } },
{ "type": "Feature", "properties": { "cell_id": "r31_c55", "row": 31, "col": 55, "global_row": 5921, "global_col": 12744, "lon": -73.795833333333334, "lat": 40.654166666666669 }, "geometry": { "type": "Polygon", "coordinates": [ [ [ -73.791666666666671, 40.65 ], [ -73.791666666666671, 40.658333333333331 ], [ -73.8, 40.658333333333331 ], [ -73.8, 40.65 ], [ -73.791666666666671, 40.65 ] ] ] } },
{ "type": "Feature", "properties": { "cell_id": "r31_c56", "row": 31, "col": 56, "global_row": 5921, "global_col": 12745, "lon": -73.7875, "lat": 40.654166666666661 }, "geometry": { "type": "Polygon", "coordinates": [ [ [ -73.783333333333346, 40.65 ], [ -73.783333333333346, 40.658333333333331 ], [ -73.791666666666671, 40.658333333333331 ], [ -73.791666666666671, 40.65 ], [ -73.783333333333346, 40.65 ] ] ] } },
{ "type": "Feature", "properties": { "cell_id": "r31_c57", "row": 31, "col": 57, "global_row": 5921, "global_col": 12746, "lon": -73.779166666666669, "lat": 40.654166666666669 }, "geometry": { "type": "Polygon", "coordinates": [ [ [ -73.775, 40.65 ], [ -73.775, 40.658333333333331 ], [ -73.783333333333346, 40.658333333333331 ], [ -73.783333333333346, 40.65 ], [ -73.775, 40.65 ] ] ] } },
{ "type": "Feature", "properties": { "cell_id": "r31_c58", "row": 31, "col": 58, "global_row": 5921, "global_col": 12747, "lon": -73.770833333333343, "lat": 40.654166666666661 }, "geometry": { "type": "Polygon", "coordinates": [ [ [ -73.76666666666668, 40.65 ], [ -73.76666666666668, 40.658333333333331 ], [ -73.775, 40.658333333333331 ], [ -73.775, 40.65 ], [ -73.76666666666668, 40.65 ] ] ] } },
{ "type": "Feature", "properties": { "cell_id": "r31_c59", "row": 31, "col": 59, "global_row": 5921, "global_col": 12748, "lon": -73.7625, "lat": 40.654166666666669 }, "geometry": { "type": "Polygon", "coordinates": [ [ [ -73.75833333333334, 40.65 ], [ -73.75833333333334, 40.658333333333331 ], [ -73.76666666666668, 40.658333333333331 ], [ -73.76666666666668, 40.65 ], [ -73.75833333333334, 40.65 ] ] ] } },
{ "type": "Feature", "properties": { "cell_id": "r31_c60", "row": 31, "col": 60, "global_row": 5921, "global_col": 12749, "lon": -73.754166666666663, "lat": 40.654166666666669 }, "geometry": { "type": "Polygon", "coordinates": [ [ [ -73.75, 40.65 ], [ -73.75, 40.658333333333331 ], [ -73.75833333333334, 40.658333333333331 ], [ -73.75833333333334, 40.65 ], [ -73.75, 40.65 ] ] ] } },
{ "type": "Feature", "properties": { "cell_id": "r31_c61", "row": 31, "col": 61, "global_row": 5921, "global_col": 12750, "lon": -73.745833333333337, "lat": 40.654166666666661 }, "geometry": { "type": "Polygon", "coordinates": [ [ [ -73.741666666666674, 40.65 ], [ -73.741666666666674, 40.658333333333331 ], [ -73.75, 40.658333333333331 ], [ -73.75, 40.65 ], [ -73.741666666666674, 40.65 ] ] ] } },
{ "type": "Feature", "properties": { "cell_id": "r31_c62", "row": 31, "col": 62, "global_row": 5921, "global_col": 12751, "lon": -73.7375, "lat": 40.654166666666669 }, "geometry": { "type": "Polygon", "coordinates": [ [ [ -73.733333333333334, 40.65 ], [ -73.733333333333334, 40.658333333333331 ], [ -73.741666666666674, 40.658333333333331 ], [ -73.741666666666674, 40.65 ], [ -73.733333333333334, 40.65 ] ] ] } },
{ "type": "Feature", "properties": { "cell_id": "r31_c63", "row": 31, "col": 63, "global_row": 5921, "global_col": 12752, "lon": -73.729166666666671, "lat": 40.654166666666661 }, "geometry": { "type": "Polygon", "coordinates": [ [ [ -73.725, 40.65 ], [ -73.725, 40.658333333333331 ], [ -73.733333333333334, 40.658333333333331 ], [ -73.733333333333334, 40.65 ], [ -73.725, 40.65 ] ] ] } },
{ "type": "Feature", "properties": { "cell_id": "r32_c20", "row": 32, "col": 20, "global_row": 5922, "global_col": 12709, "lon": -74.0875, "lat": 40.645833333333329 }, "geometry": { "type": "Polygon", "coordinates": [ [ [ -74.083333333333343, 40.641666666666666 ], [ -74.083333333333343, 40.65 ], [ -74.091666666666669, 40.65 ], [ -74.091666666666669, 40.641666666666666 ], [ -74.083333333333343, 40.641666666666666 ] ] ] } },
{ "type": "Feature", "properties": { "cell_id": "r32_c21", "row": 32, "col": 21, "global_row": 5922, "global_col": 12710, "lon": -74.079166666666666, "lat": 40.645833333333329 }, "geometry": { "type": "Polygon", "coordinates": [ [ [ -74.075, 40.641666666666666 ], [ -74.075, 40.65 ], [ -74.083333333333343, 40.65 ], [ -74.083333333333343, 40.641666666666666 ], [ -74.075, 40.641666666666666 ] ] ] } },
{ "type": "Feature", "properties": { "cell_id": "r32_c28", "row": 32, "col": 28, "global_row": 5922, "global_col": 12717, "lon": -74.020833333333343, "lat": 40.645833333333329 }, "geometry": { "type": "Polygon", "coordinates": [ [ [ -74.01666666666668, 40.641666666666666 ], [ -74.01666666666668, 40.65 ], [ -74.025, 40.65 ], [ -74.025, 40.641666666666666 ], [ -74.01666666666668, 40.641666666666666 ] ] ] } },
{ "type": "Feature", "properties": { "cell_id": "r32_c29", "row": 32, "col": 29, "global_row": 5922, "global_col": 12718, "lon": -74.0125, "lat": 40.645833333333329 }, "geometry": { "type": "Polygon", "coordinates": [ [ [ -74.00833333333334, 40.641666666666666 ], [ -74.00833333333334, 40.65 ], [ -74.01666666666668, 40.65 ], [ -74.01666666666668, 40.641666666666666 ], [ -74.00833333333334, 40.641666666666666 ] ] ] } },
{ "type": "Feature", "properties": { "cell_id": "r32_c30", "row": 32, "col": 30, "global_row": 5922, "global_col": 12719, "lon": -74.004166666666677, "lat": 40.645833333333329 }, "geometry": { "type": "Polygon", "coordinates": [ [ [ -74.0, 40.641666666666666 ], [ -74.0, 40.65 ], [ -74.00833333333334, 40.65 ], [ -74.00833333333334, 40.641666666666666 ], [ -74.0, 40.641666666666666 ] ] ] } },
{ "type": "Feature", "properties": { "cell_id": "r32_c31", "row": 32, "col": 31, "global_row": 5922, "global_col": 12720, "lon": -73.995833333333337, "lat": 40.645833333333329 }, "geometry": { "type": "Polygon", "coordinates": [ [ [ -73.991666666666674, 40.641666666666666 ], [ -73.991666666666674, 40.65 ], [ -74.0, 40.65 ], [ -74.0, 40.641666666666666 ], [ -73.991666666666674, 40.641666666666666 ] ] ] } },
{ "type": "Feature", "properties": { "cell_id": "r32_c32", "row": 32, "col": 32, "global_row": 5922, "global_col": 12721, "lon": -73.9875, "lat": 40.645833333333329 }, "geometry": { "type": "Polygon", "coordinates": [ [ [ -73.983333333333334, 40.641666666666666 ], [ -73.983333333333334, 40.65 ], [ -73.991666666666674, 40.65 ], [ -73.991666666666674, 40.641666666666666 ], [ -73.983333333333334, 40.641666666666666 ] ] ] } },
{ "type": "Feature", "properties": { "cell_id": "r32_c33", "row": 32, "col": 33, "global_row": 5922, "global_col": 12722, "lon": -73.979166666666671, "lat": 40.645833333333329 }, "geometry": { "type": "Polygon", "coordinates": [ [ [ -73.975, 40.641666666666666 ], [ -73.975, 40.65 ], [ -73.983333333333334, 40.65 ], [ -73.983333333333334, 40.641666666666666 ], [ -73.975, 40.641666666666666 ] ] ] } },
{ "type": "Feature", "properties": { "cell_id": "r32_c34", "row": 32, "col": 34, "global_row": 5922, "global_col": 12723, "lon": -73.970833333333346, "lat": 40.645833333333329 }, "geometry": { "type": "Polygon", "coordinates": [ [ [ -73.966666666666669, 40.641666666666666 ], [ -73.966666666666669, 40.65 ], [ -73.975, 40.65 ], [ -73.975, 40.641666666666666 ], [ -73.966666666666669, 40.641666666666666 ] ] ] } },
{ "type": "Feature", "properties": { "cell_id": "r32_c35", "row": 32, "col": 35, "global_row": 5922, "global_col": 12724, "lon": -73.9625, "lat": 40.645833333333329 }, "geometry": { "type": "Polygon", "coordinates": [ [ [ -73.958333333333343, 40.641666666666666 ], [ -73.958333333333343, 40.65 ], [ -73.966666666666669, 40.65 ], [ -73.966666666666669, 40.641666666666666 ], [ -73.958333333333343, 40.641666666666666 ] ] ] } },
{ "type": "Feature", "properties": { "cell_id": "r32_c36", "row": 32, "col": 36, "global_row": 5922, "global_col": 12725, "lon": -73.95416666666668, "lat": 40.645833333333329 }, "geometry": { "type": "Polygon", "coordinates": [ [ [ -73.95, 40.641666666666666 ], [ -73.95, 40.65 ], [ -73.958333333333343, 40.65 ], [ -73.958333333333343, 40.641666666666666 ], [ -73.95, 40.641666666666666 ] ] ] } },
{ "type": "Feature", "properties": { "cell_id": "r32_c37", "row": 32, "col": 37, "global_row": 5922, "global_col": 12726, "lon": -73.94583333333334, "lat": 40.645833333333329 }, "geometry": { "type": "Polygon", "coordinates": [ [ [ -73.941666666666677, 40.641666666666666 ], [ -73.941666666666677, 40.65 ], [ -73.95, 40.65 ], [ -73.95, 40.641666666666666 ], [ -73.941666666666677, 40.641666666666666 ] ] ] } },
{ "type": "Feature", "properties": { "cell_id": "r32_c38", "row": 32, "col": 38, "global_row": 5922, "global_col": 12727, "lon": -73.9375, "lat": 40.645833333333329 }, "geometry": { "type": "Polygon", "coordinates": [ [ [ -73.933333333333337, 40.641666666666666 ], [ -73.933333333333337, 40.65 ], [ -73.941666666666677, 40.65 ], [ -73.941666666666677, 40.641666666666666 ], [ -73.933333333333337, 40.641666666666666 ] ] ] } },
{ "type": "Feature", "properties": { "cell_id": "r32_c39", "row": 32, "col": 39, "global_row": 5922, "global_col": 12728, "lon": -73.929166666666674, "lat": 40.645833333333329 }, "geometry": { "type": "Polygon", "coordinates": [ [ [ -73.925, 40.641666666666666 ], [ -73.925, 40.65 ], [ -73.933333333333337, 40.65 ], [ -73.933333333333337, 40.641666666666666 ], [ -73.925, 40.641666666666666 ] ] ] } },
{ "type": "Feature", "properties": { "cell_id": "r32_c40", "row": 32, "col": 40, "global_row": 5922, "global_col": 12729, "lon": -73.920833333333348, "lat": 40.645833333333329 }, "geometry": { "type": "Polygon", "coordinates": [ [ [ -73.916666666666671, 40.641666666666666 ], [ -73.916666666666671, 40.65 ], [ -73.925, 40.65 ], [ -73.925, 40.641666666666666 ], [ -73.916666666666671, 40.641666666666666 ] ] ] } },
{ "type": "Feature", "properties": { "cell_id": "r32_c41", "row": 32, "col": 41, "global_row": 5922, "global_col": 12730, "lon": -73.9125, "lat": 40.645833333333329 }, "geometry": { "type": "Polygon", "coordinates": [ [ [ -73.908333333333346, 40.641666666666666 ], [ -73.908333333333346, 40.65 ], [ -73.916666666666671, 40.65 ], [ -73.916666666666671, 40.641666666666666 ], [ -73.908333333333346, 40.641666666666666 ] ] ] } },
{ "type": "Feature", "properties": { "cell_id": "r32_c42", "row": 32, "col": 42, "global_row": 5922, "global_col": 12731, "lon": -73.904166666666683, "lat": 40.645833333333329 }, "geometry": { "type": "Polygon", "coordinates": [ [ [ -73.9, 40.641666666666666 ], [ -73.9, 40.65 ], [ -73.908333333333346, 40.65 ], [ -73.908333333333346, 40.641666666666666 ], [ -73.9, 40.641666666666666 ] ] ] } },
{ "type": "Feature", "properties": { "cell_id": "r32_c43", "row": 32, "col": 43, "global_row": 5922, "global_col": 12732, "lon": -73.895833333333343, "lat": 40.645833333333329 }, "geometry": { "type": "Polygon", "coordinates": [ [ [ -73.89166666666668, 40.641666666666666 ], [ -73.89166666666668, 40.65 ], [ -73.9, 40.65 ], [ -73.9, 40.641666666666666 ], [ -73.89166666666668, 40.641666666666666 ] ] ] } },
{ "type": "Feature", "properties": { "cell_id": "r32_c45", "row": 32, "col": 45, "global_row": 5922, "global_col": 12734, "lon": -73.879166666666663, "lat": 40.645833333333329 }, "geometry": { "type": "Polygon", "coordinates": [ [ [ -73.875, 40.641666666666666 ], [ -73.875, 40.65 ], [ -73.88333333333334, 40.65 ], [ -73.88333333333334, 40.641666666666666 ], [ -73.875, 40.641666666666666 ] ] ] } },
{ "type": "Feature", "properties": { "cell_id": "r32_c46", "row": 32, "col": 46, "global_row": 5922, "global_col": 12735, "lon": -73.870833333333351, "lat": 40.645833333333329 }, "geometry": { "type": "Polygon", "coordinates": [ [ [ -73.866666666666674, 40.641666666666666 ], [ -73.866666666666674, 40.65 ], [ -73.875, 40.65 ], [ -73.875, 40.641666666666666 ], [ -73.866666666666674, 40.641666666666666 ] ] ] } },
{ "type": "Feature", "properties": { "cell_id": "r32_c47", "row": 32, "col": 47, "global_row": 5922, "global_col": 12736, "lon": -73.8625, "lat": 40.645833333333329 }, "geometry": { "type": "Polygon", "coordinates": [ [ [ -73.858333333333334, 40.641666666666666 ], [ -73.858333333333334, 40.65 ], [ -73.866666666666674, 40.65 ], [ -73.866666666666674, 40.641666666666666 ], [ -73.858333333333334, 40.641666666666666 ] ] ] } },
{ "type": "Feature", "properties": { "cell_id": "r32_c49", "row": 32, "col": 49, "global_row": 5922, "global_col": 12738, "lon": -73.845833333333346, "lat": 40.645833333333329 }, "geometry": { "type": "Polygon", "coordinates": [ [ [ -73.841666666666669, 40.641666666666666 ], [ -73.841666666666669, 40.65 ], [ -73.85, 40.65 ], [ -73.85, 40.641666666666666 ], [ -73.841666666666669, 40.641666666666666 ] ] ] } },
{ "type": "Feature", "properties": { "cell_id": "r32_c50", "row": 32, "col": 50, "global_row": 5922, "global_col": 12739, "lon": -73.8375, "lat": 40.645833333333329 }, "geometry": { "type": "Polygon", "coordinates": [ [ [ -73.833333333333343, 40.641666666666666 ], [ -73.833333333333343, 40.65 ], [ -73.841666666666669, 40.65 ], [ -73.841666666666669, 40.641666666666666 ], [ -73.833333333333343, 40.641666666666666 ] ] ] } },
{ "type": "Feature", "properties": { "cell_id": "r32_c53", "row": 32, "col": 53, "global_row": 5922, "global_col": 12742, "lon": -73.8125, "lat": 40.645833333333329 }, "geometry": { "type": "Polygon", "coordinates": [ [ [ -73.808333333333337, 40.641666666666666 ], [ -73.808333333333337, 40.65 ], [ -73.816666666666677, 40.65 ], [ -73.816666666666677, 40.641666666666666 ], [ -73.808333333333337, 40.641666666666666 ] ] ] } },
{ "type": "Feature", "properties": { "cell_id": "r32_c54", "row": 32, "col": 54, "global_row": 5922, "global_col": 12743, "lon": -73.804166666666674, "lat": 40.645833333333329 }, "geometry": { "type": "Polygon", "coordinates": [ [ [ -73.8, 40.641666666666666 ], [ -73.8, 40.65 ], [ -73.808333333333337, 40.65 ], [ -73.808333333333337, 40.641666666666666 ], [ -73.8, 40.641666666666666 ] ] ] } },
{ "type": "Feature", "properties": { "cell_id": "r32_c55", "row": 32, "col": 55, "global_row": 5922, "global_col": 12744, "lon": -73.795833333333334, "lat": 40.645833333333329 }, "geometry": { "type": "Polygon", "coordinates": [ [ [ -73.791666666666671, 40.641666666666666 ], [ -73.791666666666671, 40.65 ], [ -73.8, 40.65 ], [ -73.8, 40.641666666666666 ], [ -73.791666666666671, 40.641666666666666 ] ] ] } },
{ "type": "Feature", "properties": { "cell_id": "r32_c56", "row": 32, "col": 56, "global_row": 5922, "global_col": 12745, "lon": -73.7875, "lat": 40.645833333333329 }, "geometry": { "type": "Polygon", "coordinates": [ [ [ -73.783333333333346, 40.641666666666666 ], [ -73.783333333333346, 40.65 ], [ -73.791666666666671, 40.65 ], [ -73.791666666666671, 40.641666666666666 ], [ -73.783333333333346, 40.641666666666666 ] ] ] } },
{ "type": "Feature", "properties": { "cell_id": "r32_c57", "row": 32, "col": 57, "global_row": 5922, "global_col": 12746, "lon": -73.779166666666669, "lat": 40.645833333333329 }, "geometry": { "type": "Polygon", "coordinates": [ [ [ -73.775, 40.641666666666666 ], [ -73.775, 40.65 ], [ -73.783333333333346, 40.65 ], [ -73.783333333333346, 40.641666666666666 ], [ -73.775, 40.641666666666666 ] ] ] } },
{ "type": "Feature", "properties": { "cell_id": "r32_c58", "row": 32, "col": 58, "global_row": 5922, "global_col": 12747, "lon": -73.770833333333343, "lat": 40.645833333333329 }, "geometry": { "type": "Polygon", "coordinates": [ [ [ -73.76666666666668, 40.641666666666666 ], [ -73.76666666666668, 40.65 ], [ -73.775, 40.65 ], [ -73.775, 40.641666666666666 ], [ -73.76666666666668, 40.641666666666666 ] ] ] } },
{ "type": "Feature", "properties": { "cell_id": "r32_c59", "row": 32, "col": 59, "global_row": 5922, "global_col": 12748, "lon": -73.7625, "lat": 40.645833333333329 }, "geometry": { "type": "Polygon", "coordinates": [ [ [ -73.75833333333334, 40.641666666666666 ], [ -73.75833333333334, 40.65 ], [ -73.76666666666668, 40.65 ], [ -73.76666666666668, 40.641666666666666 ], [ -73.75833333333334, 40.641666666666666 ] ] ] } },
{ "type": "Feature", "properties": { "cell_id": "r32_c60", "row": 32, "col": 60, "global_row": 5922, "global_col": 12749, "lon": -73.754166666666663, "lat": 40.645833333333329 }, "geometry": { "type": "Polygon", "coordinates": [ [ [ -73.75, 40.641666666666666 ], [ -73.75, 40.65 ], [ -73.75833333333334, 40.65 ], [ -73.75833333333334, 40.641666666666666 ], [ -73.75, 40.641666666666666 ] ] ] } },
{ "type": "Feature", "properties": { "cell_id": "r32_c61", "row": 32, "col": 61, "global_row": 5922, "global_col": 12750, "lon": -73.745833333333337, "lat": 40.645833333333329 }, "geometry": { "type": "Polygon", "coordinates": [ [ [ -73.741666666666674, 40.641666666666666 ], [ -73.741666666666674, 40.65 ], [ -73.75, 40.65 ], [ -73.75, 40.641666666666666 ], [ -73.741666666666674, 40.641666666666666 ] ] ] } },
{ "type": "Feature", "properties": { "cell_id": "r33_c8", "row": 33, "col": 8, "global_row": 5923, "global_col": 12697, "lon": -74.1875, "lat": 40.6375 }, "geometry": { "type": "Polygon", "coordinates": [ [ [ -74.183333333333337, 40.633333333333333 ], [ -74.183333333333337, 40.641666666666666 ], [ -74.191666666666677, 40.641666666666666 ], [ -74.191666666666677, 40.633333333333333 ], [ -74.183333333333337, 40.633333333333333 ] ] ] } },
{ "type": "Feature", "properties": { "cell_id": "r33_c9", "row": 33, "col": 9, "global_row": 5923, "global_col": 12698, "lon": -74.179166666666674, "lat": 40.6375 }, "geometry": { "type": "Polygon", "coordinates": [ [ [ -74.175, 40.633333333333333 ], [ -74.175, 40.641666666666666 ], [ -74.183333333333337, 40.641666666666666 ], [ -74.183333333333337, 40.633333333333333 ], [ -74.175, 40.633333333333333 ] ] ] } },
{ "type": "Feature", "properties": { "cell_id": "r33_c10", "row": 33, "col": 10, "global_row": 5923, "global_col": 12699, "lon": -74.170833333333334, "lat": 40.6375 }, "geometry": { "type": "Polygon", "coordinates": [ [ [ -74.166666666666671, 40.633333333333333 ], [ -74.166666666666671, 40.641666666666666 ], [ -74.175, 40.641666666666666 ], [ -74.175, 40.633333333333333 ], [ -74.166666666666671, 40.633333333333333 ] ] ] } },
{ "type": "Feature", "properties": { "cell_id": "r33_c11", "row": 33, "col": 11, "global_row": 5923, "global_col": 12700, "lon": -74.1625, "lat": 40.6375 }, "geometry": { "type": "Polygon", "coordinates": [ [ [ -74.158333333333346, 40.633333333333333 ], [ -74.158333333333346, 40.641666666666666 ], [ -74.166666666666671, 40.641666666666666 ], [ -74.166666666666671, 40.633333333333333 ], [ -74.158333333333346, 40.633333333333333 ] ] ] } },
{ "type": "Feature", "properties": { "cell_id": "r33_c13", "row": 33, "col": 13, "global_row": 5923, "global_col": 12702, "lon": -74.145833333333343, "lat": 40.6375 }, "geometry": { "type": "Polygon", "coordinates": [ [ [ -74.14166666666668, 40.633333333333333 ], [ -74.14166666666668, 40.641666666666666 ], [ -74.15, 40.641666666666666 ], [ -74.15, 40.633333333333333 ], [ -74.14166666666668, 40.633333333333333 ] ] ] } },
{ "type": "Feature", "properties": { "cell_id": "r33_c14", "row": 33, "col": 14, "global_row": 5923, "global_col": 12703, "lon": -74.1375, "lat": 40.6375 }, "geometry": { "type": "Polygon", "coordinates": [ [ [ -74.13333333333334, 40.633333333333333 ], [ -74.13333333333334, 40.641666666666666 ], [ -74.14166666666668, 40.641666666666666 ], [ -74.14166666666668, 40.633333333333333 ], [ -74.13333333333334, 40.633333333333333 ] ] ] } },
{ "type": "Feature", "properties": { "cell_id": "r33_c15", "row": 33, "col": 15, "global_row": 5923, "global_col": 12704, "lon": -74.129166666666663, "lat": 40.6375 }, "geometry": { "type": "Polygon", "coordinates": [ [ [ -74.125, 40.633333333333333 ], [ -74.125, 40.641666666666666 ], [ -74.13333333333334, 40.641666666666666 ], [ -74.13333333333334, 40.633333333333333 ], [ -74.125, 40.633333333333333 ] ] ] } },
{ "type": "Feature", "properties": { "cell_id": "r33_c16", "row": 33, "col": 16, "global_row": 5923, "global_col": 12705, "lon": -74.120833333333337, "lat": 40.6375 }, "geometry": { "type": "Polygon", "coordinates": [ [ [ -74.116666666666674, 40.633333333333333 ], [ -74.116666666666674, 40.641666666666666 ], [ -74.125, 40.641666666666666 ], [ -74.125, 40.633333333333333 ], [ -74.116666666666674, 40.633333333333333 ] ] ] } },
{ "type": "Feature", "properties": { "cell_id": "r33_c17", "row": 33, "col": 17, "global_row": 5923, "global_col": 12706, "lon": -74.1125, "lat": 40.6375 }, "geometry": { "type": "Polygon", "coordinates": [ [ [ -74.108333333333334, 40.633333333333333 ], [ -74.108333333333334, 40.641666666666666 ], [ -74.116666666666674, 40.641666666666666 ], [ -74.116666666666674, 40.633333333333333 ], [ -74.108333333333334, 40.633333333333333 ] ] ] } },
{ "type": "Feature", "properties": { "cell_id": "r33_c18", "row": 33, "col": 18, "global_row": 5923, "global_col": 12707, "lon": -74.104166666666657, "lat": 40.6375 }, "geometry": { "type": "Polygon", "coordinates": [ [ [ -74.1, 40.633333333333333 ], [ -74.1, 40.641666666666666 ], [ -74.108333333333334, 40.641666666666666 ], [ -74.108333333333334, 40.633333333333333 ], [ -74.1, 40.633333333333333 ] ] ] } },
{ "type": "Feature", "properties": { "cell_id": "r33_c19", "row": 33, "col": 19, "global_row": 5923, "global_col": 12708, "lon": -74.095833333333346, "lat": 40.6375 }, "geometry": { "type": "Polygon", "coordinates": [ [ [ -74.091666666666669, 40.633333333333333 ], [ -74.091666666666669, 40.641666666666666 ], [ -74.1, 40.641666666666666 ], [ -74.1, 40.633333333333333 ], [ -74.091666666666669, 40.633333333333333 ] ] ] } },
{ "type": "Feature", "properties": { "cell_id": "r33_c20", "row": 33, "col": 20, "global_row": 5923, "global_col": 12709, "lon": -74.0875, "lat": 40.6375 }, "geometry": { "type": "Polygon", "coordinates": [ [ [ -74.083333333333343, 40.633333333333333 ], [ -74.083333333333343, 40.641666666666666 ], [ -74.091666666666669, 40.641666666666666 ], [ -74.091666666666669, 40.633333333333333 ], [ -74.083333333333343, 40.633333333333333 ] ] ] } },
{ "type": "Feature", "properties": { "cell_id": "r33_c21", "row": 33, "col": 21, "global_row": 5923, "global_col": 12710, "lon": -74.079166666666666, "lat": 40.6375 }, "geometry": { "type": "Polygon", "coordinates": [ [ [ -74.075, 40.633333333333333 ], [ -74.075, 40.641666666666666 ], [ -74.083333333333343, 40.641666666666666 ], [ -74.083333333333343, 40.633333333333333 ], [ -74.075, 40.633333333333333 ] ] ] } },
{ "type": "Feature", "properties": { "cell_id": "r33_c26", "row": 33, "col": 26, "global_row": 5923, "global_col": 12715, "lon": -74.0375, "lat": 40.6375 }, "geometry": { "type": "Polygon", "coordinates": [ [ [ -74.033333333333346, 40.633333333333333 ], [ -74.033333333333346, 40.641666666666666 ], [ -74.041666666666671, 40.641666666666666 ], [ -74.041666666666671, 40.633333333333333 ], [ -74.033333333333346, 40.633333333333333 ] ] ] } },
{ "type": "Feature", "properties": { "cell_id": "r33_c27", "row": 33, "col": 27, "global_row": 5923, "global_col": 12716, "lon": -74.029166666666683, "lat": 40.6375 }, "geometry": { "type": "Polygon", "coordinates": [ [ [ -74.025, 40.633333333333333 ], [ -74.025, 40.641666666666666 ], [ -74.033333333333346, 40.641666666666666 ], [ -74.033333333333346, 40.633333333333333 ], [ -74.025, 40.633333333333333 ] ] ] } },
{ "type": "Feature", "properties": { "cell_id": "r33_c28", "row": 33, "col": 28, "global_row": 5923, "global_col": 12717, "lon": -74.020833333333343, "lat": 40.6375 }, "geometry": { "type": "Polygon", "coordinates": [ [ [ -74.01666666666668, 40.633333333333333 ], [ -74.01666666666668, 40.641666666666666 ], [ -74.025, 40.641666666666666 ], [ -74.025, 40.633333333333333 ], [ -74.01666666666668, 40.633333333333333 ] ] ] } },
{ "type": "Feature", "properties": { "cell_id": "r33_c29", "row": 33, "col": 29, "global_row": 5923, "global_col": 12718, "lon": -74.0125, "lat": 40.6375 }, "geometry": { "type": "Polygon", "coordinates": [ [ [ -74.00833333333334, 40.633333333333333 ], [ -74.00833333333334, 40.641666666666666 ], [ -74.01666666666668, 40.641666666666666 ], [ -74.01666666666668, 40.633333333333333 ], [ -74.00833333333334, 40.633333333333333 ] ] ] } },
{ "type": "Feature", "properties": { "cell_id": "r33_c30", "row": 33, "col": 30, "global_row": 5923, "global_col": 12719, "lon": -74.004166666666677, "lat": 40.6375 }, "geometry": { "type": "Polygon", "coordinates": [ [ [ -74.0, 40.633333333333333 ], [ -74.0, 40.641666666666666 ], [ -74.00833333333334, 40.641666666666666 ], [ -74.00833333333334, 40.633333333333333 ], [ -74.0, 40.633333333333333 ] ] ] } },
{ "type": "Feature", "properties": { "cell_id": "r33_c31", "row": 33, "col": 31, "global_row": 5923, "global_col": 12720, "lon": -73.995833333333337, "lat": 40.6375 }, "geometry": { "type": "Polygon", "coordinates": [ [ [ -73.991666666666674, 40.633333333333333 ], [ -73.991666666666674, 40.641666666666666 ], [ -74.0, 40.641666666666666 ], [ -74.0, 40.633333333333333 ], [ -73.991666666666674, 40.633333333333333 ] ] ] } },
{ "type": "Feature", "properties": { "cell_id": "r33_c32", "row": 33, "col": 32, "global_row": 5923, "global_col": 12721, "lon": -73.9875, "lat": 40.6375 }, "geometry": { "type": "Polygon", "coordinates": [ [ [ -73.983333333333334, 40.633333333333333 ], [ -73.983333333333334, 40.641666666666666 ], [ -73.991666666666674, 40.641666666666666 ], [ -73.991666666666674, 40.633333333333333 ], [ -73.983333333333334, 40.633333333333333 ] ] ] } },
{ "type": "Feature", "properties": { "cell_id": "r33_c33", "row": 33, "col": 33, "global_row": 5923, "global_col": 12722, "lon": -73.979166666666671, "lat": 40.6375 }, "geometry": { "type": "Polygon", "coordinates": [ [ [ -73.975, 40.633333333333333 ], [ -73.975, 40.641666666666666 ], [ -73.983333333333334, 40.641666666666666 ], [ -73.983333333333334, 40.633333333333333 ], [ -73.975, 40.633333333333333 ] ] ] } },
{ "type": "Feature", "properties": { "cell_id": "r33_c34", "row": 33, "col": 34, "global_row": 5923, "global_col": 12723, "lon": -73.970833333333346, "lat": 40.6375 }, "geometry": { "type": "Polygon", "coordinates": [ [ [ -73.966666666666669, 40.633333333333333 ], [ -73.966666666666669, 40.641666666666666 ], [ -73.975, 40.641666666666666 ], [ -73.975, 40.633333333333333 ], [ -73.966666666666669, 40.633333333333333 ] ] ] } },
{ "type": "Feature", "properties": { "cell_id": "r33_c35", "row": 33, "col": 35, "global_row": 5923, "global_col": 12724, "lon": -73.9625, "lat": 40.6375 }, "geometry": { "type": "Polygon", "coordinates": [ [ [ -73.958333333333343, 40.633333333333333 ], [ -73.958333333333343, 40.641666666666666 ], [ -73.966666666666669, 40.641666666666666 ], [ -73.966666666666669, 40.633333333333333 ], [ -73.958333333333343, 40.633333333333333 ] ] ] } },
{ "type": "Feature", "properties": { "cell_id": "r33_c36", "row": 33, "col": 36, "global_row": 5923, "global_col": 12725, "lon": -73.95416666666668, "lat": 40.6375 }, "geometry": { "type": "Polygon", "coordinates": [ [ [ -73.95, 40.633333333333333 ], [ -73.95, 40.641666666666666 ], [ -73.958333333333343, 40.641666666666666 ], [ -73.958333333333343, 40.633333333333333 ], [ -73.95, 40.633333333333333 ] ] ] } },
{ "type": "Feature", "properties": { "cell_id": "r33_c37", "row": 33, "col": 37, "global_row": 5923, "global_col": 12726, "lon": -73.94583333333334, "lat": 40.6375 }, "geometry": { "type": "Polygon", "coordinates": [ [ [ -73.941666666666677, 40.633333333333333 ], [ -73.941666666666677, 40.641666666666666 ], [ -73.95, 40.641666666666666 ], [ -73.95, 40.633333333333333 ], [ -73.941666666666677, 40.633333333333333 ] ] ] } },
{ "type": "Feature", "properties": { "cell_id": "r33_c38", "row": 33, "col": 38, "global_row": 5923, "global_col": 12727, "lon": -73.9375, "lat": 40.6375 }, "geometry": { "type": "Polygon", "coordinates": [ [ [ -73.933333333333337, 40.633333333333333 ], [ -73.933333333333337, 40.641666666666666 ], [ -73.941666666666677, 40.641666666666666 ], [ -73.941666666666677, 40.633333333333333 ], [ -73.933333333333337, 40.633333333333333 ] ] ] } },
{ "type": "Feature", "properties": { "cell_id": "r33_c39", "row": 33, "col": 39, "global_row": 5923, "global_col": 12728, "lon": -73.929166666666674, "lat": 40.6375 }, "geometry": { "type": "Polygon", "coordinates": [ [ [ -73.925, 40.633333333333333 ], [ -73.925, 40.641666666666666 ], [ -73.933333333333337, 40.641666666666666 ], [ -73.933333333333337, 40.633333333333333 ], [ -73.925, 40.633333333333333 ] ] ] } },
{ "type": "Feature", "properties": { "cell_id": "r33_c40", "row": 33, "col": 40, "global_row": 5923, "global_col": 12729, "lon": -73.920833333333348, "lat": 40.6375 }, "geometry": { "type": "Polygon", "coordinates": [ [ [ -73.916666666666671, 40.633333333333333 ], [ -73.916666666666671, 40.641666666666666 ], [ -73.925, 40.641666666666666 ], [ -73.925, 40.633333333333333 ], [ -73.916666666666671, 40.633333333333333 ] ] ] } },
{ "type": "Feature", "properties": { "cell_id": "r33_c41", "row": 33, "col": 41, "global_row": 5923, "global_col": 12730, "lon": -73.9125, "lat": 40.6375 }, "geometry": { "type": "Polygon", "coordinates": [ [ [ -73.908333333333346, 40.633333333333333 ], [ -73.908333333333346, 40.641666666666666 ], [ -73.916666666666671, 40.641666666666666 ], [ -73.916666666666671, 40.633333333333333 ], [ -73.908333333333346, 40.633333333333333 ] ] ] } },
{ "type": "Feature", "properties": { "cell_id": "r33_c42", "row": 33, "col": 42, "global_row": 5923, "global_col": 12731, "lon": -73.904166666666683, "lat": 40.6375 }, "geometry": { "type": "Polygon", "coordinates": [ [ [ -73.9, 40.633333333333333 ], [ -73.9, 40.641666666666666 ], [ -73.908333333333346, 40.641666666666666 ], [ -73.908333333333346, 40.633333333333333 ], [ -73.9, 40.633333333333333 ] ] ] } },
{ "type": "Feature", "properties": { "cell_id": "r33_c43", "row": 33, "col": 43, "global_row": 5923, "global_col": 12732, "lon": -73.895833333333343, "lat": 40.6375 }, "geometry": { "type": "Polygon", "coordinates": [ [ [ -73.89166666666668, 40.633333333333333 ], [ -73.89166666666668, 40.641666666666666 ], [ -73.9, 40.641666666666666 ], [ -73.9, 40.633333333333333 ], [ -73.89166666666668, 40.633333333333333 ] ] ] } },
{ "type": "Feature", "properties": { "cell_id": "r33_c44", "row": 33, "col": 44, "global_row": 5923, "global_col": 12733, "lon": -73.8875, "lat": 40.6375 }, "geometry": { "type": "Polygon", "coordinates": [ [ [ -73.88333333333334, 40.633333333333333 ], [ -73.88333333333334, 40.641666666666666 ], [ -73.89166666666668, 40.641666666666666 ], [ -73.89166666666668, 40.633333333333333 ], [ -73.88333333333334, 40.633333333333333 ] ] ] } },
{ "type": "Feature", "properties": { "cell_id": "r33_c45", "row": 33, "col": 45, "global_row": 5923, "global_col": 12734, "lon": -73.879166666666663, "lat": 40.6375 }, "geometry": { "type": "Polygon", "coordinates": [ [ [ -73.875, 40.633333333333333 ], [ -73.875, 40.641666666666666 ], [ -73.88333333333334, 40.641666666666666 ], [ -73.88333333333334, 40.633333333333333 ], [ -73.875, 40.633333333333333 ] ] ] } },
{ "type": "Feature", "properties": { "cell_id": "r33_c46", "row": 33, "col": 46, "global_row": 5923, "global_col": 12735, "lon": -73.870833333333351, "lat": 40.6375 }, "geometry": { "type": "Polygon", "coordinates": [ [ [ -73.866666666666674, 40.633333333333333 ], [ -73.866666666666674, 40.641666666666666 ], [ -73.875, 40.641666666666666 ], [ -73.875, 40.633333333333333 ], [ -73.866666666666674, 40.633333333333333 ] ] ] } },
{ "type": "Feature", "properties": { "cell_id": "r33_c49", "row": 33, "col": 49, "global_row": 5923, "global_col": 12738, "lon": -73.845833333333346, "lat": 40.6375 }, "geometry": { "type": "Polygon", "coordinates": [ [ [ -73.841666666666669, 40.633333333333333 ], [ -73.841666666666669, 40.641666666666666 ], [ -73.85, 40.641666666666666 ], [ -73.85, 40.633333333333333 ], [ -73.841666666666669, 40.633333333333333 ] ] ] } },
{ "type": "Feature", "properties": { "cell_id": "r33_c55", "row": 33, "col": 55, "global_row": 5923, "global_col": 12744, "lon": -73.795833333333334, "lat": 40.6375 }, "geometry": { "type": "Polygon", "coordinates": [ [ [ -73.791666666666671, 40.633333333333333 ], [ -73.791666666666671, 40.641666666666666 ], [ -73.8, 40.641666666666666 ], [ -73.8, 40.633333333333333 ], [ -73.791666666666671, 40.633333333333333 ] ] ] } },
{ "type": "Feature", "properties": { "cell_id": "r33_c56", "row": 33, "col": 56, "global_row": 5923, "global_col": 12745, "lon": -73.7875, "lat": 40.6375 }, "geometry": { "type": "Polygon", "coordinates": [ [ [ -73.783333333333346, 40.633333333333333 ], [ -73.783333333333346, 40.641666666666666 ], [ -73.791666666666671, 40.641666666666666 ], [ -73.791666666666671, 40.633333333333333 ], [ -73.783333333333346, 40.633333333333333 ] ] ] } },
{ "type": "Feature", "properties": { "cell_id": "r33_c57", "row": 33, "col": 57, "global_row": 5923, "global_col": 12746, "lon": -73.779166666666669, "lat": 40.6375 }, "geometry": { "type": "Polygon", "coordinates": [ [ [ -73.775, 40.633333333333333 ], [ -73.775, 40.641666666666666 ], [ -73.783333333333346, 40.641666666666666 ], [ -73.783333333333346, 40.633333333333333 ], [ -73.775, 40.633333333333333 ] ] ] } },
{ "type": "Feature", "properties": { "cell_id": "r33_c58", "row": 33, "col": 58, "global_row": 5923, "global_col": 12747, "lon": -73.770833333333343, "lat": 40.6375 }, "geometry": { "type": "Polygon", "coordinates": [ [ [ -73.76666666666668, 40.633333333333333 ], [ -73.76666666666668, 40.641666666666666 ], [ -73.775, 40.641666666666666 ], [ -73.775, 40.633333333333333 ], [ -73.76666666666668, 40.633333333333333 ] ] ] } },
{ "type": "Feature", "properties": { "cell_id": "r33_c59", "row": 33, "col": 59, "global_row": 5923, "global_col": 12748, "lon": -73.7625, "lat": 40.6375 }, "geometry": { "type": "Polygon", "coordinates": [ [ [ -73.75833333333334, 40.633333333333333 ], [ -73.75833333333334, 40.641666666666666 ], [ -73.76666666666668, 40.641666666666666 ], [ -73.76666666666668, 40.633333333333333 ], [ -73.75833333333334, 40.633333333333333 ] ] ] } },
{ "type": "Feature", "properties": { "cell_id": "r33_c60", "row": 33, "col": 60, "global_row": 5923, "global_col": 12749, "lon": -73.754166666666663, "lat": 40.6375 }, "geometry": { "type": "Polygon", "coordinates": [ [ [ -73.75, 40.633333333333333 ], [ -73.75, 40.641666666666666 ], [ -73.75833333333334, 40.641666666666666 ], [ -73.75833333333334, 40.633333333333333 ], [ -73.75, 40.633333333333333 ] ] ] } },
{ "type": "Feature", "properties": { "cell_id": "r33_c61", "row": 33, "col": 61, "global_row": 5923, "global_col": 12750, "lon": -73.745833333333337, "lat": 40.6375 }, "geometry": { "type": "Polygon", "coordinates": [ [ [ -73.741666666666674, 40.633333333333333 ], [ -73.741666666666674, 40.641666666666666 ], [ -73.75, 40.641666666666666 ], [ -73.75, 40.633333333333333 ], [ -73.741666666666674, 40.633333333333333 ] ] ] } },
{ "type": "Feature", "properties": { "cell_id": "r34_c7", "row": 34, "col": 7, "global_row": 5924, "global_col": 12696, "lon": -74.19583333333334, "lat": 40.629166666666663 }, "geometry": { "type": "Polygon", "coordinates": [ [ [ -74.191666666666677, 40.625 ], [ -74.191666666666677, 40.633333333333333 ], [ -74.2, 40.633333333333333 ], [ -74.2, 40.625 ], [ -74.191666666666677, 40.625 ] ] ] } },
{ "type": "Feature", "properties": { "cell_id": "r34_c8", "row": 34, "col": 8, "global_row": 5924, "global_col": 12697, "lon": -74.1875, "lat": 40.62916666666667 }, "geometry": { "type": "Polygon", "coordinates": [ [ [ -74.183333333333337, 40.625 ], [ -74.183333333333337, 40.633333333333333 ], [ -74.191666666666677, 40.633333333333333 ], [ -74.191666666666677, 40.625 ], [ -74.183333333333337, 40.625 ] ] ] } },
{ "type": "Feature", "properties": { "cell_id": "r34_c9", "row": 34, "col": 9, "global_row": 5924, "global_col": 12698, "lon": -74.179166666666674, "lat": 40.629166666666663 }, "geometry": { "type": "Polygon", "coordinates": [ [ [ -74.175, 40.625 ], [ -74.175, 40.633333333333333 ], [ -74.183333333333337, 40.633333333333333 ], [ -74.183333333333337, 40.625 ], [ -74.175, 40.625 ] ] ] } },
{ "type": "Feature", "properties": { "cell_id": "r34_c10", "row": 34, "col": 10, "global_row": 5924, "global_col": 12699, "lon": -74.170833333333334, "lat": 40.62916666666667 }, "geometry": { "type": "Polygon", "coordinates": [ [ [ -74.166666666666671, 40.625 ], [ -74.166666666666671, 40.633333333333333 ], [ -74.175, 40.633333333333333 ], [ -74.175, 40.625 ], [ -74.166666666666671, 40.625 ] ] ] } },
{ "type": "Feature", "properties": { "cell_id": "r34_c11", "row": 34, "col": 11, "global_row": 5924, "global_col": 12700, "lon": -74.1625, "lat": 40.629166666666663 }, "geometry": { "type": "Polygon", "coordinates": [ [ [ -74.158333333333346, 40.625 ], [ -74.158333333333346, 40.633333333333333 ], [ -74.166666666666671, 40.633333333333333 ], [ -74.166666666666671, 40.625 ], [ -74.158333333333346, 40.625 ] ] ] } },
{ "type": "Feature", "properties": { "cell_id": "r34_c12", "row": 34, "col": 12, "global_row": 5924, "global_col": 12701, "lon": -74.154166666666669, "lat": 40.62916666666667 }, "geometry": { "type": "Polygon", "coordinates": [ [ [ -74.15, 40.625 ], [ -74.15, 40.633333333333333 ], [ -74.158333333333346, 40.633333333333333 ], [ -74.158333333333346, 40.625 ], [ -74.15, 40.625 ] ] ] } },
{ "type": "Feature", "properties": { "cell_id": "r34_c13", "row": 34, "col": 13, "global_row": 5924, "global_col": 12702, "lon": -74.145833333333343, "lat": 40.629166666666663 }, "geometry": { "type": "Polygon", "coordinates": [ [ [ -74.14166666666668, 40.625 ], [ -74.14166666666668, 40.633333333333333 ], [ -74.15, 40.633333333333333 ], [ -74.15, 40.625 ], [ -74.14166666666668, 40.625 ] ] ] } },
{ "type": "Feature", "properties": { "cell_id": "r34_c14", "row": 34, "col": 14, "global_row": 5924, "global_col": 12703, "lon": -74.1375, "lat": 40.62916666666667 }, "geometry": { "type": "Polygon", "coordinates": [ [ [ -74.13333333333334, 40.625 ], [ -74.13333333333334, 40.633333333333333 ], [ -74.14166666666668, 40.633333333333333 ], [ -74.14166666666668, 40.625 ], [ -74.13333333333334, 40.625 ] ] ] } },
{ "type": "Feature", "properties": { "cell_id": "r34_c15", "row": 34, "col": 15, "global_row": 5924, "global_col": 12704, "lon": -74.129166666666663, "lat": 40.62916666666667 }, "geometry": { "type": "Polygon", "coordinates": [ [ [ -74.125, 40.625 ], [ -74.125, 40.633333333333333 ], [ -74.13333333333334, 40.633333333333333 ], [ -74.13333333333334, 40.625 ], [ -74.125, 40.625 ] ] ] } },
{ "type": "Feature", "properties": { "cell_id": "r34_c16", "row": 34, "col": 16, "global_row": 5924, "global_col": 12705, "lon": -74.120833333333337, "lat": 40.629166666666663 }, "geometry": { "type": "Polygon", "coordinates": [ [ [ -74.116666666666674, 40.625 ], [ -74.116666666666674, 40.633333333333333 ], [ -74.125, 40.633333333333333 ], [ -74.125, 40.625 ], [ -74.116666666666674, 40.625 ] ] ] } },
{ "type": "Feature", "properties": { "cell_id": "r34_c17", "row": 34, "col": 17, "global_row": 5924, "global_col": 12706, "lon": -74.1125, "lat": 40.62916666666667 }, "geometry": { "type": "Polygon", "coordinates": [ [ [ -74.108333333333334, 40.625 ], [ -74.108333333333334, 40.633333333333333 ], [ -74.116666666666674, 40.633333333333333 ], [ -74.116666666666674, 40.625 ], [ -74.108333333333334, 40.625 ] ] ] } },
{ "type": "Feature", "properties": { "cell_id": "r34_c18", "row": 34, "col": 18, "global_row": 5924, "global_col": 12707, "lon": -74.104166666666657, "lat": 40.629166666666663 }, "geometry": { "type": "Polygon", "coordinates": [ [ [ -74.1, 40.625 ], [ -74.1, 40.633333333333333 ], [ -74.108333333333334, 40.633333333333333 ], [ -74.108333333333334, 40.625 ], [ -74.1, 40.625 ] ] ] } },
{ "type": "Feature", "properties": { "cell_id": "r34_c19", "row": 34, "col": 19, "global_row": 5924, "global_col": 12708, "lon": -74.095833333333346, "lat": 40.62916666666667 }, "geometry": { "type": "Polygon", "coordinates": [ [ [ -74.091666666666669, 40.625 ], [ -74.091666666666669, 40.633333333333333 ], [ -74.1, 40.633333333333333 ], [ -74.1, 40.625 ], [ -74.091666666666669, 40.625 ] ] ] } },
{ "type": "Feature", "properties": { "cell_id": "r34_c20", "row": 34, "col": 20, "global_row": 5924, "global_col": 12709, "lon": -74.0875, "lat": 40.629166666666663 }, "geometry": { "type": "Polygon", "coordinates": [ [ [ -74.083333333333343, 40.625 ], [ -74.083333333333343, 40.633333333333333 ], [ -74.091666666666669, 40.633333333333333 ], [ -74.091666666666669, 40.625 ], [ -74.083333333333343, 40.625 ] ] ] } },
{ "type": "Feature", "properties": { "cell_id": "r34_c21", "row": 34, "col": 21, "global_row": 5924, "global_col": 12710, "lon": -74.079166666666666, "lat": 40.62916666666667 }, "geometry": { "type": "Polygon", "coordinates": [ [ [ -74.075, 40.625 ], [ -74.075, 40.633333333333333 ], [ -74.083333333333343, 40.633333333333333 ], [ -74.083333333333343, 40.625 ], [ -74.075, 40.625 ] ] ] } },
{ "type": "Feature", "properties": { "cell_id": "r34_c26", "row": 34, "col": 26, "global_row": 5924, "global_col": 12715, "lon": -74.0375, "lat": 40.629166666666663 }, "geometry": { "type": "Polygon", "coordinates": [ [ [ -74.033333333333346, 40.625 ], [ -74.033333333333346, 40.633333333333333 ], [ -74.041666666666671, 40.633333333333333 ], [ -74.041666666666671, 40.625 ], [ -74.033333333333346, 40.625 ] ] ] } },
{ "type": "Feature", "properties": { "cell_id": "r34_c27", "row": 34, "col": 27, "global_row": 5924, "global_col": 12716, "lon": -74.029166666666683, "lat": 40.62916666666667 }, "geometry": { "type": "Polygon", "coordinates": [ [ [ -74.025, 40.625 ], [ -74.025, 40.633333333333333 ], [ -74.033333333333346, 40.633333333333333 ], [ -74.033333333333346, 40.625 ], [ -74.025, 40.625 ] ] ] } },
{ "type": "Feature", "properties": { "cell_id": "r34_c28", "row": 34, "col": 28, "global_row": 5924, "global_col": 12717, "lon": -74.020833333333343, "lat": 40.629166666666663 }, "geometry": { "type": "Polygon", "coordinates": [ [ [ -74.01666666666668, 40.625 ], [ -74.01666666666668, 40.633333333333333 ], [ -74.025, 40.633333333333333 ], [ -74.025, 40.625 ], [ -74.01666666666668, 40.625 ] ] ] } },
{ "type": "Feature", "properties": { "cell_id": "r34_c29", "row": 34, "col": 29, "global_row": 5924, "global_col": 12718, "lon": -74.0125, "lat": 40.62916666666667 }, "geometry": { "type": "Polygon", "coordinates": [ [ [ -74.00833333333334, 40.625 ], [ -74.00833333333334, 40.633333333333333 ], [ -74.01666666666668, 40.633333333333333 ], [ -74.01666666666668, 40.625 ], [ -74.00833333333334, 40.625 ] ] ] } },
{ "type": "Feature", "properties": { "cell_id": "r34_c30", "row": 34, "col": 30, "global_row": 5924, "global_col": 12719, "lon": -74.004166666666677, "lat": 40.62916666666667 }, "geometry": { "type": "Polygon", "coordinates": [ [ [ -74.0, 40.625 ], [ -74.0, 40.633333333333333 ], [ -74.00833333333334, 40.633333333333333 ], [ -74.00833333333334, 40.625 ], [ -74.0, 40.625 ] ] ] } },
{ "type": "Feature", "properties": { "cell_id": "r34_c31", "row": 34, "col": 31, "global_row": 5924, "global_col": 12720, "lon": -73.995833333333337, "lat": 40.629166666666663 }, "geometry": { "type": "Polygon", "coordinates": [ [ [ -73.991666666666674, 40.625 ], [ -73.991666666666674, 40.633333333333333 ], [ -74.0, 40.633333333333333 ], [ -74.0, 40.625 ], [ -73.991666666666674, 40.625 ] ] ] } },
{ "type": "Feature", "properties": { "cell_id": "r34_c32", "row": 34, "col": 32, "global_row": 5924, "global_col": 12721, "lon": -73.9875, "lat": 40.62916666666667 }, "geometry": { "type": "Polygon", "coordinates": [ [ [ -73.983333333333334, 40.625 ], [ -73.983333333333334, 40.633333333333333 ], [ -73.991666666666674, 40.633333333333333 ], [ -73.991666666666674, 40.625 ], [ -73.983333333333334, 40.625 ] ] ] } },
{ "type": "Feature", "properties": { "cell_id": "r34_c33", "row": 34, "col": 33, "global_row": 5924, "global_col": 12722, "lon": -73.979166666666671, "lat": 40.629166666666663 }, "geometry": { "type": "Polygon", "coordinates": [ [ [ -73.975, 40.625 ], [ -73.975, 40.633333333333333 ], [ -73.983333333333334, 40.633333333333333 ], [ -73.983333333333334, 40.625 ], [ -73.975, 40.625 ] ] ] } },
{ "type": "Feature", "properties": { "cell_id": "r34_c34", "row": 34, "col": 34, "global_row": 5924, "global_col": 12723, "lon": -73.970833333333346, "lat": 40.62916666666667 }, "geometry": { "type": "Polygon", "coordinates": [ [ [ -73.966666666666669, 40.625 ], [ -73.966666666666669, 40.633333333333333 ], [ -73.975, 40.633333333333333 ], [ -73.975, 40.625 ], [ -73.966666666666669, 40.625 ] ] ] } },
{ "type": "Feature", "properties": { "cell_id": "r34_c35", "row": 34, "col": 35, "global_row": 5924, "global_col": 12724, "lon": -73.9625, "lat": 40.629166666666663 }, "geometry": { "type": "Polygon", "coordinates": [ [ [ -73.958333333333343, 40.625 ], [ -73.958333333333343, 40.633333333333333 ], [ -73.966666666666669, 40.633333333333333 ], [ -73.966666666666669, 40.625 ], [ -73.958333333333343, 40.625 ] ] ] } },
{ "type": "Feature", "properties": { "cell_id": "r34_c36", "row": 34, "col": 36, "global_row": 5924, "global_col": 12725, "lon": -73.95416666666668, "lat": 40.62916666666667 }, "geometry": { "type": "Polygon", "coordinates": [ [ [ -73.95, 40.625 ], [ -73.95, 40.633333333333333 ], [ -73.958333333333343, 40.633333333333333 ], [ -73.958333333333343, 40.625 ], [ -73.95, 40.625 ] ] ] } },
{ "type": "Feature", "properties": { "cell_id": "r34_c37", "row": 34, "col": 37, "global_row": 5924, "global_col": 12726, "lon": -73.94583333333334, "lat": 40.629166666666663 }, "geometry": { "type": "Polygon", "coordinates": [ [ [ -73.941666666666677, 40.625 ], [ -73.941666666666677, 40.633333333333333 ], [ -73.95, 40.633333333333333 ], [ -73.95, 40.625 ], [ -73.941666666666677, 40.625 ] ] ] } },
{ "type": "Feature", "properties": { "cell_id": "r34_c38", "row": 34, "col": 38, "global_row": 5924, "global_col": 12727, "lon": -73.9375, "lat": 40.62916666666667 }, "geometry": { "type": "Polygon", "coordinates": [ [ [ -73.933333333333337, 40.625 ], [ -73.933333333333337, 40.633333333333333 ], [ -73.941666666666677, 40.633333333333333 ], [ -73.941666666666677, 40.625 ], [ -73.933333333333337, 40.625 ] ] ] } },
{ "type": "Feature", "properties": { "cell_id": "r34_c39", "row": 34, "col": 39, "global_row": 5924, "global_col": 12728, "lon": -73.929166666666674, "lat": 40.629166666666663 }, "geometry": { "type": "Polygon", "coordinates": [ [ [ -73.925, 40.625 ], [ -73.925, 40.633333333333333 ], [ -73.933333333333337, 40.633333333333333 ], [ -73.933333333333337, 40.625 ], [ -73.925, 40.625 ] ] ] } },
{ "type": "Feature", "properties": { "cell_id": "r34_c40", "row": 34, "col": 40, "global_row": 5924, "global_col": 12729, "lon": -73.920833333333348, "lat": 40.62916666666667 }, "geometry": { "type": "Polygon", "coordinates": [ [ [ -73.916666666666671, 40.625 ], [ -73.916666666666671, 40.633333333333333 ], [ -73.925, 40.633333333333333 ], [ -73.925, 40.625 ], [ -73.916666666666671, 40.625 ] ] ] } },
{ "type": "Feature", "properties": { "cell_id": "r34_c42", "row": 34, "col": 42, "global_row": 5924, "global_col": 12731, "lon": -73.904166666666683, "lat": 40.62916666666667 }, "geometry": { "type": "Polygon", "coordinates": [ [ [ -73.9, 40.625 ], [ -73.9, 40.633333333333333 ], [ -73.908333333333346, 40.633333333333333 ], [ -73.908333333333346, 40.625 ], [ -73.9, 40.625 ] ] ] } },
{ "type": "Feature", "properties": { "cell_id": "r34_c43", "row": 34, "col": 43, "global_row": 5924, "global_col": 12732, "lon": -73.895833333333343, "lat": 40.629166666666663 }, "geometry": { "type": "Polygon", "coordinates": [ [ [ -73.89166666666668, 40.625 ], [ -73.89166666666668, 40.633333333333333 ], [ -73.9, 40.633333333333333 ], [ -73.9, 40.625 ], [ -73.89166666666668, 40.625 ] ] ] } },
{ "type": "Feature", "properties": { "cell_id": "r34_c44", "row": 34, "col": 44, "global_row": 5924, "global_col": 12733, "lon": -73.8875, "lat": 40.62916666666667 }, "geometry": { "type": "Polygon", "coordinates": [ [ [ -73.88333333333334, 40.625 ], [ -73.88333333333334, 40.633333333333333 ], [ -73.89166666666668, 40.633333333333333 ], [ -73.89166666666668, 40.625 ], [ -73.88333333333334, 40.625 ] ] ] } },
{ "type": "Feature", "properties": { "cell_id": "r34_c51", "row": 34, "col": 51, "global_row": 5924, "global_col": 12740, "lon": -73.82916666666668, "lat": 40.62916666666667 }, "geometry": { "type": "Polygon", "coordinates": [ [ [ -73.825, 40.625 ], [ -73.825, 40.633333333333333 ], [ -73.833333333333343, 40.633333333333333 ], [ -73.833333333333343, 40.625 ], [ -73.825, 40.625 ] ] ] } },
{ "type": "Feature", "properties": { "cell_id": "r34_c52", "row": 34, "col": 52, "global_row": 5924, "global_col": 12741, "lon": -73.82083333333334, "lat": 40.629166666666663 }, "geometry": { "type": "Polygon", "coordinates": [ [ [ -73.816666666666677, 40.625 ], [ -73.816666666666677, 40.633333333333333 ], [ -73.825, 40.633333333333333 ], [ -73.825, 40.625 ], [ -73.816666666666677, 40.625 ] ] ] } },
{ "type": "Feature", "properties": { "cell_id": "r34_c57", "row": 34, "col": 57, "global_row": 5924, "global_col": 12746, "lon": -73.779166666666669, "lat": 40.62916666666667 }, "geometry": { "type": "Polygon", "coordinates": [ [ [ -73.775, 40.625 ], [ -73.775, 40.633333333333333 ], [ -73.783333333333346, 40.633333333333333 ], [ -73.783333333333346, 40.625 ], [ -73.775, 40.625 ] ] ] } },
{ "type": "Feature", "properties": { "cell_id": "r34_c58", "row": 34, "col": 58, "global_row": 5924, "global_col": 12747, "lon": -73.770833333333343, "lat": 40.629166666666663 }, "geometry": { "type": "Polygon", "coordinates": [ [ [ -73.76666666666668, 40.625 ], [ -73.76666666666668, 40.633333333333333 ], [ -73.775, 40.633333333333333 ], [ -73.775, 40.625 ], [ -73.76666666666668, 40.625 ] ] ] } },
{ "type": "Feature", "properties": { "cell_id": "r35_c7", "row": 35, "col": 7, "global_row": 5925, "global_col": 12696, "lon": -74.19583333333334, "lat": 40.62083333333333 }, "geometry": { "type": "Polygon", "coordinates": [ [ [ -74.191666666666677, 40.616666666666667 ], [ -74.191666666666677, 40.625 ], [ -74.2, 40.625 ], [ -74.2, 40.616666666666667 ], [ -74.191666666666677, 40.616666666666667 ] ] ] } },
{ "type": "Feature", "properties": { "cell_id": "r35_c8", "row": 35, "col": 8, "global_row": 5925, "global_col": 12697, "lon": -74.1875, "lat": 40.620833333333337 }, "geometry": { "type": "Polygon", "coordinates": [ [ [ -74.183333333333337, 40.616666666666667 ], [ -74.183333333333337, 40.625 ], [ -74.191666666666677, 40.625 ], [ -74.191666666666677, 40.616666666666667 ], [ -74.183333333333337, 40.616666666666667 ] ] ] } },
{ "type": "Feature", "properties": { "cell_id": "r35_c9", "row": 35, "col": 9, "global_row": 5925, "global_col": 12698, "lon": -74.179166666666674, "lat": 40.62083333333333 }, "geometry": { "type": "Polygon", "coordinates": [ [ [ -74.175, 40.616666666666667 ], [ -74.175, 40.625 ], [ -74.183333333333337, 40.625 ], [ -74.183333333333337, 40.616666666666667 ], [ -74.175, 40.616666666666667 ] ] ] } },
{ "type": "Feature", "properties": { "cell_id": "r35_c10", "row": 35, "col": 10, "global_row": 5925, "global_col": 12699, "lon": -74.170833333333334, "lat": 40.620833333333337 }, "geometry": { "type": "Polygon", "coordinates": [ [ [ -74.166666666666671, 40.616666666666667 ], [ -74.166666666666671, 40.625 ], [ -74.175, 40.625 ], [ -74.175, 40.616666666666667 ], [ -74.166666666666671, 40.616666666666667 ] ] ] } },
{ "type": "Feature", "properties": { "cell_id": "r35_c11", "row": 35, "col": 11, "global_row": 5925, "global_col": 12700, "lon": -74.1625, "lat": 40.62083333333333 }, "geometry": { "type": "Polygon", "coordinates": [ [ [ -74.158333333333346, 40.616666666666667 ], [ -74.158333333333346, 40.625 ], [ -74.166666666666671, 40.625 ], [ -74.166666666666671, 40.616666666666667 ], [ -74.158333333333346, 40.616666666666667 ] ] ] } },
{ "type": "Feature", "properties": { "cell_id": "r35_c12", "row": 35, "col": 12, "global_row": 5925, "global_col": 12701, "lon": -74.154166666666669, "lat": 40.620833333333337 }, "geometry": { "type": "Polygon", "coordinates": [ [ [ -74.15, 40.616666666666667 ], [ -74.15, 40.625 ], [ -74.158333333333346, 40.625 ], [ -74.158333333333346, 40.616666666666667 ], [ -74.15, 40.616666666666667 ] ] ] } },
{ "type": "Feature", "properties": { "cell_id": "r35_c13", "row": 35, "col": 13, "global_row": 5925, "global_col": 12702, "lon": -74.145833333333343, "lat": 40.62083333333333 }, "geometry": { "type": "Polygon", "coordinates": [ [ [ -74.14166666666668, 40.616666666666667 ], [ -74.14166666666668, 40.625 ], [ -74.15, 40.625 ], [ -74.15, 40.616666666666667 ], [ -74.14166666666668, 40.616666666666667 ] ] ] } },
{ "type": "Feature", "properties": { "cell_id": "r35_c14", "row": 35, "col": 14, "global_row": 5925, "global_col": 12703, "lon": -74.1375, "lat": 40.620833333333337 }, "geometry": { "type": "Polygon", "coordinates": [ [ [ -74.13333333333334, 40.616666666666667 ], [ -74.13333333333334, 40.625 ], [ -74.14166666666668, 40.625 ], [ -74.14166666666668, 40.616666666666667 ], [ -74.13333333333334, 40.616666666666667 ] ] ] } },
{ "type": "Feature", "properties": { "cell_id": "r35_c15", "row": 35, "col": 15, "global_row": 5925, "global_col": 12704, "lon": -74.129166666666663, "lat": 40.620833333333337 }, "geometry": { "type": "Polygon", "coordinates": [ [ [ -74.125, 40.616666666666667 ], [ -74.125, 40.625 ], [ -74.13333333333334, 40.625 ], [ -74.13333333333334, 40.616666666666667 ], [ -74.125, 40.616666666666667 ] ] ] } },
{ "type": "Feature", "properties": { "cell_id": "r35_c16", "row": 35, "col": 16, "global_row": 5925, "global_col": 12705, "lon": -74.120833333333337, "lat": 40.62083333333333 }, "geometry": { "type": "Polygon", "coordinates": [ [ [ -74.116666666666674, 40.616666666666667 ], [ -74.116666666666674, 40.625 ], [ -74.125, 40.625 ], [ -74.125, 40.616666666666667 ], [ -74.116666666666674, 40.616666666666667 ] ] ] } },
{ "type": "Feature", "properties": { "cell_id": "r35_c17", "row": 35, "col": 17, "global_row": 5925, "global_col": 12706, "lon": -74.1125, "lat": 40.620833333333337 }, "geometry": { "type": "Polygon", "coordinates": [ [ [ -74.108333333333334, 40.616666666666667 ], [ -74.108333333333334, 40.625 ], [ -74.116666666666674, 40.625 ], [ -74.116666666666674, 40.616666666666667 ], [ -74.108333333333334, 40.616666666666667 ] ] ] } },
{ "type": "Feature", "properties": { "cell_id": "r35_c18", "row": 35, "col": 18, "global_row": 5925, "global_col": 12707, "lon": -74.104166666666657, "lat": 40.62083333333333 }, "geometry": { "type": "Polygon", "coordinates": [ [ [ -74.1, 40.616666666666667 ], [ -74.1, 40.625 ], [ -74.108333333333334, 40.625 ], [ -74.108333333333334, 40.616666666666667 ], [ -74.1, 40.616666666666667 ] ] ] } },
{ "type": "Feature", "properties": { "cell_id": "r35_c19", "row": 35, "col": 19, "global_row": 5925, "global_col": 12708, "lon": -74.095833333333346, "lat": 40.620833333333337 }, "geometry": { "type": "Polygon", "coordinates": [ [ [ -74.091666666666669, 40.616666666666667 ], [ -74.091666666666669, 40.625 ], [ -74.1, 40.625 ], [ -74.1, 40.616666666666667 ], [ -74.091666666666669, 40.616666666666667 ] ] ] } },
{ "type": "Feature", "properties": { "cell_id": "r35_c20", "row": 35, "col": 20, "global_row": 5925, "global_col": 12709, "lon": -74.0875, "lat": 40.62083333333333 }, "geometry": { "type": "Polygon", "coordinates": [ [ [ -74.083333333333343, 40.616666666666667 ], [ -74.083333333333343, 40.625 ], [ -74.091666666666669, 40.625 ], [ -74.091666666666669, 40.616666666666667 ], [ -74.083333333333343, 40.616666666666667 ] ] ] } },
{ "type": "Feature", "properties": { "cell_id": "r35_c21", "row": 35, "col": 21, "global_row": 5925, "global_col": 12710, "lon": -74.079166666666666, "lat": 40.620833333333337 }, "geometry": { "type": "Polygon", "coordinates": [ [ [ -74.075, 40.616666666666667 ], [ -74.075, 40.625 ], [ -74.083333333333343, 40.625 ], [ -74.083333333333343, 40.616666666666667 ], [ -74.075, 40.616666666666667 ] ] ] } },
{ "type": "Feature", "properties": { "cell_id": "r35_c22", "row": 35, "col": 22, "global_row": 5925, "global_col": 12711, "lon": -74.070833333333354, "lat": 40.62083333333333 }, "geometry": { "type": "Polygon", "coordinates": [ [ [ -74.066666666666677, 40.616666666666667 ], [ -74.066666666666677, 40.625 ], [ -74.075, 40.625 ], [ -74.075, 40.616666666666667 ], [ -74.066666666666677, 40.616666666666667 ] ] ] } },
{ "type": "Feature", "properties": { "cell_id": "r35_c26", "row": 35, "col": 26, "global_row": 5925, "global_col": 12715, "lon": -74.0375, "lat": 40.62083333333333 }, "geometry": { "type": "Polygon", "coordinates": [ [ [ -74.033333333333346, 40.616666666666667 ], [ -74.033333333333346, 40.625 ], [ -74.041666666666671, 40.625 ], [ -74.041666666666671, 40.616666666666667 ], [ -74.033333333333346, 40.616666666666667 ] ] ] } },
{ "type": "Feature", "properties": { "cell_id": "r35_c27", "row": 35, "col": 27, "global_row": 5925, "global_col": 12716, "lon": -74.029166666666683, "lat": 40.620833333333337 }, "geometry": { "type": "Polygon", "coordinates": [ [ [ -74.025, 40.616666666666667 ], [ -74.025, 40.625 ], [ -74.033333333333346, 40.625 ], [ -74.033333333333346, 40.616666666666667 ], [ -74.025, 40.616666666666667 ] ] ] } },
{ "type": "Feature", "properties": { "cell_id": "r35_c28", "row": 35, "col": 28, "global_row": 5925, "global_col": 12717, "lon": -74.020833333333343, "lat": 40.62083333333333 }, "geometry": { "type": "Polygon", "coordinates": [ [ [ -74.01666666666668, 40.616666666666667 ], [ -74.01666666666668, 40.625 ], [ -74.025, 40.625 ], [ -74.025, 40.616666666666667 ], [ -74.01666666666668, 40.616666666666667 ] ] ] } },
{ "type": "Feature", "properties": { "cell_id": "r35_c29", "row": 35, "col": 29, "global_row": 5925, "global_col": 12718, "lon": -74.0125, "lat": 40.620833333333337 }, "geometry": { "type": "Polygon", "coordinates": [ [ [ -74.00833333333334, 40.616666666666667 ], [ -74.00833333333334, 40.625 ], [ -74.01666666666668, 40.625 ], [ -74.01666666666668, 40.616666666666667 ], [ -74.00833333333334, 40.616666666666667 ] ] ] } },
{ "type": "Feature", "properties": { "cell_id": "r35_c30", "row": 35, "col": 30, "global_row": 5925, "global_col": 12719, "lon": -74.004166666666677, "lat": 40.620833333333337 }, "geometry": { "type": "Polygon", "coordinates": [ [ [ -74.0, 40.616666666666667 ], [ -74.0, 40.625 ], [ -74.00833333333334, 40.625 ], [ -74.00833333333334, 40.616666666666667 ], [ -74.0, 40.616666666666667 ] ] ] } },
{ "type": "Feature", "properties": { "cell_id": "r35_c31", "row": 35, "col": 31, "global_row": 5925, "global_col": 12720, "lon": -73.995833333333337, "lat": 40.62083333333333 }, "geometry": { "type": "Polygon", "coordinates": [ [ [ -73.991666666666674, 40.616666666666667 ], [ -73.991666666666674, 40.625 ], [ -74.0, 40.625 ], [ -74.0, 40.616666666666667 ], [ -73.991666666666674, 40.616666666666667 ] ] ] } },
{ "type": "Feature", "properties": { "cell_id": "r35_c32", "row": 35, "col": 32, "global_row": 5925, "global_col": 12721, "lon": -73.9875, "lat": 40.620833333333337 }, "geometry": { "type": "Polygon", "coordinates": [ [ [ -73.983333333333334, 40.616666666666667 ], [ -73.983333333333334, 40.625 ], [ -73.991666666666674, 40.625 ], [ -73.991666666666674, 40.616666666666667 ], [ -73.983333333333334, 40.616666666666667 ] ] ] } },
{ "type": "Feature", "properties": { "cell_id": "r35_c33", "row": 35, "col": 33, "global_row": 5925, "global_col": 12722, "lon": -73.979166666666671, "lat": 40.62083333333333 }, "geometry": { "type": "Polygon", "coordinates": [ [ [ -73.975, 40.616666666666667 ], [ -73.975, 40.625 ], [ -73.983333333333334, 40.625 ], [ -73.983333333333334, 40.616666666666667 ], [ -73.975, 40.616666666666667 ] ] ] } },
{ "type": "Feature", "properties": { "cell_id": "r35_c34", "row": 35, "col": 34, "global_row": 5925, "global_col": 12723, "lon": -73.970833333333346, "lat": 40.620833333333337 }, "geometry": { "type": "Polygon", "coordinates": [ [ [ -73.966666666666669, 40.616666666666667 ], [ -73.966666666666669, 40.625 ], [ -73.975, 40.625 ], [ -73.975, 40.616666666666667 ], [ -73.966666666666669, 40.616666666666667 ] ] ] } },
{ "type": "Feature", "properties": { "cell_id": "r35_c35", "row": 35, "col": 35, "global_row": 5925, "global_col": 12724, "lon": -73.9625, "lat": 40.62083333333333 }, "geometry": { "type": "Polygon", "coordinates": [ [ [ -73.958333333333343, 40.616666666666667 ], [ -73.958333333333343, 40.625 ], [ -73.966666666666669, 40.625 ], [ -73.966666666666669, 40.616666666666667 ], [ -73.958333333333343, 40.616666666666667 ] ] ] } },
{ "type": "Feature", "properties": { "cell_id": "r35_c36", "row": 35, "col": 36, "global_row": 5925, "global_col": 12725, "lon": -73.95416666666668, "lat": 40.620833333333337 }, "geometry": { "type": "Polygon", "coordinates": [ [ [ -73.95, 40.616666666666667 ], [ -73.95, 40.625 ], [ -73.958333333333343, 40.625 ], [ -73.958333333333343, 40.616666666666667 ], [ -73.95, 40.616666666666667 ] ] ] } },
{ "type": "Feature", "properties": { "cell_id": "r35_c37", "row": 35, "col": 37, "global_row": 5925, "global_col": 12726, "lon": -73.94583333333334, "lat": 40.62083333333333 }, "geometry": { "type": "Polygon", "coordinates": [ [ [ -73.941666666666677, 40.616666666666667 ], [ -73.941666666666677, 40.625 ], [ -73.95, 40.625 ], [ -73.95, 40.616666666666667 ], [ -73.941666666666677, 40.616666666666667 ] ] ] } },
{ "type": "Feature", "properties": { "cell_id": "r35_c38", "row": 35, "col": 38, "global_row": 5925, "global_col": 12727, "lon": -73.9375, "lat": 40.620833333333337 }, "geometry": { "type": "Polygon", "coordinates": [ [ [ -73.933333333333337, 40.616666666666667 ], [ -73.933333333333337, 40.625 ], [ -73.941666666666677, 40.625 ], [ -73.941666666666677, 40.616666666666667 ], [ -73.933333333333337, 40.616666666666667 ] ] ] } },
{ "type": "Feature", "properties": { "cell_id": "r35_c39", "row": 35, "col": 39, "global_row": 5925, "global_col": 12728, "lon": -73.929166666666674, "lat": 40.62083333333333 }, "geometry": { "type": "Polygon", "coordinates": [ [ [ -73.925, 40.616666666666667 ], [ -73.925, 40.625 ], [ -73.933333333333337, 40.625 ], [ -73.933333333333337, 40.616666666666667 ], [ -73.925, 40.616666666666667 ] ] ] } },
{ "type": "Feature", "properties": { "cell_id": "r35_c40", "row": 35, "col": 40, "global_row": 5925, "global_col": 12729, "lon": -73.920833333333348, "lat": 40.620833333333337 }, "geometry": { "type": "Polygon", "coordinates": [ [ [ -73.916666666666671, 40.616666666666667 ], [ -73.916666666666671, 40.625 ], [ -73.925, 40.625 ], [ -73.925, 40.616666666666667 ], [ -73.916666666666671, 40.616666666666667 ] ] ] } },
{ "type": "Feature", "properties": { "cell_id": "r35_c41", "row": 35, "col": 41, "global_row": 5925, "global_col": 12730, "lon": -73.9125, "lat": 40.62083333333333 }, "geometry": { "type": "Polygon", "coordinates": [ [ [ -73.908333333333346, 40.616666666666667 ], [ -73.908333333333346, 40.625 ], [ -73.916666666666671, 40.625 ], [ -73.916666666666671, 40.616666666666667 ], [ -73.908333333333346, 40.616666666666667 ] ] ] } },
{ "type": "Feature", "properties": { "cell_id": "r35_c42", "row": 35, "col": 42, "global_row": 5925, "global_col": 12731, "lon": -73.904166666666683, "lat": 40.620833333333337 }, "geometry": { "type": "Polygon", "coordinates": [ [ [ -73.9, 40.616666666666667 ], [ -73.9, 40.625 ], [ -73.908333333333346, 40.625 ], [ -73.908333333333346, 40.616666666666667 ], [ -73.9, 40.616666666666667 ] ] ] } },
{ "type": "Feature", "properties": { "cell_id": "r35_c46", "row": 35, "col": 46, "global_row": 5925, "global_col": 12735, "lon": -73.870833333333351, "lat": 40.62083333333333 }, "geometry": { "type": "Polygon", "coordinates": [ [ [ -73.866666666666674, 40.616666666666667 ], [ -73.866666666666674, 40.625 ], [ -73.875, 40.625 ], [ -73.875, 40.616666666666667 ], [ -73.866666666666674, 40.616666666666667 ] ] ] } },
{ "type": "Feature", "properties": { "cell_id": "r35_c51", "row": 35, "col": 51, "global_row": 5925, "global_col": 12740, "lon": -73.82916666666668, "lat": 40.620833333333337 }, "geometry": { "type": "Polygon", "coordinates": [ [ [ -73.825, 40.616666666666667 ], [ -73.825, 40.625 ], [ -73.833333333333343, 40.625 ], [ -73.833333333333343, 40.616666666666667 ], [ -73.825, 40.616666666666667 ] ] ] } },
{ "type": "Feature", "properties": { "cell_id": "r35_c52", "row": 35, "col": 52, "global_row": 5925, "global_col": 12741, "lon": -73.82083333333334, "lat": 40.62083333333333 }, "geometry": { "type": "Polygon", "coordinates": [ [ [ -73.816666666666677, 40.616666666666667 ], [ -73.816666666666677, 40.625 ], [ -73.825, 40.625 ], [ -73.825, 40.616666666666667 ], [ -73.816666666666677, 40.616666666666667 ] ] ] } },
{ "type": "Feature", "properties": { "cell_id": "r35_c54", "row": 35, "col": 54, "global_row": 5925, "global_col": 12743, "lon": -73.804166666666674, "lat": 40.62083333333333 }, "geometry": { "type": "Polygon", "coordinates": [ [ [ -73.8, 40.616666666666667 ], [ -73.8, 40.625 ], [ -73.808333333333337, 40.625 ], [ -73.808333333333337, 40.616666666666667 ], [ -73.8, 40.616666666666667 ] ] ] } },
{ "type": "Feature", "properties": { "cell_id": "r35_c56", "row": 35, "col": 56, "global_row": 5925, "global_col": 12745, "lon": -73.7875, "lat": 40.62083333333333 }, "geometry": { "type": "Polygon", "coordinates": [ [ [ -73.783333333333346, 40.616666666666667 ], [ -73.783333333333346, 40.625 ], [ -73.791666666666671, 40.625 ], [ -73.791666666666671, 40.616666666666667 ], [ -73.783333333333346, 40.616666666666667 ] ] ] } },
{ "type": "Feature", "properties": { "cell_id": "r35_c58", "row": 35, "col": 58, "global_row": 5925, "global_col": 12747, "lon": -73.770833333333343, "lat": 40.62083333333333 }, "geometry": { "type": "Polygon", "coordinates": [ [ [ -73.76666666666668, 40.616666666666667 ], [ -73.76666666666668, 40.625 ], [ -73.775, 40.625 ], [ -73.775, 40.616666666666667 ], [ -73.76666666666668, 40.616666666666667 ] ] ] } },
{ "type": "Feature", "properties": { "cell_id": "r36_c7", "row": 36, "col": 7, "global_row": 5926, "global_col": 12696, "lon": -74.19583333333334, "lat": 40.6125 }, "geometry": { "type": "Polygon", "coordinates": [ [ [ -74.191666666666677, 40.608333333333334 ], [ -74.191666666666677, 40.616666666666667 ], [ -74.2, 40.616666666666667 ], [ -74.2, 40.608333333333334 ], [ -74.191666666666677, 40.608333333333334 ] ] ] } },
{ "type": "Feature", "properties": { "cell_id": "r36_c8", "row": 36, "col": 8, "global_row": 5926, "global_col": 12697, "lon": -74.1875, "lat": 40.6125 }, "geometry": { "type": "Polygon", "coordinates": [ [ [ -74.183333333333337, 40.608333333333334 ], [ -74.183333333333337, 40.616666666666667 ], [ -74.191666666666677, 40.616666666666667 ], [ -74.191666666666677, 40.608333333333334 ], [ -74.183333333333337, 40.608333333333334 ] ] ] } },
{ "type": "Feature", "properties": { "cell_id": "r36_c9", "row": 36, "col": 9, "global_row": 5926, "global_col": 12698, "lon": -74.179166666666674, "lat": 40.6125 }, "geometry": { "type": "Polygon", "coordinates": [ [ [ -74.175, 40.608333333333334 ], [ -74.175, 40.616666666666667 ], [ -74.183333333333337, 40.616666666666667 ], [ -74.183333333333337, 40.608333333333334 ], [ -74.175, 40.608333333333334 ] ] ] } },
{ "type": "Feature", "properties": { "cell_id": "r36_c10", "row": 36, "col": 10, "global_row": 5926, "global_col": 12699, "lon": -74.170833333333334, "lat": 40.6125 }, "geometry": { "type": "Polygon", "coordinates": [ [ [ -74.166666666666671, 40.608333333333334 ], [ -74.166666666666671, 40.616666666666667 ], [ -74.175, 40.616666666666667 ], [ -74.175, 40.608333333333334 ], [ -74.166666666666671, 40.608333333333334 ] ] ] } },
{ "type": "Feature", "properties": { "cell_id": "r36_c11", "row": 36, "col": 11, "global_row": 5926, "global_col": 12700, "lon": -74.1625, "lat": 40.6125 }, "geometry": { "type": "Polygon", "coordinates": [ [ [ -74.158333333333346, 40.608333333333334 ], [ -74.158333333333346, 40.616666666666667 ], [ -74.166666666666671, 40.616666666666667 ], [ -74.166666666666671, 40.608333333333334 ], [ -74.158333333333346, 40.608333333333334 ] ] ] } },
{ "type": "Feature", "properties": { "cell_id": "r36_c12", "row": 36, "col": 12, "global_row": 5926, "global_col": 12701, "lon": -74.154166666666669, "lat": 40.6125 }, "geometry": { "type": "Polygon", "coordinates": [ [ [ -74.15, 40.608333333333334 ], [ -74.15, 40.616666666666667 ], [ -74.158333333333346, 40.616666666666667 ], [ -74.158333333333346, 40.608333333333334 ], [ -74.15, 40.608333333333334 ] ] ] } },
{ "type": "Feature", "properties": { "cell_id": "r36_c13", "row": 36, "col": 13, "global_row": 5926, "global_col": 12702, "lon": -74.145833333333343, "lat": 40.6125 }, "geometry": { "type": "Polygon", "coordinates": [ [ [ -74.14166666666668, 40.608333333333334 ], [ -74.14166666666668, 40.616666666666667 ], [ -74.15, 40.616666666666667 ], [ -74.15, 40.608333333333334 ], [ -74.14166666666668, 40.608333333333334 ] ] ] } },
{ "type": "Feature", "properties": { "cell_id": "r36_c14", "row": 36, "col": 14, "global_row": 5926, "global_col": 12703, "lon": -74.1375, "lat": 40.6125 }, "geometry": { "type": "Polygon", "coordinates": [ [ [ -74.13333333333334, 40.608333333333334 ], [ -74.13333333333334, 40.616666666666667 ], [ -74.14166666666668, 40.616666666666667 ], [ -74.14166666666668, 40.608333333333334 ], [ -74.13333333333334, 40.608333333333334 ] ] ] } },
{ "type": "Feature", "properties": { "cell_id": "r36_c15", "row": 36, "col": 15, "global_row": 5926, "global_col": 12704, "lon": -74.129166666666663, "lat": 40.6125 }, "geometry": { "type": "Polygon", "coordinates": [ [ [ -74.125, 40.608333333333334 ], [ -74.125, 40.616666666666667 ], [ -74.13333333333334, 40.616666666666667 ], [ -74.13333333333334, 40.608333333333334 ], [ -74.125, 40.608333333333334 ] ] ] } },
{ "type": "Feature", "properties": { "cell_id": "r36_c16", "row": 36, "col": 16, "global_row": 5926, "global_col": 12705, "lon": -74.120833333333337, "lat": 40.6125 }, "geometry": { "type": "Polygon", "coordinates": [ [ [ -74.116666666666674, 40.608333333333334 ], [ -74.116666666666674, 40.616666666666667 ], [ -74.125, 40.616666666666667 ], [ -74.125, 40.608333333333334 ], [ -74.116666666666674, 40.608333333333334 ] ] ] } },
{ "type": "Feature", "properties": { "cell_id": "r36_c17", "row": 36, "col": 17, "global_row": 5926, "global_col": 12706, "lon": -74.1125, "lat": 40.6125 }, "geometry": { "type": "Polygon", "coordinates": [ [ [ -74.108333333333334, 40.608333333333334 ], [ -74.108333333333334, 40.616666666666667 ], [ -74.116666666666674, 40.616666666666667 ], [ -74.116666666666674, 40.608333333333334 ], [ -74.108333333333334, 40.608333333333334 ] ] ] } },
{ "type": "Feature", "properties": { "cell_id": "r36_c18", "row": 36, "col": 18, "global_row": 5926, "global_col": 12707, "lon": -74.104166666666657, "lat": 40.6125 }, "geometry": { "type": "Polygon", "coordinates": [ [ [ -74.1, 40.608333333333334 ], [ -74.1, 40.616666666666667 ], [ -74.108333333333334, 40.616666666666667 ], [ -74.108333333333334, 40.608333333333334 ], [ -74.1, 40.608333333333334 ] ] ] } },
{ "type": "Feature", "properties": { "cell_id": "r36_c19", "row": 36, "col": 19, "global_row": 5926, "global_col": 12708, "lon": -74.095833333333346, "lat": 40.6125 }, "geometry": { "type": "Polygon", "coordinates": [ [ [ -74.091666666666669, 40.608333333333334 ], [ -74.091666666666669, 40.616666666666667 ], [ -74.1, 40.616666666666667 ], [ -74.1, 40.608333333333334 ], [ -74.091666666666669, 40.608333333333334 ] ] ] } },
{ "type": "Feature", "properties": { "cell_id": "r36_c20", "row": 36, "col": 20, "global_row": 5926, "global_col": 12709, "lon": -74.0875, "lat": 40.6125 }, "geometry": { "type": "Polygon", "coordinates": [ [ [ -74.083333333333343, 40.608333333333334 ], [ -74.083333333333343, 40.616666666666667 ], [ -74.091666666666669, 40.616666666666667 ], [ -74.091666666666669, 40.608333333333334 ], [ -74.083333333333343, 40.608333333333334 ] ] ] } },
{ "type": "Feature", "properties": { "cell_id": "r36_c21", "row": 36, "col": 21, "global_row": 5926, "global_col": 12710, "lon": -74.079166666666666, "lat": 40.6125 }, "geometry": { "type": "Polygon", "coordinates": [ [ [ -74.075, 40.608333333333334 ], [ -74.075, 40.616666666666667 ], [ -74.083333333333343, 40.616666666666667 ], [ -74.083333333333343, 40.608333333333334 ], [ -74.075, 40.608333333333334 ] ] ] } },
{ "type": "Feature", "properties": { "cell_id": "r36_c22", "row": 36, "col": 22, "global_row": 5926, "global_col": 12711, "lon": -74.070833333333354, "lat": 40.6125 }, "geometry": { "type": "Polygon", "coordinates": [ [ [ -74.066666666666677, 40.608333333333334 ], [ -74.066666666666677, 40.616666666666667 ], [ -74.075, 40.616666666666667 ], [ -74.075, 40.608333333333334 ], [ -74.066666666666677, 40.608333333333334 ] ] ] } },
{ "type": "Feature", "properties": { "cell_id": "r36_c23", "row": 36, "col": 23, "global_row": 5926, "global_col": 12712, "lon": -74.0625, "lat": 40.6125 }, "geometry": { "type": "Polygon", "coordinates": [ [ [ -74.058333333333337, 40.608333333333334 ], [ -74.058333333333337, 40.616666666666667 ], [ -74.066666666666677, 40.616666666666667 ], [ -74.066666666666677, 40.608333333333334 ], [ -74.058333333333337, 40.608333333333334 ] ] ] } },
{ "type": "Feature", "properties": { "cell_id": "r36_c26", "row": 36, "col": 26, "global_row": 5926, "global_col": 12715, "lon": -74.0375, "lat": 40.6125 }, "geometry": { "type": "Polygon", "coordinates": [ [ [ -74.033333333333346, 40.608333333333334 ], [ -74.033333333333346, 40.616666666666667 ], [ -74.041666666666671, 40.616666666666667 ], [ -74.041666666666671, 40.608333333333334 ], [ -74.033333333333346, 40.608333333333334 ] ] ] } },
{ "type": "Feature", "properties": { "cell_id": "r36_c27", "row": 36, "col": 27, "global_row": 5926, "global_col": 12716, "lon": -74.029166666666683, "lat": 40.6125 }, "geometry": { "type": "Polygon", "coordinates": [ [ [ -74.025, 40.608333333333334 ], [ -74.025, 40.616666666666667 ], [ -74.033333333333346, 40.616666666666667 ], [ -74.033333333333346, 40.608333333333334 ], [ -74.025, 40.608333333333334 ] ] ] } },
{ "type": "Feature", "properties": { "cell_id": "r36_c28", "row": 36, "col": 28, "global_row": 5926, "global_col": 12717, "lon": -74.020833333333343, "lat": 40.6125 }, "geometry": { "type": "Polygon", "coordinates": [ [ [ -74.01666666666668, 40.608333333333334 ], [ -74.01666666666668, 40.616666666666667 ], [ -74.025, 40.616666666666667 ], [ -74.025, 40.608333333333334 ], [ -74.01666666666668, 40.608333333333334 ] ] ] } },
{ "type": "Feature", "properties": { "cell_id": "r36_c29", "row": 36, "col": 29, "global_row": 5926, "global_col": 12718, "lon": -74.0125, "lat": 40.6125 }, "geometry": { "type": "Polygon", "coordinates": [ [ [ -74.00833333333334, 40.608333333333334 ], [ -74.00833333333334, 40.616666666666667 ], [ -74.01666666666668, 40.616666666666667 ], [ -74.01666666666668, 40.608333333333334 ], [ -74.00833333333334, 40.608333333333334 ] ] ] } },
{ "type": "Feature", "properties": { "cell_id": "r36_c30", "row": 36, "col": 30, "global_row": 5926, "global_col": 12719, "lon": -74.004166666666677, "lat": 40.6125 }, "geometry": { "type": "Polygon", "coordinates": [ [ [ -74.0, 40.608333333333334 ], [ -74.0, 40.616666666666667 ], [ -74.00833333333334, 40.616666666666667 ], [ -74.00833333333334, 40.608333333333334 ], [ -74.0, 40.608333333333334 ] ] ] } },
{ "type": "Feature", "properties": { "cell_id": "r36_c31", "row": 36, "col": 31, "global_row": 5926, "global_col": 12720, "lon": -73.995833333333337, "lat": 40.6125 }, "geometry": { "type": "Polygon", "coordinates": [ [ [ -73.991666666666674, 40.608333333333334 ], [ -73.991666666666674, 40.616666666666667 ], [ -74.0, 40.616666666666667 ], [ -74.0, 40.608333333333334 ], [ -73.991666666666674, 40.608333333333334 ] ] ] } },
{ "type": "Feature", "properties": { "cell_id": "r36_c32", "row": 36, "col": 32, "global_row": 5926, "global_col": 12721, "lon": -73.9875, "lat": 40.6125 }, "geometry": { "type": "Polygon", "coordinates": [ [ [ -73.983333333333334, 40.608333333333334 ], [ -73.983333333333334, 40.616666666666667 ], [ -73.991666666666674, 40.616666666666667 ], [ -73.991666666666674, 40.608333333333334 ], [ -73.983333333333334, 40.608333333333334 ] ] ] } },
{ "type": "Feature", "properties": { "cell_id": "r36_c33", "row": 36, "col": 33, "global_row": 5926, "global_col": 12722, "lon": -73.979166666666671, "lat": 40.6125 }, "geometry": { "type": "Polygon", "coordinates": [ [ [ -73.975, 40.608333333333334 ], [ -73.975, 40.616666666666667 ], [ -73.983333333333334, 40.616666666666667 ], [ -73.983333333333334, 40.608333333333334 ], [ -73.975, 40.608333333333334 ] ] ] } },
{ "type": "Feature", "properties": { "cell_id": "r36_c34", "row": 36, "col": 34, "global_row": 5926, "global_col": 12723, "lon": -73.970833333333346, "lat": 40.6125 }, "geometry": { "type": "Polygon", "coordinates": [ [ [ -73.966666666666669, 40.608333333333334 ], [ -73.966666666666669, 40.616666666666667 ], [ -73.975, 40.616666666666667 ], [ -73.975, 40.608333333333334 ], [ -73.966666666666669, 40.608333333333334 ] ] ] } },
{ "type": "Feature", "properties": { "cell_id": "r36_c35", "row": 36, "col": 35, "global_row": 5926, "global_col": 12724, "lon": -73.9625, "lat": 40.6125 }, "geometry": { "type": "Polygon", "coordinates": [ [ [ -73.958333333333343, 40.608333333333334 ], [ -73.958333333333343, 40.616666666666667 ], [ -73.966666666666669, 40.616666666666667 ], [ -73.966666666666669, 40.608333333333334 ], [ -73.958333333333343, 40.608333333333334 ] ] ] } },
{ "type": "Feature", "properties": { "cell_id": "r36_c36", "row": 36, "col": 36, "global_row": 5926, "global_col": 12725, "lon": -73.95416666666668, "lat": 40.6125 }, "geometry": { "type": "Polygon", "coordinates": [ [ [ -73.95, 40.608333333333334 ], [ -73.95, 40.616666666666667 ], [ -73.958333333333343, 40.616666666666667 ], [ -73.958333333333343, 40.608333333333334 ], [ -73.95, 40.608333333333334 ] ] ] } },
{ "type": "Feature", "properties": { "cell_id": "r36_c37", "row": 36, "col": 37, "global_row": 5926, "global_col": 12726, "lon": -73.94583333333334, "lat": 40.6125 }, "geometry": { "type": "Polygon", "coordinates": [ [ [ -73.941666666666677, 40.608333333333334 ], [ -73.941666666666677, 40.616666666666667 ], [ -73.95, 40.616666666666667 ], [ -73.95, 40.608333333333334 ], [ -73.941666666666677, 40.608333333333334 ] ] ] } },
{ "type": "Feature", "properties": { "cell_id": "r36_c38", "row": 36, "col": 38, "global_row": 5926, "global_col": 12727, "lon": -73.9375, "lat": 40.6125 }, "geometry": { "type": "Polygon", "coordinates": [ [ [ -73.933333333333337, 40.608333333333334 ], [ -73.933333333333337, 40.616666666666667 ], [ -73.941666666666677, 40.616666666666667 ], [ -73.941666666666677, 40.608333333333334 ], [ -73.933333333333337, 40.608333333333334 ] ] ] } },
{ "type": "Feature", "properties": { "cell_id": "r36_c39", "row": 36, "col": 39, "global_row": 5926, "global_col": 12728, "lon": -73.929166666666674, "lat": 40.6125 }, "geometry": { "type": "Polygon", "coordinates": [ [ [ -73.925, 40.608333333333334 ], [ -73.925, 40.616666666666667 ], [ -73.933333333333337, 40.616666666666667 ], [ -73.933333333333337, 40.608333333333334 ], [ -73.925, 40.608333333333334 ] ] ] } },
{ "type": "Feature", "properties": { "cell_id": "r36_c40", "row": 36, "col": 40, "global_row": 5926, "global_col": 12729, "lon": -73.920833333333348, "lat": 40.6125 }, "geometry": { "type": "Polygon", "coordinates": [ [ [ -73.916666666666671, 40.608333333333334 ], [ -73.916666666666671, 40.616666666666667 ], [ -73.925, 40.616666666666667 ], [ -73.925, 40.608333333333334 ], [ -73.916666666666671, 40.608333333333334 ] ] ] } },
{ "type": "Feature", "properties": { "cell_id": "r36_c41", "row": 36, "col": 41, "global_row": 5926, "global_col": 12730, "lon": -73.9125, "lat": 40.6125 }, "geometry": { "type": "Polygon", "coordinates": [ [ [ -73.908333333333346, 40.608333333333334 ], [ -73.908333333333346, 40.616666666666667 ], [ -73.916666666666671, 40.616666666666667 ], [ -73.916666666666671, 40.608333333333334 ], [ -73.908333333333346, 40.608333333333334 ] ] ] } },
{ "type": "Feature", "properties": { "cell_id": "r36_c43", "row": 36, "col": 43, "global_row": 5926, "global_col": 12732, "lon": -73.895833333333343, "lat": 40.6125 }, "geometry": { "type": "Polygon", "coordinates": [ [ [ -73.89166666666668, 40.608333333333334 ], [ -73.89166666666668, 40.616666666666667 ], [ -73.9, 40.616666666666667 ], [ -73.9, 40.608333333333334 ], [ -73.89166666666668, 40.608333333333334 ] ] ] } },
{ "type": "Feature", "properties": { "cell_id": "r36_c50", "row": 36, "col": 50, "global_row": 5926, "global_col": 12739, "lon": -73.8375, "lat": 40.6125 }, "geometry": { "type": "Polygon", "coordinates": [ [ [ -73.833333333333343, 40.608333333333334 ], [ -73.833333333333343, 40.616666666666667 ], [ -73.841666666666669, 40.616666666666667 ], [ -73.841666666666669, 40.608333333333334 ], [ -73.833333333333343, 40.608333333333334 ] ] ] } },
{ "type": "Feature", "properties": { "cell_id": "r36_c52", "row": 36, "col": 52, "global_row": 5926, "global_col": 12741, "lon": -73.82083333333334, "lat": 40.6125 }, "geometry": { "type": "Polygon", "coordinates": [ [ [ -73.816666666666677, 40.608333333333334 ], [ -73.816666666666677, 40.616666666666667 ], [ -73.825, 40.616666666666667 ], [ -73.825, 40.608333333333334 ], [ -73.816666666666677, 40.608333333333334 ] ] ] } },
{ "type": "Feature", "properties": { "cell_id": "r36_c55", "row": 36, "col": 55, "global_row": 5926, "global_col": 12744, "lon": -73.795833333333334, "lat": 40.6125 }, "geometry": { "type": "Polygon", "coordinates": [ [ [ -73.791666666666671, 40.608333333333334 ], [ -73.791666666666671, 40.616666666666667 ], [ -73.8, 40.616666666666667 ], [ -73.8, 40.608333333333334 ], [ -73.791666666666671, 40.608333333333334 ] ] ] } },
{ "type": "Feature", "properties": { "cell_id": "r36_c56", "row": 36, "col": 56, "global_row": 5926, "global_col": 12745, "lon": -73.7875, "lat": 40.6125 }, "geometry": { "type": "Polygon", "coordinates": [ [ [ -73.783333333333346, 40.608333333333334 ], [ -73.783333333333346, 40.616666666666667 ], [ -73.791666666666671, 40.616666666666667 ], [ -73.791666666666671, 40.608333333333334 ], [ -73.783333333333346, 40.608333333333334 ] ] ] } },
{ "type": "Feature", "properties": { "cell_id": "r36_c58", "row": 36, "col": 58, "global_row": 5926, "global_col": 12747, "lon": -73.770833333333343, "lat": 40.6125 }, "geometry": { "type": "Polygon", "coordinates": [ [ [ -73.76666666666668, 40.608333333333334 ], [ -73.76666666666668, 40.616666666666667 ], [ -73.775, 40.616666666666667 ], [ -73.775, 40.608333333333334 ], [ -73.76666666666668, 40.608333333333334 ] ] ] } },
{ "type": "Feature", "properties": { "cell_id": "r37_c7", "row": 37, "col": 7, "global_row": 5927, "global_col": 12696, "lon": -74.19583333333334, "lat": 40.604166666666664 }, "geometry": { "type": "Polygon", "coordinates": [ [ [ -74.191666666666677, 40.6 ], [ -74.191666666666677, 40.608333333333334 ], [ -74.2, 40.608333333333334 ], [ -74.2, 40.6 ], [ -74.191666666666677, 40.6 ] ] ] } },
{ "type": "Feature", "properties": { "cell_id": "r37_c8", "row": 37, "col": 8, "global_row": 5927, "global_col": 12697, "lon": -74.1875, "lat": 40.604166666666664 }, "geometry": { "type": "Polygon", "coordinates": [ [ [ -74.183333333333337, 40.6 ], [ -74.183333333333337, 40.608333333333334 ], [ -74.191666666666677, 40.608333333333334 ], [ -74.191666666666677, 40.6 ], [ -74.183333333333337, 40.6 ] ] ] } },
{ "type": "Feature", "properties": { "cell_id": "r37_c9", "row": 37, "col": 9, "global_row": 5927, "global_col": 12698, "lon": -74.179166666666674, "lat": 40.604166666666664 }, "geometry": { "type": "Polygon", "coordinates": [ [ [ -74.175, 40.6 ], [ -74.175, 40.608333333333334 ], [ -74.183333333333337, 40.608333333333334 ], [ -74.183333333333337, 40.6 ], [ -74.175, 40.6 ] ] ] } },
{ "type": "Feature", "properties": { "cell_id": "r37_c10", "row": 37, "col": 10, "global_row": 5927, "global_col": 12699, "lon": -74.170833333333334, "lat": 40.604166666666664 }, "geometry": { "type": "Polygon", "coordinates": [ [ [ -74.166666666666671, 40.6 ], [ -74.166666666666671, 40.608333333333334 ], [ -74.175, 40.608333333333334 ], [ -74.175, 40.6 ], [ -74.166666666666671, 40.6 ] ] ] } },
{ "type": "Feature", "properties": { "cell_id": "r37_c11", "row": 37, "col": 11, "global_row": 5927, "global_col": 12700, "lon": -74.1625, "lat": 40.604166666666664 }, "geometry": { "type": "Polygon", "coordinates": [ [ [ -74.158333333333346, 40.6 ], [ -74.158333333333346, 40.608333333333334 ], [ -74.166666666666671, 40.608333333333334 ], [ -74.166666666666671, 40.6 ], [ -74.158333333333346, 40.6 ] ] ] } },
{ "type": "Feature", "properties": { "cell_id": "r37_c12", "row": 37, "col": 12, "global_row": 5927, "global_col": 12701, "lon": -74.154166666666683, "lat": 40.604166666666664 }, "geometry": { "type": "Polygon", "coordinates": [ [ [ -74.15, 40.6 ], [ -74.15, 40.608333333333334 ], [ -74.158333333333346, 40.608333333333334 ], [ -74.158333333333346, 40.6 ], [ -74.15, 40.6 ] ] ] } },
{ "type": "Feature", "properties": { "cell_id": "r37_c13", "row": 37, "col": 13, "global_row": 5927, "global_col": 12702, "lon": -74.145833333333343, "lat": 40.604166666666664 }, "geometry": { "type": "Polygon", "coordinates": [ [ [ -74.14166666666668, 40.6 ], [ -74.14166666666668, 40.608333333333334 ], [ -74.15, 40.608333333333334 ], [ -74.15, 40.6 ], [ -74.14166666666668, 40.6 ] ] ] } },
{ "type": "Feature", "properties": { "cell_id": "r37_c14", "row": 37, "col": 14, "global_row": 5927, "global_col": 12703, "lon": -74.1375, "lat": 40.604166666666664 }, "geometry": { "type": "Polygon", "coordinates": [ [ [ -74.13333333333334, 40.6 ], [ -74.13333333333334, 40.608333333333334 ], [ -74.14166666666668, 40.608333333333334 ], [ -74.14166666666668, 40.6 ], [ -74.13333333333334, 40.6 ] ] ] } },
{ "type": "Feature", "properties": { "cell_id": "r37_c15", "row": 37, "col": 15, "global_row": 5927, "global_col": 12704, "lon": -74.129166666666663, "lat": 40.604166666666664 }, "geometry": { "type": "Polygon", "coordinates": [ [ [ -74.125, 40.6 ], [ -74.125, 40.608333333333334 ], [ -74.13333333333334, 40.608333333333334 ], [ -74.13333333333334, 40.6 ], [ -74.125, 40.6 ] ] ] } },
{ "type": "Feature", "properties": { "cell_id": "r37_c16", "row": 37, "col": 16, "global_row": 5927, "global_col": 12705, "lon": -74.120833333333337, "lat": 40.604166666666664 }, "geometry": { "type": "Polygon", "coordinates": [ [ [ -74.116666666666674, 40.6 ], [ -74.116666666666674, 40.608333333333334 ], [ -74.125, 40.608333333333334 ], [ -74.125, 40.6 ], [ -74.116666666666674, 40.6 ] ] ] } },
{ "type": "Feature", "properties": { "cell_id": "r37_c17", "row": 37, "col": 17, "global_row": 5927, "global_col": 12706, "lon": -74.1125, "lat": 40.604166666666664 }, "geometry": { "type": "Polygon", "coordinates": [ [ [ -74.108333333333334, 40.6 ], [ -74.108333333333334, 40.608333333333334 ], [ -74.116666666666674, 40.608333333333334 ], [ -74.116666666666674, 40.6 ], [ -74.108333333333334, 40.6 ] ] ] } },
{ "type": "Feature", "properties": { "cell_id": "r37_c18", "row": 37, "col": 18, "global_row": 5927, "global_col": 12707, "lon": -74.104166666666671, "lat": 40.604166666666664 }, "geometry": { "type": "Polygon", "coordinates": [ [ [ -74.1, 40.6 ], [ -74.1, 40.608333333333334 ], [ -74.108333333333334, 40.608333333333334 ], [ -74.108333333333334, 40.6 ], [ -74.1, 40.6 ] ] ] } },
{ "type": "Feature", "properties": { "cell_id": "r37_c19", "row": 37, "col": 19, "global_row": 5927, "global_col": 12708, "lon": -74.095833333333346, "lat": 40.604166666666664 }, "geometry": { "type": "Polygon", "coordinates": [ [ [ -74.091666666666669, 40.6 ], [ -74.091666666666669, 40.608333333333334 ], [ -74.1, 40.608333333333334 ], [ -74.1, 40.6 ], [ -74.091666666666669, 40.6 ] ] ] } },
{ "type": "Feature", "properties": { "cell_id": "r37_c20", "row": 37, "col": 20, "global_row": 5927, "global_col": 12709, "lon": -74.0875, "lat": 40.604166666666664 }, "geometry": { "type": "Polygon", "coordinates": [ [ [ -74.083333333333343, 40.6 ], [ -74.083333333333343, 40.608333333333334 ], [ -74.091666666666669, 40.608333333333334 ], [ -74.091666666666669, 40.6 ], [ -74.083333333333343, 40.6 ] ] ] } },
{ "type": "Feature", "properties": { "cell_id": "r37_c21", "row": 37, "col": 21, "global_row": 5927, "global_col": 12710, "lon": -74.079166666666666, "lat": 40.604166666666664 }, "geometry": { "type": "Polygon", "coordinates": [ [ [ -74.075, 40.6 ], [ -74.075, 40.608333333333334 ], [ -74.083333333333343, 40.608333333333334 ], [ -74.083333333333343, 40.6 ], [ -74.075, 40.6 ] ] ] } },
{ "type": "Feature", "properties": { "cell_id": "r37_c22", "row": 37, "col": 22, "global_row": 5927, "global_col": 12711, "lon": -74.07083333333334, "lat": 40.604166666666664 }, "geometry": { "type": "Polygon", "coordinates": [ [ [ -74.066666666666677, 40.6 ], [ -74.066666666666677, 40.608333333333334 ], [ -74.075, 40.608333333333334 ], [ -74.075, 40.6 ], [ -74.066666666666677, 40.6 ] ] ] } },
{ "type": "Feature", "properties": { "cell_id": "r37_c23", "row": 37, "col": 23, "global_row": 5927, "global_col": 12712, "lon": -74.0625, "lat": 40.604166666666664 }, "geometry": { "type": "Polygon", "coordinates": [ [ [ -74.058333333333337, 40.6 ], [ -74.058333333333337, 40.608333333333334 ], [ -74.066666666666677, 40.608333333333334 ], [ -74.066666666666677, 40.6 ], [ -74.058333333333337, 40.6 ] ] ] } },
{ "type": "Feature", "properties": { "cell_id": "r37_c24", "row": 37, "col": 24, "global_row": 5927, "global_col": 12713, "lon": -74.054166666666674, "lat": 40.604166666666664 }, "geometry": { "type": "Polygon", "coordinates": [ [ [ -74.05, 40.6 ], [ -74.05, 40.608333333333334 ], [ -74.058333333333337, 40.608333333333334 ], [ -74.058333333333337, 40.6 ], [ -74.05, 40.6 ] ] ] } },
{ "type": "Feature", "properties": { "cell_id": "r37_c28", "row": 37, "col": 28, "global_row": 5927, "global_col": 12717, "lon": -74.020833333333343, "lat": 40.604166666666664 }, "geometry": { "type": "Polygon", "coordinates": [ [ [ -74.01666666666668, 40.6 ], [ -74.01666666666668, 40.608333333333334 ], [ -74.025, 40.608333333333334 ], [ -74.025, 40.6 ], [ -74.01666666666668, 40.6 ] ] ] } },
{ "type": "Feature", "properties": { "cell_id": "r37_c29", "row": 37, "col": 29, "global_row": 5927, "global_col": 12718, "lon": -74.0125, "lat": 40.604166666666664 }, "geometry": { "type": "Polygon", "coordinates": [ [ [ -74.00833333333334, 40.6 ], [ -74.00833333333334, 40.608333333333334 ], [ -74.01666666666668, 40.608333333333334 ], [ -74.01666666666668, 40.6 ], [ -74.00833333333334, 40.6 ] ] ] } },
{ "type": "Feature", "properties": { "cell_id": "r37_c30", "row": 37, "col": 30, "global_row": 5927, "global_col": 12719, "lon": -74.004166666666663, "lat": 40.604166666666664 }, "geometry": { "type": "Polygon", "coordinates": [ [ [ -74.0, 40.6 ], [ -74.0, 40.608333333333334 ], [ -74.00833333333334, 40.608333333333334 ], [ -74.00833333333334, 40.6 ], [ -74.0, 40.6 ] ] ] } },
{ "type": "Feature", "properties": { "cell_id": "r37_c31", "row": 37, "col": 31, "global_row": 5927, "global_col": 12720, "lon": -73.995833333333351, "lat": 40.604166666666664 }, "geometry": { "type": "Polygon", "coordinates": [ [ [ -73.991666666666674, 40.6 ], [ -73.991666666666674, 40.608333333333334 ], [ -74.0, 40.608333333333334 ], [ -74.0, 40.6 ], [ -73.991666666666674, 40.6 ] ] ] } },
{ "type": "Feature", "properties": { "cell_id": "r37_c32", "row": 37, "col": 32, "global_row": 5927, "global_col": 12721, "lon": -73.9875, "lat": 40.604166666666664 }, "geometry": { "type": "Polygon", "coordinates": [ [ [ -73.983333333333334, 40.6 ], [ -73.983333333333334, 40.608333333333334 ], [ -73.991666666666674, 40.608333333333334 ], [ -73.991666666666674, 40.6 ], [ -73.983333333333334, 40.6 ] ] ] } },
{ "type": "Feature", "properties": { "cell_id": "r37_c33", "row": 37, "col": 33, "global_row": 5927, "global_col": 12722, "lon": -73.979166666666671, "lat": 40.604166666666664 }, "geometry": { "type": "Polygon", "coordinates": [ [ [ -73.975, 40.6 ], [ -73.975, 40.608333333333334 ], [ -73.983333333333334, 40.608333333333334 ], [ -73.983333333333334, 40.6 ], [ -73.975, 40.6 ] ] ] } },
{ "type": "Feature", "properties": { "cell_id": "r37_c34", "row": 37, "col": 34, "global_row": 5927, "global_col": 12723, "lon": -73.970833333333346, "lat": 40.604166666666664 }, "geometry": { "type": "Polygon", "coordinates": [ [ [ -73.966666666666669, 40.6 ], [ -73.966666666666669, 40.608333333333334 ], [ -73.975, 40.608333333333334 ], [ -73.975, 40.6 ], [ -73.966666666666669, 40.6 ] ] ] } },
{ "type": "Feature", "properties": { "cell_id": "r37_c35", "row": 37, "col": 35, "global_row": 5927, "global_col": 12724, "lon": -73.9625, "lat": 40.604166666666664 }, "geometry": { "type": "Polygon", "coordinates": [ [ [ -73.958333333333343, 40.6 ], [ -73.958333333333343, 40.608333333333334 ], [ -73.966666666666669, 40.608333333333334 ], [ -73.966666666666669, 40.6 ], [ -73.958333333333343, 40.6 ] ] ] } },
{ "type": "Feature", "properties": { "cell_id": "r37_c36", "row": 37, "col": 36, "global_row": 5927, "global_col": 12725, "lon": -73.95416666666668, "lat": 40.604166666666664 }, "geometry": { "type": "Polygon", "coordinates": [ [ [ -73.95, 40.6 ], [ -73.95, 40.608333333333334 ], [ -73.958333333333343, 40.608333333333334 ], [ -73.958333333333343, 40.6 ], [ -73.95, 40.6 ] ] ] } },
{ "type": "Feature", "properties": { "cell_id": "r37_c37", "row": 37, "col": 37, "global_row": 5927, "global_col": 12726, "lon": -73.94583333333334, "lat": 40.604166666666664 }, "geometry": { "type": "Polygon", "coordinates": [ [ [ -73.941666666666677, 40.6 ], [ -73.941666666666677, 40.608333333333334 ], [ -73.95, 40.608333333333334 ], [ -73.95, 40.6 ], [ -73.941666666666677, 40.6 ] ] ] } },
{ "type": "Feature", "properties": { "cell_id": "r37_c38", "row": 37, "col": 38, "global_row": 5927, "global_col": 12727, "lon": -73.9375, "lat": 40.604166666666664 }, "geometry": { "type": "Polygon", "coordinates": [ [ [ -73.933333333333337, 40.6 ], [ -73.933333333333337, 40.608333333333334 ], [ -73.941666666666677, 40.608333333333334 ], [ -73.941666666666677, 40.6 ], [ -73.933333333333337, 40.6 ] ] ] } },
{ "type": "Feature", "properties": { "cell_id": "r37_c39", "row": 37, "col": 39, "global_row": 5927, "global_col": 12728, "lon": -73.929166666666674, "lat": 40.604166666666664 }, "geometry": { "type": "Polygon", "coordinates": [ [ [ -73.925, 40.6 ], [ -73.925, 40.608333333333334 ], [ -73.933333333333337, 40.608333333333334 ], [ -73.933333333333337, 40.6 ], [ -73.925, 40.6 ] ] ] } },
{ "type": "Feature", "properties": { "cell_id": "r37_c40", "row": 37, "col": 40, "global_row": 5927, "global_col": 12729, "lon": -73.920833333333334, "lat": 40.604166666666664 }, "geometry": { "type": "Polygon", "coordinates": [ [ [ -73.916666666666671, 40.6 ], [ -73.916666666666671, 40.608333333333334 ], [ -73.925, 40.608333333333334 ], [ -73.925, 40.6 ], [ -73.916666666666671, 40.6 ] ] ] } },
{ "type": "Feature", "properties": { "cell_id": "r37_c41", "row": 37, "col": 41, "global_row": 5927, "global_col": 12730, "lon": -73.9125, "lat": 40.604166666666664 }, "geometry": { "type": "Polygon", "coordinates": [ [ [ -73.908333333333346, 40.6 ], [ -73.908333333333346, 40.608333333333334 ], [ -73.916666666666671, 40.608333333333334 ], [ -73.916666666666671, 40.6 ], [ -73.908333333333346, 40.6 ] ] ] } },
{ "type": "Feature", "properties": { "cell_id": "r37_c44", "row": 37, "col": 44, "global_row": 5927, "global_col": 12733, "lon": -73.8875, "lat": 40.604166666666664 }, "geometry": { "type": "Polygon", "coordinates": [ [ [ -73.88333333333334, 40.6 ], [ -73.88333333333334, 40.608333333333334 ], [ -73.89166666666668, 40.608333333333334 ], [ -73.89166666666668, 40.6 ], [ -73.88333333333334, 40.6 ] ] ] } },
{ "type": "Feature", "properties": { "cell_id": "r37_c49", "row": 37, "col": 49, "global_row": 5927, "global_col": 12738, "lon": -73.845833333333346, "lat": 40.604166666666664 }, "geometry": { "type": "Polygon", "coordinates": [ [ [ -73.841666666666669, 40.6 ], [ -73.841666666666669, 40.608333333333334 ], [ -73.85, 40.608333333333334 ], [ -73.85, 40.6 ], [ -73.841666666666669, 40.6 ] ] ] } },
{ "type": "Feature", "properties": { "cell_id": "r37_c52", "row": 37, "col": 52, "global_row": 5927, "global_col": 12741, "lon": -73.82083333333334, "lat": 40.604166666666664 }, "geometry": { "type": "Polygon", "coordinates": [ [ [ -73.816666666666677, 40.6 ], [ -73.816666666666677, 40.608333333333334 ], [ -73.825, 40.608333333333334 ], [ -73.825, 40.6 ], [ -73.816666666666677, 40.6 ] ] ] } },
{ "type": "Feature", "properties": { "cell_id": "r37_c57", "row": 37, "col": 57, "global_row": 5927, "global_col": 12746, "lon": -73.779166666666683, "lat": 40.604166666666664 }, "geometry": { "type": "Polygon", "coordinates": [ [ [ -73.775, 40.6 ], [ -73.775, 40.608333333333334 ], [ -73.783333333333346, 40.608333333333334 ], [ -73.783333333333346, 40.6 ], [ -73.775, 40.6 ] ] ] } },
{ "type": "Feature", "properties": { "cell_id": "r37_c59", "row": 37, "col": 59, "global_row": 5927, "global_col": 12748, "lon": -73.7625, "lat": 40.604166666666664 }, "geometry": { "type": "Polygon", "coordinates": [ [ [ -73.75833333333334, 40.6 ], [ -73.75833333333334, 40.608333333333334 ], [ -73.76666666666668, 40.608333333333334 ], [ -73.76666666666668, 40.6 ], [ -73.75833333333334, 40.6 ] ] ] } },
{ "type": "Feature", "properties": { "cell_id": "r37_c60", "row": 37, "col": 60, "global_row": 5927, "global_col": 12749, "lon": -73.754166666666663, "lat": 40.604166666666664 }, "geometry": { "type": "Polygon", "coordinates": [ [ [ -73.75, 40.6 ], [ -73.75, 40.608333333333334 ], [ -73.75833333333334, 40.608333333333334 ], [ -73.75833333333334, 40.6 ], [ -73.75, 40.6 ] ] ] } },
{ "type": "Feature", "properties": { "cell_id": "r37_c61", "row": 37, "col": 61, "global_row": 5927, "global_col": 12750, "lon": -73.745833333333337, "lat": 40.604166666666664 }, "geometry": { "type": "Polygon", "coordinates": [ [ [ -73.741666666666674, 40.6 ], [ -73.741666666666674, 40.608333333333334 ], [ -73.75, 40.608333333333334 ], [ -73.75, 40.6 ], [ -73.741666666666674, 40.6 ] ] ] } },
{ "type": "Feature", "properties": { "cell_id": "r38_c7", "row": 38, "col": 7, "global_row": 5928, "global_col": 12696, "lon": -74.19583333333334, "lat": 40.595833333333331 }, "geometry": { "type": "Polygon", "coordinates": [ [ [ -74.191666666666677, 40.591666666666661 ], [ -74.191666666666677, 40.6 ], [ -74.2, 40.6 ], [ -74.2, 40.591666666666661 ], [ -74.191666666666677, 40.591666666666661 ] ] ] } },
{ "type": "Feature", "properties": { "cell_id": "r38_c8", "row": 38, "col": 8, "global_row": 5928, "global_col": 12697, "lon": -74.1875, "lat": 40.595833333333324 }, "geometry": { "type": "Polygon", "coordinates": [ [ [ -74.183333333333337, 40.591666666666661 ], [ -74.183333333333337, 40.6 ], [ -74.191666666666677, 40.6 ], [ -74.191666666666677, 40.591666666666661 ], [ -74.183333333333337, 40.591666666666661 ] ] ] } },
{ "type": "Feature", "properties": { "cell_id": "r38_c9", "row": 38, "col": 9, "global_row": 5928, "global_col": 12698, "lon": -74.179166666666674, "lat": 40.595833333333331 }, "geometry": { "type": "Polygon", "coordinates": [ [ [ -74.175, 40.591666666666661 ], [ -74.175, 40.6 ], [ -74.183333333333337, 40.6 ], [ -74.183333333333337, 40.591666666666661 ], [ -74.175, 40.591666666666661 ] ] ] } },
{ "type": "Feature", "properties": { "cell_id": "r38_c10", "row": 38, "col": 10, "global_row": 5928, "global_col": 12699, "lon": -74.170833333333334, "lat": 40.595833333333324 }, "geometry": { "type": "Polygon", "coordinates": [ [ [ -74.166666666666671, 40.591666666666661 ], [ -74.166666666666671, 40.6 ], [ -74.175, 40.6 ], [ -74.175, 40.591666666666661 ], [ -74.166666666666671, 40.591666666666661 ] ] ] } },
{ "type": "Feature", "properties": { "cell_id": "r38_c11", "row": 38, "col": 11, "global_row": 5928, "global_col": 12700, "lon": -74.1625, "lat": 40.595833333333331 }, "geometry": { "type": "Polygon", "coordinates": [ [ [ -74.158333333333346, 40.591666666666661 ], [ -74.158333333333346, 40.6 ], [ -74.166666666666671, 40.6 ], [ -74.166666666666671, 40.591666666666661 ], [ -74.158333333333346, 40.591666666666661 ] ] ] } },
{ "type": "Feature", "properties": { "cell_id": "r38_c12", "row": 38, "col": 12, "global_row": 5928, "global_col": 12701, "lon": -74.154166666666669, "lat": 40.595833333333324 }, "geometry": { "type": "Polygon", "coordinates": [ [ [ -74.15, 40.591666666666661 ], [ -74.15, 40.6 ], [ -74.158333333333346, 40.6 ], [ -74.158333333333346, 40.591666666666661 ], [ -74.15, 40.591666666666661 ] ] ] } },
{ "type": "Feature", "properties": { "cell_id": "r38_c13", "row": 38, "col": 13, "global_row": 5928, "global_col": 12702, "lon": -74.145833333333343, "lat": 40.595833333333331 }, "geometry": { "type": "Polygon", "coordinates": [ [ [ -74.14166666666668, 40.591666666666661 ], [ -74.14166666666668, 40.6 ], [ -74.15, 40.6 ], [ -74.15, 40.591666666666661 ], [ -74.14166666666668, 40.591666666666661 ] ] ] } },
{ "type": "Feature", "properties": { "cell_id": "r38_c14", "row": 38, "col": 14, "global_row": 5928, "global_col": 12703, "lon": -74.1375, "lat": 40.595833333333324 }, "geometry": { "type": "Polygon", "coordinates": [ [ [ -74.13333333333334, 40.591666666666661 ], [ -74.13333333333334, 40.6 ], [ -74.14166666666668, 40.6 ], [ -74.14166666666668, 40.591666666666661 ], [ -74.13333333333334, 40.591666666666661 ] ] ] } },
{ "type": "Feature", "properties": { "cell_id": "r38_c15", "row": 38, "col": 15, "global_row": 5928, "global_col": 12704, "lon": -74.129166666666663, "lat": 40.595833333333324 }, "geometry": { "type": "Polygon", "coordinates": [ [ [ -74.125, 40.591666666666661 ], [ -74.125, 40.6 ], [ -74.13333333333334, 40.6 ], [ -74.13333333333334, 40.591666666666661 ], [ -74.125, 40.591666666666661 ] ] ] } },
{ "type": "Feature", "properties": { "cell_id": "r38_c16", "row": 38, "col": 16, "global_row": 5928, "global_col": 12705, "lon": -74.120833333333337, "lat": 40.595833333333331 }, "geometry": { "type": "Polygon", "coordinates": [ [ [ -74.116666666666674, 40.591666666666661 ], [ -74.116666666666674, 40.6 ], [ -74.125, 40.6 ], [ -74.125, 40.591666666666661 ], [ -74.116666666666674, 40.591666666666661 ] ] ] } },
{ "type": "Feature", "properties": { "cell_id": "r38_c17", "row": 38, "col": 17, "global_row": 5928, "global_col": 12706, "lon": -74.1125, "lat": 40.595833333333324 }, "geometry": { "type": "Polygon", "coordinates": [ [ [ -74.108333333333334, 40.591666666666661 ], [ -74.108333333333334, 40.6 ], [ -74.116666666666674, 40.6 ], [ -74.116666666666674, 40.591666666666661 ], [ -74.108333333333334, 40.591666666666661 ] ] ] } },
{ "type": "Feature", "properties": { "cell_id": "r38_c18", "row": 38, "col": 18, "global_row": 5928, "global_col": 12707, "lon": -74.104166666666657, "lat": 40.595833333333331 }, "geometry": { "type": "Polygon", "coordinates": [ [ [ -74.1, 40.591666666666661 ], [ -74.1, 40.6 ], [ -74.108333333333334, 40.6 ], [ -74.108333333333334, 40.591666666666661 ], [ -74.1, 40.591666666666661 ] ] ] } },
{ "type": "Feature", "properties": { "cell_id": "r38_c19", "row": 38, "col": 19, "global_row": 5928, "global_col": 12708, "lon": -74.095833333333346, "lat": 40.595833333333324 }, "geometry": { "type": "Polygon", "coordinates": [ [ [ -74.091666666666669, 40.591666666666661 ], [ -74.091666666666669, 40.6 ], [ -74.1, 40.6 ], [ -74.1, 40.591666666666661 ], [ -74.091666666666669, 40.591666666666661 ] ] ] } },
{ "type": "Feature", "properties": { "cell_id": "r38_c20", "row": 38, "col": 20, "global_row": 5928, "global_col": 12709, "lon": -74.0875, "lat": 40.595833333333331 }, "geometry": { "type": "Polygon", "coordinates": [ [ [ -74.083333333333343, 40.591666666666661 ], [ -74.083333333333343, 40.6 ], [ -74.091666666666669, 40.6 ], [ -74.091666666666669, 40.591666666666661 ], [ -74.083333333333343, 40.591666666666661 ] ] ] } },
{ "type": "Feature", "properties": { "cell_id": "r38_c21", "row": 38, "col": 21, "global_row": 5928, "global_col": 12710, "lon": -74.079166666666666, "lat": 40.595833333333324 }, "geometry": { "type": "Polygon", "coordinates": [ [ [ -74.075, 40.591666666666661 ], [ -74.075, 40.6 ], [ -74.083333333333343, 40.6 ], [ -74.083333333333343, 40.591666666666661 ], [ -74.075, 40.591666666666661 ] ] ] } },
{ "type": "Feature", "properties": { "cell_id": "r38_c22", "row": 38, "col": 22, "global_row": 5928, "global_col": 12711, "lon": -74.070833333333354, "lat": 40.595833333333331 }, "geometry": { "type": "Polygon", "coordinates": [ [ [ -74.066666666666677, 40.591666666666661 ], [ -74.066666666666677, 40.6 ], [ -74.075, 40.6 ], [ -74.075, 40.591666666666661 ], [ -74.066666666666677, 40.591666666666661 ] ] ] } },
{ "type": "Feature", "properties": { "cell_id": "r38_c23", "row": 38, "col": 23, "global_row": 5928, "global_col": 12712, "lon": -74.0625, "lat": 40.595833333333324 }, "geometry": { "type": "Polygon", "coordinates": [ [ [ -74.058333333333337, 40.591666666666661 ], [ -74.058333333333337, 40.6 ], [ -74.066666666666677, 40.6 ], [ -74.066666666666677, 40.591666666666661 ], [ -74.058333333333337, 40.591666666666661 ] ] ] } },
{ "type": "Feature", "properties": { "cell_id": "r38_c31", "row": 38, "col": 31, "global_row": 5928, "global_col": 12720, "lon": -73.995833333333337, "lat": 40.595833333333331 }, "geometry": { "type": "Polygon", "coordinates": [ [ [ -73.991666666666674, 40.591666666666661 ], [ -73.991666666666674, 40.6 ], [ -74.0, 40.6 ], [ -74.0, 40.591666666666661 ], [ -73.991666666666674, 40.591666666666661 ] ] ] } },
{ "type": "Feature", "properties": { "cell_id": "r38_c32", "row": 38, "col": 32, "global_row": 5928, "global_col": 12721, "lon": -73.9875, "lat": 40.595833333333324 }, "geometry": { "type": "Polygon", "coordinates": [ [ [ -73.983333333333334, 40.591666666666661 ], [ -73.983333333333334, 40.6 ], [ -73.991666666666674, 40.6 ], [ -73.991666666666674, 40.591666666666661 ], [ -73.983333333333334, 40.591666666666661 ] ] ] } },
{ "type": "Feature", "properties": { "cell_id": "r38_c33", "row": 38, "col": 33, "global_row": 5928, "global_col": 12722, "lon": -73.979166666666671, "lat": 40.595833333333331 }, "geometry": { "type": "Polygon", "coordinates": [ [ [ -73.975, 40.591666666666661 ], [ -73.975, 40.6 ], [ -73.983333333333334, 40.6 ], [ -73.983333333333334, 40.591666666666661 ], [ -73.975, 40.591666666666661 ] ] ] } },
{ "type": "Feature", "properties": { "cell_id": "r38_c34", "row": 38, "col": 34, "global_row": 5928, "global_col": 12723, "lon": -73.970833333333346, "lat": 40.595833333333324 }, "geometry": { "type": "Polygon", "coordinates": [ [ [ -73.966666666666669, 40.591666666666661 ], [ -73.966666666666669, 40.6 ], [ -73.975, 40.6 ], [ -73.975, 40.591666666666661 ], [ -73.966666666666669, 40.591666666666661 ] ] ] } },
{ "type": "Feature", "properties": { "cell_id": "r38_c35", "row": 38, "col": 35, "global_row": 5928, "global_col": 12724, "lon": -73.9625, "lat": 40.595833333333331 }, "geometry": { "type": "Polygon", "coordinates": [ [ [ -73.958333333333343, 40.591666666666661 ], [ -73.958333333333343, 40.6 ], [ -73.966666666666669, 40.6 ], [ -73.966666666666669, 40.591666666666661 ], [ -73.958333333333343, 40.591666666666661 ] ] ] } },
{ "type": "Feature", "properties": { "cell_id": "r38_c36", "row": 38, "col": 36, "global_row": 5928, "global_col": 12725, "lon": -73.95416666666668, "lat": 40.595833333333324 }, "geometry": { "type": "Polygon", "coordinates": [ [ [ -73.95, 40.591666666666661 ], [ -73.95, 40.6 ], [ -73.958333333333343, 40.6 ], [ -73.958333333333343, 40.591666666666661 ], [ -73.95, 40.591666666666661 ] ] ] } },
{ "type": "Feature", "properties": { "cell_id": "r38_c37", "row": 38, "col": 37, "global_row": 5928, "global_col": 12726, "lon": -73.94583333333334, "lat": 40.595833333333331 }, "geometry": { "type": "Polygon", "coordinates": [ [ [ -73.941666666666677, 40.591666666666661 ], [ -73.941666666666677, 40.6 ], [ -73.95, 40.6 ], [ -73.95, 40.591666666666661 ], [ -73.941666666666677, 40.591666666666661 ] ] ] } },
{ "type": "Feature", "properties": { "cell_id": "r38_c38", "row": 38, "col": 38, "global_row": 5928, "global_col": 12727, "lon": -73.9375, "lat": 40.595833333333324 }, "geometry": { "type": "Polygon", "coordinates": [ [ [ -73.933333333333337, 40.591666666666661 ], [ -73.933333333333337, 40.6 ], [ -73.941666666666677, 40.6 ], [ -73.941666666666677, 40.591666666666661 ], [ -73.933333333333337, 40.591666666666661 ] ] ] } },
{ "type": "Feature", "properties": { "cell_id": "r38_c39", "row": 38, "col": 39, "global_row": 5928, "global_col": 12728, "lon": -73.929166666666674, "lat": 40.595833333333331 }, "geometry": { "type": "Polygon", "coordinates": [ [ [ -73.925, 40.591666666666661 ], [ -73.925, 40.6 ], [ -73.933333333333337, 40.6 ], [ -73.933333333333337, 40.591666666666661 ], [ -73.925, 40.591666666666661 ] ] ] } },
{ "type": "Feature", "properties": { "cell_id": "r38_c41", "row": 38, "col": 41, "global_row": 5928, "global_col": 12730, "lon": -73.9125, "lat": 40.595833333333331 }, "geometry": { "type": "Polygon", "coordinates": [ [ [ -73.908333333333346, 40.591666666666661 ], [ -73.908333333333346, 40.6 ], [ -73.916666666666671, 40.6 ], [ -73.916666666666671, 40.591666666666661 ], [ -73.908333333333346, 40.591666666666661 ] ] ] } },
{ "type": "Feature", "properties": { "cell_id": "r38_c42", "row": 38, "col": 42, "global_row": 5928, "global_col": 12731, "lon": -73.904166666666683, "lat": 40.595833333333324 }, "geometry": { "type": "Polygon", "coordinates": [ [ [ -73.9, 40.591666666666661 ], [ -73.9, 40.6 ], [ -73.908333333333346, 40.6 ], [ -73.908333333333346, 40.591666666666661 ], [ -73.9, 40.591666666666661 ] ] ] } },
{ "type": "Feature", "properties": { "cell_id": "r38_c43", "row": 38, "col": 43, "global_row": 5928, "global_col": 12732, "lon": -73.895833333333343, "lat": 40.595833333333331 }, "geometry": { "type": "Polygon", "coordinates": [ [ [ -73.89166666666668, 40.591666666666661 ], [ -73.89166666666668, 40.6 ], [ -73.9, 40.6 ], [ -73.9, 40.591666666666661 ], [ -73.89166666666668, 40.591666666666661 ] ] ] } },
{ "type": "Feature", "properties": { "cell_id": "r38_c44", "row": 38, "col": 44, "global_row": 5928, "global_col": 12733, "lon": -73.8875, "lat": 40.595833333333324 }, "geometry": { "type": "Polygon", "coordinates": [ [ [ -73.88333333333334, 40.591666666666661 ], [ -73.88333333333334, 40.6 ], [ -73.89166666666668, 40.6 ], [ -73.89166666666668, 40.591666666666661 ], [ -73.88333333333334, 40.591666666666661 ] ] ] } },
{ "type": "Feature", "properties": { "cell_id": "r38_c50", "row": 38, "col": 50, "global_row": 5928, "global_col": 12739, "lon": -73.8375, "lat": 40.595833333333331 }, "geometry": { "type": "Polygon", "coordinates": [ [ [ -73.833333333333343, 40.591666666666661 ], [ -73.833333333333343, 40.6 ], [ -73.841666666666669, 40.6 ], [ -73.841666666666669, 40.591666666666661 ], [ -73.833333333333343, 40.591666666666661 ] ] ] } },
{ "type": "Feature", "properties": { "cell_id": "r38_c51", "row": 38, "col": 51, "global_row": 5928, "global_col": 12740, "lon": -73.82916666666668, "lat": 40.595833333333324 }, "geometry": { "type": "Polygon", "coordinates": [ [ [ -73.825, 40.591666666666661 ], [ -73.825, 40.6 ], [ -73.833333333333343, 40.6 ], [ -73.833333333333343, 40.591666666666661 ], [ -73.825, 40.591666666666661 ] ] ] } },
{ "type": "Feature", "properties": { "cell_id": "r38_c52", "row": 38, "col": 52, "global_row": 5928, "global_col": 12741, "lon": -73.82083333333334, "lat": 40.595833333333331 }, "geometry": { "type": "Polygon", "coordinates": [ [ [ -73.816666666666677, 40.591666666666661 ], [ -73.816666666666677, 40.6 ], [ -73.825, 40.6 ], [ -73.825, 40.591666666666661 ], [ -73.816666666666677, 40.591666666666661 ] ] ] } },
{ "type": "Feature", "properties": { "cell_id": "r38_c54", "row": 38, "col": 54, "global_row": 5928, "global_col": 12743, "lon": -73.804166666666674, "lat": 40.595833333333331 }, "geometry": { "type": "Polygon", "coordinates": [ [ [ -73.8, 40.591666666666661 ], [ -73.8, 40.6 ], [ -73.808333333333337, 40.6 ], [ -73.808333333333337, 40.591666666666661 ], [ -73.8, 40.591666666666661 ] ] ] } },
{ "type": "Feature", "properties": { "cell_id": "r38_c55", "row": 38, "col": 55, "global_row": 5928, "global_col": 12744, "lon": -73.795833333333334, "lat": 40.595833333333324 }, "geometry": { "type": "Polygon", "coordinates": [ [ [ -73.791666666666671, 40.591666666666661 ], [ -73.791666666666671, 40.6 ], [ -73.8, 40.6 ], [ -73.8, 40.591666666666661 ], [ -73.791666666666671, 40.591666666666661 ] ] ] } },
{ "type": "Feature", "properties": { "cell_id": "r38_c56", "row": 38, "col": 56, "global_row": 5928, "global_col": 12745, "lon": -73.7875, "lat": 40.595833333333331 }, "geometry": { "type": "Polygon", "coordinates": [ [ [ -73.783333333333346, 40.591666666666661 ], [ -73.783333333333346, 40.6 ], [ -73.791666666666671, 40.6 ], [ -73.791666666666671, 40.591666666666661 ], [ -73.783333333333346, 40.591666666666661 ] ] ] } },
{ "type": "Feature", "properties": { "cell_id": "r38_c57", "row": 38, "col": 57, "global_row": 5928, "global_col": 12746, "lon": -73.779166666666669, "lat": 40.595833333333324 }, "geometry": { "type": "Polygon", "coordinates": [ [ [ -73.775, 40.591666666666661 ], [ -73.775, 40.6 ], [ -73.783333333333346, 40.6 ], [ -73.783333333333346, 40.591666666666661 ], [ -73.775, 40.591666666666661 ] ] ] } },
{ "type": "Feature", "properties": { "cell_id": "r38_c58", "row": 38, "col": 58, "global_row": 5928, "global_col": 12747, "lon": -73.770833333333343, "lat": 40.595833333333331 }, "geometry": { "type": "Polygon", "coordinates": [ [ [ -73.76666666666668, 40.591666666666661 ], [ -73.76666666666668, 40.6 ], [ -73.775, 40.6 ], [ -73.775, 40.591666666666661 ], [ -73.76666666666668, 40.591666666666661 ] ] ] } },
{ "type": "Feature", "properties": { "cell_id": "r38_c59", "row": 38, "col": 59, "global_row": 5928, "global_col": 12748, "lon": -73.7625, "lat": 40.595833333333324 }, "geometry": { "type": "Polygon", "coordinates": [ [ [ -73.75833333333334, 40.591666666666661 ], [ -73.75833333333334, 40.6 ], [ -73.76666666666668, 40.6 ], [ -73.76666666666668, 40.591666666666661 ], [ -73.75833333333334, 40.591666666666661 ] ] ] } },
{ "type": "Feature", "properties": { "cell_id": "r38_c60", "row": 38, "col": 60, "global_row": 5928, "global_col": 12749, "lon": -73.754166666666663, "lat": 40.595833333333324 }, "geometry": { "type": "Polygon", "coordinates": [ [ [ -73.75, 40.591666666666661 ], [ -73.75, 40.6 ], [ -73.75833333333334, 40.6 ], [ -73.75833333333334, 40.591666666666661 ], [ -73.75, 40.591666666666661 ] ] ] } },
{ "type": "Feature", "properties": { "cell_id": "r38_c61", "row": 38, "col": 61, "global_row": 5928, "global_col": 12750, "lon": -73.745833333333337, "lat": 40.595833333333331 }, "geometry": { "type": "Polygon", "coordinates": [ [ [ -73.741666666666674, 40.591666666666661 ], [ -73.741666666666674, 40.6 ], [ -73.75, 40.6 ], [ -73.75, 40.591666666666661 ], [ -73.741666666666674, 40.591666666666661 ] ] ] } },
{ "type": "Feature", "properties": { "cell_id": "r39_c6", "row": 39, "col": 6, "global_row": 5929, "global_col": 12695, "lon": -74.20416666666668, "lat": 40.5875 }, "geometry": { "type": "Polygon", "coordinates": [ [ [ -74.2, 40.583333333333329 ], [ -74.2, 40.591666666666661 ], [ -74.208333333333343, 40.591666666666661 ], [ -74.208333333333343, 40.583333333333329 ], [ -74.2, 40.583333333333329 ] ] ] } },
{ "type": "Feature", "properties": { "cell_id": "r39_c7", "row": 39, "col": 7, "global_row": 5929, "global_col": 12696, "lon": -74.19583333333334, "lat": 40.5875 }, "geometry": { "type": "Polygon", "coordinates": [ [ [ -74.191666666666677, 40.583333333333329 ], [ -74.191666666666677, 40.591666666666661 ], [ -74.2, 40.591666666666661 ], [ -74.2, 40.583333333333329 ], [ -74.191666666666677, 40.583333333333329 ] ] ] } },
{ "type": "Feature", "properties": { "cell_id": "r39_c8", "row": 39, "col": 8, "global_row": 5929, "global_col": 12697, "lon": -74.1875, "lat": 40.5875 }, "geometry": { "type": "Polygon", "coordinates": [ [ [ -74.183333333333337, 40.583333333333329 ], [ -74.183333333333337, 40.591666666666661 ], [ -74.191666666666677, 40.591666666666661 ], [ -74.191666666666677, 40.583333333333329 ], [ -74.183333333333337, 40.583333333333329 ] ] ] } },
{ "type": "Feature", "properties": { "cell_id": "r39_c9", "row": 39, "col": 9, "global_row": 5929, "global_col": 12698, "lon": -74.179166666666674, "lat": 40.5875 }, "geometry": { "type": "Polygon", "coordinates": [ [ [ -74.175, 40.583333333333329 ], [ -74.175, 40.591666666666661 ], [ -74.183333333333337, 40.591666666666661 ], [ -74.183333333333337, 40.583333333333329 ], [ -74.175, 40.583333333333329 ] ] ] } },
{ "type": "Feature", "properties": { "cell_id": "r39_c10", "row": 39, "col": 10, "global_row": 5929, "global_col": 12699, "lon": -74.170833333333334, "lat": 40.5875 }, "geometry": { "type": "Polygon", "coordinates": [ [ [ -74.166666666666671, 40.583333333333329 ], [ -74.166666666666671, 40.591666666666661 ], [ -74.175, 40.591666666666661 ], [ -74.175, 40.583333333333329 ], [ -74.166666666666671, 40.583333333333329 ] ] ] } },
{ "type": "Feature", "properties": { "cell_id": "r39_c11", "row": 39, "col": 11, "global_row": 5929, "global_col": 12700, "lon": -74.1625, "lat": 40.5875 }, "geometry": { "type": "Polygon", "coordinates": [ [ [ -74.158333333333346, 40.583333333333329 ], [ -74.158333333333346, 40.591666666666661 ], [ -74.166666666666671, 40.591666666666661 ], [ -74.166666666666671, 40.583333333333329 ], [ -74.158333333333346, 40.583333333333329 ] ] ] } },
{ "type": "Feature", "properties": { "cell_id": "r39_c12", "row": 39, "col": 12, "global_row": 5929, "global_col": 12701, "lon": -74.154166666666669, "lat": 40.5875 }, "geometry": { "type": "Polygon", "coordinates": [ [ [ -74.15, 40.583333333333329 ], [ -74.15, 40.591666666666661 ], [ -74.158333333333346, 40.591666666666661 ], [ -74.158333333333346, 40.583333333333329 ], [ -74.15, 40.583333333333329 ] ] ] } },
{ "type": "Feature", "properties": { "cell_id": "r39_c13", "row": 39, "col": 13, "global_row": 5929, "global_col": 12702, "lon": -74.145833333333343, "lat": 40.5875 }, "geometry": { "type": "Polygon", "coordinates": [ [ [ -74.14166666666668, 40.583333333333329 ], [ -74.14166666666668, 40.591666666666661 ], [ -74.15, 40.591666666666661 ], [ -74.15, 40.583333333333329 ], [ -74.14166666666668, 40.583333333333329 ] ] ] } },
{ "type": "Feature", "properties": { "cell_id": "r39_c14", "row": 39, "col": 14, "global_row": 5929, "global_col": 12703, "lon": -74.1375, "lat": 40.5875 }, "geometry": { "type": "Polygon", "coordinates": [ [ [ -74.13333333333334, 40.583333333333329 ], [ -74.13333333333334, 40.591666666666661 ], [ -74.14166666666668, 40.591666666666661 ], [ -74.14166666666668, 40.583333333333329 ], [ -74.13333333333334, 40.583333333333329 ] ] ] } },
{ "type": "Feature", "properties": { "cell_id": "r39_c15", "row": 39, "col": 15, "global_row": 5929, "global_col": 12704, "lon": -74.129166666666663, "lat": 40.5875 }, "geometry": { "type": "Polygon", "coordinates": [ [ [ -74.125, 40.583333333333329 ], [ -74.125, 40.591666666666661 ], [ -74.13333333333334, 40.591666666666661 ], [ -74.13333333333334, 40.583333333333329 ], [ -74.125, 40.583333333333329 ] ] ] } },
{ "type": "Feature", "properties": { "cell_id": "r39_c16", "row": 39, "col": 16, "global_row": 5929, "global_col": 12705, "lon": -74.120833333333337, "lat": 40.5875 }, "geometry": { "type": "Polygon", "coordinates": [ [ [ -74.116666666666674, 40.583333333333329 ], [ -74.116666666666674, 40.591666666666661 ], [ -74.125, 40.591666666666661 ], [ -74.125, 40.583333333333329 ], [ -74.116666666666674, 40.583333333333329 ] ] ] } },
{ "type": "Feature", "properties": { "cell_id": "r39_c17", "row": 39, "col": 17, "global_row": 5929, "global_col": 12706, "lon": -74.1125, "lat": 40.5875 }, "geometry": { "type": "Polygon", "coordinates": [ [ [ -74.108333333333334, 40.583333333333329 ], [ -74.108333333333334, 40.591666666666661 ], [ -74.116666666666674, 40.591666666666661 ], [ -74.116666666666674, 40.583333333333329 ], [ -74.108333333333334, 40.583333333333329 ] ] ] } },
{ "type": "Feature", "properties": { "cell_id": "r39_c18", "row": 39, "col": 18, "global_row": 5929, "global_col": 12707, "lon": -74.104166666666657, "lat": 40.5875 }, "geometry": { "type": "Polygon", "coordinates": [ [ [ -74.1, 40.583333333333329 ], [ -74.1, 40.591666666666661 ], [ -74.108333333333334, 40.591666666666661 ], [ -74.108333333333334, 40.583333333333329 ], [ -74.1, 40.583333333333329 ] ] ] } },
{ "type": "Feature", "properties": { "cell_id": "r39_c19", "row": 39, "col": 19, "global_row": 5929, "global_col": 12708, "lon": -74.095833333333346, "lat": 40.5875 }, "geometry": { "type": "Polygon", "coordinates": [ [ [ -74.091666666666669, 40.583333333333329 ], [ -74.091666666666669, 40.591666666666661 ], [ -74.1, 40.591666666666661 ], [ -74.1, 40.583333333333329 ], [ -74.091666666666669, 40.583333333333329 ] ] ] } },
{ "type": "Feature", "properties": { "cell_id": "r39_c20", "row": 39, "col": 20, "global_row": 5929, "global_col": 12709, "lon": -74.0875, "lat": 40.5875 }, "geometry": { "type": "Polygon", "coordinates": [ [ [ -74.083333333333343, 40.583333333333329 ], [ -74.083333333333343, 40.591666666666661 ], [ -74.091666666666669, 40.591666666666661 ], [ -74.091666666666669, 40.583333333333329 ], [ -74.083333333333343, 40.583333333333329 ] ] ] } },
{ "type": "Feature", "properties": { "cell_id": "r39_c21", "row": 39, "col": 21, "global_row": 5929, "global_col": 12710, "lon": -74.079166666666666, "lat": 40.5875 }, "geometry": { "type": "Polygon", "coordinates": [ [ [ -74.075, 40.583333333333329 ], [ -74.075, 40.591666666666661 ], [ -74.083333333333343, 40.591666666666661 ], [ -74.083333333333343, 40.583333333333329 ], [ -74.075, 40.583333333333329 ] ] ] } },
{ "type": "Feature", "properties": { "cell_id": "r39_c22", "row": 39, "col": 22, "global_row": 5929, "global_col": 12711, "lon": -74.070833333333354, "lat": 40.5875 }, "geometry": { "type": "Polygon", "coordinates": [ [ [ -74.066666666666677, 40.583333333333329 ], [ -74.066666666666677, 40.591666666666661 ], [ -74.075, 40.591666666666661 ], [ -74.075, 40.583333333333329 ], [ -74.066666666666677, 40.583333333333329 ] ] ] } },
{ "type": "Feature", "properties": { "cell_id": "r39_c31", "row": 39, "col": 31, "global_row": 5929, "global_col": 12720, "lon": -73.995833333333337, "lat": 40.5875 }, "geometry": { "type": "Polygon", "coordinates": [ [ [ -73.991666666666674, 40.583333333333329 ], [ -73.991666666666674, 40.591666666666661 ], [ -74.0, 40.591666666666661 ], [ -74.0, 40.583333333333329 ], [ -73.991666666666674, 40.583333333333329 ] ] ] } },
{ "type": "Feature", "properties": { "cell_id": "r39_c32", "row": 39, "col": 32, "global_row": 5929, "global_col": 12721, "lon": -73.9875, "lat": 40.5875 }, "geometry": { "type": "Polygon", "coordinates": [ [ [ -73.983333333333334, 40.583333333333329 ], [ -73.983333333333334, 40.591666666666661 ], [ -73.991666666666674, 40.591666666666661 ], [ -73.991666666666674, 40.583333333333329 ], [ -73.983333333333334, 40.583333333333329 ] ] ] } },
{ "type": "Feature", "properties": { "cell_id": "r39_c33", "row": 39, "col": 33, "global_row": 5929, "global_col": 12722, "lon": -73.979166666666671, "lat": 40.5875 }, "geometry": { "type": "Polygon", "coordinates": [ [ [ -73.975, 40.583333333333329 ], [ -73.975, 40.591666666666661 ], [ -73.983333333333334, 40.591666666666661 ], [ -73.983333333333334, 40.583333333333329 ], [ -73.975, 40.583333333333329 ] ] ] } },
{ "type": "Feature", "properties": { "cell_id": "r39_c34", "row": 39, "col": 34, "global_row": 5929, "global_col": 12723, "lon": -73.970833333333346, "lat": 40.5875 }, "geometry": { "type": "Polygon", "coordinates": [ [ [ -73.966666666666669, 40.583333333333329 ], [ -73.966666666666669, 40.591666666666661 ], [ -73.975, 40.591666666666661 ], [ -73.975, 40.583333333333329 ], [ -73.966666666666669, 40.583333333333329 ] ] ] } },
{ "type": "Feature", "properties": { "cell_id": "r39_c35", "row": 39, "col": 35, "global_row": 5929, "global_col": 12724, "lon": -73.9625, "lat": 40.5875 }, "geometry": { "type": "Polygon", "coordinates": [ [ [ -73.958333333333343, 40.583333333333329 ], [ -73.958333333333343, 40.591666666666661 ], [ -73.966666666666669, 40.591666666666661 ], [ -73.966666666666669, 40.583333333333329 ], [ -73.958333333333343, 40.583333333333329 ] ] ] } },
{ "type": "Feature", "properties": { "cell_id": "r39_c36", "row": 39, "col": 36, "global_row": 5929, "global_col": 12725, "lon": -73.95416666666668, "lat": 40.5875 }, "geometry": { "type": "Polygon", "coordinates": [ [ [ -73.95, 40.583333333333329 ], [ -73.95, 40.591666666666661 ], [ -73.958333333333343, 40.591666666666661 ], [ -73.958333333333343, 40.583333333333329 ], [ -73.95, 40.583333333333329 ] ] ] } },
{ "type": "Feature", "properties": { "cell_id": "r39_c37", "row": 39, "col": 37, "global_row": 5929, "global_col": 12726, "lon": -73.94583333333334, "lat": 40.5875 }, "geometry": { "type": "Polygon", "coordinates": [ [ [ -73.941666666666677, 40.583333333333329 ], [ -73.941666666666677, 40.591666666666661 ], [ -73.95, 40.591666666666661 ], [ -73.95, 40.583333333333329 ], [ -73.941666666666677, 40.583333333333329 ] ] ] } },
{ "type": "Feature", "properties": { "cell_id": "r39_c38", "row": 39, "col": 38, "global_row": 5929, "global_col": 12727, "lon": -73.9375, "lat": 40.5875 }, "geometry": { "type": "Polygon", "coordinates": [ [ [ -73.933333333333337, 40.583333333333329 ], [ -73.933333333333337, 40.591666666666661 ], [ -73.941666666666677, 40.591666666666661 ], [ -73.941666666666677, 40.583333333333329 ], [ -73.933333333333337, 40.583333333333329 ] ] ] } },
{ "type": "Feature", "properties": { "cell_id": "r39_c40", "row": 39, "col": 40, "global_row": 5929, "global_col": 12729, "lon": -73.920833333333348, "lat": 40.5875 }, "geometry": { "type": "Polygon", "coordinates": [ [ [ -73.916666666666671, 40.583333333333329 ], [ -73.916666666666671, 40.591666666666661 ], [ -73.925, 40.591666666666661 ], [ -73.925, 40.583333333333329 ], [ -73.916666666666671, 40.583333333333329 ] ] ] } },
{ "type": "Feature", "properties": { "cell_id": "r39_c42", "row": 39, "col": 42, "global_row": 5929, "global_col": 12731, "lon": -73.904166666666683, "lat": 40.5875 }, "geometry": { "type": "Polygon", "coordinates": [ [ [ -73.9, 40.583333333333329 ], [ -73.9, 40.591666666666661 ], [ -73.908333333333346, 40.591666666666661 ], [ -73.908333333333346, 40.583333333333329 ], [ -73.9, 40.583333333333329 ] ] ] } },
{ "type": "Feature", "properties": { "cell_id": "r39_c43", "row": 39, "col": 43, "global_row": 5929, "global_col": 12732, "lon": -73.895833333333343, "lat": 40.5875 }, "geometry": { "type": "Polygon", "coordinates": [ [ [ -73.89166666666668, 40.583333333333329 ], [ -73.89166666666668, 40.591666666666661 ], [ -73.9, 40.591666666666661 ], [ -73.9, 40.583333333333329 ], [ -73.89166666666668, 40.583333333333329 ] ] ] } },
{ "type": "Feature", "properties": { "cell_id": "r39_c44", "row": 39, "col": 44, "global_row": 5929, "global_col": 12733, "lon": -73.8875, "lat": 40.5875 }, "geometry": { "type": "Polygon", "coordinates": [ [ [ -73.88333333333334, 40.583333333333329 ], [ -73.88333333333334, 40.591666666666661 ], [ -73.89166666666668, 40.591666666666661 ], [ -73.89166666666668, 40.583333333333329 ], [ -73.88333333333334, 40.583333333333329 ] ] ] } },
{ "type": "Feature", "properties": { "cell_id": "r39_c45", "row": 39, "col": 45, "global_row": 5929, "global_col": 12734, "lon": -73.879166666666663, "lat": 40.5875 }, "geometry": { "type": "Polygon", "coordinates": [ [ [ -73.875, 40.583333333333329 ], [ -73.875, 40.591666666666661 ], [ -73.88333333333334, 40.591666666666661 ], [ -73.88333333333334, 40.583333333333329 ], [ -73.875, 40.583333333333329 ] ] ] } },
{ "type": "Feature", "properties": { "cell_id": "r39_c46", "row": 39, "col": 46, "global_row": 5929, "global_col": 12735, "lon": -73.870833333333351, "lat": 40.5875 }, "geometry": { "type": "Polygon", "coordinates": [ [ [ -73.866666666666674, 40.583333333333329 ], [ -73.866666666666674, 40.591666666666661 ], [ -73.875, 40.591666666666661 ], [ -73.875, 40.583333333333329 ], [ -73.866666666666674, 40.583333333333329 ] ] ] } },
{ "type": "Feature", "properties": { "cell_id": "r39_c47", "row": 39, "col": 47, "global_row": 5929, "global_col": 12736, "lon": -73.8625, "lat": 40.5875 }, "geometry": { "type": "Polygon", "coordinates": [ [ [ -73.858333333333334, 40.583333333333329 ], [ -73.858333333333334, 40.591666666666661 ], [ -73.866666666666674, 40.591666666666661 ], [ -73.866666666666674, 40.583333333333329 ], [ -73.858333333333334, 40.583333333333329 ] ] ] } },
{ "type": "Feature", "properties": { "cell_id": "r39_c53", "row": 39, "col": 53, "global_row": 5929, "global_col": 12742, "lon": -73.8125, "lat": 40.5875 }, "geometry": { "type": "Polygon", "coordinates": [ [ [ -73.808333333333337, 40.583333333333329 ], [ -73.808333333333337, 40.591666666666661 ], [ -73.816666666666677, 40.591666666666661 ], [ -73.816666666666677, 40.583333333333329 ], [ -73.808333333333337, 40.583333333333329 ] ] ] } },
{ "type": "Feature", "properties": { "cell_id": "r39_c54", "row": 39, "col": 54, "global_row": 5929, "global_col": 12743, "lon": -73.804166666666674, "lat": 40.5875 }, "geometry": { "type": "Polygon", "coordinates": [ [ [ -73.8, 40.583333333333329 ], [ -73.8, 40.591666666666661 ], [ -73.808333333333337, 40.591666666666661 ], [ -73.808333333333337, 40.583333333333329 ], [ -73.8, 40.583333333333329 ] ] ] } },
{ "type": "Feature", "properties": { "cell_id": "r39_c55", "row": 39, "col": 55, "global_row": 5929, "global_col": 12744, "lon": -73.795833333333334, "lat": 40.5875 }, "geometry": { "type": "Polygon", "coordinates": [ [ [ -73.791666666666671, 40.583333333333329 ], [ -73.791666666666671, 40.591666666666661 ], [ -73.8, 40.591666666666661 ], [ -73.8, 40.583333333333329 ], [ -73.791666666666671, 40.583333333333329 ] ] ] } },
{ "type": "Feature", "properties": { "cell_id": "r40_c6", "row": 40, "col": 6, "global_row": 5930, "global_col": 12695, "lon": -74.20416666666668, "lat": 40.579166666666666 }, "geometry": { "type": "Polygon", "coordinates": [ [ [ -74.2, 40.575 ], [ -74.2, 40.583333333333329 ], [ -74.208333333333343, 40.583333333333329 ], [ -74.208333333333343, 40.575 ], [ -74.2, 40.575 ] ] ] } },
{ "type": "Feature", "properties": { "cell_id": "r40_c7", "row": 40, "col": 7, "global_row": 5930, "global_col": 12696, "lon": -74.19583333333334, "lat": 40.579166666666666 }, "geometry": { "type": "Polygon", "coordinates": [ [ [ -74.191666666666677, 40.575 ], [ -74.191666666666677, 40.583333333333329 ], [ -74.2, 40.583333333333329 ], [ -74.2, 40.575 ], [ -74.191666666666677, 40.575 ] ] ] } },
{ "type": "Feature", "properties": { "cell_id": "r40_c8", "row": 40, "col": 8, "global_row": 5930, "global_col": 12697, "lon": -74.1875, "lat": 40.579166666666666 }, "geometry": { "type": "Polygon", "coordinates": [ [ [ -74.183333333333337, 40.575 ], [ -74.183333333333337, 40.583333333333329 ], [ -74.191666666666677, 40.583333333333329 ], [ -74.191666666666677, 40.575 ], [ -74.183333333333337, 40.575 ] ] ] } },
{ "type": "Feature", "properties": { "cell_id": "r40_c9", "row": 40, "col": 9, "global_row": 5930, "global_col": 12698, "lon": -74.179166666666674, "lat": 40.579166666666666 }, "geometry": { "type": "Polygon", "coordinates": [ [ [ -74.175, 40.575 ], [ -74.175, 40.583333333333329 ], [ -74.183333333333337, 40.583333333333329 ], [ -74.183333333333337, 40.575 ], [ -74.175, 40.575 ] ] ] } },
{ "type": "Feature", "properties": { "cell_id": "r40_c10", "row": 40, "col": 10, "global_row": 5930, "global_col": 12699, "lon": -74.170833333333334, "lat": 40.579166666666666 }, "geometry": { "type": "Polygon", "coordinates": [ [ [ -74.166666666666671, 40.575 ], [ -74.166666666666671, 40.583333333333329 ], [ -74.175, 40.583333333333329 ], [ -74.175, 40.575 ], [ -74.166666666666671, 40.575 ] ] ] } },
{ "type": "Feature", "properties": { "cell_id": "r40_c11", "row": 40, "col": 11, "global_row": 5930, "global_col": 12700, "lon": -74.1625, "lat": 40.579166666666666 }, "geometry": { "type": "Polygon", "coordinates": [ [ [ -74.158333333333346, 40.575 ], [ -74.158333333333346, 40.583333333333329 ], [ -74.166666666666671, 40.583333333333329 ], [ -74.166666666666671, 40.575 ], [ -74.158333333333346, 40.575 ] ] ] } },
{ "type": "Feature", "properties": { "cell_id": "r40_c12", "row": 40, "col": 12, "global_row": 5930, "global_col": 12701, "lon": -74.154166666666669, "lat": 40.579166666666666 }, "geometry": { "type": "Polygon", "coordinates": [ [ [ -74.15, 40.575 ], [ -74.15, 40.583333333333329 ], [ -74.158333333333346, 40.583333333333329 ], [ -74.158333333333346, 40.575 ], [ -74.15, 40.575 ] ] ] } },
{ "type": "Feature", "properties": { "cell_id": "r40_c13", "row": 40, "col": 13, "global_row": 5930, "global_col": 12702, "lon": -74.145833333333343, "lat": 40.579166666666666 }, "geometry": { "type": "Polygon", "coordinates": [ [ [ -74.14166666666668, 40.575 ], [ -74.14166666666668, 40.583333333333329 ], [ -74.15, 40.583333333333329 ], [ -74.15, 40.575 ], [ -74.14166666666668, 40.575 ] ] ] } },
{ "type": "Feature", "properties": { "cell_id": "r40_c14", "row": 40, "col": 14, "global_row": 5930, "global_col": 12703, "lon": -74.1375, "lat": 40.579166666666666 }, "geometry": { "type": "Polygon", "coordinates": [ [ [ -74.13333333333334, 40.575 ], [ -74.13333333333334, 40.583333333333329 ], [ -74.14166666666668, 40.583333333333329 ], [ -74.14166666666668, 40.575 ], [ -74.13333333333334, 40.575 ] ] ] } },
{ "type": "Feature", "properties": { "cell_id": "r40_c15", "row": 40, "col": 15, "global_row": 5930, "global_col": 12704, "lon": -74.129166666666663, "lat": 40.579166666666666 }, "geometry": { "type": "Polygon", "coordinates": [ [ [ -74.125, 40.575 ], [ -74.125, 40.583333333333329 ], [ -74.13333333333334, 40.583333333333329 ], [ -74.13333333333334, 40.575 ], [ -74.125, 40.575 ] ] ] } },
{ "type": "Feature", "properties": { "cell_id": "r40_c16", "row": 40, "col": 16, "global_row": 5930, "global_col": 12705, "lon": -74.120833333333337, "lat": 40.579166666666666 }, "geometry": { "type": "Polygon", "coordinates": [ [ [ -74.116666666666674, 40.575 ], [ -74.116666666666674, 40.583333333333329 ], [ -74.125, 40.583333333333329 ], [ -74.125, 40.575 ], [ -74.116666666666674, 40.575 ] ] ] } },
{ "type": "Feature", "properties": { "cell_id": "r40_c17", "row": 40, "col": 17, "global_row": 5930, "global_col": 12706, "lon": -74.1125, "lat": 40.579166666666666 }, "geometry": { "type": "Polygon", "coordinates": [ [ [ -74.108333333333334, 40.575 ], [ -74.108333333333334, 40.583333333333329 ], [ -74.116666666666674, 40.583333333333329 ], [ -74.116666666666674, 40.575 ], [ -74.108333333333334, 40.575 ] ] ] } },
{ "type": "Feature", "properties": { "cell_id": "r40_c18", "row": 40, "col": 18, "global_row": 5930, "global_col": 12707, "lon": -74.104166666666657, "lat": 40.579166666666666 }, "geometry": { "type": "Polygon", "coordinates": [ [ [ -74.1, 40.575 ], [ -74.1, 40.583333333333329 ], [ -74.108333333333334, 40.583333333333329 ], [ -74.108333333333334, 40.575 ], [ -74.1, 40.575 ] ] ] } },
{ "type": "Feature", "properties": { "cell_id": "r40_c19", "row": 40, "col": 19, "global_row": 5930, "global_col": 12708, "lon": -74.095833333333346, "lat": 40.579166666666666 }, "geometry": { "type": "Polygon", "coordinates": [ [ [ -74.091666666666669, 40.575 ], [ -74.091666666666669, 40.583333333333329 ], [ -74.1, 40.583333333333329 ], [ -74.1, 40.575 ], [ -74.091666666666669, 40.575 ] ] ] } },
{ "type": "Feature", "properties": { "cell_id": "r40_c20", "row": 40, "col": 20, "global_row": 5930, "global_col": 12709, "lon": -74.0875, "lat": 40.579166666666666 }, "geometry": { "type": "Polygon", "coordinates": [ [ [ -74.083333333333343, 40.575 ], [ -74.083333333333343, 40.583333333333329 ], [ -74.091666666666669, 40.583333333333329 ], [ -74.091666666666669, 40.575 ], [ -74.083333333333343, 40.575 ] ] ] } },
{ "type": "Feature", "properties": { "cell_id": "r40_c21", "row": 40, "col": 21, "global_row": 5930, "global_col": 12710, "lon": -74.079166666666666, "lat": 40.579166666666666 }, "geometry": { "type": "Polygon", "coordinates": [ [ [ -74.075, 40.575 ], [ -74.075, 40.583333333333329 ], [ -74.083333333333343, 40.583333333333329 ], [ -74.083333333333343, 40.575 ], [ -74.075, 40.575 ] ] ] } },
{ "type": "Feature", "properties": { "cell_id": "r40_c24", "row": 40, "col": 24, "global_row": 5930, "global_col": 12713, "lon": -74.054166666666674, "lat": 40.579166666666666 }, "geometry": { "type": "Polygon", "coordinates": [ [ [ -74.05, 40.575 ], [ -74.05, 40.583333333333329 ], [ -74.058333333333337, 40.583333333333329 ], [ -74.058333333333337, 40.575 ], [ -74.05, 40.575 ] ] ] } },
{ "type": "Feature", "properties": { "cell_id": "r40_c30", "row": 40, "col": 30, "global_row": 5930, "global_col": 12719, "lon": -74.004166666666677, "lat": 40.579166666666666 }, "geometry": { "type": "Polygon", "coordinates": [ [ [ -74.0, 40.575 ], [ -74.0, 40.583333333333329 ], [ -74.00833333333334, 40.583333333333329 ], [ -74.00833333333334, 40.575 ], [ -74.0, 40.575 ] ] ] } },
{ "type": "Feature", "properties": { "cell_id": "r40_c31", "row": 40, "col": 31, "global_row": 5930, "global_col": 12720, "lon": -73.995833333333337, "lat": 40.579166666666666 }, "geometry": { "type": "Polygon", "coordinates": [ [ [ -73.991666666666674, 40.575 ], [ -73.991666666666674, 40.583333333333329 ], [ -74.0, 40.583333333333329 ], [ -74.0, 40.575 ], [ -73.991666666666674, 40.575 ] ] ] } },
{ "type": "Feature", "properties": { "cell_id": "r40_c33", "row": 40, "col": 33, "global_row": 5930, "global_col": 12722, "lon": -73.979166666666671, "lat": 40.579166666666666 }, "geometry": { "type": "Polygon", "coordinates": [ [ [ -73.975, 40.575 ], [ -73.975, 40.583333333333329 ], [ -73.983333333333334, 40.583333333333329 ], [ -73.983333333333334, 40.575 ], [ -73.975, 40.575 ] ] ] } },
{ "type": "Feature", "properties": { "cell_id": "r40_c34", "row": 40, "col": 34, "global_row": 5930, "global_col": 12723, "lon": -73.970833333333346, "lat": 40.579166666666666 }, "geometry": { "type": "Polygon", "coordinates": [ [ [ -73.966666666666669, 40.575 ], [ -73.966666666666669, 40.583333333333329 ], [ -73.975, 40.583333333333329 ], [ -73.975, 40.575 ], [ -73.966666666666669, 40.575 ] ] ] } },
{ "type": "Feature", "properties": { "cell_id": "r40_c35", "row": 40, "col": 35, "global_row": 5930, "global_col": 12724, "lon": -73.9625, "lat": 40.579166666666666 }, "geometry": { "type": "Polygon", "coordinates": [ [ [ -73.958333333333343, 40.575 ], [ -73.958333333333343, 40.583333333333329 ], [ -73.966666666666669, 40.583333333333329 ], [ -73.966666666666669, 40.575 ], [ -73.958333333333343, 40.575 ] ] ] } },
{ "type": "Feature", "properties": { "cell_id": "r40_c36", "row": 40, "col": 36, "global_row": 5930, "global_col": 12725, "lon": -73.95416666666668, "lat": 40.579166666666666 }, "geometry": { "type": "Polygon", "coordinates": [ [ [ -73.95, 40.575 ], [ -73.95, 40.583333333333329 ], [ -73.958333333333343, 40.583333333333329 ], [ -73.958333333333343, 40.575 ], [ -73.95, 40.575 ] ] ] } },
{ "type": "Feature", "properties": { "cell_id": "r40_c37", "row": 40, "col": 37, "global_row": 5930, "global_col": 12726, "lon": -73.94583333333334, "lat": 40.579166666666666 }, "geometry": { "type": "Polygon", "coordinates": [ [ [ -73.941666666666677, 40.575 ], [ -73.941666666666677, 40.583333333333329 ], [ -73.95, 40.583333333333329 ], [ -73.95, 40.575 ], [ -73.941666666666677, 40.575 ] ] ] } },
{ "type": "Feature", "properties": { "cell_id": "r40_c38", "row": 40, "col": 38, "global_row": 5930, "global_col": 12727, "lon": -73.9375, "lat": 40.579166666666666 }, "geometry": { "type": "Polygon", "coordinates": [ [ [ -73.933333333333337, 40.575 ], [ -73.933333333333337, 40.583333333333329 ], [ -73.941666666666677, 40.583333333333329 ], [ -73.941666666666677, 40.575 ], [ -73.933333333333337, 40.575 ] ] ] } },
{ "type": "Feature", "properties": { "cell_id": "r40_c43", "row": 40, "col": 43, "global_row": 5930, "global_col": 12732, "lon": -73.895833333333343, "lat": 40.579166666666666 }, "geometry": { "type": "Polygon", "coordinates": [ [ [ -73.89166666666668, 40.575 ], [ -73.89166666666668, 40.583333333333329 ], [ -73.9, 40.583333333333329 ], [ -73.9, 40.575 ], [ -73.89166666666668, 40.575 ] ] ] } },
{ "type": "Feature", "properties": { "cell_id": "r40_c44", "row": 40, "col": 44, "global_row": 5930, "global_col": 12733, "lon": -73.8875, "lat": 40.579166666666666 }, "geometry": { "type": "Polygon", "coordinates": [ [ [ -73.88333333333334, 40.575 ], [ -73.88333333333334, 40.583333333333329 ], [ -73.89166666666668, 40.583333333333329 ], [ -73.89166666666668, 40.575 ], [ -73.88333333333334, 40.575 ] ] ] } },
{ "type": "Feature", "properties": { "cell_id": "r40_c48", "row": 40, "col": 48, "global_row": 5930, "global_col": 12737, "lon": -73.854166666666671, "lat": 40.579166666666666 }, "geometry": { "type": "Polygon", "coordinates": [ [ [ -73.85, 40.575 ], [ -73.85, 40.583333333333329 ], [ -73.858333333333334, 40.583333333333329 ], [ -73.858333333333334, 40.575 ], [ -73.85, 40.575 ] ] ] } },
{ "type": "Feature", "properties": { "cell_id": "r40_c49", "row": 40, "col": 49, "global_row": 5930, "global_col": 12738, "lon": -73.845833333333346, "lat": 40.579166666666666 }, "geometry": { "type": "Polygon", "coordinates": [ [ [ -73.841666666666669, 40.575 ], [ -73.841666666666669, 40.583333333333329 ], [ -73.85, 40.583333333333329 ], [ -73.85, 40.575 ], [ -73.841666666666669, 40.575 ] ] ] } },
{ "type": "Feature", "properties": { "cell_id": "r40_c50", "row": 40, "col": 50, "global_row": 5930, "global_col": 12739, "lon": -73.8375, "lat": 40.579166666666666 }, "geometry": { "type": "Polygon", "coordinates": [ [ [ -73.833333333333343, 40.575 ], [ -73.833333333333343, 40.583333333333329 ], [ -73.841666666666669, 40.583333333333329 ], [ -73.841666666666669, 40.575 ], [ -73.833333333333343, 40.575 ] ] ] } },
{ "type": "Feature", "properties": { "cell_id": "r40_c51", "row": 40, "col": 51, "global_row": 5930, "global_col": 12740, "lon": -73.82916666666668, "lat": 40.579166666666666 }, "geometry": { "type": "Polygon", "coordinates": [ [ [ -73.825, 40.575 ], [ -73.825, 40.583333333333329 ], [ -73.833333333333343, 40.583333333333329 ], [ -73.833333333333343, 40.575 ], [ -73.825, 40.575 ] ] ] } },
{ "type": "Feature", "properties": { "cell_id": "r41_c6", "row": 41, "col": 6, "global_row": 5931, "global_col": 12695, "lon": -74.20416666666668, "lat": 40.570833333333326 }, "geometry": { "type": "Polygon", "coordinates": [ [ [ -74.2, 40.566666666666663 ], [ -74.2, 40.575 ], [ -74.208333333333343, 40.575 ], [ -74.208333333333343, 40.566666666666663 ], [ -74.2, 40.566666666666663 ] ] ] } },
{ "type": "Feature", "properties": { "cell_id": "r41_c7", "row": 41, "col": 7, "global_row": 5931, "global_col": 12696, "lon": -74.19583333333334, "lat": 40.570833333333326 }, "geometry": { "type": "Polygon", "coordinates": [ [ [ -74.191666666666677, 40.566666666666663 ], [ -74.191666666666677, 40.575 ], [ -74.2, 40.575 ], [ -74.2, 40.566666666666663 ], [ -74.191666666666677, 40.566666666666663 ] ] ] } },
{ "type": "Feature", "properties": { "cell_id": "r41_c8", "row": 41, "col": 8, "global_row": 5931, "global_col": 12697, "lon": -74.1875, "lat": 40.570833333333326 }, "geometry": { "type": "Polygon", "coordinates": [ [ [ -74.183333333333337, 40.566666666666663 ], [ -74.183333333333337, 40.575 ], [ -74.191666666666677, 40.575 ], [ -74.191666666666677, 40.566666666666663 ], [ -74.183333333333337, 40.566666666666663 ] ] ] } },
{ "type": "Feature", "properties": { "cell_id": "r41_c9", "row": 41, "col": 9, "global_row": 5931, "global_col": 12698, "lon": -74.179166666666674, "lat": 40.570833333333326 }, "geometry": { "type": "Polygon", "coordinates": [ [ [ -74.175, 40.566666666666663 ], [ -74.175, 40.575 ], [ -74.183333333333337, 40.575 ], [ -74.183333333333337, 40.566666666666663 ], [ -74.175, 40.566666666666663 ] ] ] } },
{ "type": "Feature", "properties": { "cell_id": "r41_c10", "row": 41, "col": 10, "global_row": 5931, "global_col": 12699, "lon": -74.170833333333334, "lat": 40.570833333333326 }, "geometry": { "type": "Polygon", "coordinates": [ [ [ -74.166666666666671, 40.566666666666663 ], [ -74.166666666666671, 40.575 ], [ -74.175, 40.575 ], [ -74.175, 40.566666666666663 ], [ -74.166666666666671, 40.566666666666663 ] ] ] } },
{ "type": "Feature", "properties": { "cell_id": "r41_c11", "row": 41, "col": 11, "global_row": 5931, "global_col": 12700, "lon": -74.1625, "lat": 40.570833333333326 }, "geometry": { "type": "Polygon", "coordinates": [ [ [ -74.158333333333346, 40.566666666666663 ], [ -74.158333333333346, 40.575 ], [ -74.166666666666671, 40.575 ], [ -74.166666666666671, 40.566666666666663 ], [ -74.158333333333346, 40.566666666666663 ] ] ] } },
{ "type": "Feature", "properties": { "cell_id": "r41_c12", "row": 41, "col": 12, "global_row": 5931, "global_col": 12701, "lon": -74.154166666666669, "lat": 40.570833333333326 }, "geometry": { "type": "Polygon", "coordinates": [ [ [ -74.15, 40.566666666666663 ], [ -74.15, 40.575 ], [ -74.158333333333346, 40.575 ], [ -74.158333333333346, 40.566666666666663 ], [ -74.15, 40.566666666666663 ] ] ] } },
{ "type": "Feature", "properties": { "cell_id": "r41_c13", "row": 41, "col": 13, "global_row": 5931, "global_col": 12702, "lon": -74.145833333333343, "lat": 40.570833333333326 }, "geometry": { "type": "Polygon", "coordinates": [ [ [ -74.14166666666668, 40.566666666666663 ], [ -74.14166666666668, 40.575 ], [ -74.15, 40.575 ], [ -74.15, 40.566666666666663 ], [ -74.14166666666668, 40.566666666666663 ] ] ] } },
{ "type": "Feature", "properties": { "cell_id": "r41_c14", "row": 41, "col": 14, "global_row": 5931, "global_col": 12703, "lon": -74.1375, "lat": 40.570833333333326 }, "geometry": { "type": "Polygon", "coordinates": [ [ [ -74.13333333333334, 40.566666666666663 ], [ -74.13333333333334, 40.575 ], [ -74.14166666666668, 40.575 ], [ -74.14166666666668, 40.566666666666663 ], [ -74.13333333333334, 40.566666666666663 ] ] ] } },
{ "type": "Feature", "properties": { "cell_id": "r41_c15", "row": 41, "col": 15, "global_row": 5931, "global_col": 12704, "lon": -74.129166666666663, "lat": 40.570833333333326 }, "geometry": { "type": "Polygon", "coordinates": [ [ [ -74.125, 40.566666666666663 ], [ -74.125, 40.575 ], [ -74.13333333333334, 40.575 ], [ -74.13333333333334, 40.566666666666663 ], [ -74.125, 40.566666666666663 ] ] ] } },
{ "type": "Feature", "properties": { "cell_id": "r41_c16", "row": 41, "col": 16, "global_row": 5931, "global_col": 12705, "lon": -74.120833333333337, "lat": 40.570833333333326 }, "geometry": { "type": "Polygon", "coordinates": [ [ [ -74.116666666666674, 40.566666666666663 ], [ -74.116666666666674, 40.575 ], [ -74.125, 40.575 ], [ -74.125, 40.566666666666663 ], [ -74.116666666666674, 40.566666666666663 ] ] ] } },
{ "type": "Feature", "properties": { "cell_id": "r41_c17", "row": 41, "col": 17, "global_row": 5931, "global_col": 12706, "lon": -74.1125, "lat": 40.570833333333326 }, "geometry": { "type": "Polygon", "coordinates": [ [ [ -74.108333333333334, 40.566666666666663 ], [ -74.108333333333334, 40.575 ], [ -74.116666666666674, 40.575 ], [ -74.116666666666674, 40.566666666666663 ], [ -74.108333333333334, 40.566666666666663 ] ] ] } },
{ "type": "Feature", "properties": { "cell_id": "r41_c18", "row": 41, "col": 18, "global_row": 5931, "global_col": 12707, "lon": -74.104166666666657, "lat": 40.570833333333326 }, "geometry": { "type": "Polygon", "coordinates": [ [ [ -74.1, 40.566666666666663 ], [ -74.1, 40.575 ], [ -74.108333333333334, 40.575 ], [ -74.108333333333334, 40.566666666666663 ], [ -74.1, 40.566666666666663 ] ] ] } },
{ "type": "Feature", "properties": { "cell_id": "r41_c19", "row": 41, "col": 19, "global_row": 5931, "global_col": 12708, "lon": -74.095833333333346, "lat": 40.570833333333326 }, "geometry": { "type": "Polygon", "coordinates": [ [ [ -74.091666666666669, 40.566666666666663 ], [ -74.091666666666669, 40.575 ], [ -74.1, 40.575 ], [ -74.1, 40.566666666666663 ], [ -74.091666666666669, 40.566666666666663 ] ] ] } },
{ "type": "Feature", "properties": { "cell_id": "r41_c20", "row": 41, "col": 20, "global_row": 5931, "global_col": 12709, "lon": -74.0875, "lat": 40.570833333333326 }, "geometry": { "type": "Polygon", "coordinates": [ [ [ -74.083333333333343, 40.566666666666663 ], [ -74.083333333333343, 40.575 ], [ -74.091666666666669, 40.575 ], [ -74.091666666666669, 40.566666666666663 ], [ -74.083333333333343, 40.566666666666663 ] ] ] } },
{ "type": "Feature", "properties": { "cell_id": "r41_c31", "row": 41, "col": 31, "global_row": 5931, "global_col": 12720, "lon": -73.995833333333337, "lat": 40.570833333333326 }, "geometry": { "type": "Polygon", "coordinates": [ [ [ -73.991666666666674, 40.566666666666663 ], [ -73.991666666666674, 40.575 ], [ -74.0, 40.575 ], [ -74.0, 40.566666666666663 ], [ -73.991666666666674, 40.566666666666663 ] ] ] } },
{ "type": "Feature", "properties": { "cell_id": "r41_c46", "row": 41, "col": 46, "global_row": 5931, "global_col": 12735, "lon": -73.870833333333351, "lat": 40.570833333333326 }, "geometry": { "type": "Polygon", "coordinates": [ [ [ -73.866666666666674, 40.566666666666663 ], [ -73.866666666666674, 40.575 ], [ -73.875, 40.575 ], [ -73.875, 40.566666666666663 ], [ -73.866666666666674, 40.566666666666663 ] ] ] } },
{ "type": "Feature", "properties": { "cell_id": "r41_c47", "row": 41, "col": 47, "global_row": 5931, "global_col": 12736, "lon": -73.8625, "lat": 40.570833333333326 }, "geometry": { "type": "Polygon", "coordinates": [ [ [ -73.858333333333334, 40.566666666666663 ], [ -73.858333333333334, 40.575 ], [ -73.866666666666674, 40.575 ], [ -73.866666666666674, 40.566666666666663 ], [ -73.858333333333334, 40.566666666666663 ] ] ] } },
{ "type": "Feature", "properties": { "cell_id": "r41_c48", "row": 41, "col": 48, "global_row": 5931, "global_col": 12737, "lon": -73.854166666666671, "lat": 40.570833333333326 }, "geometry": { "type": "Polygon", "coordinates": [ [ [ -73.85, 40.566666666666663 ], [ -73.85, 40.575 ], [ -73.858333333333334, 40.575 ], [ -73.858333333333334, 40.566666666666663 ], [ -73.85, 40.566666666666663 ] ] ] } },
{ "type": "Feature", "properties": { "cell_id": "r42_c6", "row": 42, "col": 6, "global_row": 5932, "global_col": 12695, "lon": -74.20416666666668, "lat": 40.5625 }, "geometry": { "type": "Polygon", "coordinates": [ [ [ -74.2, 40.55833333333333 ], [ -74.2, 40.566666666666663 ], [ -74.208333333333343, 40.566666666666663 ], [ -74.208333333333343, 40.55833333333333 ], [ -74.2, 40.55833333333333 ] ] ] } },
{ "type": "Feature", "properties": { "cell_id": "r42_c7", "row": 42, "col": 7, "global_row": 5932, "global_col": 12696, "lon": -74.19583333333334, "lat": 40.5625 }, "geometry": { "type": "Polygon", "coordinates": [ [ [ -74.191666666666677, 40.55833333333333 ], [ -74.191666666666677, 40.566666666666663 ], [ -74.2, 40.566666666666663 ], [ -74.2, 40.55833333333333 ], [ -74.191666666666677, 40.55833333333333 ] ] ] } },
{ "type": "Feature", "properties": { "cell_id": "r42_c8", "row": 42, "col": 8, "global_row": 5932, "global_col": 12697, "lon": -74.1875, "lat": 40.5625 }, "geometry": { "type": "Polygon", "coordinates": [ [ [ -74.183333333333337, 40.55833333333333 ], [ -74.183333333333337, 40.566666666666663 ], [ -74.191666666666677, 40.566666666666663 ], [ -74.191666666666677, 40.55833333333333 ], [ -74.183333333333337, 40.55833333333333 ] ] ] } },
{ "type": "Feature", "properties": { "cell_id": "r42_c9", "row": 42, "col": 9, "global_row": 5932, "global_col": 12698, "lon": -74.179166666666674, "lat": 40.5625 }, "geometry": { "type": "Polygon", "coordinates": [ [ [ -74.175, 40.55833333333333 ], [ -74.175, 40.566666666666663 ], [ -74.183333333333337, 40.566666666666663 ], [ -74.183333333333337, 40.55833333333333 ], [ -74.175, 40.55833333333333 ] ] ] } },
{ "type": "Feature", "properties": { "cell_id": "r42_c10", "row": 42, "col": 10, "global_row": 5932, "global_col": 12699, "lon": -74.170833333333334, "lat": 40.5625 }, "geometry": { "type": "Polygon", "coordinates": [ [ [ -74.166666666666671, 40.55833333333333 ], [ -74.166666666666671, 40.566666666666663 ], [ -74.175, 40.566666666666663 ], [ -74.175, 40.55833333333333 ], [ -74.166666666666671, 40.55833333333333 ] ] ] } },
{ "type": "Feature", "properties": { "cell_id": "r42_c11", "row": 42, "col": 11, "global_row": 5932, "global_col": 12700, "lon": -74.1625, "lat": 40.5625 }, "geometry": { "type": "Polygon", "coordinates": [ [ [ -74.158333333333346, 40.55833333333333 ], [ -74.158333333333346, 40.566666666666663 ], [ -74.166666666666671, 40.566666666666663 ], [ -74.166666666666671, 40.55833333333333 ], [ -74.158333333333346, 40.55833333333333 ] ] ] } },
{ "type": "Feature", "properties": { "cell_id": "r42_c12", "row": 42, "col": 12, "global_row": 5932, "global_col": 12701, "lon": -74.154166666666669, "lat": 40.5625 }, "geometry": { "type": "Polygon", "coordinates": [ [ [ -74.15, 40.55833333333333 ], [ -74.15, 40.566666666666663 ], [ -74.158333333333346, 40.566666666666663 ], [ -74.158333333333346, 40.55833333333333 ], [ -74.15, 40.55833333333333 ] ] ] } },
{ "type": "Feature", "properties": { "cell_id": "r42_c13", "row": 42, "col": 13, "global_row": 5932, "global_col": 12702, "lon": -74.145833333333343, "lat": 40.5625 }, "geometry": { "type": "Polygon", "coordinates": [ [ [ -74.14166666666668, 40.55833333333333 ], [ -74.14166666666668, 40.566666666666663 ], [ -74.15, 40.566666666666663 ], [ -74.15, 40.55833333333333 ], [ -74.14166666666668, 40.55833333333333 ] ] ] } },
{ "type": "Feature", "properties": { "cell_id": "r42_c14", "row": 42, "col": 14, "global_row": 5932, "global_col": 12703, "lon": -74.1375, "lat": 40.5625 }, "geometry": { "type": "Polygon", "coordinates": [ [ [ -74.13333333333334, 40.55833333333333 ], [ -74.13333333333334, 40.566666666666663 ], [ -74.14166666666668, 40.566666666666663 ], [ -74.14166666666668, 40.55833333333333 ], [ -74.13333333333334, 40.55833333333333 ] ] ] } },
{ "type": "Feature", "properties": { "cell_id": "r42_c15", "row": 42, "col": 15, "global_row": 5932, "global_col": 12704, "lon": -74.129166666666663, "lat": 40.5625 }, "geometry": { "type": "Polygon", "coordinates": [ [ [ -74.125, 40.55833333333333 ], [ -74.125, 40.566666666666663 ], [ -74.13333333333334, 40.566666666666663 ], [ -74.13333333333334, 40.55833333333333 ], [ -74.125, 40.55833333333333 ] ] ] } },
{ "type": "Feature", "properties": { "cell_id": "r42_c16", "row": 42, "col": 16, "global_row": 5932, "global_col": 12705, "lon": -74.120833333333337, "lat": 40.5625 }, "geometry": { "type": "Polygon", "coordinates": [ [ [ -74.116666666666674, 40.55833333333333 ], [ -74.116666666666674, 40.566666666666663 ], [ -74.125, 40.566666666666663 ], [ -74.125, 40.55833333333333 ], [ -74.116666666666674, 40.55833333333333 ] ] ] } },
{ "type": "Feature", "properties": { "cell_id": "r42_c17", "row": 42, "col": 17, "global_row": 5932, "global_col": 12706, "lon": -74.1125, "lat": 40.5625 }, "geometry": { "type": "Polygon", "coordinates": [ [ [ -74.108333333333334, 40.55833333333333 ], [ -74.108333333333334, 40.566666666666663 ], [ -74.116666666666674, 40.566666666666663 ], [ -74.116666666666674, 40.55833333333333 ], [ -74.108333333333334, 40.55833333333333 ] ] ] } },
{ "type": "Feature", "properties": { "cell_id": "r42_c18", "row": 42, "col": 18, "global_row": 5932, "global_col": 12707, "lon": -74.104166666666657, "lat": 40.5625 }, "geometry": { "type": "Polygon", "coordinates": [ [ [ -74.1, 40.55833333333333 ], [ -74.1, 40.566666666666663 ], [ -74.108333333333334, 40.566666666666663 ], [ -74.108333333333334, 40.55833333333333 ], [ -74.1, 40.55833333333333 ] ] ] } },
{ "type": "Feature", "properties": { "cell_id": "r42_c41", "row": 42, "col": 41, "global_row": 5932, "global_col": 12730, "lon": -73.9125, "lat": 40.5625 }, "geometry": { "type": "Polygon", "coordinates": [ [ [ -73.908333333333346, 40.55833333333333 ], [ -73.908333333333346, 40.566666666666663 ], [ -73.916666666666671, 40.566666666666663 ], [ -73.916666666666671, 40.55833333333333 ], [ -73.908333333333346, 40.55833333333333 ] ] ] } },
{ "type": "Feature", "properties": { "cell_id": "r42_c42", "row": 42, "col": 42, "global_row": 5932, "global_col": 12731, "lon": -73.904166666666683, "lat": 40.5625 }, "geometry": { "type": "Polygon", "coordinates": [ [ [ -73.9, 40.55833333333333 ], [ -73.9, 40.566666666666663 ], [ -73.908333333333346, 40.566666666666663 ], [ -73.908333333333346, 40.55833333333333 ], [ -73.9, 40.55833333333333 ] ] ] } },
{ "type": "Feature", "properties": { "cell_id": "r42_c43", "row": 42, "col": 43, "global_row": 5932, "global_col": 12732, "lon": -73.895833333333343, "lat": 40.5625 }, "geometry": { "type": "Polygon", "coordinates": [ [ [ -73.89166666666668, 40.55833333333333 ], [ -73.89166666666668, 40.566666666666663 ], [ -73.9, 40.566666666666663 ], [ -73.9, 40.55833333333333 ], [ -73.89166666666668, 40.55833333333333 ] ] ] } },
{ "type": "Feature", "properties": { "cell_id": "r42_c44", "row": 42, "col": 44, "global_row": 5932, "global_col": 12733, "lon": -73.8875, "lat": 40.5625 }, "geometry": { "type": "Polygon", "coordinates": [ [ [ -73.88333333333334, 40.55833333333333 ], [ -73.88333333333334, 40.566666666666663 ], [ -73.89166666666668, 40.566666666666663 ], [ -73.89166666666668, 40.55833333333333 ], [ -73.88333333333334, 40.55833333333333 ] ] ] } },
{ "type": "Feature", "properties": { "cell_id": "r42_c45", "row": 42, "col": 45, "global_row": 5932, "global_col": 12734, "lon": -73.879166666666663, "lat": 40.5625 }, "geometry": { "type": "Polygon", "coordinates": [ [ [ -73.875, 40.55833333333333 ], [ -73.875, 40.566666666666663 ], [ -73.88333333333334, 40.566666666666663 ], [ -73.88333333333334, 40.55833333333333 ], [ -73.875, 40.55833333333333 ] ] ] } },
{ "type": "Feature", "properties": { "cell_id": "r43_c3", "row": 43, "col": 3, "global_row": 5933, "global_col": 12692, "lon": -74.229166666666671, "lat": 40.55416666666666 }, "geometry": { "type": "Polygon", "coordinates": [ [ [ -74.225, 40.55 ], [ -74.225, 40.55833333333333 ], [ -74.233333333333334, 40.55833333333333 ], [ -74.233333333333334, 40.55 ], [ -74.225, 40.55 ] ] ] } },
{ "type": "Feature", "properties": { "cell_id": "r43_c4", "row": 43, "col": 4, "global_row": 5933, "global_col": 12693, "lon": -74.220833333333346, "lat": 40.55416666666666 }, "geometry": { "type": "Polygon", "coordinates": [ [ [ -74.216666666666669, 40.55 ], [ -74.216666666666669, 40.55833333333333 ], [ -74.225, 40.55833333333333 ], [ -74.225, 40.55 ], [ -74.216666666666669, 40.55 ] ] ] } },
{ "type": "Feature", "properties": { "cell_id": "r43_c5", "row": 43, "col": 5, "global_row": 5933, "global_col": 12694, "lon": -74.2125, "lat": 40.55416666666666 }, "geometry": { "type": "Polygon", "coordinates": [ [ [ -74.208333333333343, 40.55 ], [ -74.208333333333343, 40.55833333333333 ], [ -74.216666666666669, 40.55833333333333 ], [ -74.216666666666669, 40.55 ], [ -74.208333333333343, 40.55 ] ] ] } },
{ "type": "Feature", "properties": { "cell_id": "r43_c6", "row": 43, "col": 6, "global_row": 5933, "global_col": 12695, "lon": -74.20416666666668, "lat": 40.55416666666666 }, "geometry": { "type": "Polygon", "coordinates": [ [ [ -74.2, 40.55 ], [ -74.2, 40.55833333333333 ], [ -74.208333333333343, 40.55833333333333 ], [ -74.208333333333343, 40.55 ], [ -74.2, 40.55 ] ] ] } },
{ "type": "Feature", "properties": { "cell_id": "r43_c7", "row": 43, "col": 7, "global_row": 5933, "global_col": 12696, "lon": -74.19583333333334, "lat": 40.55416666666666 }, "geometry": { "type": "Polygon", "coordinates": [ [ [ -74.191666666666677, 40.55 ], [ -74.191666666666677, 40.55833333333333 ], [ -74.2, 40.55833333333333 ], [ -74.2, 40.55 ], [ -74.191666666666677, 40.55 ] ] ] } },
{ "type": "Feature", "properties": { "cell_id": "r43_c8", "row": 43, "col": 8, "global_row": 5933, "global_col": 12697, "lon": -74.1875, "lat": 40.55416666666666 }, "geometry": { "type": "Polygon", "coordinates": [ [ [ -74.183333333333337, 40.55 ], [ -74.183333333333337, 40.55833333333333 ], [ -74.191666666666677, 40.55833333333333 ], [ -74.191666666666677, 40.55 ], [ -74.183333333333337, 40.55 ] ] ] } },
{ "type": "Feature", "properties": { "cell_id": "r43_c9", "row": 43, "col": 9, "global_row": 5933, "global_col": 12698, "lon": -74.179166666666674, "lat": 40.55416666666666 }, "geometry": { "type": "Polygon", "coordinates": [ [ [ -74.175, 40.55 ], [ -74.175, 40.55833333333333 ], [ -74.183333333333337, 40.55833333333333 ], [ -74.183333333333337, 40.55 ], [ -74.175, 40.55 ] ] ] } },
{ "type": "Feature", "properties": { "cell_id": "r43_c10", "row": 43, "col": 10, "global_row": 5933, "global_col": 12699, "lon": -74.170833333333334, "lat": 40.55416666666666 }, "geometry": { "type": "Polygon", "coordinates": [ [ [ -74.166666666666671, 40.55 ], [ -74.166666666666671, 40.55833333333333 ], [ -74.175, 40.55833333333333 ], [ -74.175, 40.55 ], [ -74.166666666666671, 40.55 ] ] ] } },
{ "type": "Feature", "properties": { "cell_id": "r43_c11", "row": 43, "col": 11, "global_row": 5933, "global_col": 12700, "lon": -74.1625, "lat": 40.55416666666666 }, "geometry": { "type": "Polygon", "coordinates": [ [ [ -74.158333333333346, 40.55 ], [ -74.158333333333346, 40.55833333333333 ], [ -74.166666666666671, 40.55833333333333 ], [ -74.166666666666671, 40.55 ], [ -74.158333333333346, 40.55 ] ] ] } },
{ "type": "Feature", "properties": { "cell_id": "r43_c12", "row": 43, "col": 12, "global_row": 5933, "global_col": 12701, "lon": -74.154166666666669, "lat": 40.55416666666666 }, "geometry": { "type": "Polygon", "coordinates": [ [ [ -74.15, 40.55 ], [ -74.15, 40.55833333333333 ], [ -74.158333333333346, 40.55833333333333 ], [ -74.158333333333346, 40.55 ], [ -74.15, 40.55 ] ] ] } },
{ "type": "Feature", "properties": { "cell_id": "r43_c13", "row": 43, "col": 13, "global_row": 5933, "global_col": 12702, "lon": -74.145833333333343, "lat": 40.55416666666666 }, "geometry": { "type": "Polygon", "coordinates": [ [ [ -74.14166666666668, 40.55 ], [ -74.14166666666668, 40.55833333333333 ], [ -74.15, 40.55833333333333 ], [ -74.15, 40.55 ], [ -74.14166666666668, 40.55 ] ] ] } },
{ "type": "Feature", "properties": { "cell_id": "r43_c14", "row": 43, "col": 14, "global_row": 5933, "global_col": 12703, "lon": -74.1375, "lat": 40.55416666666666 }, "geometry": { "type": "Polygon", "coordinates": [ [ [ -74.13333333333334, 40.55 ], [ -74.13333333333334, 40.55833333333333 ], [ -74.14166666666668, 40.55833333333333 ], [ -74.14166666666668, 40.55 ], [ -74.13333333333334, 40.55 ] ] ] } },
{ "type": "Feature", "properties": { "cell_id": "r43_c15", "row": 43, "col": 15, "global_row": 5933, "global_col": 12704, "lon": -74.129166666666663, "lat": 40.55416666666666 }, "geometry": { "type": "Polygon", "coordinates": [ [ [ -74.125, 40.55 ], [ -74.125, 40.55833333333333 ], [ -74.13333333333334, 40.55833333333333 ], [ -74.13333333333334, 40.55 ], [ -74.125, 40.55 ] ] ] } },
{ "type": "Feature", "properties": { "cell_id": "r43_c16", "row": 43, "col": 16, "global_row": 5933, "global_col": 12705, "lon": -74.120833333333337, "lat": 40.55416666666666 }, "geometry": { "type": "Polygon", "coordinates": [ [ [ -74.116666666666674, 40.55 ], [ -74.116666666666674, 40.55833333333333 ], [ -74.125, 40.55833333333333 ], [ -74.125, 40.55 ], [ -74.116666666666674, 40.55 ] ] ] } },
{ "type": "Feature", "properties": { "cell_id": "r43_c17", "row": 43, "col": 17, "global_row": 5933, "global_col": 12706, "lon": -74.1125, "lat": 40.55416666666666 }, "geometry": { "type": "Polygon", "coordinates": [ [ [ -74.108333333333334, 40.55 ], [ -74.108333333333334, 40.55833333333333 ], [ -74.116666666666674, 40.55833333333333 ], [ -74.116666666666674, 40.55 ], [ -74.108333333333334, 40.55 ] ] ] } },
{ "type": "Feature", "properties": { "cell_id": "r43_c38", "row": 43, "col": 38, "global_row": 5933, "global_col": 12727, "lon": -73.9375, "lat": 40.55416666666666 }, "geometry": { "type": "Polygon", "coordinates": [ [ [ -73.933333333333337, 40.55 ], [ -73.933333333333337, 40.55833333333333 ], [ -73.941666666666677, 40.55833333333333 ], [ -73.941666666666677, 40.55 ], [ -73.933333333333337, 40.55 ] ] ] } },
{ "type": "Feature", "properties": { "cell_id": "r43_c39", "row": 43, "col": 39, "global_row": 5933, "global_col": 12728, "lon": -73.929166666666674, "lat": 40.55416666666666 }, "geometry": { "type": "Polygon", "coordinates": [ [ [ -73.925, 40.55 ], [ -73.925, 40.55833333333333 ], [ -73.933333333333337, 40.55833333333333 ], [ -73.933333333333337, 40.55 ], [ -73.925, 40.55 ] ] ] } },
{ "type": "Feature", "properties": { "cell_id": "r43_c40", "row": 43, "col": 40, "global_row": 5933, "global_col": 12729, "lon": -73.920833333333348, "lat": 40.55416666666666 }, "geometry": { "type": "Polygon", "coordinates": [ [ [ -73.916666666666671, 40.55 ], [ -73.916666666666671, 40.55833333333333 ], [ -73.925, 40.55833333333333 ], [ -73.925, 40.55 ], [ -73.916666666666671, 40.55 ] ] ] } },
{ "type": "Feature", "properties": { "cell_id": "r43_c41", "row": 43, "col": 41, "global_row": 5933, "global_col": 12730, "lon": -73.9125, "lat": 40.55416666666666 }, "geometry": { "type": "Polygon", "coordinates": [ [ [ -73.908333333333346, 40.55 ], [ -73.908333333333346, 40.55833333333333 ], [ -73.916666666666671, 40.55833333333333 ], [ -73.916666666666671, 40.55 ], [ -73.908333333333346, 40.55 ] ] ] } },
{ "type": "Feature", "properties": { "cell_id": "r44_c1", "row": 44, "col": 1, "global_row": 5934, "global_col": 12690, "lon": -74.245833333333337, "lat": 40.545833333333334 }, "geometry": { "type": "Polygon", "coordinates": [ [ [ -74.241666666666674, 40.541666666666664 ], [ -74.241666666666674, 40.55 ], [ -74.25, 40.55 ], [ -74.25, 40.541666666666664 ], [ -74.241666666666674, 40.541666666666664 ] ] ] } },
{ "type": "Feature", "properties": { "cell_id": "r44_c2", "row": 44, "col": 2, "global_row": 5934, "global_col": 12691, "lon": -74.2375, "lat": 40.545833333333327 }, "geometry": { "type": "Polygon", "coordinates": [ [ [ -74.233333333333334, 40.541666666666664 ], [ -74.233333333333334, 40.55 ], [ -74.241666666666674, 40.55 ], [ -74.241666666666674, 40.541666666666664 ], [ -74.233333333333334, 40.541666666666664 ] ] ] } },
{ "type": "Feature", "properties": { "cell_id": "r44_c3", "row": 44, "col": 3, "global_row": 5934, "global_col": 12692, "lon": -74.229166666666671, "lat": 40.545833333333334 }, "geometry": { "type": "Polygon", "coordinates": [ [ [ -74.225, 40.541666666666664 ], [ -74.225, 40.55 ], [ -74.233333333333334, 40.55 ], [ -74.233333333333334, 40.541666666666664 ], [ -74.225, 40.541666666666664 ] ] ] } },
{ "type": "Feature", "properties": { "cell_id": "r44_c4", "row": 44, "col": 4, "global_row": 5934, "global_col": 12693, "lon": -74.220833333333346, "lat": 40.545833333333327 }, "geometry": { "type": "Polygon", "coordinates": [ [ [ -74.216666666666669, 40.541666666666664 ], [ -74.216666666666669, 40.55 ], [ -74.225, 40.55 ], [ -74.225, 40.541666666666664 ], [ -74.216666666666669, 40.541666666666664 ] ] ] } },
{ "type": "Feature", "properties": { "cell_id": "r44_c5", "row": 44, "col": 5, "global_row": 5934, "global_col": 12694, "lon": -74.2125, "lat": 40.545833333333334 }, "geometry": { "type": "Polygon", "coordinates": [ [ [ -74.208333333333343, 40.541666666666664 ], [ -74.208333333333343, 40.55 ], [ -74.216666666666669, 40.55 ], [ -74.216666666666669, 40.541666666666664 ], [ -74.208333333333343, 40.541666666666664 ] ] ] } },
{ "type": "Feature", "properties": { "cell_id": "r44_c6", "row": 44, "col": 6, "global_row": 5934, "global_col": 12695, "lon": -74.20416666666668, "lat": 40.545833333333327 }, "geometry": { "type": "Polygon", "coordinates": [ [ [ -74.2, 40.541666666666664 ], [ -74.2, 40.55 ], [ -74.208333333333343, 40.55 ], [ -74.208333333333343, 40.541666666666664 ], [ -74.2, 40.541666666666664 ] ] ] } },
{ "type": "Feature", "properties": { "cell_id": "r44_c7", "row": 44, "col": 7, "global_row": 5934, "global_col": 12696, "lon": -74.19583333333334, "lat": 40.545833333333334 }, "geometry": { "type": "Polygon", "coordinates": [ [ [ -74.191666666666677, 40.541666666666664 ], [ -74.191666666666677, 40.55 ], [ -74.2, 40.55 ], [ -74.2, 40.541666666666664 ], [ -74.191666666666677, 40.541666666666664 ] ] ] } },
{ "type": "Feature", "properties": { "cell_id": "r44_c8", "row": 44, "col": 8, "global_row": 5934, "global_col": 12697, "lon": -74.1875, "lat": 40.545833333333327 }, "geometry": { "type": "Polygon", "coordinates": [ [ [ -74.183333333333337, 40.541666666666664 ], [ -74.183333333333337, 40.55 ], [ -74.191666666666677, 40.55 ], [ -74.191666666666677, 40.541666666666664 ], [ -74.183333333333337, 40.541666666666664 ] ] ] } },
{ "type": "Feature", "properties": { "cell_id": "r44_c9", "row": 44, "col": 9, "global_row": 5934, "global_col": 12698, "lon": -74.179166666666674, "lat": 40.545833333333334 }, "geometry": { "type": "Polygon", "coordinates": [ [ [ -74.175, 40.541666666666664 ], [ -74.175, 40.55 ], [ -74.183333333333337, 40.55 ], [ -74.183333333333337, 40.541666666666664 ], [ -74.175, 40.541666666666664 ] ] ] } },
{ "type": "Feature", "properties": { "cell_id": "r44_c10", "row": 44, "col": 10, "global_row": 5934, "global_col": 12699, "lon": -74.170833333333334, "lat": 40.545833333333327 }, "geometry": { "type": "Polygon", "coordinates": [ [ [ -74.166666666666671, 40.541666666666664 ], [ -74.166666666666671, 40.55 ], [ -74.175, 40.55 ], [ -74.175, 40.541666666666664 ], [ -74.166666666666671, 40.541666666666664 ] ] ] } },
{ "type": "Feature", "properties": { "cell_id": "r44_c11", "row": 44, "col": 11, "global_row": 5934, "global_col": 12700, "lon": -74.1625, "lat": 40.545833333333334 }, "geometry": { "type": "Polygon", "coordinates": [ [ [ -74.158333333333346, 40.541666666666664 ], [ -74.158333333333346, 40.55 ], [ -74.166666666666671, 40.55 ], [ -74.166666666666671, 40.541666666666664 ], [ -74.158333333333346, 40.541666666666664 ] ] ] } },
{ "type": "Feature", "properties": { "cell_id": "r44_c12", "row": 44, "col": 12, "global_row": 5934, "global_col": 12701, "lon": -74.154166666666669, "lat": 40.545833333333327 }, "geometry": { "type": "Polygon", "coordinates": [ [ [ -74.15, 40.541666666666664 ], [ -74.15, 40.55 ], [ -74.158333333333346, 40.55 ], [ -74.158333333333346, 40.541666666666664 ], [ -74.15, 40.541666666666664 ] ] ] } },
{ "type": "Feature", "properties": { "cell_id": "r44_c13", "row": 44, "col": 13, "global_row": 5934, "global_col": 12702, "lon": -74.145833333333343, "lat": 40.545833333333334 }, "geometry": { "type": "Polygon", "coordinates": [ [ [ -74.14166666666668, 40.541666666666664 ], [ -74.14166666666668, 40.55 ], [ -74.15, 40.55 ], [ -74.15, 40.541666666666664 ], [ -74.14166666666668, 40.541666666666664 ] ] ] } },
{ "type": "Feature", "properties": { "cell_id": "r44_c14", "row": 44, "col": 14, "global_row": 5934, "global_col": 12703, "lon": -74.1375, "lat": 40.545833333333327 }, "geometry": { "type": "Polygon", "coordinates": [ [ [ -74.13333333333334, 40.541666666666664 ], [ -74.13333333333334, 40.55 ], [ -74.14166666666668, 40.55 ], [ -74.14166666666668, 40.541666666666664 ], [ -74.13333333333334, 40.541666666666664 ] ] ] } },
{ "type": "Feature", "properties": { "cell_id": "r44_c15", "row": 44, "col": 15, "global_row": 5934, "global_col": 12704, "lon": -74.129166666666663, "lat": 40.545833333333327 }, "geometry": { "type": "Polygon", "coordinates": [ [ [ -74.125, 40.541666666666664 ], [ -74.125, 40.55 ], [ -74.13333333333334, 40.55 ], [ -74.13333333333334, 40.541666666666664 ], [ -74.125, 40.541666666666664 ] ] ] } },
{ "type": "Feature", "properties": { "cell_id": "r44_c16", "row": 44, "col": 16, "global_row": 5934, "global_col": 12705, "lon": -74.120833333333337, "lat": 40.545833333333334 }, "geometry": { "type": "Polygon", "coordinates": [ [ [ -74.116666666666674, 40.541666666666664 ], [ -74.116666666666674, 40.55 ], [ -74.125, 40.55 ], [ -74.125, 40.541666666666664 ], [ -74.116666666666674, 40.541666666666664 ] ] ] } },
{ "type": "Feature", "properties": { "cell_id": "r44_c38", "row": 44, "col": 38, "global_row": 5934, "global_col": 12727, "lon": -73.9375, "lat": 40.545833333333327 }, "geometry": { "type": "Polygon", "coordinates": [ [ [ -73.933333333333337, 40.541666666666664 ], [ -73.933333333333337, 40.55 ], [ -73.941666666666677, 40.55 ], [ -73.941666666666677, 40.541666666666664 ], [ -73.933333333333337, 40.541666666666664 ] ] ] } },
{ "type": "Feature", "properties": { "cell_id": "r45_c2", "row": 45, "col": 2, "global_row": 5935, "global_col": 12691, "lon": -74.2375, "lat": 40.5375 }, "geometry": { "type": "Polygon", "coordinates": [ [ [ -74.233333333333334, 40.533333333333331 ], [ -74.233333333333334, 40.541666666666664 ], [ -74.241666666666674, 40.541666666666664 ], [ -74.241666666666674, 40.533333333333331 ], [ -74.233333333333334, 40.533333333333331 ] ] ] } },
{ "type": "Feature", "properties": { "cell_id": "r45_c3", "row": 45, "col": 3, "global_row": 5935, "global_col": 12692, "lon": -74.229166666666671, "lat": 40.5375 }, "geometry": { "type": "Polygon", "coordinates": [ [ [ -74.225, 40.533333333333331 ], [ -74.225, 40.541666666666664 ], [ -74.233333333333334, 40.541666666666664 ], [ -74.233333333333334, 40.533333333333331 ], [ -74.225, 40.533333333333331 ] ] ] } },
{ "type": "Feature", "properties": { "cell_id": "r45_c4", "row": 45, "col": 4, "global_row": 5935, "global_col": 12693, "lon": -74.220833333333346, "lat": 40.5375 }, "geometry": { "type": "Polygon", "coordinates": [ [ [ -74.216666666666669, 40.533333333333331 ], [ -74.216666666666669, 40.541666666666664 ], [ -74.225, 40.541666666666664 ], [ -74.225, 40.533333333333331 ], [ -74.216666666666669, 40.533333333333331 ] ] ] } },
{ "type": "Feature", "properties": { "cell_id": "r45_c5", "row": 45, "col": 5, "global_row": 5935, "global_col": 12694, "lon": -74.2125, "lat": 40.5375 }, "geometry": { "type": "Polygon", "coordinates": [ [ [ -74.208333333333343, 40.533333333333331 ], [ -74.208333333333343, 40.541666666666664 ], [ -74.216666666666669, 40.541666666666664 ], [ -74.216666666666669, 40.533333333333331 ], [ -74.208333333333343, 40.533333333333331 ] ] ] } },
{ "type": "Feature", "properties": { "cell_id": "r45_c6", "row": 45, "col": 6, "global_row": 5935, "global_col": 12695, "lon": -74.20416666666668, "lat": 40.5375 }, "geometry": { "type": "Polygon", "coordinates": [ [ [ -74.2, 40.533333333333331 ], [ -74.2, 40.541666666666664 ], [ -74.208333333333343, 40.541666666666664 ], [ -74.208333333333343, 40.533333333333331 ], [ -74.2, 40.533333333333331 ] ] ] } },
{ "type": "Feature", "properties": { "cell_id": "r45_c7", "row": 45, "col": 7, "global_row": 5935, "global_col": 12696, "lon": -74.19583333333334, "lat": 40.5375 }, "geometry": { "type": "Polygon", "coordinates": [ [ [ -74.191666666666677, 40.533333333333331 ], [ -74.191666666666677, 40.541666666666664 ], [ -74.2, 40.541666666666664 ], [ -74.2, 40.533333333333331 ], [ -74.191666666666677, 40.533333333333331 ] ] ] } },
{ "type": "Feature", "properties": { "cell_id": "r45_c8", "row": 45, "col": 8, "global_row": 5935, "global_col": 12697, "lon": -74.1875, "lat": 40.5375 }, "geometry": { "type": "Polygon", "coordinates": [ [ [ -74.183333333333337, 40.533333333333331 ], [ -74.183333333333337, 40.541666666666664 ], [ -74.191666666666677, 40.541666666666664 ], [ -74.191666666666677, 40.533333333333331 ], [ -74.183333333333337, 40.533333333333331 ] ] ] } },
{ "type": "Feature", "properties": { "cell_id": "r45_c9", "row": 45, "col": 9, "global_row": 5935, "global_col": 12698, "lon": -74.179166666666674, "lat": 40.5375 }, "geometry": { "type": "Polygon", "coordinates": [ [ [ -74.175, 40.533333333333331 ], [ -74.175, 40.541666666666664 ], [ -74.183333333333337, 40.541666666666664 ], [ -74.183333333333337, 40.533333333333331 ], [ -74.175, 40.533333333333331 ] ] ] } },
{ "type": "Feature", "properties": { "cell_id": "r45_c10", "row": 45, "col": 10, "global_row": 5935, "global_col": 12699, "lon": -74.170833333333334, "lat": 40.5375 }, "geometry": { "type": "Polygon", "coordinates": [ [ [ -74.166666666666671, 40.533333333333331 ], [ -74.166666666666671, 40.541666666666664 ], [ -74.175, 40.541666666666664 ], [ -74.175, 40.533333333333331 ], [ -74.166666666666671, 40.533333333333331 ] ] ] } },
{ "type": "Feature", "properties": { "cell_id": "r45_c11", "row": 45, "col": 11, "global_row": 5935, "global_col": 12700, "lon": -74.1625, "lat": 40.5375 }, "geometry": { "type": "Polygon", "coordinates": [ [ [ -74.158333333333346, 40.533333333333331 ], [ -74.158333333333346, 40.541666666666664 ], [ -74.166666666666671, 40.541666666666664 ], [ -74.166666666666671, 40.533333333333331 ], [ -74.158333333333346, 40.533333333333331 ] ] ] } },
{ "type": "Feature", "properties": { "cell_id": "r45_c12", "row": 45, "col": 12, "global_row": 5935, "global_col": 12701, "lon": -74.154166666666669, "lat": 40.5375 }, "geometry": { "type": "Polygon", "coordinates": [ [ [ -74.15, 40.533333333333331 ], [ -74.15, 40.541666666666664 ], [ -74.158333333333346, 40.541666666666664 ], [ -74.158333333333346, 40.533333333333331 ], [ -74.15, 40.533333333333331 ] ] ] } },
{ "type": "Feature", "properties": { "cell_id": "r45_c13", "row": 45, "col": 13, "global_row": 5935, "global_col": 12702, "lon": -74.145833333333343, "lat": 40.5375 }, "geometry": { "type": "Polygon", "coordinates": [ [ [ -74.14166666666668, 40.533333333333331 ], [ -74.14166666666668, 40.541666666666664 ], [ -74.15, 40.541666666666664 ], [ -74.15, 40.533333333333331 ], [ -74.14166666666668, 40.533333333333331 ] ] ] } },
{ "type": "Feature", "properties": { "cell_id": "r45_c15", "row": 45, "col": 15, "global_row": 5935, "global_col": 12704, "lon": -74.129166666666663, "lat": 40.5375 }, "geometry": { "type": "Polygon", "coordinates": [ [ [ -74.125, 40.533333333333331 ], [ -74.125, 40.541666666666664 ], [ -74.13333333333334, 40.541666666666664 ], [ -74.13333333333334, 40.533333333333331 ], [ -74.125, 40.533333333333331 ] ] ] } },
{ "type": "Feature", "properties": { "cell_id": "r46_c2", "row": 46, "col": 2, "global_row": 5936, "global_col": 12691, "lon": -74.2375, "lat": 40.529166666666669 }, "geometry": { "type": "Polygon", "coordinates": [ [ [ -74.233333333333334, 40.525 ], [ -74.233333333333334, 40.533333333333331 ], [ -74.241666666666674, 40.533333333333331 ], [ -74.241666666666674, 40.525 ], [ -74.233333333333334, 40.525 ] ] ] } },
{ "type": "Feature", "properties": { "cell_id": "r46_c3", "row": 46, "col": 3, "global_row": 5936, "global_col": 12692, "lon": -74.229166666666671, "lat": 40.529166666666669 }, "geometry": { "type": "Polygon", "coordinates": [ [ [ -74.225, 40.525 ], [ -74.225, 40.533333333333331 ], [ -74.233333333333334, 40.533333333333331 ], [ -74.233333333333334, 40.525 ], [ -74.225, 40.525 ] ] ] } },
{ "type": "Feature", "properties": { "cell_id": "r46_c4", "row": 46, "col": 4, "global_row": 5936, "global_col": 12693, "lon": -74.220833333333346, "lat": 40.529166666666669 }, "geometry": { "type": "Polygon", "coordinates": [ [ [ -74.216666666666669, 40.525 ], [ -74.216666666666669, 40.533333333333331 ], [ -74.225, 40.533333333333331 ], [ -74.225, 40.525 ], [ -74.216666666666669, 40.525 ] ] ] } },
{ "type": "Feature", "properties": { "cell_id": "r46_c5", "row": 46, "col": 5, "global_row": 5936, "global_col": 12694, "lon": -74.2125, "lat": 40.529166666666669 }, "geometry": { "type": "Polygon", "coordinates": [ [ [ -74.208333333333343, 40.525 ], [ -74.208333333333343, 40.533333333333331 ], [ -74.216666666666669, 40.533333333333331 ], [ -74.216666666666669, 40.525 ], [ -74.208333333333343, 40.525 ] ] ] } },
{ "type": "Feature", "properties": { "cell_id": "r46_c6", "row": 46, "col": 6, "global_row": 5936, "global_col": 12695, "lon": -74.20416666666668, "lat": 40.529166666666669 }, "geometry": { "type": "Polygon", "coordinates": [ [ [ -74.2, 40.525 ], [ -74.2, 40.533333333333331 ], [ -74.208333333333343, 40.533333333333331 ], [ -74.208333333333343, 40.525 ], [ -74.2, 40.525 ] ] ] } },
{ "type": "Feature", "properties": { "cell_id": "r46_c7", "row": 46, "col": 7, "global_row": 5936, "global_col": 12696, "lon": -74.19583333333334, "lat": 40.529166666666669 }, "geometry": { "type": "Polygon", "coordinates": [ [ [ -74.191666666666677, 40.525 ], [ -74.191666666666677, 40.533333333333331 ], [ -74.2, 40.533333333333331 ], [ -74.2, 40.525 ], [ -74.191666666666677, 40.525 ] ] ] } },
{ "type": "Feature", "properties": { "cell_id": "r46_c8", "row": 46, "col": 8, "global_row": 5936, "global_col": 12697, "lon": -74.1875, "lat": 40.529166666666669 }, "geometry": { "type": "Polygon", "coordinates": [ [ [ -74.183333333333337, 40.525 ], [ -74.183333333333337, 40.533333333333331 ], [ -74.191666666666677, 40.533333333333331 ], [ -74.191666666666677, 40.525 ], [ -74.183333333333337, 40.525 ] ] ] } },
{ "type": "Feature", "properties": { "cell_id": "r46_c9", "row": 46, "col": 9, "global_row": 5936, "global_col": 12698, "lon": -74.179166666666674, "lat": 40.529166666666669 }, "geometry": { "type": "Polygon", "coordinates": [ [ [ -74.175, 40.525 ], [ -74.175, 40.533333333333331 ], [ -74.183333333333337, 40.533333333333331 ], [ -74.183333333333337, 40.525 ], [ -74.175, 40.525 ] ] ] } },
{ "type": "Feature", "properties": { "cell_id": "r46_c10", "row": 46, "col": 10, "global_row": 5936, "global_col": 12699, "lon": -74.170833333333334, "lat": 40.529166666666669 }, "geometry": { "type": "Polygon", "coordinates": [ [ [ -74.166666666666671, 40.525 ], [ -74.166666666666671, 40.533333333333331 ], [ -74.175, 40.533333333333331 ], [ -74.175, 40.525 ], [ -74.166666666666671, 40.525 ] ] ] } },
{ "type": "Feature", "properties": { "cell_id": "r46_c11", "row": 46, "col": 11, "global_row": 5936, "global_col": 12700, "lon": -74.1625, "lat": 40.529166666666669 }, "geometry": { "type": "Polygon", "coordinates": [ [ [ -74.158333333333346, 40.525 ], [ -74.158333333333346, 40.533333333333331 ], [ -74.166666666666671, 40.533333333333331 ], [ -74.166666666666671, 40.525 ], [ -74.158333333333346, 40.525 ] ] ] } },
{ "type": "Feature", "properties": { "cell_id": "r47_c2", "row": 47, "col": 2, "global_row": 5937, "global_col": 12691, "lon": -74.2375, "lat": 40.520833333333336 }, "geometry": { "type": "Polygon", "coordinates": [ [ [ -74.233333333333334, 40.516666666666666 ], [ -74.233333333333334, 40.525 ], [ -74.241666666666674, 40.525 ], [ -74.241666666666674, 40.516666666666666 ], [ -74.233333333333334, 40.516666666666666 ] ] ] } },
{ "type": "Feature", "properties": { "cell_id": "r47_c3", "row": 47, "col": 3, "global_row": 5937, "global_col": 12692, "lon": -74.229166666666671, "lat": 40.520833333333329 }, "geometry": { "type": "Polygon", "coordinates": [ [ [ -74.225, 40.516666666666666 ], [ -74.225, 40.525 ], [ -74.233333333333334, 40.525 ], [ -74.233333333333334, 40.516666666666666 ], [ -74.225, 40.516666666666666 ] ] ] } },
{ "type": "Feature", "properties": { "cell_id": "r47_c4", "row": 47, "col": 4, "global_row": 5937, "global_col": 12693, "lon": -74.220833333333346, "lat": 40.520833333333336 }, "geometry": { "type": "Polygon", "coordinates": [ [ [ -74.216666666666669, 40.516666666666666 ], [ -74.216666666666669, 40.525 ], [ -74.225, 40.525 ], [ -74.225, 40.516666666666666 ], [ -74.216666666666669, 40.516666666666666 ] ] ] } },
{ "type": "Feature", "properties": { "cell_id": "r47_c5", "row": 47, "col": 5, "global_row": 5937, "global_col": 12694, "lon": -74.2125, "lat": 40.520833333333329 }, "geometry": { "type": "Polygon", "coordinates": [ [ [ -74.208333333333343, 40.516666666666666 ], [ -74.208333333333343, 40.525 ], [ -74.216666666666669, 40.525 ], [ -74.216666666666669, 40.516666666666666 ], [ -74.208333333333343, 40.516666666666666 ] ] ] } },
{ "type": "Feature", "properties": { "cell_id": "r47_c6", "row": 47, "col": 6, "global_row": 5937, "global_col": 12695, "lon": -74.20416666666668, "lat": 40.520833333333336 }, "geometry": { "type": "Polygon", "coordinates": [ [ [ -74.2, 40.516666666666666 ], [ -74.2, 40.525 ], [ -74.208333333333343, 40.525 ], [ -74.208333333333343, 40.516666666666666 ], [ -74.2, 40.516666666666666 ] ] ] } },
{ "type": "Feature", "properties": { "cell_id": "r47_c7", "row": 47, "col": 7, "global_row": 5937, "global_col": 12696, "lon": -74.19583333333334, "lat": 40.520833333333329 }, "geometry": { "type": "Polygon", "coordinates": [ [ [ -74.191666666666677, 40.516666666666666 ], [ -74.191666666666677, 40.525 ], [ -74.2, 40.525 ], [ -74.2, 40.516666666666666 ], [ -74.191666666666677, 40.516666666666666 ] ] ] } },
{ "type": "Feature", "properties": { "cell_id": "r47_c8", "row": 47, "col": 8, "global_row": 5937, "global_col": 12697, "lon": -74.1875, "lat": 40.520833333333336 }, "geometry": { "type": "Polygon", "coordinates": [ [ [ -74.183333333333337, 40.516666666666666 ], [ -74.183333333333337, 40.525 ], [ -74.191666666666677, 40.525 ], [ -74.191666666666677, 40.516666666666666 ], [ -74.183333333333337, 40.516666666666666 ] ] ] } },
{ "type": "Feature", "properties": { "cell_id": "r47_c9", "row": 47, "col": 9, "global_row": 5937, "global_col": 12698, "lon": -74.179166666666674, "lat": 40.520833333333329 }, "geometry": { "type": "Polygon", "coordinates": [ [ [ -74.175, 40.516666666666666 ], [ -74.175, 40.525 ], [ -74.183333333333337, 40.525 ], [ -74.183333333333337, 40.516666666666666 ], [ -74.175, 40.516666666666666 ] ] ] } },
{ "type": "Feature", "properties": { "cell_id": "r48_c1", "row": 48, "col": 1, "global_row": 5938, "global_col": 12690, "lon": -74.245833333333337, "lat": 40.5125 }, "geometry": { "type": "Polygon", "coordinates": [ [ [ -74.241666666666674, 40.508333333333333 ], [ -74.241666666666674, 40.516666666666666 ], [ -74.25, 40.516666666666666 ], [ -74.25, 40.508333333333333 ], [ -74.241666666666674, 40.508333333333333 ] ] ] } },
{ "type": "Feature", "properties": { "cell_id": "r48_c2", "row": 48, "col": 2, "global_row": 5938, "global_col": 12691, "lon": -74.2375, "lat": 40.5125 }, "geometry": { "type": "Polygon", "coordinates": [ [ [ -74.233333333333334, 40.508333333333333 ], [ -74.233333333333334, 40.516666666666666 ], [ -74.241666666666674, 40.516666666666666 ], [ -74.241666666666674, 40.508333333333333 ], [ -74.233333333333334, 40.508333333333333 ] ] ] } },
{ "type": "Feature", "properties": { "cell_id": "r48_c3", "row": 48, "col": 3, "global_row": 5938, "global_col": 12692, "lon": -74.229166666666671, "lat": 40.5125 }, "geometry": { "type": "Polygon", "coordinates": [ [ [ -74.225, 40.508333333333333 ], [ -74.225, 40.516666666666666 ], [ -74.233333333333334, 40.516666666666666 ], [ -74.233333333333334, 40.508333333333333 ], [ -74.225, 40.508333333333333 ] ] ] } },
{ "type": "Feature", "properties": { "cell_id": "r48_c4", "row": 48, "col": 4, "global_row": 5938, "global_col": 12693, "lon": -74.220833333333346, "lat": 40.5125 }, "geometry": { "type": "Polygon", "coordinates": [ [ [ -74.216666666666669, 40.508333333333333 ], [ -74.216666666666669, 40.516666666666666 ], [ -74.225, 40.516666666666666 ], [ -74.225, 40.508333333333333 ], [ -74.216666666666669, 40.508333333333333 ] ] ] } },
{ "type": "Feature", "properties": { "cell_id": "r48_c5", "row": 48, "col": 5, "global_row": 5938, "global_col": 12694, "lon": -74.2125, "lat": 40.5125 }, "geometry": { "type": "Polygon", "coordinates": [ [ [ -74.208333333333343, 40.508333333333333 ], [ -74.208333333333343, 40.516666666666666 ], [ -74.216666666666669, 40.516666666666666 ], [ -74.216666666666669, 40.508333333333333 ], [ -74.208333333333343, 40.508333333333333 ] ] ] } },
{ "type": "Feature", "properties": { "cell_id": "r48_c6", "row": 48, "col": 6, "global_row": 5938, "global_col": 12695, "lon": -74.20416666666668, "lat": 40.5125 }, "geometry": { "type": "Polygon", "coordinates": [ [ [ -74.2, 40.508333333333333 ], [ -74.2, 40.516666666666666 ], [ -74.208333333333343, 40.516666666666666 ], [ -74.208333333333343, 40.508333333333333 ], [ -74.2, 40.508333333333333 ] ] ] } },
{ "type": "Feature", "properties": { "cell_id": "r48_c7", "row": 48, "col": 7, "global_row": 5938, "global_col": 12696, "lon": -74.19583333333334, "lat": 40.5125 }, "geometry": { "type": "Polygon", "coordinates": [ [ [ -74.191666666666677, 40.508333333333333 ], [ -74.191666666666677, 40.516666666666666 ], [ -74.2, 40.516666666666666 ], [ -74.2, 40.508333333333333 ], [ -74.191666666666677, 40.508333333333333 ] ] ] } },
{ "type": "Feature", "properties": { "cell_id": "r49_c0", "row": 49, "col": 0, "global_row": 5939, "global_col": 12689, "lon": -74.254166666666663, "lat": 40.504166666666663 }, "geometry": { "type": "Polygon", "coordinates": [ [ [ -74.25, 40.5 ], [ -74.25, 40.508333333333333 ], [ -74.25833333333334, 40.508333333333333 ], [ -74.25833333333334, 40.5 ], [ -74.25, 40.5 ] ] ] } },
{ "type": "Feature", "properties": { "cell_id": "r49_c1", "row": 49, "col": 1, "global_row": 5939, "global_col": 12690, "lon": -74.245833333333337, "lat": 40.504166666666663 }, "geometry": { "type": "Polygon", "coordinates": [ [ [ -74.241666666666674, 40.5 ], [ -74.241666666666674, 40.508333333333333 ], [ -74.25, 40.508333333333333 ], [ -74.25, 40.5 ], [ -74.241666666666674, 40.5 ] ] ] } },
{ "type": "Feature", "properties": { "cell_id": "r49_c2", "row": 49, "col": 2, "global_row": 5939, "global_col": 12691, "lon": -74.2375, "lat": 40.504166666666663 }, "geometry": { "type": "Polygon", "coordinates": [ [ [ -74.233333333333334, 40.5 ], [ -74.233333333333334, 40.508333333333333 ], [ -74.241666666666674, 40.508333333333333 ], [ -74.241666666666674, 40.5 ], [ -74.233333333333334, 40.5 ] ] ] } },
{ "type": "Feature", "properties": { "cell_id": "r49_c3", "row": 49, "col": 3, "global_row": 5939, "global_col": 12692, "lon": -74.229166666666671, "lat": 40.504166666666663 }, "geometry": { "type": "Polygon", "coordinates": [ [ [ -74.225, 40.5 ], [ -74.225, 40.508333333333333 ], [ -74.233333333333334, 40.508333333333333 ], [ -74.233333333333334, 40.5 ], [ -74.225, 40.5 ] ] ] } },
{ "type": "Feature", "properties": { "cell_id": "r49_c4", "row": 49, "col": 4, "global_row": 5939, "global_col": 12693, "lon": -74.220833333333346, "lat": 40.504166666666663 }, "geometry": { "type": "Polygon", "coordinates": [ [ [ -74.216666666666669, 40.5 ], [ -74.216666666666669, 40.508333333333333 ], [ -74.225, 40.508333333333333 ], [ -74.225, 40.5 ], [ -74.216666666666669, 40.5 ] ] ] } }
]
}
