{
"type": "FeatureCollection",
"name": "sg_grid_1km_odiac",
"crs": { "type": "name", "properties": { "name": "urn:ogc:def:crs:OGC:1.3:CRS84" } },
"features": [
{ "type": "Feature", "properties": { "cell_id": "r1_c23", "row": 1, "col": 23, "global_row": 10624, "global_col": 34055, "lon": 103.79583333333336, "lat": 1.4625 }, "geometry": { "type": "Polygon", "coordinates": [ [ [ 103.8, 1.458333333333328 ], [ 103.8, 1.466666666666661 ], [ 103.791666666666686, 1.466666666666661 ], [ 103.791666666666686, 1.458333333333328 ], [ 103.8, 1.458333333333328 ] ] ] } },
{ "type": "Feature", "properties": { "cell_id": "r1_c24", "row": 1, "col": 24, "global_row": 10624, "global_col": 34056, "lon": 103.80416666666667, "lat": 1.4625 }, "geometry": { "type": "Polygon", "coordinates": [ [ [ 103.808333333333351, 1.458333333333328 ], [ 103.808333333333351, 1.466666666666661 ], [ 103.8, 1.466666666666661 ], [ 103.8, 1.458333333333328 ], [ 103.808333333333351, 1.458333333333328 ] ] ] } },
{ "type": "Feature", "properties": { "cell_id": "r1_c25", "row": 1, "col": 25, "global_row": 10624, "global_col": 34057, "lon": 103.8125, "lat": 1.4625 }, "geometry": { "type": "Polygon", "coordinates": [ [ [ 103.816666666666691, 1.458333333333328 ], [ 103.816666666666691, 1.466666666666661 ], [ 103.808333333333351, 1.466666666666661 ], [ 103.808333333333351, 1.458333333333328 ], [ 103.816666666666691, 1.458333333333328 ] ] ] } },
{ "type": "Feature", "properties": { "cell_id": "r1_c26", "row": 1, "col": 26, "global_row": 10624, "global_col": 34058, "lon": 103.82083333333334, "lat": 1.4625 }, "geometry": { "type": "Polygon", "coordinates": [ [ [ 103.825, 1.458333333333328 ], [ 103.825, 1.466666666666661 ], [ 103.816666666666691, 1.466666666666661 ], [ 103.816666666666691, 1.458333333333328 ], [ 103.825, 1.458333333333328 ] ] ] } },
{ "type": "Feature", "properties": { "cell_id": "r1_c27", "row": 1, "col": 27, "global_row": 10624, "global_col": 34059, "lon": 103.82916666666668, "lat": 1.4625 }, "geometry": { "type": "Polygon", "coordinates": [ [ [ 103.833333333333357, 1.458333333333328 ], [ 103.833333333333357, 1.466666666666661 ], [ 103.825, 1.466666666666661 ], [ 103.825, 1.458333333333328 ], [ 103.833333333333357, 1.458333333333328 ] ] ] } },
{ "type": "Feature", "properties": { "cell_id": "r1_c28", "row": 1, "col": 28, "global_row": 10624, "global_col": 34060, "lon": 103.8375, "lat": 1.4625 }, "geometry": { "type": "Polygon", "coordinates": [ [ [ 103.841666666666683, 1.458333333333328 ], [ 103.841666666666683, 1.466666666666661 ], [ 103.833333333333357, 1.466666666666661 ], [ 103.833333333333357, 1.458333333333328 ], [ 103.841666666666683, 1.458333333333328 ] ] ] } },
{ "type": "Feature", "properties": { "cell_id": "r2_c22", "row": 2, "col": 22, "global_row": 10625, "global_col": 34054, "lon": 103.7875, "lat": 1.4541666666666611 }, "geometry": { "type": "Polygon", "coordinates": [ [ [ 103.791666666666686, 1.45 ], [ 103.791666666666686, 1.458333333333328 ], [ 103.78333333333336, 1.458333333333328 ], [ 103.78333333333336, 1.45 ], [ 103.791666666666686, 1.45 ] ] ] } },
{ "type": "Feature", "properties": { "cell_id": "r2_c23", "row": 2, "col": 23, "global_row": 10625, "global_col": 34055, "lon": 103.79583333333336, "lat": 1.4541666666666611 }, "geometry": { "type": "Polygon", "coordinates": [ [ [ 103.8, 1.45 ], [ 103.8, 1.458333333333328 ], [ 103.791666666666686, 1.458333333333328 ], [ 103.791666666666686, 1.45 ], [ 103.8, 1.45 ] ] ] } },
{ "type": "Feature", "properties": { "cell_id": "r2_c24", "row": 2, "col": 24, "global_row": 10625, "global_col": 34056, "lon": 103.80416666666667, "lat": 1.4541666666666611 }, "geometry": { "type": "Polygon", "coordinates": [ [ [ 103.808333333333351, 1.45 ], [ 103.808333333333351, 1.458333333333328 ], [ 103.8, 1.458333333333328 ], [ 103.8, 1.45 ], [ 103.808333333333351, 1.45 ] ] ] } },
{ "type": "Feature", "properties": { "cell_id": "r2_c25", "row": 2, "col": 25, "global_row": 10625, "global_col": 34057, "lon": 103.8125, "lat": 1.4541666666666611 }, "geometry": { "type": "Polygon", "coordinates": [ [ [ 103.816666666666691, 1.45 ], [ 103.816666666666691, 1.458333333333328 ], [ 103.808333333333351, 1.458333333333328 ], [ 103.808333333333351, 1.45 ], [ 103.816666666666691, 1.45 ] ] ] } },
{ "type": "Feature", "properties": { "cell_id": "r2_c26", "row": 2, "col": 26, "global_row": 10625, "global_col": 34058, "lon": 103.82083333333334, "lat": 1.4541666666666611 }, "geometry": { "type": "Polygon", "coordinates": [ [ [ 103.825, 1.45 ], [ 103.825, 1.458333333333328 ], [ 103.816666666666691, 1.458333333333328 ], [ 103.816666666666691, 1.45 ], [ 103.825, 1.45 ] ] ] } },
{ "type": "Feature", "properties": { "cell_id": "r2_c27", "row": 2, "col": 27, "global_row": 10625, "global_col": 34059, "lon": 103.82916666666668, "lat": 1.4541666666666611 }, "geometry": { "type": "Polygon", "coordinates": [ [ [ 103.833333333333357, 1.45 ], [ 103.833333333333357, 1.458333333333328 ], [ 103.825, 1.458333333333328 ], [ 103.825, 1.45 ], [ 103.833333333333357, 1.45 ] ] ] } },
{ "type": "Feature", "properties": { "cell_id": "r2_c28", "row": 2, "col": 28, "global_row": 10625, "global_col": 34060, "lon": 103.8375, "lat": 1.4541666666666611 }, "geometry": { "type": "Polygon", "coordinates": [ [ [ 103.841666666666683, 1.45 ], [ 103.841666666666683, 1.458333333333328 ], [ 103.833333333333357, 1.458333333333328 ], [ 103.833333333333357, 1.45 ], [ 103.841666666666683, 1.45 ] ] ] } },
{ "type": "Feature", "properties": { "cell_id": "r2_c29", "row": 2, "col": 29, "global_row": 10625, "global_col": 34061, "lon": 103.84583333333335, "lat": 1.4541666666666611 }, "geometry": { "type": "Polygon", "coordinates": [ [ [ 103.85, 1.45 ], [ 103.85, 1.458333333333328 ], [ 103.841666666666683, 1.458333333333328 ], [ 103.841666666666683, 1.45 ], [ 103.85, 1.45 ] ] ] } },
{ "type": "Feature", "properties": { "cell_id": "r2_c30", "row": 2, "col": 30, "global_row": 10625, "global_col": 34062, "lon": 103.85416666666669, "lat": 1.4541666666666611 }, "geometry": { "type": "Polygon", "coordinates": [ [ [ 103.858333333333363, 1.45 ], [ 103.858333333333363, 1.458333333333328 ], [ 103.85, 1.458333333333328 ], [ 103.85, 1.45 ], [ 103.858333333333363, 1.45 ] ] ] } },
{ "type": "Feature", "properties": { "cell_id": "r3_c13", "row": 3, "col": 13, "global_row": 10626, "global_col": 34045, "lon": 103.7125, "lat": 1.4458333333333275 }, "geometry": { "type": "Polygon", "coordinates": [ [ [ 103.716666666666683, 1.441666666666661 ], [ 103.716666666666683, 1.45 ], [ 103.708333333333357, 1.45 ], [ 103.708333333333357, 1.441666666666661 ], [ 103.716666666666683, 1.441666666666661 ] ] ] } },
{ "type": "Feature", "properties": { "cell_id": "r3_c14", "row": 3, "col": 14, "global_row": 10626, "global_col": 34046, "lon": 103.72083333333337, "lat": 1.4458333333333273 }, "geometry": { "type": "Polygon", "coordinates": [ [ [ 103.725, 1.441666666666661 ], [ 103.725, 1.45 ], [ 103.716666666666683, 1.45 ], [ 103.716666666666683, 1.441666666666661 ], [ 103.725, 1.441666666666661 ] ] ] } },
{ "type": "Feature", "properties": { "cell_id": "r3_c15", "row": 3, "col": 15, "global_row": 10626, "global_col": 34047, "lon": 103.72916666666669, "lat": 1.4458333333333273 }, "geometry": { "type": "Polygon", "coordinates": [ [ [ 103.733333333333363, 1.441666666666661 ], [ 103.733333333333363, 1.45 ], [ 103.725, 1.45 ], [ 103.725, 1.441666666666661 ], [ 103.733333333333363, 1.441666666666661 ] ] ] } },
{ "type": "Feature", "properties": { "cell_id": "r3_c17", "row": 3, "col": 17, "global_row": 10626, "global_col": 34049, "lon": 103.74583333333335, "lat": 1.4458333333333273 }, "geometry": { "type": "Polygon", "coordinates": [ [ [ 103.75, 1.441666666666661 ], [ 103.75, 1.45 ], [ 103.741666666666688, 1.45 ], [ 103.741666666666688, 1.441666666666661 ], [ 103.75, 1.441666666666661 ] ] ] } },
{ "type": "Feature", "properties": { "cell_id": "r3_c20", "row": 3, "col": 20, "global_row": 10626, "global_col": 34052, "lon": 103.77083333333336, "lat": 1.4458333333333275 }, "geometry": { "type": "Polygon", "coordinates": [ [ [ 103.775, 1.441666666666661 ], [ 103.775, 1.45 ], [ 103.766666666666694, 1.45 ], [ 103.766666666666694, 1.441666666666661 ], [ 103.775, 1.441666666666661 ] ] ] } },
{ "type": "Feature", "properties": { "cell_id": "r3_c21", "row": 3, "col": 21, "global_row": 10626, "global_col": 34053, "lon": 103.7791666666667, "lat": 1.4458333333333273 }, "geometry": { "type": "Polygon", "coordinates": [ [ [ 103.78333333333336, 1.441666666666661 ], [ 103.78333333333336, 1.45 ], [ 103.775, 1.45 ], [ 103.775, 1.441666666666661 ], [ 103.78333333333336, 1.441666666666661 ] ] ] } },
{ "type": "Feature", "properties": { "cell_id": "r3_c22", "row": 3, "col": 22, "global_row": 10626, "global_col": 34054, "lon": 103.7875, "lat": 1.4458333333333275 }, "geometry": { "type": "Polygon", "coordinates": [ [ [ 103.791666666666686, 1.441666666666661 ], [ 103.791666666666686, 1.45 ], [ 103.78333333333336, 1.45 ], [ 103.78333333333336, 1.441666666666661 ], [ 103.791666666666686, 1.441666666666661 ] ] ] } },
{ "type": "Feature", "properties": { "cell_id": "r3_c23", "row": 3, "col": 23, "global_row": 10626, "global_col": 34055, "lon": 103.79583333333335, "lat": 1.4458333333333273 }, "geometry": { "type": "Polygon", "coordinates": [ [ [ 103.8, 1.441666666666661 ], [ 103.8, 1.45 ], [ 103.791666666666686, 1.45 ], [ 103.791666666666686, 1.441666666666661 ], [ 103.8, 1.441666666666661 ] ] ] } },
{ "type": "Feature", "properties": { "cell_id": "r3_c24", "row": 3, "col": 24, "global_row": 10626, "global_col": 34056, "lon": 103.8041666666667, "lat": 1.4458333333333275 }, "geometry": { "type": "Polygon", "coordinates": [ [ [ 103.808333333333351, 1.441666666666661 ], [ 103.808333333333351, 1.45 ], [ 103.8, 1.45 ], [ 103.8, 1.441666666666661 ], [ 103.808333333333351, 1.441666666666661 ] ] ] } },
{ "type": "Feature", "properties": { "cell_id": "r3_c25", "row": 3, "col": 25, "global_row": 10626, "global_col": 34057, "lon": 103.8125, "lat": 1.4458333333333273 }, "geometry": { "type": "Polygon", "coordinates": [ [ [ 103.816666666666691, 1.441666666666661 ], [ 103.816666666666691, 1.45 ], [ 103.808333333333351, 1.45 ], [ 103.808333333333351, 1.441666666666661 ], [ 103.816666666666691, 1.441666666666661 ] ] ] } },
{ "type": "Feature", "properties": { "cell_id": "r3_c26", "row": 3, "col": 26, "global_row": 10626, "global_col": 34058, "lon": 103.82083333333334, "lat": 1.4458333333333275 }, "geometry": { "type": "Polygon", "coordinates": [ [ [ 103.825, 1.441666666666661 ], [ 103.825, 1.45 ], [ 103.816666666666691, 1.45 ], [ 103.816666666666691, 1.441666666666661 ], [ 103.825, 1.441666666666661 ] ] ] } },
{ "type": "Feature", "properties": { "cell_id": "r3_c27", "row": 3, "col": 27, "global_row": 10626, "global_col": 34059, "lon": 103.82916666666668, "lat": 1.4458333333333273 }, "geometry": { "type": "Polygon", "coordinates": [ [ [ 103.833333333333357, 1.441666666666661 ], [ 103.833333333333357, 1.45 ], [ 103.825, 1.45 ], [ 103.825, 1.441666666666661 ], [ 103.833333333333357, 1.441666666666661 ] ] ] } },
{ "type": "Feature", "properties": { "cell_id": "r3_c28", "row": 3, "col": 28, "global_row": 10626, "global_col": 34060, "lon": 103.8375, "lat": 1.4458333333333275 }, "geometry": { "type": "Polygon", "coordinates": [ [ [ 103.841666666666683, 1.441666666666661 ], [ 103.841666666666683, 1.45 ], [ 103.833333333333357, 1.45 ], [ 103.833333333333357, 1.441666666666661 ], [ 103.841666666666683, 1.441666666666661 ] ] ] } },
{ "type": "Feature", "properties": { "cell_id": "r3_c29", "row": 3, "col": 29, "global_row": 10626, "global_col": 34061, "lon": 103.84583333333335, "lat": 1.4458333333333273 }, "geometry": { "type": "Polygon", "coordinates": [ [ [ 103.85, 1.441666666666661 ], [ 103.85, 1.45 ], [ 103.841666666666683, 1.45 ], [ 103.841666666666683, 1.441666666666661 ], [ 103.85, 1.441666666666661 ] ] ] } },
{ "type": "Feature", "properties": { "cell_id": "r3_c30", "row": 3, "col": 30, "global_row": 10626, "global_col": 34062, "lon": 103.85416666666669, "lat": 1.4458333333333273 }, "geometry": { "type": "Polygon", "coordinates": [ [ [ 103.858333333333363, 1.441666666666661 ], [ 103.858333333333363, 1.45 ], [ 103.85, 1.45 ], [ 103.85, 1.441666666666661 ], [ 103.858333333333363, 1.441666666666661 ] ] ] } },
{ "type": "Feature", "properties": { "cell_id": "r3_c31", "row": 3, "col": 31, "global_row": 10626, "global_col": 34063, "lon": 103.8625, "lat": 1.4458333333333275 }, "geometry": { "type": "Polygon", "coordinates": [ [ [ 103.866666666666688, 1.441666666666661 ], [ 103.866666666666688, 1.45 ], [ 103.858333333333363, 1.45 ], [ 103.858333333333363, 1.441666666666661 ], [ 103.866666666666688, 1.441666666666661 ] ] ] } },
{ "type": "Feature", "properties": { "cell_id": "r4_c12", "row": 4, "col": 12, "global_row": 10627, "global_col": 34044, "lon": 103.70416666666668, "lat": 1.4375 }, "geometry": { "type": "Polygon", "coordinates": [ [ [ 103.708333333333357, 1.433333333333328 ], [ 103.708333333333357, 1.441666666666661 ], [ 103.7, 1.441666666666661 ], [ 103.7, 1.433333333333328 ], [ 103.708333333333357, 1.433333333333328 ] ] ] } },
{ "type": "Feature", "properties": { "cell_id": "r4_c13", "row": 4, "col": 13, "global_row": 10627, "global_col": 34045, "lon": 103.7125, "lat": 1.4375 }, "geometry": { "type": "Polygon", "coordinates": [ [ [ 103.716666666666683, 1.433333333333328 ], [ 103.716666666666683, 1.441666666666661 ], [ 103.708333333333357, 1.441666666666661 ], [ 103.708333333333357, 1.433333333333328 ], [ 103.716666666666683, 1.433333333333328 ] ] ] } },
{ "type": "Feature", "properties": { "cell_id": "r4_c14", "row": 4, "col": 14, "global_row": 10627, "global_col": 34046, "lon": 103.72083333333336, "lat": 1.4375 }, "geometry": { "type": "Polygon", "coordinates": [ [ [ 103.725, 1.433333333333328 ], [ 103.725, 1.441666666666661 ], [ 103.716666666666683, 1.441666666666661 ], [ 103.716666666666683, 1.433333333333328 ], [ 103.725, 1.433333333333328 ] ] ] } },
{ "type": "Feature", "properties": { "cell_id": "r4_c15", "row": 4, "col": 15, "global_row": 10627, "global_col": 34047, "lon": 103.72916666666667, "lat": 1.4375 }, "geometry": { "type": "Polygon", "coordinates": [ [ [ 103.733333333333363, 1.433333333333328 ], [ 103.733333333333363, 1.441666666666661 ], [ 103.725, 1.441666666666661 ], [ 103.725, 1.433333333333328 ], [ 103.733333333333363, 1.433333333333328 ] ] ] } },
{ "type": "Feature", "properties": { "cell_id": "r4_c16", "row": 4, "col": 16, "global_row": 10627, "global_col": 34048, "lon": 103.7375, "lat": 1.4375 }, "geometry": { "type": "Polygon", "coordinates": [ [ [ 103.741666666666688, 1.433333333333328 ], [ 103.741666666666688, 1.441666666666661 ], [ 103.733333333333363, 1.441666666666661 ], [ 103.733333333333363, 1.433333333333328 ], [ 103.741666666666688, 1.433333333333328 ] ] ] } },
{ "type": "Feature", "properties": { "cell_id": "r4_c17", "row": 4, "col": 17, "global_row": 10627, "global_col": 34049, "lon": 103.74583333333337, "lat": 1.4375 }, "geometry": { "type": "Polygon", "coordinates": [ [ [ 103.75, 1.433333333333328 ], [ 103.75, 1.441666666666661 ], [ 103.741666666666688, 1.441666666666661 ], [ 103.741666666666688, 1.433333333333328 ], [ 103.75, 1.433333333333328 ] ] ] } },
{ "type": "Feature", "properties": { "cell_id": "r4_c18", "row": 4, "col": 18, "global_row": 10627, "global_col": 34050, "lon": 103.75416666666671, "lat": 1.4375 }, "geometry": { "type": "Polygon", "coordinates": [ [ [ 103.758333333333354, 1.433333333333328 ], [ 103.758333333333354, 1.441666666666661 ], [ 103.75, 1.441666666666661 ], [ 103.75, 1.433333333333328 ], [ 103.758333333333354, 1.433333333333328 ] ] ] } },
{ "type": "Feature", "properties": { "cell_id": "r4_c19", "row": 4, "col": 19, "global_row": 10627, "global_col": 34051, "lon": 103.7625, "lat": 1.4375 }, "geometry": { "type": "Polygon", "coordinates": [ [ [ 103.766666666666694, 1.433333333333328 ], [ 103.766666666666694, 1.441666666666661 ], [ 103.758333333333354, 1.441666666666661 ], [ 103.758333333333354, 1.433333333333328 ], [ 103.766666666666694, 1.433333333333328 ] ] ] } },
{ "type": "Feature", "properties": { "cell_id": "r4_c20", "row": 4, "col": 20, "global_row": 10627, "global_col": 34052, "lon": 103.77083333333334, "lat": 1.4375 }, "geometry": { "type": "Polygon", "coordinates": [ [ [ 103.775, 1.433333333333328 ], [ 103.775, 1.441666666666661 ], [ 103.766666666666694, 1.441666666666661 ], [ 103.766666666666694, 1.433333333333328 ], [ 103.775, 1.433333333333328 ] ] ] } },
{ "type": "Feature", "properties": { "cell_id": "r4_c21", "row": 4, "col": 21, "global_row": 10627, "global_col": 34053, "lon": 103.7791666666667, "lat": 1.4375 }, "geometry": { "type": "Polygon", "coordinates": [ [ [ 103.78333333333336, 1.433333333333328 ], [ 103.78333333333336, 1.441666666666661 ], [ 103.775, 1.441666666666661 ], [ 103.775, 1.433333333333328 ], [ 103.78333333333336, 1.433333333333328 ] ] ] } },
{ "type": "Feature", "properties": { "cell_id": "r4_c22", "row": 4, "col": 22, "global_row": 10627, "global_col": 34054, "lon": 103.7875, "lat": 1.4375 }, "geometry": { "type": "Polygon", "coordinates": [ [ [ 103.791666666666686, 1.433333333333328 ], [ 103.791666666666686, 1.441666666666661 ], [ 103.78333333333336, 1.441666666666661 ], [ 103.78333333333336, 1.433333333333328 ], [ 103.791666666666686, 1.433333333333328 ] ] ] } },
{ "type": "Feature", "properties": { "cell_id": "r4_c23", "row": 4, "col": 23, "global_row": 10627, "global_col": 34055, "lon": 103.79583333333336, "lat": 1.4375 }, "geometry": { "type": "Polygon", "coordinates": [ [ [ 103.8, 1.433333333333328 ], [ 103.8, 1.441666666666661 ], [ 103.791666666666686, 1.441666666666661 ], [ 103.791666666666686, 1.433333333333328 ], [ 103.8, 1.433333333333328 ] ] ] } },
{ "type": "Feature", "properties": { "cell_id": "r4_c24", "row": 4, "col": 24, "global_row": 10627, "global_col": 34056, "lon": 103.80416666666667, "lat": 1.4375 }, "geometry": { "type": "Polygon", "coordinates": [ [ [ 103.808333333333351, 1.433333333333328 ], [ 103.808333333333351, 1.441666666666661 ], [ 103.8, 1.441666666666661 ], [ 103.8, 1.433333333333328 ], [ 103.808333333333351, 1.433333333333328 ] ] ] } },
{ "type": "Feature", "properties": { "cell_id": "r4_c25", "row": 4, "col": 25, "global_row": 10627, "global_col": 34057, "lon": 103.8125, "lat": 1.4375 }, "geometry": { "type": "Polygon", "coordinates": [ [ [ 103.816666666666691, 1.433333333333328 ], [ 103.816666666666691, 1.441666666666661 ], [ 103.808333333333351, 1.441666666666661 ], [ 103.808333333333351, 1.433333333333328 ], [ 103.816666666666691, 1.433333333333328 ] ] ] } },
{ "type": "Feature", "properties": { "cell_id": "r4_c26", "row": 4, "col": 26, "global_row": 10627, "global_col": 34058, "lon": 103.82083333333334, "lat": 1.4375 }, "geometry": { "type": "Polygon", "coordinates": [ [ [ 103.825, 1.433333333333328 ], [ 103.825, 1.441666666666661 ], [ 103.816666666666691, 1.441666666666661 ], [ 103.816666666666691, 1.433333333333328 ], [ 103.825, 1.433333333333328 ] ] ] } },
{ "type": "Feature", "properties": { "cell_id": "r4_c27", "row": 4, "col": 27, "global_row": 10627, "global_col": 34059, "lon": 103.82916666666668, "lat": 1.4375 }, "geometry": { "type": "Polygon", "coordinates": [ [ [ 103.833333333333357, 1.433333333333328 ], [ 103.833333333333357, 1.441666666666661 ], [ 103.825, 1.441666666666661 ], [ 103.825, 1.433333333333328 ], [ 103.833333333333357, 1.433333333333328 ] ] ] } },
{ "type": "Feature", "properties": { "cell_id": "r4_c28", "row": 4, "col": 28, "global_row": 10627, "global_col": 34060, "lon": 103.8375, "lat": 1.4375 }, "geometry": { "type": "Polygon", "coordinates": [ [ [ 103.841666666666683, 1.433333333333328 ], [ 103.841666666666683, 1.441666666666661 ], [ 103.833333333333357, 1.441666666666661 ], [ 103.833333333333357, 1.433333333333328 ], [ 103.841666666666683, 1.433333333333328 ] ] ] } },
{ "type": "Feature", "properties": { "cell_id": "r4_c29", "row": 4, "col": 29, "global_row": 10627, "global_col": 34061, "lon": 103.84583333333335, "lat": 1.4375 }, "geometry": { "type": "Polygon", "coordinates": [ [ [ 103.85, 1.433333333333328 ], [ 103.85, 1.441666666666661 ], [ 103.841666666666683, 1.441666666666661 ], [ 103.841666666666683, 1.433333333333328 ], [ 103.85, 1.433333333333328 ] ] ] } },
{ "type": "Feature", "properties": { "cell_id": "r4_c30", "row": 4, "col": 30, "global_row": 10627, "global_col": 34062, "lon": 103.85416666666669, "lat": 1.4375 }, "geometry": { "type": "Polygon", "coordinates": [ [ [ 103.858333333333363, 1.433333333333328 ], [ 103.858333333333363, 1.441666666666661 ], [ 103.85, 1.441666666666661 ], [ 103.85, 1.433333333333328 ], [ 103.858333333333363, 1.433333333333328 ] ] ] } },
{ "type": "Feature", "properties": { "cell_id": "r4_c32", "row": 4, "col": 32, "global_row": 10627, "global_col": 34064, "lon": 103.87083333333335, "lat": 1.4375 }, "geometry": { "type": "Polygon", "coordinates": [ [ [ 103.875, 1.433333333333328 ], [ 103.875, 1.441666666666661 ], [ 103.866666666666688, 1.441666666666661 ], [ 103.866666666666688, 1.433333333333328 ], [ 103.875, 1.433333333333328 ] ] ] } },
{ "type": "Feature", "properties": { "cell_id": "r4_c51", "row": 4, "col": 51, "global_row": 10627, "global_col": 34083, "lon": 104.0291666666667, "lat": 1.4375 }, "geometry": { "type": "Polygon", "coordinates": [ [ [ 104.03333333333336, 1.433333333333328 ], [ 104.03333333333336, 1.441666666666661 ], [ 104.025, 1.441666666666661 ], [ 104.025, 1.433333333333328 ], [ 104.03333333333336, 1.433333333333328 ] ] ] } },
{ "type": "Feature", "properties": { "cell_id": "r4_c52", "row": 4, "col": 52, "global_row": 10627, "global_col": 34084, "lon": 104.0375, "lat": 1.4375 }, "geometry": { "type": "Polygon", "coordinates": [ [ [ 104.041666666666686, 1.433333333333328 ], [ 104.041666666666686, 1.441666666666661 ], [ 104.03333333333336, 1.441666666666661 ], [ 104.03333333333336, 1.433333333333328 ], [ 104.041666666666686, 1.433333333333328 ] ] ] } },
{ "type": "Feature", "properties": { "cell_id": "r5_c10", "row": 5, "col": 10, "global_row": 10628, "global_col": 34042, "lon": 103.6875, "lat": 1.4291666666666609 }, "geometry": { "type": "Polygon", "coordinates": [ [ [ 103.691666666666691, 1.425 ], [ 103.691666666666691, 1.433333333333328 ], [ 103.683333333333351, 1.433333333333328 ], [ 103.683333333333351, 1.425 ], [ 103.691666666666691, 1.425 ] ] ] } },
{ "type": "Feature", "properties": { "cell_id": "r5_c11", "row": 5, "col": 11, "global_row": 10628, "global_col": 34043, "lon": 103.69583333333334, "lat": 1.4291666666666609 }, "geometry": { "type": "Polygon", "coordinates": [ [ [ 103.7, 1.425 ], [ 103.7, 1.433333333333328 ], [ 103.691666666666691, 1.433333333333328 ], [ 103.691666666666691, 1.425 ], [ 103.7, 1.425 ] ] ] } },
{ "type": "Feature", "properties": { "cell_id": "r5_c12", "row": 5, "col": 12, "global_row": 10628, "global_col": 34044, "lon": 103.70416666666668, "lat": 1.4291666666666609 }, "geometry": { "type": "Polygon", "coordinates": [ [ [ 103.708333333333357, 1.425 ], [ 103.708333333333357, 1.433333333333328 ], [ 103.7, 1.433333333333328 ], [ 103.7, 1.425 ], [ 103.708333333333357, 1.425 ] ] ] } },
{ "type": "Feature", "properties": { "cell_id": "r5_c13", "row": 5, "col": 13, "global_row": 10628, "global_col": 34045, "lon": 103.7125, "lat": 1.4291666666666609 }, "geometry": { "type": "Polygon", "coordinates": [ [ [ 103.716666666666683, 1.425 ], [ 103.716666666666683, 1.433333333333328 ], [ 103.708333333333357, 1.433333333333328 ], [ 103.708333333333357, 1.425 ], [ 103.716666666666683, 1.425 ] ] ] } },
{ "type": "Feature", "properties": { "cell_id": "r5_c14", "row": 5, "col": 14, "global_row": 10628, "global_col": 34046, "lon": 103.72083333333336, "lat": 1.4291666666666609 }, "geometry": { "type": "Polygon", "coordinates": [ [ [ 103.725, 1.425 ], [ 103.725, 1.433333333333328 ], [ 103.716666666666683, 1.433333333333328 ], [ 103.716666666666683, 1.425 ], [ 103.725, 1.425 ] ] ] } },
{ "type": "Feature", "properties": { "cell_id": "r5_c15", "row": 5, "col": 15, "global_row": 10628, "global_col": 34047, "lon": 103.72916666666667, "lat": 1.4291666666666609 }, "geometry": { "type": "Polygon", "coordinates": [ [ [ 103.733333333333363, 1.425 ], [ 103.733333333333363, 1.433333333333328 ], [ 103.725, 1.433333333333328 ], [ 103.725, 1.425 ], [ 103.733333333333363, 1.425 ] ] ] } },
{ "type": "Feature", "properties": { "cell_id": "r5_c16", "row": 5, "col": 16, "global_row": 10628, "global_col": 34048, "lon": 103.7375, "lat": 1.4291666666666609 }, "geometry": { "type": "Polygon", "coordinates": [ [ [ 103.741666666666688, 1.425 ], [ 103.741666666666688, 1.433333333333328 ], [ 103.733333333333363, 1.433333333333328 ], [ 103.733333333333363, 1.425 ], [ 103.741666666666688, 1.425 ] ] ] } },
{ "type": "Feature", "properties": { "cell_id": "r5_c17", "row": 5, "col": 17, "global_row": 10628, "global_col": 34049, "lon": 103.74583333333337, "lat": 1.4291666666666609 }, "geometry": { "type": "Polygon", "coordinates": [ [ [ 103.75, 1.425 ], [ 103.75, 1.433333333333328 ], [ 103.741666666666688, 1.433333333333328 ], [ 103.741666666666688, 1.425 ], [ 103.75, 1.425 ] ] ] } },
{ "type": "Feature", "properties": { "cell_id": "r5_c18", "row": 5, "col": 18, "global_row": 10628, "global_col": 34050, "lon": 103.75416666666671, "lat": 1.4291666666666609 }, "geometry": { "type": "Polygon", "coordinates": [ [ [ 103.758333333333354, 1.425 ], [ 103.758333333333354, 1.433333333333328 ], [ 103.75, 1.433333333333328 ], [ 103.75, 1.425 ], [ 103.758333333333354, 1.425 ] ] ] } },
{ "type": "Feature", "properties": { "cell_id": "r5_c19", "row": 5, "col": 19, "global_row": 10628, "global_col": 34051, "lon": 103.7625, "lat": 1.4291666666666609 }, "geometry": { "type": "Polygon", "coordinates": [ [ [ 103.766666666666694, 1.425 ], [ 103.766666666666694, 1.433333333333328 ], [ 103.758333333333354, 1.433333333333328 ], [ 103.758333333333354, 1.425 ], [ 103.766666666666694, 1.425 ] ] ] } },
{ "type": "Feature", "properties": { "cell_id": "r5_c20", "row": 5, "col": 20, "global_row": 10628, "global_col": 34052, "lon": 103.77083333333334, "lat": 1.4291666666666609 }, "geometry": { "type": "Polygon", "coordinates": [ [ [ 103.775, 1.425 ], [ 103.775, 1.433333333333328 ], [ 103.766666666666694, 1.433333333333328 ], [ 103.766666666666694, 1.425 ], [ 103.775, 1.425 ] ] ] } },
{ "type": "Feature", "properties": { "cell_id": "r5_c21", "row": 5, "col": 21, "global_row": 10628, "global_col": 34053, "lon": 103.7791666666667, "lat": 1.4291666666666609 }, "geometry": { "type": "Polygon", "coordinates": [ [ [ 103.78333333333336, 1.425 ], [ 103.78333333333336, 1.433333333333328 ], [ 103.775, 1.433333333333328 ], [ 103.775, 1.425 ], [ 103.78333333333336, 1.425 ] ] ] } },
{ "type": "Feature", "properties": { "cell_id": "r5_c22", "row": 5, "col": 22, "global_row": 10628, "global_col": 34054, "lon": 103.7875, "lat": 1.4291666666666609 }, "geometry": { "type": "Polygon", "coordinates": [ [ [ 103.791666666666686, 1.425 ], [ 103.791666666666686, 1.433333333333328 ], [ 103.78333333333336, 1.433333333333328 ], [ 103.78333333333336, 1.425 ], [ 103.791666666666686, 1.425 ] ] ] } },
{ "type": "Feature", "properties": { "cell_id": "r5_c23", "row": 5, "col": 23, "global_row": 10628, "global_col": 34055, "lon": 103.79583333333336, "lat": 1.4291666666666609 }, "geometry": { "type": "Polygon", "coordinates": [ [ [ 103.8, 1.425 ], [ 103.8, 1.433333333333328 ], [ 103.791666666666686, 1.433333333333328 ], [ 103.791666666666686, 1.425 ], [ 103.8, 1.425 ] ] ] } },
{ "type": "Feature", "properties": { "cell_id": "r5_c24", "row": 5, "col": 24, "global_row": 10628, "global_col": 34056, "lon": 103.80416666666667, "lat": 1.4291666666666609 }, "geometry": { "type": "Polygon", "coordinates": [ [ [ 103.808333333333351, 1.425 ], [ 103.808333333333351, 1.433333333333328 ], [ 103.8, 1.433333333333328 ], [ 103.8, 1.425 ], [ 103.808333333333351, 1.425 ] ] ] } },
{ "type": "Feature", "properties": { "cell_id": "r5_c25", "row": 5, "col": 25, "global_row": 10628, "global_col": 34057, "lon": 103.8125, "lat": 1.4291666666666609 }, "geometry": { "type": "Polygon", "coordinates": [ [ [ 103.816666666666691, 1.425 ], [ 103.816666666666691, 1.433333333333328 ], [ 103.808333333333351, 1.433333333333328 ], [ 103.808333333333351, 1.425 ], [ 103.816666666666691, 1.425 ] ] ] } },
{ "type": "Feature", "properties": { "cell_id": "r5_c26", "row": 5, "col": 26, "global_row": 10628, "global_col": 34058, "lon": 103.82083333333334, "lat": 1.4291666666666609 }, "geometry": { "type": "Polygon", "coordinates": [ [ [ 103.825, 1.425 ], [ 103.825, 1.433333333333328 ], [ 103.816666666666691, 1.433333333333328 ], [ 103.816666666666691, 1.425 ], [ 103.825, 1.425 ] ] ] } },
{ "type": "Feature", "properties": { "cell_id": "r5_c27", "row": 5, "col": 27, "global_row": 10628, "global_col": 34059, "lon": 103.82916666666668, "lat": 1.4291666666666609 }, "geometry": { "type": "Polygon", "coordinates": [ [ [ 103.833333333333357, 1.425 ], [ 103.833333333333357, 1.433333333333328 ], [ 103.825, 1.433333333333328 ], [ 103.825, 1.425 ], [ 103.833333333333357, 1.425 ] ] ] } },
{ "type": "Feature", "properties": { "cell_id": "r5_c28", "row": 5, "col": 28, "global_row": 10628, "global_col": 34060, "lon": 103.8375, "lat": 1.4291666666666609 }, "geometry": { "type": "Polygon", "coordinates": [ [ [ 103.841666666666683, 1.425 ], [ 103.841666666666683, 1.433333333333328 ], [ 103.833333333333357, 1.433333333333328 ], [ 103.833333333333357, 1.425 ], [ 103.841666666666683, 1.425 ] ] ] } },
{ "type": "Feature", "properties": { "cell_id": "r5_c29", "row": 5, "col": 29, "global_row": 10628, "global_col": 34061, "lon": 103.84583333333335, "lat": 1.4291666666666609 }, "geometry": { "type": "Polygon", "coordinates": [ [ [ 103.85, 1.425 ], [ 103.85, 1.433333333333328 ], [ 103.841666666666683, 1.433333333333328 ], [ 103.841666666666683, 1.425 ], [ 103.85, 1.425 ] ] ] } },
{ "type": "Feature", "properties": { "cell_id": "r5_c30", "row": 5, "col": 30, "global_row": 10628, "global_col": 34062, "lon": 103.85416666666669, "lat": 1.4291666666666609 }, "geometry": { "type": "Polygon", "coordinates": [ [ [ 103.858333333333363, 1.425 ], [ 103.858333333333363, 1.433333333333328 ], [ 103.85, 1.433333333333328 ], [ 103.85, 1.425 ], [ 103.858333333333363, 1.425 ] ] ] } },
{ "type": "Feature", "properties": { "cell_id": "r5_c32", "row": 5, "col": 32, "global_row": 10628, "global_col": 34064, "lon": 103.87083333333335, "lat": 1.4291666666666609 }, "geometry": { "type": "Polygon", "coordinates": [ [ [ 103.875, 1.425 ], [ 103.875, 1.433333333333328 ], [ 103.866666666666688, 1.433333333333328 ], [ 103.866666666666688, 1.425 ], [ 103.875, 1.425 ] ] ] } },
{ "type": "Feature", "properties": { "cell_id": "r5_c33", "row": 5, "col": 33, "global_row": 10628, "global_col": 34065, "lon": 103.87916666666672, "lat": 1.4291666666666609 }, "geometry": { "type": "Polygon", "coordinates": [ [ [ 103.883333333333354, 1.425 ], [ 103.883333333333354, 1.433333333333328 ], [ 103.875, 1.433333333333328 ], [ 103.875, 1.425 ], [ 103.883333333333354, 1.425 ] ] ] } },
{ "type": "Feature", "properties": { "cell_id": "r5_c50", "row": 5, "col": 50, "global_row": 10628, "global_col": 34082, "lon": 104.02083333333336, "lat": 1.4291666666666609 }, "geometry": { "type": "Polygon", "coordinates": [ [ [ 104.025, 1.425 ], [ 104.025, 1.433333333333328 ], [ 104.016666666666694, 1.433333333333328 ], [ 104.016666666666694, 1.425 ], [ 104.025, 1.425 ] ] ] } },
{ "type": "Feature", "properties": { "cell_id": "r5_c51", "row": 5, "col": 51, "global_row": 10628, "global_col": 34083, "lon": 104.0291666666667, "lat": 1.4291666666666609 }, "geometry": { "type": "Polygon", "coordinates": [ [ [ 104.03333333333336, 1.425 ], [ 104.03333333333336, 1.433333333333328 ], [ 104.025, 1.433333333333328 ], [ 104.025, 1.425 ], [ 104.03333333333336, 1.425 ] ] ] } },
{ "type": "Feature", "properties": { "cell_id": "r5_c52", "row": 5, "col": 52, "global_row": 10628, "global_col": 34084, "lon": 104.0375, "lat": 1.4291666666666609 }, "geometry": { "type": "Polygon", "coordinates": [ [ [ 104.041666666666686, 1.425 ], [ 104.041666666666686, 1.433333333333328 ], [ 104.03333333333336, 1.433333333333328 ], [ 104.03333333333336, 1.425 ], [ 104.041666666666686, 1.425 ] ] ] } },
{ "type": "Feature", "properties": { "cell_id": "r5_c53", "row": 5, "col": 53, "global_row": 10628, "global_col": 34085, "lon": 104.04583333333336, "lat": 1.4291666666666609 }, "geometry": { "type": "Polygon", "coordinates": [ [ [ 104.05, 1.425 ], [ 104.05, 1.433333333333328 ], [ 104.041666666666686, 1.433333333333328 ], [ 104.041666666666686, 1.425 ], [ 104.05, 1.425 ] ] ] } },
{ "type": "Feature", "properties": { "cell_id": "r5_c54", "row": 5, "col": 54, "global_row": 10628, "global_col": 34086, "lon": 104.05416666666669, "lat": 1.4291666666666609 }, "geometry": { "type": "Polygon", "coordinates": [ [ [ 104.058333333333351, 1.425 ], [ 104.058333333333351, 1.433333333333328 ], [ 104.05, 1.433333333333328 ], [ 104.05, 1.425 ], [ 104.058333333333351, 1.425 ] ] ] } },
{ "type": "Feature", "properties": { "cell_id": "r5_c55", "row": 5, "col": 55, "global_row": 10628, "global_col": 34087, "lon": 104.0625, "lat": 1.4291666666666609 }, "geometry": { "type": "Polygon", "coordinates": [ [ [ 104.066666666666691, 1.425 ], [ 104.066666666666691, 1.433333333333328 ], [ 104.058333333333351, 1.433333333333328 ], [ 104.058333333333351, 1.425 ], [ 104.066666666666691, 1.425 ] ] ] } },
{ "type": "Feature", "properties": { "cell_id": "r6_c9", "row": 6, "col": 9, "global_row": 10629, "global_col": 34041, "lon": 103.67916666666669, "lat": 1.4208333333333276 }, "geometry": { "type": "Polygon", "coordinates": [ [ [ 103.683333333333351, 1.416666666666661 ], [ 103.683333333333351, 1.425 ], [ 103.675, 1.425 ], [ 103.675, 1.416666666666661 ], [ 103.683333333333351, 1.416666666666661 ] ] ] } },
{ "type": "Feature", "properties": { "cell_id": "r6_c10", "row": 6, "col": 10, "global_row": 10629, "global_col": 34042, "lon": 103.6875, "lat": 1.4208333333333276 }, "geometry": { "type": "Polygon", "coordinates": [ [ [ 103.691666666666691, 1.416666666666661 ], [ 103.691666666666691, 1.425 ], [ 103.683333333333351, 1.425 ], [ 103.683333333333351, 1.416666666666661 ], [ 103.691666666666691, 1.416666666666661 ] ] ] } },
{ "type": "Feature", "properties": { "cell_id": "r6_c11", "row": 6, "col": 11, "global_row": 10629, "global_col": 34043, "lon": 103.69583333333334, "lat": 1.4208333333333276 }, "geometry": { "type": "Polygon", "coordinates": [ [ [ 103.7, 1.416666666666661 ], [ 103.7, 1.425 ], [ 103.691666666666691, 1.425 ], [ 103.691666666666691, 1.416666666666661 ], [ 103.7, 1.416666666666661 ] ] ] } },
{ "type": "Feature", "properties": { "cell_id": "r6_c12", "row": 6, "col": 12, "global_row": 10629, "global_col": 34044, "lon": 103.70416666666668, "lat": 1.4208333333333276 }, "geometry": { "type": "Polygon", "coordinates": [ [ [ 103.708333333333357, 1.416666666666661 ], [ 103.708333333333357, 1.425 ], [ 103.7, 1.425 ], [ 103.7, 1.416666666666661 ], [ 103.708333333333357, 1.416666666666661 ] ] ] } },
{ "type": "Feature", "properties": { "cell_id": "r6_c13", "row": 6, "col": 13, "global_row": 10629, "global_col": 34045, "lon": 103.7125, "lat": 1.4208333333333276 }, "geometry": { "type": "Polygon", "coordinates": [ [ [ 103.716666666666683, 1.416666666666661 ], [ 103.716666666666683, 1.425 ], [ 103.708333333333357, 1.425 ], [ 103.708333333333357, 1.416666666666661 ], [ 103.716666666666683, 1.416666666666661 ] ] ] } },
{ "type": "Feature", "properties": { "cell_id": "r6_c14", "row": 6, "col": 14, "global_row": 10629, "global_col": 34046, "lon": 103.72083333333336, "lat": 1.4208333333333276 }, "geometry": { "type": "Polygon", "coordinates": [ [ [ 103.725, 1.416666666666661 ], [ 103.725, 1.425 ], [ 103.716666666666683, 1.425 ], [ 103.716666666666683, 1.416666666666661 ], [ 103.725, 1.416666666666661 ] ] ] } },
{ "type": "Feature", "properties": { "cell_id": "r6_c15", "row": 6, "col": 15, "global_row": 10629, "global_col": 34047, "lon": 103.72916666666667, "lat": 1.4208333333333276 }, "geometry": { "type": "Polygon", "coordinates": [ [ [ 103.733333333333363, 1.416666666666661 ], [ 103.733333333333363, 1.425 ], [ 103.725, 1.425 ], [ 103.725, 1.416666666666661 ], [ 103.733333333333363, 1.416666666666661 ] ] ] } },
{ "type": "Feature", "properties": { "cell_id": "r6_c16", "row": 6, "col": 16, "global_row": 10629, "global_col": 34048, "lon": 103.7375, "lat": 1.4208333333333276 }, "geometry": { "type": "Polygon", "coordinates": [ [ [ 103.741666666666688, 1.416666666666661 ], [ 103.741666666666688, 1.425 ], [ 103.733333333333363, 1.425 ], [ 103.733333333333363, 1.416666666666661 ], [ 103.741666666666688, 1.416666666666661 ] ] ] } },
{ "type": "Feature", "properties": { "cell_id": "r6_c17", "row": 6, "col": 17, "global_row": 10629, "global_col": 34049, "lon": 103.74583333333337, "lat": 1.4208333333333276 }, "geometry": { "type": "Polygon", "coordinates": [ [ [ 103.75, 1.416666666666661 ], [ 103.75, 1.425 ], [ 103.741666666666688, 1.425 ], [ 103.741666666666688, 1.416666666666661 ], [ 103.75, 1.416666666666661 ] ] ] } },
{ "type": "Feature", "properties": { "cell_id": "r6_c18", "row": 6, "col": 18, "global_row": 10629, "global_col": 34050, "lon": 103.75416666666671, "lat": 1.4208333333333276 }, "geometry": { "type": "Polygon", "coordinates": [ [ [ 103.758333333333354, 1.416666666666661 ], [ 103.758333333333354, 1.425 ], [ 103.75, 1.425 ], [ 103.75, 1.416666666666661 ], [ 103.758333333333354, 1.416666666666661 ] ] ] } },
{ "type": "Feature", "properties": { "cell_id": "r6_c19", "row": 6, "col": 19, "global_row": 10629, "global_col": 34051, "lon": 103.7625, "lat": 1.4208333333333276 }, "geometry": { "type": "Polygon", "coordinates": [ [ [ 103.766666666666694, 1.416666666666661 ], [ 103.766666666666694, 1.425 ], [ 103.758333333333354, 1.425 ], [ 103.758333333333354, 1.416666666666661 ], [ 103.766666666666694, 1.416666666666661 ] ] ] } },
{ "type": "Feature", "properties": { "cell_id": "r6_c20", "row": 6, "col": 20, "global_row": 10629, "global_col": 34052, "lon": 103.77083333333334, "lat": 1.4208333333333276 }, "geometry": { "type": "Polygon", "coordinates": [ [ [ 103.775, 1.416666666666661 ], [ 103.775, 1.425 ], [ 103.766666666666694, 1.425 ], [ 103.766666666666694, 1.416666666666661 ], [ 103.775, 1.416666666666661 ] ] ] } },
{ "type": "Feature", "properties": { "cell_id": "r6_c21", "row": 6, "col": 21, "global_row": 10629, "global_col": 34053, "lon": 103.7791666666667, "lat": 1.4208333333333276 }, "geometry": { "type": "Polygon", "coordinates": [ [ [ 103.78333333333336, 1.416666666666661 ], [ 103.78333333333336, 1.425 ], [ 103.775, 1.425 ], [ 103.775, 1.416666666666661 ], [ 103.78333333333336, 1.416666666666661 ] ] ] } },
{ "type": "Feature", "properties": { "cell_id": "r6_c22", "row": 6, "col": 22, "global_row": 10629, "global_col": 34054, "lon": 103.7875, "lat": 1.4208333333333276 }, "geometry": { "type": "Polygon", "coordinates": [ [ [ 103.791666666666686, 1.416666666666661 ], [ 103.791666666666686, 1.425 ], [ 103.78333333333336, 1.425 ], [ 103.78333333333336, 1.416666666666661 ], [ 103.791666666666686, 1.416666666666661 ] ] ] } },
{ "type": "Feature", "properties": { "cell_id": "r6_c23", "row": 6, "col": 23, "global_row": 10629, "global_col": 34055, "lon": 103.79583333333336, "lat": 1.4208333333333276 }, "geometry": { "type": "Polygon", "coordinates": [ [ [ 103.8, 1.416666666666661 ], [ 103.8, 1.425 ], [ 103.791666666666686, 1.425 ], [ 103.791666666666686, 1.416666666666661 ], [ 103.8, 1.416666666666661 ] ] ] } },
{ "type": "Feature", "properties": { "cell_id": "r6_c24", "row": 6, "col": 24, "global_row": 10629, "global_col": 34056, "lon": 103.80416666666667, "lat": 1.4208333333333276 }, "geometry": { "type": "Polygon", "coordinates": [ [ [ 103.808333333333351, 1.416666666666661 ], [ 103.808333333333351, 1.425 ], [ 103.8, 1.425 ], [ 103.8, 1.416666666666661 ], [ 103.808333333333351, 1.416666666666661 ] ] ] } },
{ "type": "Feature", "properties": { "cell_id": "r6_c25", "row": 6, "col": 25, "global_row": 10629, "global_col": 34057, "lon": 103.8125, "lat": 1.4208333333333276 }, "geometry": { "type": "Polygon", "coordinates": [ [ [ 103.816666666666691, 1.416666666666661 ], [ 103.816666666666691, 1.425 ], [ 103.808333333333351, 1.425 ], [ 103.808333333333351, 1.416666666666661 ], [ 103.816666666666691, 1.416666666666661 ] ] ] } },
{ "type": "Feature", "properties": { "cell_id": "r6_c26", "row": 6, "col": 26, "global_row": 10629, "global_col": 34058, "lon": 103.82083333333334, "lat": 1.4208333333333276 }, "geometry": { "type": "Polygon", "coordinates": [ [ [ 103.825, 1.416666666666661 ], [ 103.825, 1.425 ], [ 103.816666666666691, 1.425 ], [ 103.816666666666691, 1.416666666666661 ], [ 103.825, 1.416666666666661 ] ] ] } },
{ "type": "Feature", "properties": { "cell_id": "r6_c27", "row": 6, "col": 27, "global_row": 10629, "global_col": 34059, "lon": 103.82916666666668, "lat": 1.4208333333333276 }, "geometry": { "type": "Polygon", "coordinates": [ [ [ 103.833333333333357, 1.416666666666661 ], [ 103.833333333333357, 1.425 ], [ 103.825, 1.425 ], [ 103.825, 1.416666666666661 ], [ 103.833333333333357, 1.416666666666661 ] ] ] } },
{ "type": "Feature", "properties": { "cell_id": "r6_c28", "row": 6, "col": 28, "global_row": 10629, "global_col": 34060, "lon": 103.8375, "lat": 1.4208333333333276 }, "geometry": { "type": "Polygon", "coordinates": [ [ [ 103.841666666666683, 1.416666666666661 ], [ 103.841666666666683, 1.425 ], [ 103.833333333333357, 1.425 ], [ 103.833333333333357, 1.416666666666661 ], [ 103.841666666666683, 1.416666666666661 ] ] ] } },
{ "type": "Feature", "properties": { "cell_id": "r6_c29", "row": 6, "col": 29, "global_row": 10629, "global_col": 34061, "lon": 103.84583333333335, "lat": 1.4208333333333276 }, "geometry": { "type": "Polygon", "coordinates": [ [ [ 103.85, 1.416666666666661 ], [ 103.85, 1.425 ], [ 103.841666666666683, 1.425 ], [ 103.841666666666683, 1.416666666666661 ], [ 103.85, 1.416666666666661 ] ] ] } },
{ "type": "Feature", "properties": { "cell_id": "r6_c30", "row": 6, "col": 30, "global_row": 10629, "global_col": 34062, "lon": 103.85416666666669, "lat": 1.4208333333333276 }, "geometry": { "type": "Polygon", "coordinates": [ [ [ 103.858333333333363, 1.416666666666661 ], [ 103.858333333333363, 1.425 ], [ 103.85, 1.425 ], [ 103.85, 1.416666666666661 ], [ 103.858333333333363, 1.416666666666661 ] ] ] } },
{ "type": "Feature", "properties": { "cell_id": "r6_c31", "row": 6, "col": 31, "global_row": 10629, "global_col": 34063, "lon": 103.8625, "lat": 1.4208333333333276 }, "geometry": { "type": "Polygon", "coordinates": [ [ [ 103.866666666666688, 1.416666666666661 ], [ 103.866666666666688, 1.425 ], [ 103.858333333333363, 1.425 ], [ 103.858333333333363, 1.416666666666661 ], [ 103.866666666666688, 1.416666666666661 ] ] ] } },
{ "type": "Feature", "properties": { "cell_id": "r6_c32", "row": 6, "col": 32, "global_row": 10629, "global_col": 34064, "lon": 103.87083333333335, "lat": 1.4208333333333276 }, "geometry": { "type": "Polygon", "coordinates": [ [ [ 103.875, 1.416666666666661 ], [ 103.875, 1.425 ], [ 103.866666666666688, 1.425 ], [ 103.866666666666688, 1.416666666666661 ], [ 103.875, 1.416666666666661 ] ] ] } },
{ "type": "Feature", "properties": { "cell_id": "r6_c33", "row": 6, "col": 33, "global_row": 10629, "global_col": 34065, "lon": 103.87916666666672, "lat": 1.4208333333333276 }, "geometry": { "type": "Polygon", "coordinates": [ [ [ 103.883333333333354, 1.416666666666661 ], [ 103.883333333333354, 1.425 ], [ 103.875, 1.425 ], [ 103.875, 1.416666666666661 ], [ 103.883333333333354, 1.416666666666661 ] ] ] } },
{ "type": "Feature", "properties": { "cell_id": "r6_c34", "row": 6, "col": 34, "global_row": 10629, "global_col": 34066, "lon": 103.8875, "lat": 1.4208333333333276 }, "geometry": { "type": "Polygon", "coordinates": [ [ [ 103.891666666666694, 1.416666666666661 ], [ 103.891666666666694, 1.425 ], [ 103.883333333333354, 1.425 ], [ 103.883333333333354, 1.416666666666661 ], [ 103.891666666666694, 1.416666666666661 ] ] ] } },
{ "type": "Feature", "properties": { "cell_id": "r6_c35", "row": 6, "col": 35, "global_row": 10629, "global_col": 34067, "lon": 103.89583333333336, "lat": 1.4208333333333276 }, "geometry": { "type": "Polygon", "coordinates": [ [ [ 103.9, 1.416666666666661 ], [ 103.9, 1.425 ], [ 103.891666666666694, 1.425 ], [ 103.891666666666694, 1.416666666666661 ], [ 103.9, 1.416666666666661 ] ] ] } },
{ "type": "Feature", "properties": { "cell_id": "r6_c37", "row": 6, "col": 37, "global_row": 10629, "global_col": 34069, "lon": 103.9125, "lat": 1.4208333333333276 }, "geometry": { "type": "Polygon", "coordinates": [ [ [ 103.916666666666686, 1.416666666666661 ], [ 103.916666666666686, 1.425 ], [ 103.90833333333336, 1.425 ], [ 103.90833333333336, 1.416666666666661 ], [ 103.916666666666686, 1.416666666666661 ] ] ] } },
{ "type": "Feature", "properties": { "cell_id": "r6_c39", "row": 6, "col": 39, "global_row": 10629, "global_col": 34071, "lon": 103.92916666666669, "lat": 1.4208333333333276 }, "geometry": { "type": "Polygon", "coordinates": [ [ [ 103.933333333333351, 1.416666666666661 ], [ 103.933333333333351, 1.425 ], [ 103.925, 1.425 ], [ 103.925, 1.416666666666661 ], [ 103.933333333333351, 1.416666666666661 ] ] ] } },
{ "type": "Feature", "properties": { "cell_id": "r6_c40", "row": 6, "col": 40, "global_row": 10629, "global_col": 34072, "lon": 103.9375, "lat": 1.4208333333333276 }, "geometry": { "type": "Polygon", "coordinates": [ [ [ 103.941666666666691, 1.416666666666661 ], [ 103.941666666666691, 1.425 ], [ 103.933333333333351, 1.425 ], [ 103.933333333333351, 1.416666666666661 ], [ 103.941666666666691, 1.416666666666661 ] ] ] } },
{ "type": "Feature", "properties": { "cell_id": "r6_c41", "row": 6, "col": 41, "global_row": 10629, "global_col": 34073, "lon": 103.94583333333334, "lat": 1.4208333333333276 }, "geometry": { "type": "Polygon", "coordinates": [ [ [ 103.95, 1.416666666666661 ], [ 103.95, 1.425 ], [ 103.941666666666691, 1.425 ], [ 103.941666666666691, 1.416666666666661 ], [ 103.95, 1.416666666666661 ] ] ] } },
{ "type": "Feature", "properties": { "cell_id": "r6_c49", "row": 6, "col": 49, "global_row": 10629, "global_col": 34081, "lon": 104.0125, "lat": 1.4208333333333276 }, "geometry": { "type": "Polygon", "coordinates": [ [ [ 104.016666666666694, 1.416666666666661 ], [ 104.016666666666694, 1.425 ], [ 104.008333333333354, 1.425 ], [ 104.008333333333354, 1.416666666666661 ], [ 104.016666666666694, 1.416666666666661 ] ] ] } },
{ "type": "Feature", "properties": { "cell_id": "r6_c50", "row": 6, "col": 50, "global_row": 10629, "global_col": 34082, "lon": 104.02083333333336, "lat": 1.4208333333333276 }, "geometry": { "type": "Polygon", "coordinates": [ [ [ 104.025, 1.416666666666661 ], [ 104.025, 1.425 ], [ 104.016666666666694, 1.425 ], [ 104.016666666666694, 1.416666666666661 ], [ 104.025, 1.416666666666661 ] ] ] } },
{ "type": "Feature", "properties": { "cell_id": "r6_c51", "row": 6, "col": 51, "global_row": 10629, "global_col": 34083, "lon": 104.0291666666667, "lat": 1.4208333333333276 }, "geometry": { "type": "Polygon", "coordinates": [ [ [ 104.03333333333336, 1.416666666666661 ], [ 104.03333333333336, 1.425 ], [ 104.025, 1.425 ], [ 104.025, 1.416666666666661 ], [ 104.03333333333336, 1.416666666666661 ] ] ] } },
{ "type": "Feature", "properties": { "cell_id": "r6_c52", "row": 6, "col": 52, "global_row": 10629, "global_col": 34084, "lon": 104.0375, "lat": 1.4208333333333276 }, "geometry": { "type": "Polygon", "coordinates": [ [ [ 104.041666666666686, 1.416666666666661 ], [ 104.041666666666686, 1.425 ], [ 104.03333333333336, 1.425 ], [ 104.03333333333336, 1.416666666666661 ], [ 104.041666666666686, 1.416666666666661 ] ] ] } },
{ "type": "Feature", "properties": { "cell_id": "r6_c53", "row": 6, "col": 53, "global_row": 10629, "global_col": 34085, "lon": 104.04583333333336, "lat": 1.4208333333333276 }, "geometry": { "type": "Polygon", "coordinates": [ [ [ 104.05, 1.416666666666661 ], [ 104.05, 1.425 ], [ 104.041666666666686, 1.425 ], [ 104.041666666666686, 1.416666666666661 ], [ 104.05, 1.416666666666661 ] ] ] } },
{ "type": "Feature", "properties": { "cell_id": "r6_c54", "row": 6, "col": 54, "global_row": 10629, "global_col": 34086, "lon": 104.05416666666669, "lat": 1.4208333333333276 }, "geometry": { "type": "Polygon", "coordinates": [ [ [ 104.058333333333351, 1.416666666666661 ], [ 104.058333333333351, 1.425 ], [ 104.05, 1.425 ], [ 104.05, 1.416666666666661 ], [ 104.058333333333351, 1.416666666666661 ] ] ] } },
{ "type": "Feature", "properties": { "cell_id": "r6_c55", "row": 6, "col": 55, "global_row": 10629, "global_col": 34087, "lon": 104.0625, "lat": 1.4208333333333276 }, "geometry": { "type": "Polygon", "coordinates": [ [ [ 104.066666666666691, 1.416666666666661 ], [ 104.066666666666691, 1.425 ], [ 104.058333333333351, 1.425 ], [ 104.058333333333351, 1.416666666666661 ], [ 104.066666666666691, 1.416666666666661 ] ] ] } },
{ "type": "Feature", "properties": { "cell_id": "r6_c56", "row": 6, "col": 56, "global_row": 10629, "global_col": 34088, "lon": 104.07083333333334, "lat": 1.4208333333333276 }, "geometry": { "type": "Polygon", "coordinates": [ [ [ 104.075, 1.416666666666661 ], [ 104.075, 1.425 ], [ 104.066666666666691, 1.425 ], [ 104.066666666666691, 1.416666666666661 ], [ 104.075, 1.416666666666661 ] ] ] } },
{ "type": "Feature", "properties": { "cell_id": "r7_c8", "row": 7, "col": 8, "global_row": 10630, "global_col": 34040, "lon": 103.67083333333335, "lat": 1.4125 }, "geometry": { "type": "Polygon", "coordinates": [ [ [ 103.675, 1.408333333333328 ], [ 103.675, 1.416666666666661 ], [ 103.666666666666686, 1.416666666666661 ], [ 103.666666666666686, 1.408333333333328 ], [ 103.675, 1.408333333333328 ] ] ] } },
{ "type": "Feature", "properties": { "cell_id": "r7_c9", "row": 7, "col": 9, "global_row": 10630, "global_col": 34041, "lon": 103.67916666666669, "lat": 1.4125 }, "geometry": { "type": "Polygon", "coordinates": [ [ [ 103.683333333333351, 1.408333333333328 ], [ 103.683333333333351, 1.416666666666661 ], [ 103.675, 1.416666666666661 ], [ 103.675, 1.408333333333328 ], [ 103.683333333333351, 1.408333333333328 ] ] ] } },
{ "type": "Feature", "properties": { "cell_id": "r7_c10", "row": 7, "col": 10, "global_row": 10630, "global_col": 34042, "lon": 103.6875, "lat": 1.4125 }, "geometry": { "type": "Polygon", "coordinates": [ [ [ 103.691666666666691, 1.408333333333328 ], [ 103.691666666666691, 1.416666666666661 ], [ 103.683333333333351, 1.416666666666661 ], [ 103.683333333333351, 1.408333333333328 ], [ 103.691666666666691, 1.408333333333328 ] ] ] } },
{ "type": "Feature", "properties": { "cell_id": "r7_c11", "row": 7, "col": 11, "global_row": 10630, "global_col": 34043, "lon": 103.69583333333334, "lat": 1.4125 }, "geometry": { "type": "Polygon", "coordinates": [ [ [ 103.7, 1.408333333333328 ], [ 103.7, 1.416666666666661 ], [ 103.691666666666691, 1.416666666666661 ], [ 103.691666666666691, 1.408333333333328 ], [ 103.7, 1.408333333333328 ] ] ] } },
{ "type": "Feature", "properties": { "cell_id": "r7_c12", "row": 7, "col": 12, "global_row": 10630, "global_col": 34044, "lon": 103.70416666666668, "lat": 1.4125 }, "geometry": { "type": "Polygon", "coordinates": [ [ [ 103.708333333333357, 1.408333333333328 ], [ 103.708333333333357, 1.416666666666661 ], [ 103.7, 1.416666666666661 ], [ 103.7, 1.408333333333328 ], [ 103.708333333333357, 1.408333333333328 ] ] ] } },
{ "type": "Feature", "properties": { "cell_id": "r7_c13", "row": 7, "col": 13, "global_row": 10630, "global_col": 34045, "lon": 103.7125, "lat": 1.4125 }, "geometry": { "type": "Polygon", "coordinates": [ [ [ 103.716666666666683, 1.408333333333328 ], [ 103.716666666666683, 1.416666666666661 ], [ 103.708333333333357, 1.416666666666661 ], [ 103.708333333333357, 1.408333333333328 ], [ 103.716666666666683, 1.408333333333328 ] ] ] } },
{ "type": "Feature", "properties": { "cell_id": "r7_c14", "row": 7, "col": 14, "global_row": 10630, "global_col": 34046, "lon": 103.72083333333336, "lat": 1.4125 }, "geometry": { "type": "Polygon", "coordinates": [ [ [ 103.725, 1.408333333333328 ], [ 103.725, 1.416666666666661 ], [ 103.716666666666683, 1.416666666666661 ], [ 103.716666666666683, 1.408333333333328 ], [ 103.725, 1.408333333333328 ] ] ] } },
{ "type": "Feature", "properties": { "cell_id": "r7_c15", "row": 7, "col": 15, "global_row": 10630, "global_col": 34047, "lon": 103.72916666666667, "lat": 1.4125 }, "geometry": { "type": "Polygon", "coordinates": [ [ [ 103.733333333333363, 1.408333333333328 ], [ 103.733333333333363, 1.416666666666661 ], [ 103.725, 1.416666666666661 ], [ 103.725, 1.408333333333328 ], [ 103.733333333333363, 1.408333333333328 ] ] ] } },
{ "type": "Feature", "properties": { "cell_id": "r7_c16", "row": 7, "col": 16, "global_row": 10630, "global_col": 34048, "lon": 103.7375, "lat": 1.4125 }, "geometry": { "type": "Polygon", "coordinates": [ [ [ 103.741666666666688, 1.408333333333328 ], [ 103.741666666666688, 1.416666666666661 ], [ 103.733333333333363, 1.416666666666661 ], [ 103.733333333333363, 1.408333333333328 ], [ 103.741666666666688, 1.408333333333328 ] ] ] } },
{ "type": "Feature", "properties": { "cell_id": "r7_c17", "row": 7, "col": 17, "global_row": 10630, "global_col": 34049, "lon": 103.74583333333337, "lat": 1.4125 }, "geometry": { "type": "Polygon", "coordinates": [ [ [ 103.75, 1.408333333333328 ], [ 103.75, 1.416666666666661 ], [ 103.741666666666688, 1.416666666666661 ], [ 103.741666666666688, 1.408333333333328 ], [ 103.75, 1.408333333333328 ] ] ] } },
{ "type": "Feature", "properties": { "cell_id": "r7_c18", "row": 7, "col": 18, "global_row": 10630, "global_col": 34050, "lon": 103.75416666666671, "lat": 1.4125 }, "geometry": { "type": "Polygon", "coordinates": [ [ [ 103.758333333333354, 1.408333333333328 ], [ 103.758333333333354, 1.416666666666661 ], [ 103.75, 1.416666666666661 ], [ 103.75, 1.408333333333328 ], [ 103.758333333333354, 1.408333333333328 ] ] ] } },
{ "type": "Feature", "properties": { "cell_id": "r7_c19", "row": 7, "col": 19, "global_row": 10630, "global_col": 34051, "lon": 103.7625, "lat": 1.4125 }, "geometry": { "type": "Polygon", "coordinates": [ [ [ 103.766666666666694, 1.408333333333328 ], [ 103.766666666666694, 1.416666666666661 ], [ 103.758333333333354, 1.416666666666661 ], [ 103.758333333333354, 1.408333333333328 ], [ 103.766666666666694, 1.408333333333328 ] ] ] } },
{ "type": "Feature", "properties": { "cell_id": "r7_c20", "row": 7, "col": 20, "global_row": 10630, "global_col": 34052, "lon": 103.77083333333334, "lat": 1.4125 }, "geometry": { "type": "Polygon", "coordinates": [ [ [ 103.775, 1.408333333333328 ], [ 103.775, 1.416666666666661 ], [ 103.766666666666694, 1.416666666666661 ], [ 103.766666666666694, 1.408333333333328 ], [ 103.775, 1.408333333333328 ] ] ] } },
{ "type": "Feature", "properties": { "cell_id": "r7_c21", "row": 7, "col": 21, "global_row": 10630, "global_col": 34053, "lon": 103.7791666666667, "lat": 1.4125 }, "geometry": { "type": "Polygon", "coordinates": [ [ [ 103.78333333333336, 1.408333333333328 ], [ 103.78333333333336, 1.416666666666661 ], [ 103.775, 1.416666666666661 ], [ 103.775, 1.408333333333328 ], [ 103.78333333333336, 1.408333333333328 ] ] ] } },
{ "type": "Feature", "properties": { "cell_id": "r7_c22", "row": 7, "col": 22, "global_row": 10630, "global_col": 34054, "lon": 103.7875, "lat": 1.4125 }, "geometry": { "type": "Polygon", "coordinates": [ [ [ 103.791666666666686, 1.408333333333328 ], [ 103.791666666666686, 1.416666666666661 ], [ 103.78333333333336, 1.416666666666661 ], [ 103.78333333333336, 1.408333333333328 ], [ 103.791666666666686, 1.408333333333328 ] ] ] } },
{ "type": "Feature", "properties": { "cell_id": "r7_c23", "row": 7, "col": 23, "global_row": 10630, "global_col": 34055, "lon": 103.79583333333336, "lat": 1.4125 }, "geometry": { "type": "Polygon", "coordinates": [ [ [ 103.8, 1.408333333333328 ], [ 103.8, 1.416666666666661 ], [ 103.791666666666686, 1.416666666666661 ], [ 103.791666666666686, 1.408333333333328 ], [ 103.8, 1.408333333333328 ] ] ] } },
{ "type": "Feature", "properties": { "cell_id": "r7_c24", "row": 7, "col": 24, "global_row": 10630, "global_col": 34056, "lon": 103.80416666666667, "lat": 1.4125 }, "geometry": { "type": "Polygon", "coordinates": [ [ [ 103.808333333333351, 1.408333333333328 ], [ 103.808333333333351, 1.416666666666661 ], [ 103.8, 1.416666666666661 ], [ 103.8, 1.408333333333328 ], [ 103.808333333333351, 1.408333333333328 ] ] ] } },
{ "type": "Feature", "properties": { "cell_id": "r7_c25", "row": 7, "col": 25, "global_row": 10630, "global_col": 34057, "lon": 103.8125, "lat": 1.4125 }, "geometry": { "type": "Polygon", "coordinates": [ [ [ 103.816666666666691, 1.408333333333328 ], [ 103.816666666666691, 1.416666666666661 ], [ 103.808333333333351, 1.416666666666661 ], [ 103.808333333333351, 1.408333333333328 ], [ 103.816666666666691, 1.408333333333328 ] ] ] } },
{ "type": "Feature", "properties": { "cell_id": "r7_c26", "row": 7, "col": 26, "global_row": 10630, "global_col": 34058, "lon": 103.82083333333334, "lat": 1.4125 }, "geometry": { "type": "Polygon", "coordinates": [ [ [ 103.825, 1.408333333333328 ], [ 103.825, 1.416666666666661 ], [ 103.816666666666691, 1.416666666666661 ], [ 103.816666666666691, 1.408333333333328 ], [ 103.825, 1.408333333333328 ] ] ] } },
{ "type": "Feature", "properties": { "cell_id": "r7_c27", "row": 7, "col": 27, "global_row": 10630, "global_col": 34059, "lon": 103.82916666666668, "lat": 1.4125 }, "geometry": { "type": "Polygon", "coordinates": [ [ [ 103.833333333333357, 1.408333333333328 ], [ 103.833333333333357, 1.416666666666661 ], [ 103.825, 1.416666666666661 ], [ 103.825, 1.408333333333328 ], [ 103.833333333333357, 1.408333333333328 ] ] ] } },
{ "type": "Feature", "properties": { "cell_id": "r7_c28", "row": 7, "col": 28, "global_row": 10630, "global_col": 34060, "lon": 103.8375, "lat": 1.4125 }, "geometry": { "type": "Polygon", "coordinates": [ [ [ 103.841666666666683, 1.408333333333328 ], [ 103.841666666666683, 1.416666666666661 ], [ 103.833333333333357, 1.416666666666661 ], [ 103.833333333333357, 1.408333333333328 ], [ 103.841666666666683, 1.408333333333328 ] ] ] } },
{ "type": "Feature", "properties": { "cell_id": "r7_c29", "row": 7, "col": 29, "global_row": 10630, "global_col": 34061, "lon": 103.84583333333335, "lat": 1.4125 }, "geometry": { "type": "Polygon", "coordinates": [ [ [ 103.85, 1.408333333333328 ], [ 103.85, 1.416666666666661 ], [ 103.841666666666683, 1.416666666666661 ], [ 103.841666666666683, 1.408333333333328 ], [ 103.85, 1.408333333333328 ] ] ] } },
{ "type": "Feature", "properties": { "cell_id": "r7_c30", "row": 7, "col": 30, "global_row": 10630, "global_col": 34062, "lon": 103.85416666666669, "lat": 1.4125 }, "geometry": { "type": "Polygon", "coordinates": [ [ [ 103.858333333333363, 1.408333333333328 ], [ 103.858333333333363, 1.416666666666661 ], [ 103.85, 1.416666666666661 ], [ 103.85, 1.408333333333328 ], [ 103.858333333333363, 1.408333333333328 ] ] ] } },
{ "type": "Feature", "properties": { "cell_id": "r7_c31", "row": 7, "col": 31, "global_row": 10630, "global_col": 34063, "lon": 103.8625, "lat": 1.4125 }, "geometry": { "type": "Polygon", "coordinates": [ [ [ 103.866666666666688, 1.408333333333328 ], [ 103.866666666666688, 1.416666666666661 ], [ 103.858333333333363, 1.416666666666661 ], [ 103.858333333333363, 1.408333333333328 ], [ 103.866666666666688, 1.408333333333328 ] ] ] } },
{ "type": "Feature", "properties": { "cell_id": "r7_c32", "row": 7, "col": 32, "global_row": 10630, "global_col": 34064, "lon": 103.87083333333335, "lat": 1.4125 }, "geometry": { "type": "Polygon", "coordinates": [ [ [ 103.875, 1.408333333333328 ], [ 103.875, 1.416666666666661 ], [ 103.866666666666688, 1.416666666666661 ], [ 103.866666666666688, 1.408333333333328 ], [ 103.875, 1.408333333333328 ] ] ] } },
{ "type": "Feature", "properties": { "cell_id": "r7_c33", "row": 7, "col": 33, "global_row": 10630, "global_col": 34065, "lon": 103.87916666666672, "lat": 1.4125 }, "geometry": { "type": "Polygon", "coordinates": [ [ [ 103.883333333333354, 1.408333333333328 ], [ 103.883333333333354, 1.416666666666661 ], [ 103.875, 1.416666666666661 ], [ 103.875, 1.408333333333328 ], [ 103.883333333333354, 1.408333333333328 ] ] ] } },
{ "type": "Feature", "properties": { "cell_id": "r7_c34", "row": 7, "col": 34, "global_row": 10630, "global_col": 34066, "lon": 103.8875, "lat": 1.4125 }, "geometry": { "type": "Polygon", "coordinates": [ [ [ 103.891666666666694, 1.408333333333328 ], [ 103.891666666666694, 1.416666666666661 ], [ 103.883333333333354, 1.416666666666661 ], [ 103.883333333333354, 1.408333333333328 ], [ 103.891666666666694, 1.408333333333328 ] ] ] } },
{ "type": "Feature", "properties": { "cell_id": "r7_c35", "row": 7, "col": 35, "global_row": 10630, "global_col": 34067, "lon": 103.89583333333336, "lat": 1.4125 }, "geometry": { "type": "Polygon", "coordinates": [ [ [ 103.9, 1.408333333333328 ], [ 103.9, 1.416666666666661 ], [ 103.891666666666694, 1.416666666666661 ], [ 103.891666666666694, 1.408333333333328 ], [ 103.9, 1.408333333333328 ] ] ] } },
{ "type": "Feature", "properties": { "cell_id": "r7_c36", "row": 7, "col": 36, "global_row": 10630, "global_col": 34068, "lon": 103.90416666666668, "lat": 1.4125 }, "geometry": { "type": "Polygon", "coordinates": [ [ [ 103.90833333333336, 1.408333333333328 ], [ 103.90833333333336, 1.416666666666661 ], [ 103.9, 1.416666666666661 ], [ 103.9, 1.408333333333328 ], [ 103.90833333333336, 1.408333333333328 ] ] ] } },
{ "type": "Feature", "properties": { "cell_id": "r7_c37", "row": 7, "col": 37, "global_row": 10630, "global_col": 34069, "lon": 103.9125, "lat": 1.4125 }, "geometry": { "type": "Polygon", "coordinates": [ [ [ 103.916666666666686, 1.408333333333328 ], [ 103.916666666666686, 1.416666666666661 ], [ 103.90833333333336, 1.416666666666661 ], [ 103.90833333333336, 1.408333333333328 ], [ 103.916666666666686, 1.408333333333328 ] ] ] } },
{ "type": "Feature", "properties": { "cell_id": "r7_c38", "row": 7, "col": 38, "global_row": 10630, "global_col": 34070, "lon": 103.92083333333336, "lat": 1.4125 }, "geometry": { "type": "Polygon", "coordinates": [ [ [ 103.925, 1.408333333333328 ], [ 103.925, 1.416666666666661 ], [ 103.916666666666686, 1.416666666666661 ], [ 103.916666666666686, 1.408333333333328 ], [ 103.925, 1.408333333333328 ] ] ] } },
{ "type": "Feature", "properties": { "cell_id": "r7_c41", "row": 7, "col": 41, "global_row": 10630, "global_col": 34073, "lon": 103.94583333333334, "lat": 1.4125 }, "geometry": { "type": "Polygon", "coordinates": [ [ [ 103.95, 1.408333333333328 ], [ 103.95, 1.416666666666661 ], [ 103.941666666666691, 1.416666666666661 ], [ 103.941666666666691, 1.408333333333328 ], [ 103.95, 1.408333333333328 ] ] ] } },
{ "type": "Feature", "properties": { "cell_id": "r7_c42", "row": 7, "col": 42, "global_row": 10630, "global_col": 34074, "lon": 103.95416666666669, "lat": 1.4125 }, "geometry": { "type": "Polygon", "coordinates": [ [ [ 103.958333333333357, 1.408333333333328 ], [ 103.958333333333357, 1.416666666666661 ], [ 103.95, 1.416666666666661 ], [ 103.95, 1.408333333333328 ], [ 103.958333333333357, 1.408333333333328 ] ] ] } },
{ "type": "Feature", "properties": { "cell_id": "r7_c43", "row": 7, "col": 43, "global_row": 10630, "global_col": 34075, "lon": 103.9625, "lat": 1.4125 }, "geometry": { "type": "Polygon", "coordinates": [ [ [ 103.966666666666683, 1.408333333333328 ], [ 103.966666666666683, 1.416666666666661 ], [ 103.958333333333357, 1.416666666666661 ], [ 103.958333333333357, 1.408333333333328 ], [ 103.966666666666683, 1.408333333333328 ] ] ] } },
{ "type": "Feature", "properties": { "cell_id": "r7_c44", "row": 7, "col": 44, "global_row": 10630, "global_col": 34076, "lon": 103.97083333333336, "lat": 1.4125 }, "geometry": { "type": "Polygon", "coordinates": [ [ [ 103.975, 1.408333333333328 ], [ 103.975, 1.416666666666661 ], [ 103.966666666666683, 1.416666666666661 ], [ 103.966666666666683, 1.408333333333328 ], [ 103.975, 1.408333333333328 ] ] ] } },
{ "type": "Feature", "properties": { "cell_id": "r7_c45", "row": 7, "col": 45, "global_row": 10630, "global_col": 34077, "lon": 103.97916666666669, "lat": 1.4125 }, "geometry": { "type": "Polygon", "coordinates": [ [ [ 103.983333333333363, 1.408333333333328 ], [ 103.983333333333363, 1.416666666666661 ], [ 103.975, 1.416666666666661 ], [ 103.975, 1.408333333333328 ], [ 103.983333333333363, 1.408333333333328 ] ] ] } },
{ "type": "Feature", "properties": { "cell_id": "r7_c46", "row": 7, "col": 46, "global_row": 10630, "global_col": 34078, "lon": 103.9875, "lat": 1.4125 }, "geometry": { "type": "Polygon", "coordinates": [ [ [ 103.991666666666688, 1.408333333333328 ], [ 103.991666666666688, 1.416666666666661 ], [ 103.983333333333363, 1.416666666666661 ], [ 103.983333333333363, 1.408333333333328 ], [ 103.991666666666688, 1.408333333333328 ] ] ] } },
{ "type": "Feature", "properties": { "cell_id": "r7_c47", "row": 7, "col": 47, "global_row": 10630, "global_col": 34079, "lon": 103.99583333333335, "lat": 1.4125 }, "geometry": { "type": "Polygon", "coordinates": [ [ [ 104.0, 1.408333333333328 ], [ 104.0, 1.416666666666661 ], [ 103.991666666666688, 1.416666666666661 ], [ 103.991666666666688, 1.408333333333328 ], [ 104.0, 1.408333333333328 ] ] ] } },
{ "type": "Feature", "properties": { "cell_id": "r7_c49", "row": 7, "col": 49, "global_row": 10630, "global_col": 34081, "lon": 104.0125, "lat": 1.4125 }, "geometry": { "type": "Polygon", "coordinates": [ [ [ 104.016666666666694, 1.408333333333328 ], [ 104.016666666666694, 1.416666666666661 ], [ 104.008333333333354, 1.416666666666661 ], [ 104.008333333333354, 1.408333333333328 ], [ 104.016666666666694, 1.408333333333328 ] ] ] } },
{ "type": "Feature", "properties": { "cell_id": "r7_c50", "row": 7, "col": 50, "global_row": 10630, "global_col": 34082, "lon": 104.02083333333336, "lat": 1.4125 }, "geometry": { "type": "Polygon", "coordinates": [ [ [ 104.025, 1.408333333333328 ], [ 104.025, 1.416666666666661 ], [ 104.016666666666694, 1.416666666666661 ], [ 104.016666666666694, 1.408333333333328 ], [ 104.025, 1.408333333333328 ] ] ] } },
{ "type": "Feature", "properties": { "cell_id": "r7_c51", "row": 7, "col": 51, "global_row": 10630, "global_col": 34083, "lon": 104.0291666666667, "lat": 1.4125 }, "geometry": { "type": "Polygon", "coordinates": [ [ [ 104.03333333333336, 1.408333333333328 ], [ 104.03333333333336, 1.416666666666661 ], [ 104.025, 1.416666666666661 ], [ 104.025, 1.408333333333328 ], [ 104.03333333333336, 1.408333333333328 ] ] ] } },
{ "type": "Feature", "properties": { "cell_id": "r7_c52", "row": 7, "col": 52, "global_row": 10630, "global_col": 34084, "lon": 104.0375, "lat": 1.4125 }, "geometry": { "type": "Polygon", "coordinates": [ [ [ 104.041666666666686, 1.408333333333328 ], [ 104.041666666666686, 1.416666666666661 ], [ 104.03333333333336, 1.416666666666661 ], [ 104.03333333333336, 1.408333333333328 ], [ 104.041666666666686, 1.408333333333328 ] ] ] } },
{ "type": "Feature", "properties": { "cell_id": "r7_c53", "row": 7, "col": 53, "global_row": 10630, "global_col": 34085, "lon": 104.04583333333336, "lat": 1.4125 }, "geometry": { "type": "Polygon", "coordinates": [ [ [ 104.05, 1.408333333333328 ], [ 104.05, 1.416666666666661 ], [ 104.041666666666686, 1.416666666666661 ], [ 104.041666666666686, 1.408333333333328 ], [ 104.05, 1.408333333333328 ] ] ] } },
{ "type": "Feature", "properties": { "cell_id": "r7_c54", "row": 7, "col": 54, "global_row": 10630, "global_col": 34086, "lon": 104.05416666666669, "lat": 1.4125 }, "geometry": { "type": "Polygon", "coordinates": [ [ [ 104.058333333333351, 1.408333333333328 ], [ 104.058333333333351, 1.416666666666661 ], [ 104.05, 1.416666666666661 ], [ 104.05, 1.408333333333328 ], [ 104.058333333333351, 1.408333333333328 ] ] ] } },
{ "type": "Feature", "properties": { "cell_id": "r7_c55", "row": 7, "col": 55, "global_row": 10630, "global_col": 34087, "lon": 104.0625, "lat": 1.4125 }, "geometry": { "type": "Polygon", "coordinates": [ [ [ 104.066666666666691, 1.408333333333328 ], [ 104.066666666666691, 1.416666666666661 ], [ 104.058333333333351, 1.416666666666661 ], [ 104.058333333333351, 1.408333333333328 ], [ 104.066666666666691, 1.408333333333328 ] ] ] } },
{ "type": "Feature", "properties": { "cell_id": "r7_c56", "row": 7, "col": 56, "global_row": 10630, "global_col": 34088, "lon": 104.07083333333334, "lat": 1.4125 }, "geometry": { "type": "Polygon", "coordinates": [ [ [ 104.075, 1.408333333333328 ], [ 104.075, 1.416666666666661 ], [ 104.066666666666691, 1.416666666666661 ], [ 104.066666666666691, 1.408333333333328 ], [ 104.075, 1.408333333333328 ] ] ] } },
{ "type": "Feature", "properties": { "cell_id": "r7_c57", "row": 7, "col": 57, "global_row": 10630, "global_col": 34089, "lon": 104.07916666666668, "lat": 1.4125 }, "geometry": { "type": "Polygon", "coordinates": [ [ [ 104.083333333333357, 1.408333333333328 ], [ 104.083333333333357, 1.416666666666661 ], [ 104.075, 1.416666666666661 ], [ 104.075, 1.408333333333328 ], [ 104.083333333333357, 1.408333333333328 ] ] ] } },
{ "type": "Feature", "properties": { "cell_id": "r8_c8", "row": 8, "col": 8, "global_row": 10631, "global_col": 34040, "lon": 103.67083333333335, "lat": 1.404166666666661 }, "geometry": { "type": "Polygon", "coordinates": [ [ [ 103.675, 1.4 ], [ 103.675, 1.408333333333328 ], [ 103.666666666666686, 1.408333333333328 ], [ 103.666666666666686, 1.4 ], [ 103.675, 1.4 ] ] ] } },
{ "type": "Feature", "properties": { "cell_id": "r8_c9", "row": 8, "col": 9, "global_row": 10631, "global_col": 34041, "lon": 103.67916666666669, "lat": 1.404166666666661 }, "geometry": { "type": "Polygon", "coordinates": [ [ [ 103.683333333333351, 1.4 ], [ 103.683333333333351, 1.408333333333328 ], [ 103.675, 1.408333333333328 ], [ 103.675, 1.4 ], [ 103.683333333333351, 1.4 ] ] ] } },
{ "type": "Feature", "properties": { "cell_id": "r8_c10", "row": 8, "col": 10, "global_row": 10631, "global_col": 34042, "lon": 103.6875, "lat": 1.404166666666661 }, "geometry": { "type": "Polygon", "coordinates": [ [ [ 103.691666666666691, 1.4 ], [ 103.691666666666691, 1.408333333333328 ], [ 103.683333333333351, 1.408333333333328 ], [ 103.683333333333351, 1.4 ], [ 103.691666666666691, 1.4 ] ] ] } },
{ "type": "Feature", "properties": { "cell_id": "r8_c11", "row": 8, "col": 11, "global_row": 10631, "global_col": 34043, "lon": 103.69583333333334, "lat": 1.404166666666661 }, "geometry": { "type": "Polygon", "coordinates": [ [ [ 103.7, 1.4 ], [ 103.7, 1.408333333333328 ], [ 103.691666666666691, 1.408333333333328 ], [ 103.691666666666691, 1.4 ], [ 103.7, 1.4 ] ] ] } },
{ "type": "Feature", "properties": { "cell_id": "r8_c12", "row": 8, "col": 12, "global_row": 10631, "global_col": 34044, "lon": 103.70416666666668, "lat": 1.404166666666661 }, "geometry": { "type": "Polygon", "coordinates": [ [ [ 103.708333333333357, 1.4 ], [ 103.708333333333357, 1.408333333333328 ], [ 103.7, 1.408333333333328 ], [ 103.7, 1.4 ], [ 103.708333333333357, 1.4 ] ] ] } },
{ "type": "Feature", "properties": { "cell_id": "r8_c13", "row": 8, "col": 13, "global_row": 10631, "global_col": 34045, "lon": 103.7125, "lat": 1.404166666666661 }, "geometry": { "type": "Polygon", "coordinates": [ [ [ 103.716666666666683, 1.4 ], [ 103.716666666666683, 1.408333333333328 ], [ 103.708333333333357, 1.408333333333328 ], [ 103.708333333333357, 1.4 ], [ 103.716666666666683, 1.4 ] ] ] } },
{ "type": "Feature", "properties": { "cell_id": "r8_c14", "row": 8, "col": 14, "global_row": 10631, "global_col": 34046, "lon": 103.72083333333336, "lat": 1.404166666666661 }, "geometry": { "type": "Polygon", "coordinates": [ [ [ 103.725, 1.4 ], [ 103.725, 1.408333333333328 ], [ 103.716666666666683, 1.408333333333328 ], [ 103.716666666666683, 1.4 ], [ 103.725, 1.4 ] ] ] } },
{ "type": "Feature", "properties": { "cell_id": "r8_c15", "row": 8, "col": 15, "global_row": 10631, "global_col": 34047, "lon": 103.72916666666667, "lat": 1.404166666666661 }, "geometry": { "type": "Polygon", "coordinates": [ [ [ 103.733333333333363, 1.4 ], [ 103.733333333333363, 1.408333333333328 ], [ 103.725, 1.408333333333328 ], [ 103.725, 1.4 ], [ 103.733333333333363, 1.4 ] ] ] } },
{ "type": "Feature", "properties": { "cell_id": "r8_c16", "row": 8, "col": 16, "global_row": 10631, "global_col": 34048, "lon": 103.7375, "lat": 1.404166666666661 }, "geometry": { "type": "Polygon", "coordinates": [ [ [ 103.741666666666688, 1.4 ], [ 103.741666666666688, 1.408333333333328 ], [ 103.733333333333363, 1.408333333333328 ], [ 103.733333333333363, 1.4 ], [ 103.741666666666688, 1.4 ] ] ] } },
{ "type": "Feature", "properties": { "cell_id": "r8_c17", "row": 8, "col": 17, "global_row": 10631, "global_col": 34049, "lon": 103.74583333333337, "lat": 1.404166666666661 }, "geometry": { "type": "Polygon", "coordinates": [ [ [ 103.75, 1.4 ], [ 103.75, 1.408333333333328 ], [ 103.741666666666688, 1.408333333333328 ], [ 103.741666666666688, 1.4 ], [ 103.75, 1.4 ] ] ] } },
{ "type": "Feature", "properties": { "cell_id": "r8_c18", "row": 8, "col": 18, "global_row": 10631, "global_col": 34050, "lon": 103.75416666666671, "lat": 1.404166666666661 }, "geometry": { "type": "Polygon", "coordinates": [ [ [ 103.758333333333354, 1.4 ], [ 103.758333333333354, 1.408333333333328 ], [ 103.75, 1.408333333333328 ], [ 103.75, 1.4 ], [ 103.758333333333354, 1.4 ] ] ] } },
{ "type": "Feature", "properties": { "cell_id": "r8_c19", "row": 8, "col": 19, "global_row": 10631, "global_col": 34051, "lon": 103.7625, "lat": 1.404166666666661 }, "geometry": { "type": "Polygon", "coordinates": [ [ [ 103.766666666666694, 1.4 ], [ 103.766666666666694, 1.408333333333328 ], [ 103.758333333333354, 1.408333333333328 ], [ 103.758333333333354, 1.4 ], [ 103.766666666666694, 1.4 ] ] ] } },
{ "type": "Feature", "properties": { "cell_id": "r8_c20", "row": 8, "col": 20, "global_row": 10631, "global_col": 34052, "lon": 103.77083333333334, "lat": 1.404166666666661 }, "geometry": { "type": "Polygon", "coordinates": [ [ [ 103.775, 1.4 ], [ 103.775, 1.408333333333328 ], [ 103.766666666666694, 1.408333333333328 ], [ 103.766666666666694, 1.4 ], [ 103.775, 1.4 ] ] ] } },
{ "type": "Feature", "properties": { "cell_id": "r8_c21", "row": 8, "col": 21, "global_row": 10631, "global_col": 34053, "lon": 103.7791666666667, "lat": 1.404166666666661 }, "geometry": { "type": "Polygon", "coordinates": [ [ [ 103.78333333333336, 1.4 ], [ 103.78333333333336, 1.408333333333328 ], [ 103.775, 1.408333333333328 ], [ 103.775, 1.4 ], [ 103.78333333333336, 1.4 ] ] ] } },
{ "type": "Feature", "properties": { "cell_id": "r8_c22", "row": 8, "col": 22, "global_row": 10631, "global_col": 34054, "lon": 103.7875, "lat": 1.404166666666661 }, "geometry": { "type": "Polygon", "coordinates": [ [ [ 103.791666666666686, 1.4 ], [ 103.791666666666686, 1.408333333333328 ], [ 103.78333333333336, 1.408333333333328 ], [ 103.78333333333336, 1.4 ], [ 103.791666666666686, 1.4 ] ] ] } },
{ "type": "Feature", "properties": { "cell_id": "r8_c23", "row": 8, "col": 23, "global_row": 10631, "global_col": 34055, "lon": 103.79583333333336, "lat": 1.404166666666661 }, "geometry": { "type": "Polygon", "coordinates": [ [ [ 103.8, 1.4 ], [ 103.8, 1.408333333333328 ], [ 103.791666666666686, 1.408333333333328 ], [ 103.791666666666686, 1.4 ], [ 103.8, 1.4 ] ] ] } },
{ "type": "Feature", "properties": { "cell_id": "r8_c24", "row": 8, "col": 24, "global_row": 10631, "global_col": 34056, "lon": 103.80416666666667, "lat": 1.404166666666661 }, "geometry": { "type": "Polygon", "coordinates": [ [ [ 103.808333333333351, 1.4 ], [ 103.808333333333351, 1.408333333333328 ], [ 103.8, 1.408333333333328 ], [ 103.8, 1.4 ], [ 103.808333333333351, 1.4 ] ] ] } },
{ "type": "Feature", "properties": { "cell_id": "r8_c25", "row": 8, "col": 25, "global_row": 10631, "global_col": 34057, "lon": 103.8125, "lat": 1.404166666666661 }, "geometry": { "type": "Polygon", "coordinates": [ [ [ 103.816666666666691, 1.4 ], [ 103.816666666666691, 1.408333333333328 ], [ 103.808333333333351, 1.408333333333328 ], [ 103.808333333333351, 1.4 ], [ 103.816666666666691, 1.4 ] ] ] } },
{ "type": "Feature", "properties": { "cell_id": "r8_c26", "row": 8, "col": 26, "global_row": 10631, "global_col": 34058, "lon": 103.82083333333334, "lat": 1.404166666666661 }, "geometry": { "type": "Polygon", "coordinates": [ [ [ 103.825, 1.4 ], [ 103.825, 1.408333333333328 ], [ 103.816666666666691, 1.408333333333328 ], [ 103.816666666666691, 1.4 ], [ 103.825, 1.4 ] ] ] } },
{ "type": "Feature", "properties": { "cell_id": "r8_c27", "row": 8, "col": 27, "global_row": 10631, "global_col": 34059, "lon": 103.82916666666668, "lat": 1.404166666666661 }, "geometry": { "type": "Polygon", "coordinates": [ [ [ 103.833333333333357, 1.4 ], [ 103.833333333333357, 1.408333333333328 ], [ 103.825, 1.408333333333328 ], [ 103.825, 1.4 ], [ 103.833333333333357, 1.4 ] ] ] } },
{ "type": "Feature", "properties": { "cell_id": "r8_c28", "row": 8, "col": 28, "global_row": 10631, "global_col": 34060, "lon": 103.8375, "lat": 1.404166666666661 }, "geometry": { "type": "Polygon", "coordinates": [ [ [ 103.841666666666683, 1.4 ], [ 103.841666666666683, 1.408333333333328 ], [ 103.833333333333357, 1.408333333333328 ], [ 103.833333333333357, 1.4 ], [ 103.841666666666683, 1.4 ] ] ] } },
{ "type": "Feature", "properties": { "cell_id": "r8_c29", "row": 8, "col": 29, "global_row": 10631, "global_col": 34061, "lon": 103.84583333333335, "lat": 1.404166666666661 }, "geometry": { "type": "Polygon", "coordinates": [ [ [ 103.85, 1.4 ], [ 103.85, 1.408333333333328 ], [ 103.841666666666683, 1.408333333333328 ], [ 103.841666666666683, 1.4 ], [ 103.85, 1.4 ] ] ] } },
{ "type": "Feature", "properties": { "cell_id": "r8_c30", "row": 8, "col": 30, "global_row": 10631, "global_col": 34062, "lon": 103.85416666666669, "lat": 1.404166666666661 }, "geometry": { "type": "Polygon", "coordinates": [ [ [ 103.858333333333363, 1.4 ], [ 103.858333333333363, 1.408333333333328 ], [ 103.85, 1.408333333333328 ], [ 103.85, 1.4 ], [ 103.858333333333363, 1.4 ] ] ] } },
{ "type": "Feature", "properties": { "cell_id": "r8_c31", "row": 8, "col": 31, "global_row": 10631, "global_col": 34063, "lon": 103.8625, "lat": 1.404166666666661 }, "geometry": { "type": "Polygon", "coordinates": [ [ [ 103.866666666666688, 1.4 ], [ 103.866666666666688, 1.408333333333328 ], [ 103.858333333333363, 1.408333333333328 ], [ 103.858333333333363, 1.4 ], [ 103.866666666666688, 1.4 ] ] ] } },
{ "type": "Feature", "properties": { "cell_id": "r8_c32", "row": 8, "col": 32, "global_row": 10631, "global_col": 34064, "lon": 103.87083333333335, "lat": 1.404166666666661 }, "geometry": { "type": "Polygon", "coordinates": [ [ [ 103.875, 1.4 ], [ 103.875, 1.408333333333328 ], [ 103.866666666666688, 1.408333333333328 ], [ 103.866666666666688, 1.4 ], [ 103.875, 1.4 ] ] ] } },
{ "type": "Feature", "properties": { "cell_id": "r8_c33", "row": 8, "col": 33, "global_row": 10631, "global_col": 34065, "lon": 103.87916666666672, "lat": 1.404166666666661 }, "geometry": { "type": "Polygon", "coordinates": [ [ [ 103.883333333333354, 1.4 ], [ 103.883333333333354, 1.408333333333328 ], [ 103.875, 1.408333333333328 ], [ 103.875, 1.4 ], [ 103.883333333333354, 1.4 ] ] ] } },
{ "type": "Feature", "properties": { "cell_id": "r8_c34", "row": 8, "col": 34, "global_row": 10631, "global_col": 34066, "lon": 103.8875, "lat": 1.404166666666661 }, "geometry": { "type": "Polygon", "coordinates": [ [ [ 103.891666666666694, 1.4 ], [ 103.891666666666694, 1.408333333333328 ], [ 103.883333333333354, 1.408333333333328 ], [ 103.883333333333354, 1.4 ], [ 103.891666666666694, 1.4 ] ] ] } },
{ "type": "Feature", "properties": { "cell_id": "r8_c35", "row": 8, "col": 35, "global_row": 10631, "global_col": 34067, "lon": 103.89583333333336, "lat": 1.404166666666661 }, "geometry": { "type": "Polygon", "coordinates": [ [ [ 103.9, 1.4 ], [ 103.9, 1.408333333333328 ], [ 103.891666666666694, 1.408333333333328 ], [ 103.891666666666694, 1.4 ], [ 103.9, 1.4 ] ] ] } },
{ "type": "Feature", "properties": { "cell_id": "r8_c36", "row": 8, "col": 36, "global_row": 10631, "global_col": 34068, "lon": 103.90416666666668, "lat": 1.404166666666661 }, "geometry": { "type": "Polygon", "coordinates": [ [ [ 103.90833333333336, 1.4 ], [ 103.90833333333336, 1.408333333333328 ], [ 103.9, 1.408333333333328 ], [ 103.9, 1.4 ], [ 103.90833333333336, 1.4 ] ] ] } },
{ "type": "Feature", "properties": { "cell_id": "r8_c37", "row": 8, "col": 37, "global_row": 10631, "global_col": 34069, "lon": 103.9125, "lat": 1.404166666666661 }, "geometry": { "type": "Polygon", "coordinates": [ [ [ 103.916666666666686, 1.4 ], [ 103.916666666666686, 1.408333333333328 ], [ 103.90833333333336, 1.408333333333328 ], [ 103.90833333333336, 1.4 ], [ 103.916666666666686, 1.4 ] ] ] } },
{ "type": "Feature", "properties": { "cell_id": "r8_c38", "row": 8, "col": 38, "global_row": 10631, "global_col": 34070, "lon": 103.92083333333336, "lat": 1.404166666666661 }, "geometry": { "type": "Polygon", "coordinates": [ [ [ 103.925, 1.4 ], [ 103.925, 1.408333333333328 ], [ 103.916666666666686, 1.408333333333328 ], [ 103.916666666666686, 1.4 ], [ 103.925, 1.4 ] ] ] } },
{ "type": "Feature", "properties": { "cell_id": "r8_c39", "row": 8, "col": 39, "global_row": 10631, "global_col": 34071, "lon": 103.92916666666669, "lat": 1.404166666666661 }, "geometry": { "type": "Polygon", "coordinates": [ [ [ 103.933333333333351, 1.4 ], [ 103.933333333333351, 1.408333333333328 ], [ 103.925, 1.408333333333328 ], [ 103.925, 1.4 ], [ 103.933333333333351, 1.4 ] ] ] } },
{ "type": "Feature", "properties": { "cell_id": "r8_c43", "row": 8, "col": 43, "global_row": 10631, "global_col": 34075, "lon": 103.9625, "lat": 1.404166666666661 }, "geometry": { "type": "Polygon", "coordinates": [ [ [ 103.966666666666683, 1.4 ], [ 103.966666666666683, 1.408333333333328 ], [ 103.958333333333357, 1.408333333333328 ], [ 103.958333333333357, 1.4 ], [ 103.966666666666683, 1.4 ] ] ] } },
{ "type": "Feature", "properties": { "cell_id": "r8_c44", "row": 8, "col": 44, "global_row": 10631, "global_col": 34076, "lon": 103.97083333333336, "lat": 1.404166666666661 }, "geometry": { "type": "Polygon", "coordinates": [ [ [ 103.975, 1.4 ], [ 103.975, 1.408333333333328 ], [ 103.966666666666683, 1.408333333333328 ], [ 103.966666666666683, 1.4 ], [ 103.975, 1.4 ] ] ] } },
{ "type": "Feature", "properties": { "cell_id": "r8_c45", "row": 8, "col": 45, "global_row": 10631, "global_col": 34077, "lon": 103.97916666666669, "lat": 1.404166666666661 }, "geometry": { "type": "Polygon", "coordinates": [ [ [ 103.983333333333363, 1.4 ], [ 103.983333333333363, 1.408333333333328 ], [ 103.975, 1.408333333333328 ], [ 103.975, 1.4 ], [ 103.983333333333363, 1.4 ] ] ] } },
{ "type": "Feature", "properties": { "cell_id": "r8_c46", "row": 8, "col": 46, "global_row": 10631, "global_col": 34078, "lon": 103.9875, "lat": 1.404166666666661 }, "geometry": { "type": "Polygon", "coordinates": [ [ [ 103.991666666666688, 1.4 ], [ 103.991666666666688, 1.408333333333328 ], [ 103.983333333333363, 1.408333333333328 ], [ 103.983333333333363, 1.4 ], [ 103.991666666666688, 1.4 ] ] ] } },
{ "type": "Feature", "properties": { "cell_id": "r8_c47", "row": 8, "col": 47, "global_row": 10631, "global_col": 34079, "lon": 103.99583333333335, "lat": 1.404166666666661 }, "geometry": { "type": "Polygon", "coordinates": [ [ [ 104.0, 1.4 ], [ 104.0, 1.408333333333328 ], [ 103.991666666666688, 1.408333333333328 ], [ 103.991666666666688, 1.4 ], [ 104.0, 1.4 ] ] ] } },
{ "type": "Feature", "properties": { "cell_id": "r8_c52", "row": 8, "col": 52, "global_row": 10631, "global_col": 34084, "lon": 104.0375, "lat": 1.404166666666661 }, "geometry": { "type": "Polygon", "coordinates": [ [ [ 104.041666666666686, 1.4 ], [ 104.041666666666686, 1.408333333333328 ], [ 104.03333333333336, 1.408333333333328 ], [ 104.03333333333336, 1.4 ], [ 104.041666666666686, 1.4 ] ] ] } },
{ "type": "Feature", "properties": { "cell_id": "r8_c53", "row": 8, "col": 53, "global_row": 10631, "global_col": 34085, "lon": 104.04583333333336, "lat": 1.404166666666661 }, "geometry": { "type": "Polygon", "coordinates": [ [ [ 104.05, 1.4 ], [ 104.05, 1.408333333333328 ], [ 104.041666666666686, 1.408333333333328 ], [ 104.041666666666686, 1.4 ], [ 104.05, 1.4 ] ] ] } },
{ "type": "Feature", "properties": { "cell_id": "r8_c54", "row": 8, "col": 54, "global_row": 10631, "global_col": 34086, "lon": 104.05416666666669, "lat": 1.404166666666661 }, "geometry": { "type": "Polygon", "coordinates": [ [ [ 104.058333333333351, 1.4 ], [ 104.058333333333351, 1.408333333333328 ], [ 104.05, 1.408333333333328 ], [ 104.05, 1.4 ], [ 104.058333333333351, 1.4 ] ] ] } },
{ "type": "Feature", "properties": { "cell_id": "r8_c55", "row": 8, "col": 55, "global_row": 10631, "global_col": 34087, "lon": 104.0625, "lat": 1.404166666666661 }, "geometry": { "type": "Polygon", "coordinates": [ [ [ 104.066666666666691, 1.4 ], [ 104.066666666666691, 1.408333333333328 ], [ 104.058333333333351, 1.408333333333328 ], [ 104.058333333333351, 1.4 ], [ 104.066666666666691, 1.4 ] ] ] } },
{ "type": "Feature", "properties": { "cell_id": "r8_c56", "row": 8, "col": 56, "global_row": 10631, "global_col": 34088, "lon": 104.07083333333334, "lat": 1.404166666666661 }, "geometry": { "type": "Polygon", "coordinates": [ [ [ 104.075, 1.4 ], [ 104.075, 1.408333333333328 ], [ 104.066666666666691, 1.408333333333328 ], [ 104.066666666666691, 1.4 ], [ 104.075, 1.4 ] ] ] } },
{ "type": "Feature", "properties": { "cell_id": "r8_c57", "row": 8, "col": 57, "global_row": 10631, "global_col": 34089, "lon": 104.07916666666668, "lat": 1.404166666666661 }, "geometry": { "type": "Polygon", "coordinates": [ [ [ 104.083333333333357, 1.4 ], [ 104.083333333333357, 1.408333333333328 ], [ 104.075, 1.408333333333328 ], [ 104.075, 1.4 ], [ 104.083333333333357, 1.4 ] ] ] } },
{ "type": "Feature", "properties": { "cell_id": "r8_c58", "row": 8, "col": 58, "global_row": 10631, "global_col": 34090, "lon": 104.0875, "lat": 1.404166666666661 }, "geometry": { "type": "Polygon", "coordinates": [ [ [ 104.091666666666683, 1.4 ], [ 104.091666666666683, 1.408333333333328 ], [ 104.083333333333357, 1.408333333333328 ], [ 104.083333333333357, 1.4 ], [ 104.091666666666683, 1.4 ] ] ] } },
{ "type": "Feature", "properties": { "cell_id": "r9_c8", "row": 9, "col": 8, "global_row": 10632, "global_col": 34040, "lon": 103.67083333333335, "lat": 1.3958333333333277 }, "geometry": { "type": "Polygon", "coordinates": [ [ [ 103.675, 1.391666666666661 ], [ 103.675, 1.4 ], [ 103.666666666666686, 1.4 ], [ 103.666666666666686, 1.391666666666661 ], [ 103.675, 1.391666666666661 ] ] ] } },
{ "type": "Feature", "properties": { "cell_id": "r9_c9", "row": 9, "col": 9, "global_row": 10632, "global_col": 34041, "lon": 103.67916666666669, "lat": 1.3958333333333279 }, "geometry": { "type": "Polygon", "coordinates": [ [ [ 103.683333333333351, 1.391666666666661 ], [ 103.683333333333351, 1.4 ], [ 103.675, 1.4 ], [ 103.675, 1.391666666666661 ], [ 103.683333333333351, 1.391666666666661 ] ] ] } },
{ "type": "Feature", "properties": { "cell_id": "r9_c10", "row": 9, "col": 10, "global_row": 10632, "global_col": 34042, "lon": 103.6875, "lat": 1.3958333333333277 }, "geometry": { "type": "Polygon", "coordinates": [ [ [ 103.691666666666691, 1.391666666666661 ], [ 103.691666666666691, 1.4 ], [ 103.683333333333351, 1.4 ], [ 103.683333333333351, 1.391666666666661 ], [ 103.691666666666691, 1.391666666666661 ] ] ] } },
{ "type": "Feature", "properties": { "cell_id": "r9_c11", "row": 9, "col": 11, "global_row": 10632, "global_col": 34043, "lon": 103.69583333333334, "lat": 1.3958333333333279 }, "geometry": { "type": "Polygon", "coordinates": [ [ [ 103.7, 1.391666666666661 ], [ 103.7, 1.4 ], [ 103.691666666666691, 1.4 ], [ 103.691666666666691, 1.391666666666661 ], [ 103.7, 1.391666666666661 ] ] ] } },
{ "type": "Feature", "properties": { "cell_id": "r9_c12", "row": 9, "col": 12, "global_row": 10632, "global_col": 34044, "lon": 103.70416666666668, "lat": 1.3958333333333277 }, "geometry": { "type": "Polygon", "coordinates": [ [ [ 103.708333333333357, 1.391666666666661 ], [ 103.708333333333357, 1.4 ], [ 103.7, 1.4 ], [ 103.7, 1.391666666666661 ], [ 103.708333333333357, 1.391666666666661 ] ] ] } },
{ "type": "Feature", "properties": { "cell_id": "r9_c13", "row": 9, "col": 13, "global_row": 10632, "global_col": 34045, "lon": 103.7125, "lat": 1.3958333333333279 }, "geometry": { "type": "Polygon", "coordinates": [ [ [ 103.716666666666683, 1.391666666666661 ], [ 103.716666666666683, 1.4 ], [ 103.708333333333357, 1.4 ], [ 103.708333333333357, 1.391666666666661 ], [ 103.716666666666683, 1.391666666666661 ] ] ] } },
{ "type": "Feature", "properties": { "cell_id": "r9_c14", "row": 9, "col": 14, "global_row": 10632, "global_col": 34046, "lon": 103.72083333333336, "lat": 1.3958333333333277 }, "geometry": { "type": "Polygon", "coordinates": [ [ [ 103.725, 1.391666666666661 ], [ 103.725, 1.4 ], [ 103.716666666666683, 1.4 ], [ 103.716666666666683, 1.391666666666661 ], [ 103.725, 1.391666666666661 ] ] ] } },
{ "type": "Feature", "properties": { "cell_id": "r9_c15", "row": 9, "col": 15, "global_row": 10632, "global_col": 34047, "lon": 103.72916666666667, "lat": 1.3958333333333277 }, "geometry": { "type": "Polygon", "coordinates": [ [ [ 103.733333333333363, 1.391666666666661 ], [ 103.733333333333363, 1.4 ], [ 103.725, 1.4 ], [ 103.725, 1.391666666666661 ], [ 103.733333333333363, 1.391666666666661 ] ] ] } },
{ "type": "Feature", "properties": { "cell_id": "r9_c16", "row": 9, "col": 16, "global_row": 10632, "global_col": 34048, "lon": 103.7375, "lat": 1.3958333333333279 }, "geometry": { "type": "Polygon", "coordinates": [ [ [ 103.741666666666688, 1.391666666666661 ], [ 103.741666666666688, 1.4 ], [ 103.733333333333363, 1.4 ], [ 103.733333333333363, 1.391666666666661 ], [ 103.741666666666688, 1.391666666666661 ] ] ] } },
{ "type": "Feature", "properties": { "cell_id": "r9_c17", "row": 9, "col": 17, "global_row": 10632, "global_col": 34049, "lon": 103.74583333333337, "lat": 1.3958333333333277 }, "geometry": { "type": "Polygon", "coordinates": [ [ [ 103.75, 1.391666666666661 ], [ 103.75, 1.4 ], [ 103.741666666666688, 1.4 ], [ 103.741666666666688, 1.391666666666661 ], [ 103.75, 1.391666666666661 ] ] ] } },
{ "type": "Feature", "properties": { "cell_id": "r9_c18", "row": 9, "col": 18, "global_row": 10632, "global_col": 34050, "lon": 103.75416666666671, "lat": 1.3958333333333279 }, "geometry": { "type": "Polygon", "coordinates": [ [ [ 103.758333333333354, 1.391666666666661 ], [ 103.758333333333354, 1.4 ], [ 103.75, 1.4 ], [ 103.75, 1.391666666666661 ], [ 103.758333333333354, 1.391666666666661 ] ] ] } },
{ "type": "Feature", "properties": { "cell_id": "r9_c19", "row": 9, "col": 19, "global_row": 10632, "global_col": 34051, "lon": 103.7625, "lat": 1.3958333333333277 }, "geometry": { "type": "Polygon", "coordinates": [ [ [ 103.766666666666694, 1.391666666666661 ], [ 103.766666666666694, 1.4 ], [ 103.758333333333354, 1.4 ], [ 103.758333333333354, 1.391666666666661 ], [ 103.766666666666694, 1.391666666666661 ] ] ] } },
{ "type": "Feature", "properties": { "cell_id": "r9_c20", "row": 9, "col": 20, "global_row": 10632, "global_col": 34052, "lon": 103.77083333333334, "lat": 1.3958333333333279 }, "geometry": { "type": "Polygon", "coordinates": [ [ [ 103.775, 1.391666666666661 ], [ 103.775, 1.4 ], [ 103.766666666666694, 1.4 ], [ 103.766666666666694, 1.391666666666661 ], [ 103.775, 1.391666666666661 ] ] ] } },
{ "type": "Feature", "properties": { "cell_id": "r9_c21", "row": 9, "col": 21, "global_row": 10632, "global_col": 34053, "lon": 103.7791666666667, "lat": 1.3958333333333277 }, "geometry": { "type": "Polygon", "coordinates": [ [ [ 103.78333333333336, 1.391666666666661 ], [ 103.78333333333336, 1.4 ], [ 103.775, 1.4 ], [ 103.775, 1.391666666666661 ], [ 103.78333333333336, 1.391666666666661 ] ] ] } },
{ "type": "Feature", "properties": { "cell_id": "r9_c22", "row": 9, "col": 22, "global_row": 10632, "global_col": 34054, "lon": 103.7875, "lat": 1.3958333333333279 }, "geometry": { "type": "Polygon", "coordinates": [ [ [ 103.791666666666686, 1.391666666666661 ], [ 103.791666666666686, 1.4 ], [ 103.78333333333336, 1.4 ], [ 103.78333333333336, 1.391666666666661 ], [ 103.791666666666686, 1.391666666666661 ] ] ] } },
{ "type": "Feature", "properties": { "cell_id": "r9_c23", "row": 9, "col": 23, "global_row": 10632, "global_col": 34055, "lon": 103.79583333333336, "lat": 1.3958333333333277 }, "geometry": { "type": "Polygon", "coordinates": [ [ [ 103.8, 1.391666666666661 ], [ 103.8, 1.4 ], [ 103.791666666666686, 1.4 ], [ 103.791666666666686, 1.391666666666661 ], [ 103.8, 1.391666666666661 ] ] ] } },
{ "type": "Feature", "properties": { "cell_id": "r9_c24", "row": 9, "col": 24, "global_row": 10632, "global_col": 34056, "lon": 103.80416666666667, "lat": 1.3958333333333279 }, "geometry": { "type": "Polygon", "coordinates": [ [ [ 103.808333333333351, 1.391666666666661 ], [ 103.808333333333351, 1.4 ], [ 103.8, 1.4 ], [ 103.8, 1.391666666666661 ], [ 103.808333333333351, 1.391666666666661 ] ] ] } },
{ "type": "Feature", "properties": { "cell_id": "r9_c25", "row": 9, "col": 25, "global_row": 10632, "global_col": 34057, "lon": 103.8125, "lat": 1.3958333333333277 }, "geometry": { "type": "Polygon", "coordinates": [ [ [ 103.816666666666691, 1.391666666666661 ], [ 103.816666666666691, 1.4 ], [ 103.808333333333351, 1.4 ], [ 103.808333333333351, 1.391666666666661 ], [ 103.816666666666691, 1.391666666666661 ] ] ] } },
{ "type": "Feature", "properties": { "cell_id": "r9_c26", "row": 9, "col": 26, "global_row": 10632, "global_col": 34058, "lon": 103.82083333333334, "lat": 1.3958333333333279 }, "geometry": { "type": "Polygon", "coordinates": [ [ [ 103.825, 1.391666666666661 ], [ 103.825, 1.4 ], [ 103.816666666666691, 1.4 ], [ 103.816666666666691, 1.391666666666661 ], [ 103.825, 1.391666666666661 ] ] ] } },
{ "type": "Feature", "properties": { "cell_id": "r9_c27", "row": 9, "col": 27, "global_row": 10632, "global_col": 34059, "lon": 103.82916666666668, "lat": 1.3958333333333277 }, "geometry": { "type": "Polygon", "coordinates": [ [ [ 103.833333333333357, 1.391666666666661 ], [ 103.833333333333357, 1.4 ], [ 103.825, 1.4 ], [ 103.825, 1.391666666666661 ], [ 103.833333333333357, 1.391666666666661 ] ] ] } },
{ "type": "Feature", "properties": { "cell_id": "r9_c28", "row": 9, "col": 28, "global_row": 10632, "global_col": 34060, "lon": 103.8375, "lat": 1.3958333333333279 }, "geometry": { "type": "Polygon", "coordinates": [ [ [ 103.841666666666683, 1.391666666666661 ], [ 103.841666666666683, 1.4 ], [ 103.833333333333357, 1.4 ], [ 103.833333333333357, 1.391666666666661 ], [ 103.841666666666683, 1.391666666666661 ] ] ] } },
{ "type": "Feature", "properties": { "cell_id": "r9_c29", "row": 9, "col": 29, "global_row": 10632, "global_col": 34061, "lon": 103.84583333333335, "lat": 1.3958333333333277 }, "geometry": { "type": "Polygon", "coordinates": [ [ [ 103.85, 1.391666666666661 ], [ 103.85, 1.4 ], [ 103.841666666666683, 1.4 ], [ 103.841666666666683, 1.391666666666661 ], [ 103.85, 1.391666666666661 ] ] ] } },
{ "type": "Feature", "properties": { "cell_id": "r9_c30", "row": 9, "col": 30, "global_row": 10632, "global_col": 34062, "lon": 103.85416666666669, "lat": 1.3958333333333277 }, "geometry": { "type": "Polygon", "coordinates": [ [ [ 103.858333333333363, 1.391666666666661 ], [ 103.858333333333363, 1.4 ], [ 103.85, 1.4 ], [ 103.85, 1.391666666666661 ], [ 103.858333333333363, 1.391666666666661 ] ] ] } },
{ "type": "Feature", "properties": { "cell_id": "r9_c31", "row": 9, "col": 31, "global_row": 10632, "global_col": 34063, "lon": 103.8625, "lat": 1.3958333333333279 }, "geometry": { "type": "Polygon", "coordinates": [ [ [ 103.866666666666688, 1.391666666666661 ], [ 103.866666666666688, 1.4 ], [ 103.858333333333363, 1.4 ], [ 103.858333333333363, 1.391666666666661 ], [ 103.866666666666688, 1.391666666666661 ] ] ] } },
{ "type": "Feature", "properties": { "cell_id": "r9_c32", "row": 9, "col": 32, "global_row": 10632, "global_col": 34064, "lon": 103.87083333333335, "lat": 1.3958333333333277 }, "geometry": { "type": "Polygon", "coordinates": [ [ [ 103.875, 1.391666666666661 ], [ 103.875, 1.4 ], [ 103.866666666666688, 1.4 ], [ 103.866666666666688, 1.391666666666661 ], [ 103.875, 1.391666666666661 ] ] ] } },
{ "type": "Feature", "properties": { "cell_id": "r9_c33", "row": 9, "col": 33, "global_row": 10632, "global_col": 34065, "lon": 103.87916666666672, "lat": 1.3958333333333279 }, "geometry": { "type": "Polygon", "coordinates": [ [ [ 103.883333333333354, 1.391666666666661 ], [ 103.883333333333354, 1.4 ], [ 103.875, 1.4 ], [ 103.875, 1.391666666666661 ], [ 103.883333333333354, 1.391666666666661 ] ] ] } },
{ "type": "Feature", "properties": { "cell_id": "r9_c34", "row": 9, "col": 34, "global_row": 10632, "global_col": 34066, "lon": 103.8875, "lat": 1.3958333333333277 }, "geometry": { "type": "Polygon", "coordinates": [ [ [ 103.891666666666694, 1.391666666666661 ], [ 103.891666666666694, 1.4 ], [ 103.883333333333354, 1.4 ], [ 103.883333333333354, 1.391666666666661 ], [ 103.891666666666694, 1.391666666666661 ] ] ] } },
{ "type": "Feature", "properties": { "cell_id": "r9_c35", "row": 9, "col": 35, "global_row": 10632, "global_col": 34067, "lon": 103.89583333333336, "lat": 1.3958333333333279 }, "geometry": { "type": "Polygon", "coordinates": [ [ [ 103.9, 1.391666666666661 ], [ 103.9, 1.4 ], [ 103.891666666666694, 1.4 ], [ 103.891666666666694, 1.391666666666661 ], [ 103.9, 1.391666666666661 ] ] ] } },
{ "type": "Feature", "properties": { "cell_id": "r9_c36", "row": 9, "col": 36, "global_row": 10632, "global_col": 34068, "lon": 103.90416666666668, "lat": 1.3958333333333277 }, "geometry": { "type": "Polygon", "coordinates": [ [ [ 103.90833333333336, 1.391666666666661 ], [ 103.90833333333336, 1.4 ], [ 103.9, 1.4 ], [ 103.9, 1.391666666666661 ], [ 103.90833333333336, 1.391666666666661 ] ] ] } },
{ "type": "Feature", "properties": { "cell_id": "r9_c37", "row": 9, "col": 37, "global_row": 10632, "global_col": 34069, "lon": 103.9125, "lat": 1.3958333333333279 }, "geometry": { "type": "Polygon", "coordinates": [ [ [ 103.916666666666686, 1.391666666666661 ], [ 103.916666666666686, 1.4 ], [ 103.90833333333336, 1.4 ], [ 103.90833333333336, 1.391666666666661 ], [ 103.916666666666686, 1.391666666666661 ] ] ] } },
{ "type": "Feature", "properties": { "cell_id": "r9_c38", "row": 9, "col": 38, "global_row": 10632, "global_col": 34070, "lon": 103.92083333333336, "lat": 1.3958333333333277 }, "geometry": { "type": "Polygon", "coordinates": [ [ [ 103.925, 1.391666666666661 ], [ 103.925, 1.4 ], [ 103.916666666666686, 1.4 ], [ 103.916666666666686, 1.391666666666661 ], [ 103.925, 1.391666666666661 ] ] ] } },
{ "type": "Feature", "properties": { "cell_id": "r9_c39", "row": 9, "col": 39, "global_row": 10632, "global_col": 34071, "lon": 103.92916666666669, "lat": 1.3958333333333279 }, "geometry": { "type": "Polygon", "coordinates": [ [ [ 103.933333333333351, 1.391666666666661 ], [ 103.933333333333351, 1.4 ], [ 103.925, 1.4 ], [ 103.925, 1.391666666666661 ], [ 103.933333333333351, 1.391666666666661 ] ] ] } },
{ "type": "Feature", "properties": { "cell_id": "r9_c40", "row": 9, "col": 40, "global_row": 10632, "global_col": 34072, "lon": 103.9375, "lat": 1.3958333333333277 }, "geometry": { "type": "Polygon", "coordinates": [ [ [ 103.941666666666691, 1.391666666666661 ], [ 103.941666666666691, 1.4 ], [ 103.933333333333351, 1.4 ], [ 103.933333333333351, 1.391666666666661 ], [ 103.941666666666691, 1.391666666666661 ] ] ] } },
{ "type": "Feature", "properties": { "cell_id": "r9_c50", "row": 9, "col": 50, "global_row": 10632, "global_col": 34082, "lon": 104.02083333333336, "lat": 1.3958333333333279 }, "geometry": { "type": "Polygon", "coordinates": [ [ [ 104.025, 1.391666666666661 ], [ 104.025, 1.4 ], [ 104.016666666666694, 1.4 ], [ 104.016666666666694, 1.391666666666661 ], [ 104.025, 1.391666666666661 ] ] ] } },
{ "type": "Feature", "properties": { "cell_id": "r9_c51", "row": 9, "col": 51, "global_row": 10632, "global_col": 34083, "lon": 104.0291666666667, "lat": 1.3958333333333277 }, "geometry": { "type": "Polygon", "coordinates": [ [ [ 104.03333333333336, 1.391666666666661 ], [ 104.03333333333336, 1.4 ], [ 104.025, 1.4 ], [ 104.025, 1.391666666666661 ], [ 104.03333333333336, 1.391666666666661 ] ] ] } },
{ "type": "Feature", "properties": { "cell_id": "r9_c52", "row": 9, "col": 52, "global_row": 10632, "global_col": 34084, "lon": 104.0375, "lat": 1.3958333333333279 }, "geometry": { "type": "Polygon", "coordinates": [ [ [ 104.041666666666686, 1.391666666666661 ], [ 104.041666666666686, 1.4 ], [ 104.03333333333336, 1.4 ], [ 104.03333333333336, 1.391666666666661 ], [ 104.041666666666686, 1.391666666666661 ] ] ] } },
{ "type": "Feature", "properties": { "cell_id": "r9_c53", "row": 9, "col": 53, "global_row": 10632, "global_col": 34085, "lon": 104.04583333333336, "lat": 1.3958333333333277 }, "geometry": { "type": "Polygon", "coordinates": [ [ [ 104.05, 1.391666666666661 ], [ 104.05, 1.4 ], [ 104.041666666666686, 1.4 ], [ 104.041666666666686, 1.391666666666661 ], [ 104.05, 1.391666666666661 ] ] ] } },
{ "type": "Feature", "properties": { "cell_id": "r9_c54", "row": 9, "col": 54, "global_row": 10632, "global_col": 34086, "lon": 104.05416666666669, "lat": 1.3958333333333279 }, "geometry": { "type": "Polygon", "coordinates": [ [ [ 104.058333333333351, 1.391666666666661 ], [ 104.058333333333351, 1.4 ], [ 104.05, 1.4 ], [ 104.05, 1.391666666666661 ], [ 104.058333333333351, 1.391666666666661 ] ] ] } },
{ "type": "Feature", "properties": { "cell_id": "r9_c55", "row": 9, "col": 55, "global_row": 10632, "global_col": 34087, "lon": 104.0625, "lat": 1.3958333333333277 }, "geometry": { "type": "Polygon", "coordinates": [ [ [ 104.066666666666691, 1.391666666666661 ], [ 104.066666666666691, 1.4 ], [ 104.058333333333351, 1.4 ], [ 104.058333333333351, 1.391666666666661 ], [ 104.066666666666691, 1.391666666666661 ] ] ] } },
{ "type": "Feature", "properties": { "cell_id": "r9_c56", "row": 9, "col": 56, "global_row": 10632, "global_col": 34088, "lon": 104.07083333333334, "lat": 1.3958333333333279 }, "geometry": { "type": "Polygon", "coordinates": [ [ [ 104.075, 1.391666666666661 ], [ 104.075, 1.4 ], [ 104.066666666666691, 1.4 ], [ 104.066666666666691, 1.391666666666661 ], [ 104.075, 1.391666666666661 ] ] ] } },
{ "type": "Feature", "properties": { "cell_id": "r9_c57", "row": 9, "col": 57, "global_row": 10632, "global_col": 34089, "lon": 104.07916666666668, "lat": 1.3958333333333277 }, "geometry": { "type": "Polygon", "coordinates": [ [ [ 104.083333333333357, 1.391666666666661 ], [ 104.083333333333357, 1.4 ], [ 104.075, 1.4 ], [ 104.075, 1.391666666666661 ], [ 104.083333333333357, 1.391666666666661 ] ] ] } },
{ "type": "Feature", "properties": { "cell_id": "r9_c58", "row": 9, "col": 58, "global_row": 10632, "global_col": 34090, "lon": 104.0875, "lat": 1.3958333333333279 }, "geometry": { "type": "Polygon", "coordinates": [ [ [ 104.091666666666683, 1.391666666666661 ], [ 104.091666666666683, 1.4 ], [ 104.083333333333357, 1.4 ], [ 104.083333333333357, 1.391666666666661 ], [ 104.091666666666683, 1.391666666666661 ] ] ] } },
{ "type": "Feature", "properties": { "cell_id": "r10_c7", "row": 10, "col": 7, "global_row": 10633, "global_col": 34039, "lon": 103.6625, "lat": 1.3875 }, "geometry": { "type": "Polygon", "coordinates": [ [ [ 103.666666666666686, 1.383333333333328 ], [ 103.666666666666686, 1.391666666666661 ], [ 103.65833333333336, 1.391666666666661 ], [ 103.65833333333336, 1.383333333333328 ], [ 103.666666666666686, 1.383333333333328 ] ] ] } },
{ "type": "Feature", "properties": { "cell_id": "r10_c8", "row": 10, "col": 8, "global_row": 10633, "global_col": 34040, "lon": 103.67083333333335, "lat": 1.3875 }, "geometry": { "type": "Polygon", "coordinates": [ [ [ 103.675, 1.383333333333328 ], [ 103.675, 1.391666666666661 ], [ 103.666666666666686, 1.391666666666661 ], [ 103.666666666666686, 1.383333333333328 ], [ 103.675, 1.383333333333328 ] ] ] } },
{ "type": "Feature", "properties": { "cell_id": "r10_c9", "row": 10, "col": 9, "global_row": 10633, "global_col": 34041, "lon": 103.67916666666669, "lat": 1.3875 }, "geometry": { "type": "Polygon", "coordinates": [ [ [ 103.683333333333351, 1.383333333333328 ], [ 103.683333333333351, 1.391666666666661 ], [ 103.675, 1.391666666666661 ], [ 103.675, 1.383333333333328 ], [ 103.683333333333351, 1.383333333333328 ] ] ] } },
{ "type": "Feature", "properties": { "cell_id": "r10_c10", "row": 10, "col": 10, "global_row": 10633, "global_col": 34042, "lon": 103.6875, "lat": 1.3875 }, "geometry": { "type": "Polygon", "coordinates": [ [ [ 103.691666666666691, 1.383333333333328 ], [ 103.691666666666691, 1.391666666666661 ], [ 103.683333333333351, 1.391666666666661 ], [ 103.683333333333351, 1.383333333333328 ], [ 103.691666666666691, 1.383333333333328 ] ] ] } },
{ "type": "Feature", "properties": { "cell_id": "r10_c11", "row": 10, "col": 11, "global_row": 10633, "global_col": 34043, "lon": 103.69583333333334, "lat": 1.3875 }, "geometry": { "type": "Polygon", "coordinates": [ [ [ 103.7, 1.383333333333328 ], [ 103.7, 1.391666666666661 ], [ 103.691666666666691, 1.391666666666661 ], [ 103.691666666666691, 1.383333333333328 ], [ 103.7, 1.383333333333328 ] ] ] } },
{ "type": "Feature", "properties": { "cell_id": "r10_c12", "row": 10, "col": 12, "global_row": 10633, "global_col": 34044, "lon": 103.70416666666668, "lat": 1.3875 }, "geometry": { "type": "Polygon", "coordinates": [ [ [ 103.708333333333357, 1.383333333333328 ], [ 103.708333333333357, 1.391666666666661 ], [ 103.7, 1.391666666666661 ], [ 103.7, 1.383333333333328 ], [ 103.708333333333357, 1.383333333333328 ] ] ] } },
{ "type": "Feature", "properties": { "cell_id": "r10_c13", "row": 10, "col": 13, "global_row": 10633, "global_col": 34045, "lon": 103.7125, "lat": 1.3875 }, "geometry": { "type": "Polygon", "coordinates": [ [ [ 103.716666666666683, 1.383333333333328 ], [ 103.716666666666683, 1.391666666666661 ], [ 103.708333333333357, 1.391666666666661 ], [ 103.708333333333357, 1.383333333333328 ], [ 103.716666666666683, 1.383333333333328 ] ] ] } },
{ "type": "Feature", "properties": { "cell_id": "r10_c14", "row": 10, "col": 14, "global_row": 10633, "global_col": 34046, "lon": 103.72083333333336, "lat": 1.3875 }, "geometry": { "type": "Polygon", "coordinates": [ [ [ 103.725, 1.383333333333328 ], [ 103.725, 1.391666666666661 ], [ 103.716666666666683, 1.391666666666661 ], [ 103.716666666666683, 1.383333333333328 ], [ 103.725, 1.383333333333328 ] ] ] } },
{ "type": "Feature", "properties": { "cell_id": "r10_c15", "row": 10, "col": 15, "global_row": 10633, "global_col": 34047, "lon": 103.72916666666667, "lat": 1.3875 }, "geometry": { "type": "Polygon", "coordinates": [ [ [ 103.733333333333363, 1.383333333333328 ], [ 103.733333333333363, 1.391666666666661 ], [ 103.725, 1.391666666666661 ], [ 103.725, 1.383333333333328 ], [ 103.733333333333363, 1.383333333333328 ] ] ] } },
{ "type": "Feature", "properties": { "cell_id": "r10_c16", "row": 10, "col": 16, "global_row": 10633, "global_col": 34048, "lon": 103.7375, "lat": 1.3875 }, "geometry": { "type": "Polygon", "coordinates": [ [ [ 103.741666666666688, 1.383333333333328 ], [ 103.741666666666688, 1.391666666666661 ], [ 103.733333333333363, 1.391666666666661 ], [ 103.733333333333363, 1.383333333333328 ], [ 103.741666666666688, 1.383333333333328 ] ] ] } },
{ "type": "Feature", "properties": { "cell_id": "r10_c17", "row": 10, "col": 17, "global_row": 10633, "global_col": 34049, "lon": 103.74583333333337, "lat": 1.3875 }, "geometry": { "type": "Polygon", "coordinates": [ [ [ 103.75, 1.383333333333328 ], [ 103.75, 1.391666666666661 ], [ 103.741666666666688, 1.391666666666661 ], [ 103.741666666666688, 1.383333333333328 ], [ 103.75, 1.383333333333328 ] ] ] } },
{ "type": "Feature", "properties": { "cell_id": "r10_c18", "row": 10, "col": 18, "global_row": 10633, "global_col": 34050, "lon": 103.75416666666671, "lat": 1.3875 }, "geometry": { "type": "Polygon", "coordinates": [ [ [ 103.758333333333354, 1.383333333333328 ], [ 103.758333333333354, 1.391666666666661 ], [ 103.75, 1.391666666666661 ], [ 103.75, 1.383333333333328 ], [ 103.758333333333354, 1.383333333333328 ] ] ] } },
{ "type": "Feature", "properties": { "cell_id": "r10_c19", "row": 10, "col": 19, "global_row": 10633, "global_col": 34051, "lon": 103.7625, "lat": 1.3875 }, "geometry": { "type": "Polygon", "coordinates": [ [ [ 103.766666666666694, 1.383333333333328 ], [ 103.766666666666694, 1.391666666666661 ], [ 103.758333333333354, 1.391666666666661 ], [ 103.758333333333354, 1.383333333333328 ], [ 103.766666666666694, 1.383333333333328 ] ] ] } },
{ "type": "Feature", "properties": { "cell_id": "r10_c20", "row": 10, "col": 20, "global_row": 10633, "global_col": 34052, "lon": 103.77083333333334, "lat": 1.3875 }, "geometry": { "type": "Polygon", "coordinates": [ [ [ 103.775, 1.383333333333328 ], [ 103.775, 1.391666666666661 ], [ 103.766666666666694, 1.391666666666661 ], [ 103.766666666666694, 1.383333333333328 ], [ 103.775, 1.383333333333328 ] ] ] } },
{ "type": "Feature", "properties": { "cell_id": "r10_c21", "row": 10, "col": 21, "global_row": 10633, "global_col": 34053, "lon": 103.7791666666667, "lat": 1.3875 }, "geometry": { "type": "Polygon", "coordinates": [ [ [ 103.78333333333336, 1.383333333333328 ], [ 103.78333333333336, 1.391666666666661 ], [ 103.775, 1.391666666666661 ], [ 103.775, 1.383333333333328 ], [ 103.78333333333336, 1.383333333333328 ] ] ] } },
{ "type": "Feature", "properties": { "cell_id": "r10_c22", "row": 10, "col": 22, "global_row": 10633, "global_col": 34054, "lon": 103.7875, "lat": 1.3875 }, "geometry": { "type": "Polygon", "coordinates": [ [ [ 103.791666666666686, 1.383333333333328 ], [ 103.791666666666686, 1.391666666666661 ], [ 103.78333333333336, 1.391666666666661 ], [ 103.78333333333336, 1.383333333333328 ], [ 103.791666666666686, 1.383333333333328 ] ] ] } },
{ "type": "Feature", "properties": { "cell_id": "r10_c23", "row": 10, "col": 23, "global_row": 10633, "global_col": 34055, "lon": 103.79583333333336, "lat": 1.3875 }, "geometry": { "type": "Polygon", "coordinates": [ [ [ 103.8, 1.383333333333328 ], [ 103.8, 1.391666666666661 ], [ 103.791666666666686, 1.391666666666661 ], [ 103.791666666666686, 1.383333333333328 ], [ 103.8, 1.383333333333328 ] ] ] } },
{ "type": "Feature", "properties": { "cell_id": "r10_c24", "row": 10, "col": 24, "global_row": 10633, "global_col": 34056, "lon": 103.80416666666667, "lat": 1.3875 }, "geometry": { "type": "Polygon", "coordinates": [ [ [ 103.808333333333351, 1.383333333333328 ], [ 103.808333333333351, 1.391666666666661 ], [ 103.8, 1.391666666666661 ], [ 103.8, 1.383333333333328 ], [ 103.808333333333351, 1.383333333333328 ] ] ] } },
{ "type": "Feature", "properties": { "cell_id": "r10_c25", "row": 10, "col": 25, "global_row": 10633, "global_col": 34057, "lon": 103.8125, "lat": 1.3875 }, "geometry": { "type": "Polygon", "coordinates": [ [ [ 103.816666666666691, 1.383333333333328 ], [ 103.816666666666691, 1.391666666666661 ], [ 103.808333333333351, 1.391666666666661 ], [ 103.808333333333351, 1.383333333333328 ], [ 103.816666666666691, 1.383333333333328 ] ] ] } },
{ "type": "Feature", "properties": { "cell_id": "r10_c26", "row": 10, "col": 26, "global_row": 10633, "global_col": 34058, "lon": 103.82083333333334, "lat": 1.3875 }, "geometry": { "type": "Polygon", "coordinates": [ [ [ 103.825, 1.383333333333328 ], [ 103.825, 1.391666666666661 ], [ 103.816666666666691, 1.391666666666661 ], [ 103.816666666666691, 1.383333333333328 ], [ 103.825, 1.383333333333328 ] ] ] } },
{ "type": "Feature", "properties": { "cell_id": "r10_c27", "row": 10, "col": 27, "global_row": 10633, "global_col": 34059, "lon": 103.82916666666668, "lat": 1.3875 }, "geometry": { "type": "Polygon", "coordinates": [ [ [ 103.833333333333357, 1.383333333333328 ], [ 103.833333333333357, 1.391666666666661 ], [ 103.825, 1.391666666666661 ], [ 103.825, 1.383333333333328 ], [ 103.833333333333357, 1.383333333333328 ] ] ] } },
{ "type": "Feature", "properties": { "cell_id": "r10_c28", "row": 10, "col": 28, "global_row": 10633, "global_col": 34060, "lon": 103.8375, "lat": 1.3875 }, "geometry": { "type": "Polygon", "coordinates": [ [ [ 103.841666666666683, 1.383333333333328 ], [ 103.841666666666683, 1.391666666666661 ], [ 103.833333333333357, 1.391666666666661 ], [ 103.833333333333357, 1.383333333333328 ], [ 103.841666666666683, 1.383333333333328 ] ] ] } },
{ "type": "Feature", "properties": { "cell_id": "r10_c29", "row": 10, "col": 29, "global_row": 10633, "global_col": 34061, "lon": 103.84583333333335, "lat": 1.3875 }, "geometry": { "type": "Polygon", "coordinates": [ [ [ 103.85, 1.383333333333328 ], [ 103.85, 1.391666666666661 ], [ 103.841666666666683, 1.391666666666661 ], [ 103.841666666666683, 1.383333333333328 ], [ 103.85, 1.383333333333328 ] ] ] } },
{ "type": "Feature", "properties": { "cell_id": "r10_c30", "row": 10, "col": 30, "global_row": 10633, "global_col": 34062, "lon": 103.85416666666669, "lat": 1.3875 }, "geometry": { "type": "Polygon", "coordinates": [ [ [ 103.858333333333363, 1.383333333333328 ], [ 103.858333333333363, 1.391666666666661 ], [ 103.85, 1.391666666666661 ], [ 103.85, 1.383333333333328 ], [ 103.858333333333363, 1.383333333333328 ] ] ] } },
{ "type": "Feature", "properties": { "cell_id": "r10_c31", "row": 10, "col": 31, "global_row": 10633, "global_col": 34063, "lon": 103.8625, "lat": 1.3875 }, "geometry": { "type": "Polygon", "coordinates": [ [ [ 103.866666666666688, 1.383333333333328 ], [ 103.866666666666688, 1.391666666666661 ], [ 103.858333333333363, 1.391666666666661 ], [ 103.858333333333363, 1.383333333333328 ], [ 103.866666666666688, 1.383333333333328 ] ] ] } },
{ "type": "Feature", "properties": { "cell_id": "r10_c32", "row": 10, "col": 32, "global_row": 10633, "global_col": 34064, "lon": 103.87083333333335, "lat": 1.3875 }, "geometry": { "type": "Polygon", "coordinates": [ [ [ 103.875, 1.383333333333328 ], [ 103.875, 1.391666666666661 ], [ 103.866666666666688, 1.391666666666661 ], [ 103.866666666666688, 1.383333333333328 ], [ 103.875, 1.383333333333328 ] ] ] } },
{ "type": "Feature", "properties": { "cell_id": "r10_c33", "row": 10, "col": 33, "global_row": 10633, "global_col": 34065, "lon": 103.87916666666672, "lat": 1.3875 }, "geometry": { "type": "Polygon", "coordinates": [ [ [ 103.883333333333354, 1.383333333333328 ], [ 103.883333333333354, 1.391666666666661 ], [ 103.875, 1.391666666666661 ], [ 103.875, 1.383333333333328 ], [ 103.883333333333354, 1.383333333333328 ] ] ] } },
{ "type": "Feature", "properties": { "cell_id": "r10_c34", "row": 10, "col": 34, "global_row": 10633, "global_col": 34066, "lon": 103.8875, "lat": 1.3875 }, "geometry": { "type": "Polygon", "coordinates": [ [ [ 103.891666666666694, 1.383333333333328 ], [ 103.891666666666694, 1.391666666666661 ], [ 103.883333333333354, 1.391666666666661 ], [ 103.883333333333354, 1.383333333333328 ], [ 103.891666666666694, 1.383333333333328 ] ] ] } },
{ "type": "Feature", "properties": { "cell_id": "r10_c35", "row": 10, "col": 35, "global_row": 10633, "global_col": 34067, "lon": 103.89583333333336, "lat": 1.3875 }, "geometry": { "type": "Polygon", "coordinates": [ [ [ 103.9, 1.383333333333328 ], [ 103.9, 1.391666666666661 ], [ 103.891666666666694, 1.391666666666661 ], [ 103.891666666666694, 1.383333333333328 ], [ 103.9, 1.383333333333328 ] ] ] } },
{ "type": "Feature", "properties": { "cell_id": "r10_c36", "row": 10, "col": 36, "global_row": 10633, "global_col": 34068, "lon": 103.90416666666668, "lat": 1.3875 }, "geometry": { "type": "Polygon", "coordinates": [ [ [ 103.90833333333336, 1.383333333333328 ], [ 103.90833333333336, 1.391666666666661 ], [ 103.9, 1.391666666666661 ], [ 103.9, 1.383333333333328 ], [ 103.90833333333336, 1.383333333333328 ] ] ] } },
{ "type": "Feature", "properties": { "cell_id": "r10_c37", "row": 10, "col": 37, "global_row": 10633, "global_col": 34069, "lon": 103.9125, "lat": 1.3875 }, "geometry": { "type": "Polygon", "coordinates": [ [ [ 103.916666666666686, 1.383333333333328 ], [ 103.916666666666686, 1.391666666666661 ], [ 103.90833333333336, 1.391666666666661 ], [ 103.90833333333336, 1.383333333333328 ], [ 103.916666666666686, 1.383333333333328 ] ] ] } },
{ "type": "Feature", "properties": { "cell_id": "r10_c38", "row": 10, "col": 38, "global_row": 10633, "global_col": 34070, "lon": 103.92083333333336, "lat": 1.3875 }, "geometry": { "type": "Polygon", "coordinates": [ [ [ 103.925, 1.383333333333328 ], [ 103.925, 1.391666666666661 ], [ 103.916666666666686, 1.391666666666661 ], [ 103.916666666666686, 1.383333333333328 ], [ 103.925, 1.383333333333328 ] ] ] } },
{ "type": "Feature", "properties": { "cell_id": "r10_c39", "row": 10, "col": 39, "global_row": 10633, "global_col": 34071, "lon": 103.92916666666669, "lat": 1.3875 }, "geometry": { "type": "Polygon", "coordinates": [ [ [ 103.933333333333351, 1.383333333333328 ], [ 103.933333333333351, 1.391666666666661 ], [ 103.925, 1.391666666666661 ], [ 103.925, 1.383333333333328 ], [ 103.933333333333351, 1.383333333333328 ] ] ] } },
{ "type": "Feature", "properties": { "cell_id": "r10_c40", "row": 10, "col": 40, "global_row": 10633, "global_col": 34072, "lon": 103.9375, "lat": 1.3875 }, "geometry": { "type": "Polygon", "coordinates": [ [ [ 103.941666666666691, 1.383333333333328 ], [ 103.941666666666691, 1.391666666666661 ], [ 103.933333333333351, 1.391666666666661 ], [ 103.933333333333351, 1.383333333333328 ], [ 103.941666666666691, 1.383333333333328 ] ] ] } },
{ "type": "Feature", "properties": { "cell_id": "r10_c45", "row": 10, "col": 45, "global_row": 10633, "global_col": 34077, "lon": 103.97916666666669, "lat": 1.3875 }, "geometry": { "type": "Polygon", "coordinates": [ [ [ 103.983333333333363, 1.383333333333328 ], [ 103.983333333333363, 1.391666666666661 ], [ 103.975, 1.391666666666661 ], [ 103.975, 1.383333333333328 ], [ 103.983333333333363, 1.383333333333328 ] ] ] } },
{ "type": "Feature", "properties": { "cell_id": "r10_c46", "row": 10, "col": 46, "global_row": 10633, "global_col": 34078, "lon": 103.9875, "lat": 1.3875 }, "geometry": { "type": "Polygon", "coordinates": [ [ [ 103.991666666666688, 1.383333333333328 ], [ 103.991666666666688, 1.391666666666661 ], [ 103.983333333333363, 1.391666666666661 ], [ 103.983333333333363, 1.383333333333328 ], [ 103.991666666666688, 1.383333333333328 ] ] ] } },
{ "type": "Feature", "properties": { "cell_id": "r10_c47", "row": 10, "col": 47, "global_row": 10633, "global_col": 34079, "lon": 103.99583333333335, "lat": 1.3875 }, "geometry": { "type": "Polygon", "coordinates": [ [ [ 104.0, 1.383333333333328 ], [ 104.0, 1.391666666666661 ], [ 103.991666666666688, 1.391666666666661 ], [ 103.991666666666688, 1.383333333333328 ], [ 104.0, 1.383333333333328 ] ] ] } },
{ "type": "Feature", "properties": { "cell_id": "r10_c51", "row": 10, "col": 51, "global_row": 10633, "global_col": 34083, "lon": 104.0291666666667, "lat": 1.3875 }, "geometry": { "type": "Polygon", "coordinates": [ [ [ 104.03333333333336, 1.383333333333328 ], [ 104.03333333333336, 1.391666666666661 ], [ 104.025, 1.391666666666661 ], [ 104.025, 1.383333333333328 ], [ 104.03333333333336, 1.383333333333328 ] ] ] } },
{ "type": "Feature", "properties": { "cell_id": "r10_c52", "row": 10, "col": 52, "global_row": 10633, "global_col": 34084, "lon": 104.0375, "lat": 1.3875 }, "geometry": { "type": "Polygon", "coordinates": [ [ [ 104.041666666666686, 1.383333333333328 ], [ 104.041666666666686, 1.391666666666661 ], [ 104.03333333333336, 1.391666666666661 ], [ 104.03333333333336, 1.383333333333328 ], [ 104.041666666666686, 1.383333333333328 ] ] ] } },
{ "type": "Feature", "properties": { "cell_id": "r10_c53", "row": 10, "col": 53, "global_row": 10633, "global_col": 34085, "lon": 104.04583333333336, "lat": 1.3875 }, "geometry": { "type": "Polygon", "coordinates": [ [ [ 104.05, 1.383333333333328 ], [ 104.05, 1.391666666666661 ], [ 104.041666666666686, 1.391666666666661 ], [ 104.041666666666686, 1.383333333333328 ], [ 104.05, 1.383333333333328 ] ] ] } },
{ "type": "Feature", "properties": { "cell_id": "r10_c54", "row": 10, "col": 54, "global_row": 10633, "global_col": 34086, "lon": 104.05416666666669, "lat": 1.3875 }, "geometry": { "type": "Polygon", "coordinates": [ [ [ 104.058333333333351, 1.383333333333328 ], [ 104.058333333333351, 1.391666666666661 ], [ 104.05, 1.391666666666661 ], [ 104.05, 1.383333333333328 ], [ 104.058333333333351, 1.383333333333328 ] ] ] } },
{ "type": "Feature", "properties": { "cell_id": "r10_c55", "row": 10, "col": 55, "global_row": 10633, "global_col": 34087, "lon": 104.0625, "lat": 1.3875 }, "geometry": { "type": "Polygon", "coordinates": [ [ [ 104.066666666666691, 1.383333333333328 ], [ 104.066666666666691, 1.391666666666661 ], [ 104.058333333333351, 1.391666666666661 ], [ 104.058333333333351, 1.383333333333328 ], [ 104.066666666666691, 1.383333333333328 ] ] ] } },
{ "type": "Feature", "properties": { "cell_id": "r10_c56", "row": 10, "col": 56, "global_row": 10633, "global_col": 34088, "lon": 104.07083333333334, "lat": 1.3875 }, "geometry": { "type": "Polygon", "coordinates": [ [ [ 104.075, 1.383333333333328 ], [ 104.075, 1.391666666666661 ], [ 104.066666666666691, 1.391666666666661 ], [ 104.066666666666691, 1.383333333333328 ], [ 104.075, 1.383333333333328 ] ] ] } },
{ "type": "Feature", "properties": { "cell_id": "r10_c57", "row": 10, "col": 57, "global_row": 10633, "global_col": 34089, "lon": 104.07916666666668, "lat": 1.3875 }, "geometry": { "type": "Polygon", "coordinates": [ [ [ 104.083333333333357, 1.383333333333328 ], [ 104.083333333333357, 1.391666666666661 ], [ 104.075, 1.391666666666661 ], [ 104.075, 1.383333333333328 ], [ 104.083333333333357, 1.383333333333328 ] ] ] } },
{ "type": "Feature", "properties": { "cell_id": "r11_c7", "row": 11, "col": 7, "global_row": 10634, "global_col": 34039, "lon": 103.6625, "lat": 1.3791666666666613 }, "geometry": { "type": "Polygon", "coordinates": [ [ [ 103.666666666666686, 1.375 ], [ 103.666666666666686, 1.383333333333328 ], [ 103.65833333333336, 1.383333333333328 ], [ 103.65833333333336, 1.375 ], [ 103.666666666666686, 1.375 ] ] ] } },
{ "type": "Feature", "properties": { "cell_id": "r11_c8", "row": 11, "col": 8, "global_row": 10634, "global_col": 34040, "lon": 103.67083333333335, "lat": 1.3791666666666611 }, "geometry": { "type": "Polygon", "coordinates": [ [ [ 103.675, 1.375 ], [ 103.675, 1.383333333333328 ], [ 103.666666666666686, 1.383333333333328 ], [ 103.666666666666686, 1.375 ], [ 103.675, 1.375 ] ] ] } },
{ "type": "Feature", "properties": { "cell_id": "r11_c9", "row": 11, "col": 9, "global_row": 10634, "global_col": 34041, "lon": 103.6791666666667, "lat": 1.3791666666666613 }, "geometry": { "type": "Polygon", "coordinates": [ [ [ 103.683333333333351, 1.375 ], [ 103.683333333333351, 1.383333333333328 ], [ 103.675, 1.383333333333328 ], [ 103.675, 1.375 ], [ 103.683333333333351, 1.375 ] ] ] } },
{ "type": "Feature", "properties": { "cell_id": "r11_c10", "row": 11, "col": 10, "global_row": 10634, "global_col": 34042, "lon": 103.6875, "lat": 1.3791666666666611 }, "geometry": { "type": "Polygon", "coordinates": [ [ [ 103.691666666666691, 1.375 ], [ 103.691666666666691, 1.383333333333328 ], [ 103.683333333333351, 1.383333333333328 ], [ 103.683333333333351, 1.375 ], [ 103.691666666666691, 1.375 ] ] ] } },
{ "type": "Feature", "properties": { "cell_id": "r11_c11", "row": 11, "col": 11, "global_row": 10634, "global_col": 34043, "lon": 103.69583333333334, "lat": 1.3791666666666613 }, "geometry": { "type": "Polygon", "coordinates": [ [ [ 103.7, 1.375 ], [ 103.7, 1.383333333333328 ], [ 103.691666666666691, 1.383333333333328 ], [ 103.691666666666691, 1.375 ], [ 103.7, 1.375 ] ] ] } },
{ "type": "Feature", "properties": { "cell_id": "r11_c12", "row": 11, "col": 12, "global_row": 10634, "global_col": 34044, "lon": 103.70416666666667, "lat": 1.3791666666666611 }, "geometry": { "type": "Polygon", "coordinates": [ [ [ 103.708333333333357, 1.375 ], [ 103.708333333333357, 1.383333333333328 ], [ 103.7, 1.383333333333328 ], [ 103.7, 1.375 ], [ 103.708333333333357, 1.375 ] ] ] } },
{ "type": "Feature", "properties": { "cell_id": "r11_c13", "row": 11, "col": 13, "global_row": 10634, "global_col": 34045, "lon": 103.7125, "lat": 1.3791666666666613 }, "geometry": { "type": "Polygon", "coordinates": [ [ [ 103.716666666666683, 1.375 ], [ 103.716666666666683, 1.383333333333328 ], [ 103.708333333333357, 1.383333333333328 ], [ 103.708333333333357, 1.375 ], [ 103.716666666666683, 1.375 ] ] ] } },
{ "type": "Feature", "properties": { "cell_id": "r11_c14", "row": 11, "col": 14, "global_row": 10634, "global_col": 34046, "lon": 103.72083333333337, "lat": 1.3791666666666611 }, "geometry": { "type": "Polygon", "coordinates": [ [ [ 103.725, 1.375 ], [ 103.725, 1.383333333333328 ], [ 103.716666666666683, 1.383333333333328 ], [ 103.716666666666683, 1.375 ], [ 103.725, 1.375 ] ] ] } },
{ "type": "Feature", "properties": { "cell_id": "r11_c15", "row": 11, "col": 15, "global_row": 10634, "global_col": 34047, "lon": 103.72916666666669, "lat": 1.3791666666666611 }, "geometry": { "type": "Polygon", "coordinates": [ [ [ 103.733333333333363, 1.375 ], [ 103.733333333333363, 1.383333333333328 ], [ 103.725, 1.383333333333328 ], [ 103.725, 1.375 ], [ 103.733333333333363, 1.375 ] ] ] } },
{ "type": "Feature", "properties": { "cell_id": "r11_c16", "row": 11, "col": 16, "global_row": 10634, "global_col": 34048, "lon": 103.7375, "lat": 1.3791666666666613 }, "geometry": { "type": "Polygon", "coordinates": [ [ [ 103.741666666666688, 1.375 ], [ 103.741666666666688, 1.383333333333328 ], [ 103.733333333333363, 1.383333333333328 ], [ 103.733333333333363, 1.375 ], [ 103.741666666666688, 1.375 ] ] ] } },
{ "type": "Feature", "properties": { "cell_id": "r11_c17", "row": 11, "col": 17, "global_row": 10634, "global_col": 34049, "lon": 103.74583333333335, "lat": 1.3791666666666611 }, "geometry": { "type": "Polygon", "coordinates": [ [ [ 103.75, 1.375 ], [ 103.75, 1.383333333333328 ], [ 103.741666666666688, 1.383333333333328 ], [ 103.741666666666688, 1.375 ], [ 103.75, 1.375 ] ] ] } },
{ "type": "Feature", "properties": { "cell_id": "r11_c18", "row": 11, "col": 18, "global_row": 10634, "global_col": 34050, "lon": 103.75416666666671, "lat": 1.3791666666666613 }, "geometry": { "type": "Polygon", "coordinates": [ [ [ 103.758333333333354, 1.375 ], [ 103.758333333333354, 1.383333333333328 ], [ 103.75, 1.383333333333328 ], [ 103.75, 1.375 ], [ 103.758333333333354, 1.375 ] ] ] } },
{ "type": "Feature", "properties": { "cell_id": "r11_c19", "row": 11, "col": 19, "global_row": 10634, "global_col": 34051, "lon": 103.7625, "lat": 1.3791666666666611 }, "geometry": { "type": "Polygon", "coordinates": [ [ [ 103.766666666666694, 1.375 ], [ 103.766666666666694, 1.383333333333328 ], [ 103.758333333333354, 1.383333333333328 ], [ 103.758333333333354, 1.375 ], [ 103.766666666666694, 1.375 ] ] ] } },
{ "type": "Feature", "properties": { "cell_id": "r11_c20", "row": 11, "col": 20, "global_row": 10634, "global_col": 34052, "lon": 103.77083333333336, "lat": 1.3791666666666613 }, "geometry": { "type": "Polygon", "coordinates": [ [ [ 103.775, 1.375 ], [ 103.775, 1.383333333333328 ], [ 103.766666666666694, 1.383333333333328 ], [ 103.766666666666694, 1.375 ], [ 103.775, 1.375 ] ] ] } },
{ "type": "Feature", "properties": { "cell_id": "r11_c21", "row": 11, "col": 21, "global_row": 10634, "global_col": 34053, "lon": 103.7791666666667, "lat": 1.3791666666666611 }, "geometry": { "type": "Polygon", "coordinates": [ [ [ 103.78333333333336, 1.375 ], [ 103.78333333333336, 1.383333333333328 ], [ 103.775, 1.383333333333328 ], [ 103.775, 1.375 ], [ 103.78333333333336, 1.375 ] ] ] } },
{ "type": "Feature", "properties": { "cell_id": "r11_c22", "row": 11, "col": 22, "global_row": 10634, "global_col": 34054, "lon": 103.7875, "lat": 1.3791666666666613 }, "geometry": { "type": "Polygon", "coordinates": [ [ [ 103.791666666666686, 1.375 ], [ 103.791666666666686, 1.383333333333328 ], [ 103.78333333333336, 1.383333333333328 ], [ 103.78333333333336, 1.375 ], [ 103.791666666666686, 1.375 ] ] ] } },
{ "type": "Feature", "properties": { "cell_id": "r11_c23", "row": 11, "col": 23, "global_row": 10634, "global_col": 34055, "lon": 103.79583333333335, "lat": 1.3791666666666611 }, "geometry": { "type": "Polygon", "coordinates": [ [ [ 103.8, 1.375 ], [ 103.8, 1.383333333333328 ], [ 103.791666666666686, 1.383333333333328 ], [ 103.791666666666686, 1.375 ], [ 103.8, 1.375 ] ] ] } },
{ "type": "Feature", "properties": { "cell_id": "r11_c24", "row": 11, "col": 24, "global_row": 10634, "global_col": 34056, "lon": 103.8041666666667, "lat": 1.3791666666666613 }, "geometry": { "type": "Polygon", "coordinates": [ [ [ 103.808333333333351, 1.375 ], [ 103.808333333333351, 1.383333333333328 ], [ 103.8, 1.383333333333328 ], [ 103.8, 1.375 ], [ 103.808333333333351, 1.375 ] ] ] } },
{ "type": "Feature", "properties": { "cell_id": "r11_c25", "row": 11, "col": 25, "global_row": 10634, "global_col": 34057, "lon": 103.8125, "lat": 1.3791666666666611 }, "geometry": { "type": "Polygon", "coordinates": [ [ [ 103.816666666666691, 1.375 ], [ 103.816666666666691, 1.383333333333328 ], [ 103.808333333333351, 1.383333333333328 ], [ 103.808333333333351, 1.375 ], [ 103.816666666666691, 1.375 ] ] ] } },
{ "type": "Feature", "properties": { "cell_id": "r11_c26", "row": 11, "col": 26, "global_row": 10634, "global_col": 34058, "lon": 103.82083333333334, "lat": 1.3791666666666613 }, "geometry": { "type": "Polygon", "coordinates": [ [ [ 103.825, 1.375 ], [ 103.825, 1.383333333333328 ], [ 103.816666666666691, 1.383333333333328 ], [ 103.816666666666691, 1.375 ], [ 103.825, 1.375 ] ] ] } },
{ "type": "Feature", "properties": { "cell_id": "r11_c27", "row": 11, "col": 27, "global_row": 10634, "global_col": 34059, "lon": 103.82916666666668, "lat": 1.3791666666666611 }, "geometry": { "type": "Polygon", "coordinates": [ [ [ 103.833333333333357, 1.375 ], [ 103.833333333333357, 1.383333333333328 ], [ 103.825, 1.383333333333328 ], [ 103.825, 1.375 ], [ 103.833333333333357, 1.375 ] ] ] } },
{ "type": "Feature", "properties": { "cell_id": "r11_c28", "row": 11, "col": 28, "global_row": 10634, "global_col": 34060, "lon": 103.8375, "lat": 1.3791666666666613 }, "geometry": { "type": "Polygon", "coordinates": [ [ [ 103.841666666666683, 1.375 ], [ 103.841666666666683, 1.383333333333328 ], [ 103.833333333333357, 1.383333333333328 ], [ 103.833333333333357, 1.375 ], [ 103.841666666666683, 1.375 ] ] ] } },
{ "type": "Feature", "properties": { "cell_id": "r11_c29", "row": 11, "col": 29, "global_row": 10634, "global_col": 34061, "lon": 103.84583333333335, "lat": 1.3791666666666611 }, "geometry": { "type": "Polygon", "coordinates": [ [ [ 103.85, 1.375 ], [ 103.85, 1.383333333333328 ], [ 103.841666666666683, 1.383333333333328 ], [ 103.841666666666683, 1.375 ], [ 103.85, 1.375 ] ] ] } },
{ "type": "Feature", "properties": { "cell_id": "r11_c30", "row": 11, "col": 30, "global_row": 10634, "global_col": 34062, "lon": 103.85416666666669, "lat": 1.3791666666666611 }, "geometry": { "type": "Polygon", "coordinates": [ [ [ 103.858333333333363, 1.375 ], [ 103.858333333333363, 1.383333333333328 ], [ 103.85, 1.383333333333328 ], [ 103.85, 1.375 ], [ 103.858333333333363, 1.375 ] ] ] } },
{ "type": "Feature", "properties": { "cell_id": "r11_c31", "row": 11, "col": 31, "global_row": 10634, "global_col": 34063, "lon": 103.8625, "lat": 1.3791666666666613 }, "geometry": { "type": "Polygon", "coordinates": [ [ [ 103.866666666666688, 1.375 ], [ 103.866666666666688, 1.383333333333328 ], [ 103.858333333333363, 1.383333333333328 ], [ 103.858333333333363, 1.375 ], [ 103.866666666666688, 1.375 ] ] ] } },
{ "type": "Feature", "properties": { "cell_id": "r11_c32", "row": 11, "col": 32, "global_row": 10634, "global_col": 34064, "lon": 103.87083333333337, "lat": 1.3791666666666611 }, "geometry": { "type": "Polygon", "coordinates": [ [ [ 103.875, 1.375 ], [ 103.875, 1.383333333333328 ], [ 103.866666666666688, 1.383333333333328 ], [ 103.866666666666688, 1.375 ], [ 103.875, 1.375 ] ] ] } },
{ "type": "Feature", "properties": { "cell_id": "r11_c33", "row": 11, "col": 33, "global_row": 10634, "global_col": 34065, "lon": 103.87916666666669, "lat": 1.3791666666666613 }, "geometry": { "type": "Polygon", "coordinates": [ [ [ 103.883333333333354, 1.375 ], [ 103.883333333333354, 1.383333333333328 ], [ 103.875, 1.383333333333328 ], [ 103.875, 1.375 ], [ 103.883333333333354, 1.375 ] ] ] } },
{ "type": "Feature", "properties": { "cell_id": "r11_c34", "row": 11, "col": 34, "global_row": 10634, "global_col": 34066, "lon": 103.8875, "lat": 1.3791666666666611 }, "geometry": { "type": "Polygon", "coordinates": [ [ [ 103.891666666666694, 1.375 ], [ 103.891666666666694, 1.383333333333328 ], [ 103.883333333333354, 1.383333333333328 ], [ 103.883333333333354, 1.375 ], [ 103.891666666666694, 1.375 ] ] ] } },
{ "type": "Feature", "properties": { "cell_id": "r11_c35", "row": 11, "col": 35, "global_row": 10634, "global_col": 34067, "lon": 103.89583333333336, "lat": 1.3791666666666613 }, "geometry": { "type": "Polygon", "coordinates": [ [ [ 103.9, 1.375 ], [ 103.9, 1.383333333333328 ], [ 103.891666666666694, 1.383333333333328 ], [ 103.891666666666694, 1.375 ], [ 103.9, 1.375 ] ] ] } },
{ "type": "Feature", "properties": { "cell_id": "r11_c36", "row": 11, "col": 36, "global_row": 10634, "global_col": 34068, "lon": 103.9041666666667, "lat": 1.3791666666666611 }, "geometry": { "type": "Polygon", "coordinates": [ [ [ 103.90833333333336, 1.375 ], [ 103.90833333333336, 1.383333333333328 ], [ 103.9, 1.383333333333328 ], [ 103.9, 1.375 ], [ 103.90833333333336, 1.375 ] ] ] } },
{ "type": "Feature", "properties": { "cell_id": "r11_c37", "row": 11, "col": 37, "global_row": 10634, "global_col": 34069, "lon": 103.9125, "lat": 1.3791666666666613 }, "geometry": { "type": "Polygon", "coordinates": [ [ [ 103.916666666666686, 1.375 ], [ 103.916666666666686, 1.383333333333328 ], [ 103.90833333333336, 1.383333333333328 ], [ 103.90833333333336, 1.375 ], [ 103.916666666666686, 1.375 ] ] ] } },
{ "type": "Feature", "properties": { "cell_id": "r11_c38", "row": 11, "col": 38, "global_row": 10634, "global_col": 34070, "lon": 103.92083333333336, "lat": 1.3791666666666611 }, "geometry": { "type": "Polygon", "coordinates": [ [ [ 103.925, 1.375 ], [ 103.925, 1.383333333333328 ], [ 103.916666666666686, 1.383333333333328 ], [ 103.916666666666686, 1.375 ], [ 103.925, 1.375 ] ] ] } },
{ "type": "Feature", "properties": { "cell_id": "r11_c39", "row": 11, "col": 39, "global_row": 10634, "global_col": 34071, "lon": 103.9291666666667, "lat": 1.3791666666666613 }, "geometry": { "type": "Polygon", "coordinates": [ [ [ 103.933333333333351, 1.375 ], [ 103.933333333333351, 1.383333333333328 ], [ 103.925, 1.383333333333328 ], [ 103.925, 1.375 ], [ 103.933333333333351, 1.375 ] ] ] } },
{ "type": "Feature", "properties": { "cell_id": "r11_c40", "row": 11, "col": 40, "global_row": 10634, "global_col": 34072, "lon": 103.9375, "lat": 1.3791666666666611 }, "geometry": { "type": "Polygon", "coordinates": [ [ [ 103.941666666666691, 1.375 ], [ 103.941666666666691, 1.383333333333328 ], [ 103.933333333333351, 1.383333333333328 ], [ 103.933333333333351, 1.375 ], [ 103.941666666666691, 1.375 ] ] ] } },
{ "type": "Feature", "properties": { "cell_id": "r11_c41", "row": 11, "col": 41, "global_row": 10634, "global_col": 34073, "lon": 103.94583333333335, "lat": 1.3791666666666613 }, "geometry": { "type": "Polygon", "coordinates": [ [ [ 103.95, 1.375 ], [ 103.95, 1.383333333333328 ], [ 103.941666666666691, 1.383333333333328 ], [ 103.941666666666691, 1.375 ], [ 103.95, 1.375 ] ] ] } },
{ "type": "Feature", "properties": { "cell_id": "r11_c42", "row": 11, "col": 42, "global_row": 10634, "global_col": 34074, "lon": 103.95416666666668, "lat": 1.3791666666666611 }, "geometry": { "type": "Polygon", "coordinates": [ [ [ 103.958333333333357, 1.375 ], [ 103.958333333333357, 1.383333333333328 ], [ 103.95, 1.383333333333328 ], [ 103.95, 1.375 ], [ 103.958333333333357, 1.375 ] ] ] } },
{ "type": "Feature", "properties": { "cell_id": "r11_c43", "row": 11, "col": 43, "global_row": 10634, "global_col": 34075, "lon": 103.9625, "lat": 1.3791666666666613 }, "geometry": { "type": "Polygon", "coordinates": [ [ [ 103.966666666666683, 1.375 ], [ 103.966666666666683, 1.383333333333328 ], [ 103.958333333333357, 1.383333333333328 ], [ 103.958333333333357, 1.375 ], [ 103.966666666666683, 1.375 ] ] ] } },
{ "type": "Feature", "properties": { "cell_id": "r11_c44", "row": 11, "col": 44, "global_row": 10634, "global_col": 34076, "lon": 103.97083333333337, "lat": 1.3791666666666611 }, "geometry": { "type": "Polygon", "coordinates": [ [ [ 103.975, 1.375 ], [ 103.975, 1.383333333333328 ], [ 103.966666666666683, 1.383333333333328 ], [ 103.966666666666683, 1.375 ], [ 103.975, 1.375 ] ] ] } },
{ "type": "Feature", "properties": { "cell_id": "r11_c45", "row": 11, "col": 45, "global_row": 10634, "global_col": 34077, "lon": 103.97916666666669, "lat": 1.3791666666666611 }, "geometry": { "type": "Polygon", "coordinates": [ [ [ 103.983333333333363, 1.375 ], [ 103.983333333333363, 1.383333333333328 ], [ 103.975, 1.383333333333328 ], [ 103.975, 1.375 ], [ 103.983333333333363, 1.375 ] ] ] } },
{ "type": "Feature", "properties": { "cell_id": "r11_c46", "row": 11, "col": 46, "global_row": 10634, "global_col": 34078, "lon": 103.9875, "lat": 1.3791666666666613 }, "geometry": { "type": "Polygon", "coordinates": [ [ [ 103.991666666666688, 1.375 ], [ 103.991666666666688, 1.383333333333328 ], [ 103.983333333333363, 1.383333333333328 ], [ 103.983333333333363, 1.375 ], [ 103.991666666666688, 1.375 ] ] ] } },
{ "type": "Feature", "properties": { "cell_id": "r11_c47", "row": 11, "col": 47, "global_row": 10634, "global_col": 34079, "lon": 103.99583333333335, "lat": 1.3791666666666611 }, "geometry": { "type": "Polygon", "coordinates": [ [ [ 104.0, 1.375 ], [ 104.0, 1.383333333333328 ], [ 103.991666666666688, 1.383333333333328 ], [ 103.991666666666688, 1.375 ], [ 104.0, 1.375 ] ] ] } },
{ "type": "Feature", "properties": { "cell_id": "r11_c52", "row": 11, "col": 52, "global_row": 10634, "global_col": 34084, "lon": 104.0375, "lat": 1.3791666666666613 }, "geometry": { "type": "Polygon", "coordinates": [ [ [ 104.041666666666686, 1.375 ], [ 104.041666666666686, 1.383333333333328 ], [ 104.03333333333336, 1.383333333333328 ], [ 104.03333333333336, 1.375 ], [ 104.041666666666686, 1.375 ] ] ] } },
{ "type": "Feature", "properties": { "cell_id": "r11_c53", "row": 11, "col": 53, "global_row": 10634, "global_col": 34085, "lon": 104.04583333333335, "lat": 1.3791666666666611 }, "geometry": { "type": "Polygon", "coordinates": [ [ [ 104.05, 1.375 ], [ 104.05, 1.383333333333328 ], [ 104.041666666666686, 1.383333333333328 ], [ 104.041666666666686, 1.375 ], [ 104.05, 1.375 ] ] ] } },
{ "type": "Feature", "properties": { "cell_id": "r11_c54", "row": 11, "col": 54, "global_row": 10634, "global_col": 34086, "lon": 104.0541666666667, "lat": 1.3791666666666613 }, "geometry": { "type": "Polygon", "coordinates": [ [ [ 104.058333333333351, 1.375 ], [ 104.058333333333351, 1.383333333333328 ], [ 104.05, 1.383333333333328 ], [ 104.05, 1.375 ], [ 104.058333333333351, 1.375 ] ] ] } },
{ "type": "Feature", "properties": { "cell_id": "r11_c55", "row": 11, "col": 55, "global_row": 10634, "global_col": 34087, "lon": 104.0625, "lat": 1.3791666666666611 }, "geometry": { "type": "Polygon", "coordinates": [ [ [ 104.066666666666691, 1.375 ], [ 104.066666666666691, 1.383333333333328 ], [ 104.058333333333351, 1.383333333333328 ], [ 104.058333333333351, 1.375 ], [ 104.066666666666691, 1.375 ] ] ] } },
{ "type": "Feature", "properties": { "cell_id": "r11_c56", "row": 11, "col": 56, "global_row": 10634, "global_col": 34088, "lon": 104.07083333333335, "lat": 1.3791666666666613 }, "geometry": { "type": "Polygon", "coordinates": [ [ [ 104.075, 1.375 ], [ 104.075, 1.383333333333328 ], [ 104.066666666666691, 1.383333333333328 ], [ 104.066666666666691, 1.375 ], [ 104.075, 1.375 ] ] ] } },
{ "type": "Feature", "properties": { "cell_id": "r12_c6", "row": 12, "col": 6, "global_row": 10635, "global_col": 34038, "lon": 103.65416666666671, "lat": 1.3708333333333276 }, "geometry": { "type": "Polygon", "coordinates": [ [ [ 103.65833333333336, 1.366666666666661 ], [ 103.65833333333336, 1.375 ], [ 103.65, 1.375 ], [ 103.65, 1.366666666666661 ], [ 103.65833333333336, 1.366666666666661 ] ] ] } },
{ "type": "Feature", "properties": { "cell_id": "r12_c7", "row": 12, "col": 7, "global_row": 10635, "global_col": 34039, "lon": 103.6625, "lat": 1.3708333333333276 }, "geometry": { "type": "Polygon", "coordinates": [ [ [ 103.666666666666686, 1.366666666666661 ], [ 103.666666666666686, 1.375 ], [ 103.65833333333336, 1.375 ], [ 103.65833333333336, 1.366666666666661 ], [ 103.666666666666686, 1.366666666666661 ] ] ] } },
{ "type": "Feature", "properties": { "cell_id": "r12_c8", "row": 12, "col": 8, "global_row": 10635, "global_col": 34040, "lon": 103.67083333333335, "lat": 1.3708333333333276 }, "geometry": { "type": "Polygon", "coordinates": [ [ [ 103.675, 1.366666666666661 ], [ 103.675, 1.375 ], [ 103.666666666666686, 1.375 ], [ 103.666666666666686, 1.366666666666661 ], [ 103.675, 1.366666666666661 ] ] ] } },
{ "type": "Feature", "properties": { "cell_id": "r12_c9", "row": 12, "col": 9, "global_row": 10635, "global_col": 34041, "lon": 103.67916666666669, "lat": 1.3708333333333276 }, "geometry": { "type": "Polygon", "coordinates": [ [ [ 103.683333333333351, 1.366666666666661 ], [ 103.683333333333351, 1.375 ], [ 103.675, 1.375 ], [ 103.675, 1.366666666666661 ], [ 103.683333333333351, 1.366666666666661 ] ] ] } },
{ "type": "Feature", "properties": { "cell_id": "r12_c10", "row": 12, "col": 10, "global_row": 10635, "global_col": 34042, "lon": 103.6875, "lat": 1.3708333333333276 }, "geometry": { "type": "Polygon", "coordinates": [ [ [ 103.691666666666691, 1.366666666666661 ], [ 103.691666666666691, 1.375 ], [ 103.683333333333351, 1.375 ], [ 103.683333333333351, 1.366666666666661 ], [ 103.691666666666691, 1.366666666666661 ] ] ] } },
{ "type": "Feature", "properties": { "cell_id": "r12_c11", "row": 12, "col": 11, "global_row": 10635, "global_col": 34043, "lon": 103.69583333333334, "lat": 1.3708333333333276 }, "geometry": { "type": "Polygon", "coordinates": [ [ [ 103.7, 1.366666666666661 ], [ 103.7, 1.375 ], [ 103.691666666666691, 1.375 ], [ 103.691666666666691, 1.366666666666661 ], [ 103.7, 1.366666666666661 ] ] ] } },
{ "type": "Feature", "properties": { "cell_id": "r12_c12", "row": 12, "col": 12, "global_row": 10635, "global_col": 34044, "lon": 103.70416666666668, "lat": 1.3708333333333276 }, "geometry": { "type": "Polygon", "coordinates": [ [ [ 103.708333333333357, 1.366666666666661 ], [ 103.708333333333357, 1.375 ], [ 103.7, 1.375 ], [ 103.7, 1.366666666666661 ], [ 103.708333333333357, 1.366666666666661 ] ] ] } },
{ "type": "Feature", "properties": { "cell_id": "r12_c13", "row": 12, "col": 13, "global_row": 10635, "global_col": 34045, "lon": 103.7125, "lat": 1.3708333333333276 }, "geometry": { "type": "Polygon", "coordinates": [ [ [ 103.716666666666683, 1.366666666666661 ], [ 103.716666666666683, 1.375 ], [ 103.708333333333357, 1.375 ], [ 103.708333333333357, 1.366666666666661 ], [ 103.716666666666683, 1.366666666666661 ] ] ] } },
{ "type": "Feature", "properties": { "cell_id": "r12_c14", "row": 12, "col": 14, "global_row": 10635, "global_col": 34046, "lon": 103.72083333333336, "lat": 1.3708333333333276 }, "geometry": { "type": "Polygon", "coordinates": [ [ [ 103.725, 1.366666666666661 ], [ 103.725, 1.375 ], [ 103.716666666666683, 1.375 ], [ 103.716666666666683, 1.366666666666661 ], [ 103.725, 1.366666666666661 ] ] ] } },
{ "type": "Feature", "properties": { "cell_id": "r12_c15", "row": 12, "col": 15, "global_row": 10635, "global_col": 34047, "lon": 103.72916666666667, "lat": 1.3708333333333276 }, "geometry": { "type": "Polygon", "coordinates": [ [ [ 103.733333333333363, 1.366666666666661 ], [ 103.733333333333363, 1.375 ], [ 103.725, 1.375 ], [ 103.725, 1.366666666666661 ], [ 103.733333333333363, 1.366666666666661 ] ] ] } },
{ "type": "Feature", "properties": { "cell_id": "r12_c16", "row": 12, "col": 16, "global_row": 10635, "global_col": 34048, "lon": 103.7375, "lat": 1.3708333333333276 }, "geometry": { "type": "Polygon", "coordinates": [ [ [ 103.741666666666688, 1.366666666666661 ], [ 103.741666666666688, 1.375 ], [ 103.733333333333363, 1.375 ], [ 103.733333333333363, 1.366666666666661 ], [ 103.741666666666688, 1.366666666666661 ] ] ] } },
{ "type": "Feature", "properties": { "cell_id": "r12_c17", "row": 12, "col": 17, "global_row": 10635, "global_col": 34049, "lon": 103.74583333333337, "lat": 1.3708333333333276 }, "geometry": { "type": "Polygon", "coordinates": [ [ [ 103.75, 1.366666666666661 ], [ 103.75, 1.375 ], [ 103.741666666666688, 1.375 ], [ 103.741666666666688, 1.366666666666661 ], [ 103.75, 1.366666666666661 ] ] ] } },
{ "type": "Feature", "properties": { "cell_id": "r12_c18", "row": 12, "col": 18, "global_row": 10635, "global_col": 34050, "lon": 103.75416666666671, "lat": 1.3708333333333276 }, "geometry": { "type": "Polygon", "coordinates": [ [ [ 103.758333333333354, 1.366666666666661 ], [ 103.758333333333354, 1.375 ], [ 103.75, 1.375 ], [ 103.75, 1.366666666666661 ], [ 103.758333333333354, 1.366666666666661 ] ] ] } },
{ "type": "Feature", "properties": { "cell_id": "r12_c19", "row": 12, "col": 19, "global_row": 10635, "global_col": 34051, "lon": 103.7625, "lat": 1.3708333333333276 }, "geometry": { "type": "Polygon", "coordinates": [ [ [ 103.766666666666694, 1.366666666666661 ], [ 103.766666666666694, 1.375 ], [ 103.758333333333354, 1.375 ], [ 103.758333333333354, 1.366666666666661 ], [ 103.766666666666694, 1.366666666666661 ] ] ] } },
{ "type": "Feature", "properties": { "cell_id": "r12_c20", "row": 12, "col": 20, "global_row": 10635, "global_col": 34052, "lon": 103.77083333333334, "lat": 1.3708333333333276 }, "geometry": { "type": "Polygon", "coordinates": [ [ [ 103.775, 1.366666666666661 ], [ 103.775, 1.375 ], [ 103.766666666666694, 1.375 ], [ 103.766666666666694, 1.366666666666661 ], [ 103.775, 1.366666666666661 ] ] ] } },
{ "type": "Feature", "properties": { "cell_id": "r12_c21", "row": 12, "col": 21, "global_row": 10635, "global_col": 34053, "lon": 103.7791666666667, "lat": 1.3708333333333276 }, "geometry": { "type": "Polygon", "coordinates": [ [ [ 103.78333333333336, 1.366666666666661 ], [ 103.78333333333336, 1.375 ], [ 103.775, 1.375 ], [ 103.775, 1.366666666666661 ], [ 103.78333333333336, 1.366666666666661 ] ] ] } },
{ "type": "Feature", "properties": { "cell_id": "r12_c22", "row": 12, "col": 22, "global_row": 10635, "global_col": 34054, "lon": 103.7875, "lat": 1.3708333333333276 }, "geometry": { "type": "Polygon", "coordinates": [ [ [ 103.791666666666686, 1.366666666666661 ], [ 103.791666666666686, 1.375 ], [ 103.78333333333336, 1.375 ], [ 103.78333333333336, 1.366666666666661 ], [ 103.791666666666686, 1.366666666666661 ] ] ] } },
{ "type": "Feature", "properties": { "cell_id": "r12_c23", "row": 12, "col": 23, "global_row": 10635, "global_col": 34055, "lon": 103.79583333333336, "lat": 1.3708333333333276 }, "geometry": { "type": "Polygon", "coordinates": [ [ [ 103.8, 1.366666666666661 ], [ 103.8, 1.375 ], [ 103.791666666666686, 1.375 ], [ 103.791666666666686, 1.366666666666661 ], [ 103.8, 1.366666666666661 ] ] ] } },
{ "type": "Feature", "properties": { "cell_id": "r12_c24", "row": 12, "col": 24, "global_row": 10635, "global_col": 34056, "lon": 103.80416666666667, "lat": 1.3708333333333276 }, "geometry": { "type": "Polygon", "coordinates": [ [ [ 103.808333333333351, 1.366666666666661 ], [ 103.808333333333351, 1.375 ], [ 103.8, 1.375 ], [ 103.8, 1.366666666666661 ], [ 103.808333333333351, 1.366666666666661 ] ] ] } },
{ "type": "Feature", "properties": { "cell_id": "r12_c25", "row": 12, "col": 25, "global_row": 10635, "global_col": 34057, "lon": 103.8125, "lat": 1.3708333333333276 }, "geometry": { "type": "Polygon", "coordinates": [ [ [ 103.816666666666691, 1.366666666666661 ], [ 103.816666666666691, 1.375 ], [ 103.808333333333351, 1.375 ], [ 103.808333333333351, 1.366666666666661 ], [ 103.816666666666691, 1.366666666666661 ] ] ] } },
{ "type": "Feature", "properties": { "cell_id": "r12_c26", "row": 12, "col": 26, "global_row": 10635, "global_col": 34058, "lon": 103.82083333333334, "lat": 1.3708333333333276 }, "geometry": { "type": "Polygon", "coordinates": [ [ [ 103.825, 1.366666666666661 ], [ 103.825, 1.375 ], [ 103.816666666666691, 1.375 ], [ 103.816666666666691, 1.366666666666661 ], [ 103.825, 1.366666666666661 ] ] ] } },
{ "type": "Feature", "properties": { "cell_id": "r12_c27", "row": 12, "col": 27, "global_row": 10635, "global_col": 34059, "lon": 103.82916666666668, "lat": 1.3708333333333276 }, "geometry": { "type": "Polygon", "coordinates": [ [ [ 103.833333333333357, 1.366666666666661 ], [ 103.833333333333357, 1.375 ], [ 103.825, 1.375 ], [ 103.825, 1.366666666666661 ], [ 103.833333333333357, 1.366666666666661 ] ] ] } },
{ "type": "Feature", "properties": { "cell_id": "r12_c28", "row": 12, "col": 28, "global_row": 10635, "global_col": 34060, "lon": 103.8375, "lat": 1.3708333333333276 }, "geometry": { "type": "Polygon", "coordinates": [ [ [ 103.841666666666683, 1.366666666666661 ], [ 103.841666666666683, 1.375 ], [ 103.833333333333357, 1.375 ], [ 103.833333333333357, 1.366666666666661 ], [ 103.841666666666683, 1.366666666666661 ] ] ] } },
{ "type": "Feature", "properties": { "cell_id": "r12_c29", "row": 12, "col": 29, "global_row": 10635, "global_col": 34061, "lon": 103.84583333333335, "lat": 1.3708333333333276 }, "geometry": { "type": "Polygon", "coordinates": [ [ [ 103.85, 1.366666666666661 ], [ 103.85, 1.375 ], [ 103.841666666666683, 1.375 ], [ 103.841666666666683, 1.366666666666661 ], [ 103.85, 1.366666666666661 ] ] ] } },
{ "type": "Feature", "properties": { "cell_id": "r12_c30", "row": 12, "col": 30, "global_row": 10635, "global_col": 34062, "lon": 103.85416666666669, "lat": 1.3708333333333276 }, "geometry": { "type": "Polygon", "coordinates": [ [ [ 103.858333333333363, 1.366666666666661 ], [ 103.858333333333363, 1.375 ], [ 103.85, 1.375 ], [ 103.85, 1.366666666666661 ], [ 103.858333333333363, 1.366666666666661 ] ] ] } },
{ "type": "Feature", "properties": { "cell_id": "r12_c31", "row": 12, "col": 31, "global_row": 10635, "global_col": 34063, "lon": 103.8625, "lat": 1.3708333333333276 }, "geometry": { "type": "Polygon", "coordinates": [ [ [ 103.866666666666688, 1.366666666666661 ], [ 103.866666666666688, 1.375 ], [ 103.858333333333363, 1.375 ], [ 103.858333333333363, 1.366666666666661 ], [ 103.866666666666688, 1.366666666666661 ] ] ] } },
{ "type": "Feature", "properties": { "cell_id": "r12_c32", "row": 12, "col": 32, "global_row": 10635, "global_col": 34064, "lon": 103.87083333333335, "lat": 1.3708333333333276 }, "geometry": { "type": "Polygon", "coordinates": [ [ [ 103.875, 1.366666666666661 ], [ 103.875, 1.375 ], [ 103.866666666666688, 1.375 ], [ 103.866666666666688, 1.366666666666661 ], [ 103.875, 1.366666666666661 ] ] ] } },
{ "type": "Feature", "properties": { "cell_id": "r12_c33", "row": 12, "col": 33, "global_row": 10635, "global_col": 34065, "lon": 103.87916666666672, "lat": 1.3708333333333276 }, "geometry": { "type": "Polygon", "coordinates": [ [ [ 103.883333333333354, 1.366666666666661 ], [ 103.883333333333354, 1.375 ], [ 103.875, 1.375 ], [ 103.875, 1.366666666666661 ], [ 103.883333333333354, 1.366666666666661 ] ] ] } },
{ "type": "Feature", "properties": { "cell_id": "r12_c34", "row": 12, "col": 34, "global_row": 10635, "global_col": 34066, "lon": 103.8875, "lat": 1.3708333333333276 }, "geometry": { "type": "Polygon", "coordinates": [ [ [ 103.891666666666694, 1.366666666666661 ], [ 103.891666666666694, 1.375 ], [ 103.883333333333354, 1.375 ], [ 103.883333333333354, 1.366666666666661 ], [ 103.891666666666694, 1.366666666666661 ] ] ] } },
{ "type": "Feature", "properties": { "cell_id": "r12_c35", "row": 12, "col": 35, "global_row": 10635, "global_col": 34067, "lon": 103.89583333333336, "lat": 1.3708333333333276 }, "geometry": { "type": "Polygon", "coordinates": [ [ [ 103.9, 1.366666666666661 ], [ 103.9, 1.375 ], [ 103.891666666666694, 1.375 ], [ 103.891666666666694, 1.366666666666661 ], [ 103.9, 1.366666666666661 ] ] ] } },
{ "type": "Feature", "properties": { "cell_id": "r12_c36", "row": 12, "col": 36, "global_row": 10635, "global_col": 34068, "lon": 103.90416666666668, "lat": 1.3708333333333276 }, "geometry": { "type": "Polygon", "coordinates": [ [ [ 103.90833333333336, 1.366666666666661 ], [ 103.90833333333336, 1.375 ], [ 103.9, 1.375 ], [ 103.9, 1.366666666666661 ], [ 103.90833333333336, 1.366666666666661 ] ] ] } },
{ "type": "Feature", "properties": { "cell_id": "r12_c37", "row": 12, "col": 37, "global_row": 10635, "global_col": 34069, "lon": 103.9125, "lat": 1.3708333333333276 }, "geometry": { "type": "Polygon", "coordinates": [ [ [ 103.916666666666686, 1.366666666666661 ], [ 103.916666666666686, 1.375 ], [ 103.90833333333336, 1.375 ], [ 103.90833333333336, 1.366666666666661 ], [ 103.916666666666686, 1.366666666666661 ] ] ] } },
{ "type": "Feature", "properties": { "cell_id": "r12_c38", "row": 12, "col": 38, "global_row": 10635, "global_col": 34070, "lon": 103.92083333333336, "lat": 1.3708333333333276 }, "geometry": { "type": "Polygon", "coordinates": [ [ [ 103.925, 1.366666666666661 ], [ 103.925, 1.375 ], [ 103.916666666666686, 1.375 ], [ 103.916666666666686, 1.366666666666661 ], [ 103.925, 1.366666666666661 ] ] ] } },
{ "type": "Feature", "properties": { "cell_id": "r12_c39", "row": 12, "col": 39, "global_row": 10635, "global_col": 34071, "lon": 103.92916666666669, "lat": 1.3708333333333276 }, "geometry": { "type": "Polygon", "coordinates": [ [ [ 103.933333333333351, 1.366666666666661 ], [ 103.933333333333351, 1.375 ], [ 103.925, 1.375 ], [ 103.925, 1.366666666666661 ], [ 103.933333333333351, 1.366666666666661 ] ] ] } },
{ "type": "Feature", "properties": { "cell_id": "r12_c40", "row": 12, "col": 40, "global_row": 10635, "global_col": 34072, "lon": 103.9375, "lat": 1.3708333333333276 }, "geometry": { "type": "Polygon", "coordinates": [ [ [ 103.941666666666691, 1.366666666666661 ], [ 103.941666666666691, 1.375 ], [ 103.933333333333351, 1.375 ], [ 103.933333333333351, 1.366666666666661 ], [ 103.941666666666691, 1.366666666666661 ] ] ] } },
{ "type": "Feature", "properties": { "cell_id": "r12_c41", "row": 12, "col": 41, "global_row": 10635, "global_col": 34073, "lon": 103.94583333333334, "lat": 1.3708333333333276 }, "geometry": { "type": "Polygon", "coordinates": [ [ [ 103.95, 1.366666666666661 ], [ 103.95, 1.375 ], [ 103.941666666666691, 1.375 ], [ 103.941666666666691, 1.366666666666661 ], [ 103.95, 1.366666666666661 ] ] ] } },
{ "type": "Feature", "properties": { "cell_id": "r12_c42", "row": 12, "col": 42, "global_row": 10635, "global_col": 34074, "lon": 103.95416666666669, "lat": 1.3708333333333276 }, "geometry": { "type": "Polygon", "coordinates": [ [ [ 103.958333333333357, 1.366666666666661 ], [ 103.958333333333357, 1.375 ], [ 103.95, 1.375 ], [ 103.95, 1.366666666666661 ], [ 103.958333333333357, 1.366666666666661 ] ] ] } },
{ "type": "Feature", "properties": { "cell_id": "r12_c43", "row": 12, "col": 43, "global_row": 10635, "global_col": 34075, "lon": 103.9625, "lat": 1.3708333333333276 }, "geometry": { "type": "Polygon", "coordinates": [ [ [ 103.966666666666683, 1.366666666666661 ], [ 103.966666666666683, 1.375 ], [ 103.958333333333357, 1.375 ], [ 103.958333333333357, 1.366666666666661 ], [ 103.966666666666683, 1.366666666666661 ] ] ] } },
{ "type": "Feature", "properties": { "cell_id": "r12_c44", "row": 12, "col": 44, "global_row": 10635, "global_col": 34076, "lon": 103.97083333333336, "lat": 1.3708333333333276 }, "geometry": { "type": "Polygon", "coordinates": [ [ [ 103.975, 1.366666666666661 ], [ 103.975, 1.375 ], [ 103.966666666666683, 1.375 ], [ 103.966666666666683, 1.366666666666661 ], [ 103.975, 1.366666666666661 ] ] ] } },
{ "type": "Feature", "properties": { "cell_id": "r12_c45", "row": 12, "col": 45, "global_row": 10635, "global_col": 34077, "lon": 103.97916666666669, "lat": 1.3708333333333276 }, "geometry": { "type": "Polygon", "coordinates": [ [ [ 103.983333333333363, 1.366666666666661 ], [ 103.983333333333363, 1.375 ], [ 103.975, 1.375 ], [ 103.975, 1.366666666666661 ], [ 103.983333333333363, 1.366666666666661 ] ] ] } },
{ "type": "Feature", "properties": { "cell_id": "r12_c46", "row": 12, "col": 46, "global_row": 10635, "global_col": 34078, "lon": 103.9875, "lat": 1.3708333333333276 }, "geometry": { "type": "Polygon", "coordinates": [ [ [ 103.991666666666688, 1.366666666666661 ], [ 103.991666666666688, 1.375 ], [ 103.983333333333363, 1.375 ], [ 103.983333333333363, 1.366666666666661 ], [ 103.991666666666688, 1.366666666666661 ] ] ] } },
{ "type": "Feature", "properties": { "cell_id": "r12_c47", "row": 12, "col": 47, "global_row": 10635, "global_col": 34079, "lon": 103.99583333333335, "lat": 1.3708333333333276 }, "geometry": { "type": "Polygon", "coordinates": [ [ [ 104.0, 1.366666666666661 ], [ 104.0, 1.375 ], [ 103.991666666666688, 1.375 ], [ 103.991666666666688, 1.366666666666661 ], [ 104.0, 1.366666666666661 ] ] ] } },
{ "type": "Feature", "properties": { "cell_id": "r12_c48", "row": 12, "col": 48, "global_row": 10635, "global_col": 34080, "lon": 104.00416666666671, "lat": 1.3708333333333276 }, "geometry": { "type": "Polygon", "coordinates": [ [ [ 104.008333333333354, 1.366666666666661 ], [ 104.008333333333354, 1.375 ], [ 104.0, 1.375 ], [ 104.0, 1.366666666666661 ], [ 104.008333333333354, 1.366666666666661 ] ] ] } },
{ "type": "Feature", "properties": { "cell_id": "r12_c53", "row": 12, "col": 53, "global_row": 10635, "global_col": 34085, "lon": 104.04583333333336, "lat": 1.3708333333333276 }, "geometry": { "type": "Polygon", "coordinates": [ [ [ 104.05, 1.366666666666661 ], [ 104.05, 1.375 ], [ 104.041666666666686, 1.375 ], [ 104.041666666666686, 1.366666666666661 ], [ 104.05, 1.366666666666661 ] ] ] } },
{ "type": "Feature", "properties": { "cell_id": "r12_c54", "row": 12, "col": 54, "global_row": 10635, "global_col": 34086, "lon": 104.05416666666669, "lat": 1.3708333333333276 }, "geometry": { "type": "Polygon", "coordinates": [ [ [ 104.058333333333351, 1.366666666666661 ], [ 104.058333333333351, 1.375 ], [ 104.05, 1.375 ], [ 104.05, 1.366666666666661 ], [ 104.058333333333351, 1.366666666666661 ] ] ] } },
{ "type": "Feature", "properties": { "cell_id": "r12_c55", "row": 12, "col": 55, "global_row": 10635, "global_col": 34087, "lon": 104.0625, "lat": 1.3708333333333276 }, "geometry": { "type": "Polygon", "coordinates": [ [ [ 104.066666666666691, 1.366666666666661 ], [ 104.066666666666691, 1.375 ], [ 104.058333333333351, 1.375 ], [ 104.058333333333351, 1.366666666666661 ], [ 104.066666666666691, 1.366666666666661 ] ] ] } },
{ "type": "Feature", "properties": { "cell_id": "r12_c56", "row": 12, "col": 56, "global_row": 10635, "global_col": 34088, "lon": 104.07083333333334, "lat": 1.3708333333333276 }, "geometry": { "type": "Polygon", "coordinates": [ [ [ 104.075, 1.366666666666661 ], [ 104.075, 1.375 ], [ 104.066666666666691, 1.375 ], [ 104.066666666666691, 1.366666666666661 ], [ 104.075, 1.366666666666661 ] ] ] } },
{ "type": "Feature", "properties": { "cell_id": "r13_c5", "row": 13, "col": 5, "global_row": 10636, "global_col": 34037, "lon": 103.64583333333336, "lat": 1.3625 }, "geometry": { "type": "Polygon", "coordinates": [ [ [ 103.65, 1.358333333333328 ], [ 103.65, 1.366666666666661 ], [ 103.641666666666694, 1.366666666666661 ], [ 103.641666666666694, 1.358333333333328 ], [ 103.65, 1.358333333333328 ] ] ] } },
{ "type": "Feature", "properties": { "cell_id": "r13_c6", "row": 13, "col": 6, "global_row": 10636, "global_col": 34038, "lon": 103.65416666666671, "lat": 1.3625 }, "geometry": { "type": "Polygon", "coordinates": [ [ [ 103.65833333333336, 1.358333333333328 ], [ 103.65833333333336, 1.366666666666661 ], [ 103.65, 1.366666666666661 ], [ 103.65, 1.358333333333328 ], [ 103.65833333333336, 1.358333333333328 ] ] ] } },
{ "type": "Feature", "properties": { "cell_id": "r13_c7", "row": 13, "col": 7, "global_row": 10636, "global_col": 34039, "lon": 103.6625, "lat": 1.3625 }, "geometry": { "type": "Polygon", "coordinates": [ [ [ 103.666666666666686, 1.358333333333328 ], [ 103.666666666666686, 1.366666666666661 ], [ 103.65833333333336, 1.366666666666661 ], [ 103.65833333333336, 1.358333333333328 ], [ 103.666666666666686, 1.358333333333328 ] ] ] } },
{ "type": "Feature", "properties": { "cell_id": "r13_c8", "row": 13, "col": 8, "global_row": 10636, "global_col": 34040, "lon": 103.67083333333335, "lat": 1.3625 }, "geometry": { "type": "Polygon", "coordinates": [ [ [ 103.675, 1.358333333333328 ], [ 103.675, 1.366666666666661 ], [ 103.666666666666686, 1.366666666666661 ], [ 103.666666666666686, 1.358333333333328 ], [ 103.675, 1.358333333333328 ] ] ] } },
{ "type": "Feature", "properties": { "cell_id": "r13_c9", "row": 13, "col": 9, "global_row": 10636, "global_col": 34041, "lon": 103.67916666666669, "lat": 1.3625 }, "geometry": { "type": "Polygon", "coordinates": [ [ [ 103.683333333333351, 1.358333333333328 ], [ 103.683333333333351, 1.366666666666661 ], [ 103.675, 1.366666666666661 ], [ 103.675, 1.358333333333328 ], [ 103.683333333333351, 1.358333333333328 ] ] ] } },
{ "type": "Feature", "properties": { "cell_id": "r13_c10", "row": 13, "col": 10, "global_row": 10636, "global_col": 34042, "lon": 103.6875, "lat": 1.3625 }, "geometry": { "type": "Polygon", "coordinates": [ [ [ 103.691666666666691, 1.358333333333328 ], [ 103.691666666666691, 1.366666666666661 ], [ 103.683333333333351, 1.366666666666661 ], [ 103.683333333333351, 1.358333333333328 ], [ 103.691666666666691, 1.358333333333328 ] ] ] } },
{ "type": "Feature", "properties": { "cell_id": "r13_c11", "row": 13, "col": 11, "global_row": 10636, "global_col": 34043, "lon": 103.69583333333334, "lat": 1.3625 }, "geometry": { "type": "Polygon", "coordinates": [ [ [ 103.7, 1.358333333333328 ], [ 103.7, 1.366666666666661 ], [ 103.691666666666691, 1.366666666666661 ], [ 103.691666666666691, 1.358333333333328 ], [ 103.7, 1.358333333333328 ] ] ] } },
{ "type": "Feature", "properties": { "cell_id": "r13_c12", "row": 13, "col": 12, "global_row": 10636, "global_col": 34044, "lon": 103.70416666666668, "lat": 1.3625 }, "geometry": { "type": "Polygon", "coordinates": [ [ [ 103.708333333333357, 1.358333333333328 ], [ 103.708333333333357, 1.366666666666661 ], [ 103.7, 1.366666666666661 ], [ 103.7, 1.358333333333328 ], [ 103.708333333333357, 1.358333333333328 ] ] ] } },
{ "type": "Feature", "properties": { "cell_id": "r13_c13", "row": 13, "col": 13, "global_row": 10636, "global_col": 34045, "lon": 103.7125, "lat": 1.3625 }, "geometry": { "type": "Polygon", "coordinates": [ [ [ 103.716666666666683, 1.358333333333328 ], [ 103.716666666666683, 1.366666666666661 ], [ 103.708333333333357, 1.366666666666661 ], [ 103.708333333333357, 1.358333333333328 ], [ 103.716666666666683, 1.358333333333328 ] ] ] } },
{ "type": "Feature", "properties": { "cell_id": "r13_c14", "row": 13, "col": 14, "global_row": 10636, "global_col": 34046, "lon": 103.72083333333336, "lat": 1.3625 }, "geometry": { "type": "Polygon", "coordinates": [ [ [ 103.725, 1.358333333333328 ], [ 103.725, 1.366666666666661 ], [ 103.716666666666683, 1.366666666666661 ], [ 103.716666666666683, 1.358333333333328 ], [ 103.725, 1.358333333333328 ] ] ] } },
{ "type": "Feature", "properties": { "cell_id": "r13_c15", "row": 13, "col": 15, "global_row": 10636, "global_col": 34047, "lon": 103.72916666666667, "lat": 1.3625 }, "geometry": { "type": "Polygon", "coordinates": [ [ [ 103.733333333333363, 1.358333333333328 ], [ 103.733333333333363, 1.366666666666661 ], [ 103.725, 1.366666666666661 ], [ 103.725, 1.358333333333328 ], [ 103.733333333333363, 1.358333333333328 ] ] ] } },
{ "type": "Feature", "properties": { "cell_id": "r13_c16", "row": 13, "col": 16, "global_row": 10636, "global_col": 34048, "lon": 103.7375, "lat": 1.3625 }, "geometry": { "type": "Polygon", "coordinates": [ [ [ 103.741666666666688, 1.358333333333328 ], [ 103.741666666666688, 1.366666666666661 ], [ 103.733333333333363, 1.366666666666661 ], [ 103.733333333333363, 1.358333333333328 ], [ 103.741666666666688, 1.358333333333328 ] ] ] } },
{ "type": "Feature", "properties": { "cell_id": "r13_c17", "row": 13, "col": 17, "global_row": 10636, "global_col": 34049, "lon": 103.74583333333337, "lat": 1.3625 }, "geometry": { "type": "Polygon", "coordinates": [ [ [ 103.75, 1.358333333333328 ], [ 103.75, 1.366666666666661 ], [ 103.741666666666688, 1.366666666666661 ], [ 103.741666666666688, 1.358333333333328 ], [ 103.75, 1.358333333333328 ] ] ] } },
{ "type": "Feature", "properties": { "cell_id": "r13_c18", "row": 13, "col": 18, "global_row": 10636, "global_col": 34050, "lon": 103.75416666666671, "lat": 1.3625 }, "geometry": { "type": "Polygon", "coordinates": [ [ [ 103.758333333333354, 1.358333333333328 ], [ 103.758333333333354, 1.366666666666661 ], [ 103.75, 1.366666666666661 ], [ 103.75, 1.358333333333328 ], [ 103.758333333333354, 1.358333333333328 ] ] ] } },
{ "type": "Feature", "properties": { "cell_id": "r13_c19", "row": 13, "col": 19, "global_row": 10636, "global_col": 34051, "lon": 103.7625, "lat": 1.3625 }, "geometry": { "type": "Polygon", "coordinates": [ [ [ 103.766666666666694, 1.358333333333328 ], [ 103.766666666666694, 1.366666666666661 ], [ 103.758333333333354, 1.366666666666661 ], [ 103.758333333333354, 1.358333333333328 ], [ 103.766666666666694, 1.358333333333328 ] ] ] } },
{ "type": "Feature", "properties": { "cell_id": "r13_c20", "row": 13, "col": 20, "global_row": 10636, "global_col": 34052, "lon": 103.77083333333334, "lat": 1.3625 }, "geometry": { "type": "Polygon", "coordinates": [ [ [ 103.775, 1.358333333333328 ], [ 103.775, 1.366666666666661 ], [ 103.766666666666694, 1.366666666666661 ], [ 103.766666666666694, 1.358333333333328 ], [ 103.775, 1.358333333333328 ] ] ] } },
{ "type": "Feature", "properties": { "cell_id": "r13_c21", "row": 13, "col": 21, "global_row": 10636, "global_col": 34053, "lon": 103.7791666666667, "lat": 1.3625 }, "geometry": { "type": "Polygon", "coordinates": [ [ [ 103.78333333333336, 1.358333333333328 ], [ 103.78333333333336, 1.366666666666661 ], [ 103.775, 1.366666666666661 ], [ 103.775, 1.358333333333328 ], [ 103.78333333333336, 1.358333333333328 ] ] ] } },
{ "type": "Feature", "properties": { "cell_id": "r13_c22", "row": 13, "col": 22, "global_row": 10636, "global_col": 34054, "lon": 103.7875, "lat": 1.3625 }, "geometry": { "type": "Polygon", "coordinates": [ [ [ 103.791666666666686, 1.358333333333328 ], [ 103.791666666666686, 1.366666666666661 ], [ 103.78333333333336, 1.366666666666661 ], [ 103.78333333333336, 1.358333333333328 ], [ 103.791666666666686, 1.358333333333328 ] ] ] } },
{ "type": "Feature", "properties": { "cell_id": "r13_c23", "row": 13, "col": 23, "global_row": 10636, "global_col": 34055, "lon": 103.79583333333336, "lat": 1.3625 }, "geometry": { "type": "Polygon", "coordinates": [ [ [ 103.8, 1.358333333333328 ], [ 103.8, 1.366666666666661 ], [ 103.791666666666686, 1.366666666666661 ], [ 103.791666666666686, 1.358333333333328 ], [ 103.8, 1.358333333333328 ] ] ] } },
{ "type": "Feature", "properties": { "cell_id": "r13_c24", "row": 13, "col": 24, "global_row": 10636, "global_col": 34056, "lon": 103.80416666666667, "lat": 1.3625 }, "geometry": { "type": "Polygon", "coordinates": [ [ [ 103.808333333333351, 1.358333333333328 ], [ 103.808333333333351, 1.366666666666661 ], [ 103.8, 1.366666666666661 ], [ 103.8, 1.358333333333328 ], [ 103.808333333333351, 1.358333333333328 ] ] ] } },
{ "type": "Feature", "properties": { "cell_id": "r13_c25", "row": 13, "col": 25, "global_row": 10636, "global_col": 34057, "lon": 103.8125, "lat": 1.3625 }, "geometry": { "type": "Polygon", "coordinates": [ [ [ 103.816666666666691, 1.358333333333328 ], [ 103.816666666666691, 1.366666666666661 ], [ 103.808333333333351, 1.366666666666661 ], [ 103.808333333333351, 1.358333333333328 ], [ 103.816666666666691, 1.358333333333328 ] ] ] } },
{ "type": "Feature", "properties": { "cell_id": "r13_c26", "row": 13, "col": 26, "global_row": 10636, "global_col": 34058, "lon": 103.82083333333334, "lat": 1.3625 }, "geometry": { "type": "Polygon", "coordinates": [ [ [ 103.825, 1.358333333333328 ], [ 103.825, 1.366666666666661 ], [ 103.816666666666691, 1.366666666666661 ], [ 103.816666666666691, 1.358333333333328 ], [ 103.825, 1.358333333333328 ] ] ] } },
{ "type": "Feature", "properties": { "cell_id": "r13_c27", "row": 13, "col": 27, "global_row": 10636, "global_col": 34059, "lon": 103.82916666666668, "lat": 1.3625 }, "geometry": { "type": "Polygon", "coordinates": [ [ [ 103.833333333333357, 1.358333333333328 ], [ 103.833333333333357, 1.366666666666661 ], [ 103.825, 1.366666666666661 ], [ 103.825, 1.358333333333328 ], [ 103.833333333333357, 1.358333333333328 ] ] ] } },
{ "type": "Feature", "properties": { "cell_id": "r13_c28", "row": 13, "col": 28, "global_row": 10636, "global_col": 34060, "lon": 103.8375, "lat": 1.3625 }, "geometry": { "type": "Polygon", "coordinates": [ [ [ 103.841666666666683, 1.358333333333328 ], [ 103.841666666666683, 1.366666666666661 ], [ 103.833333333333357, 1.366666666666661 ], [ 103.833333333333357, 1.358333333333328 ], [ 103.841666666666683, 1.358333333333328 ] ] ] } },
{ "type": "Feature", "properties": { "cell_id": "r13_c29", "row": 13, "col": 29, "global_row": 10636, "global_col": 34061, "lon": 103.84583333333335, "lat": 1.3625 }, "geometry": { "type": "Polygon", "coordinates": [ [ [ 103.85, 1.358333333333328 ], [ 103.85, 1.366666666666661 ], [ 103.841666666666683, 1.366666666666661 ], [ 103.841666666666683, 1.358333333333328 ], [ 103.85, 1.358333333333328 ] ] ] } },
{ "type": "Feature", "properties": { "cell_id": "r13_c30", "row": 13, "col": 30, "global_row": 10636, "global_col": 34062, "lon": 103.85416666666669, "lat": 1.3625 }, "geometry": { "type": "Polygon", "coordinates": [ [ [ 103.858333333333363, 1.358333333333328 ], [ 103.858333333333363, 1.366666666666661 ], [ 103.85, 1.366666666666661 ], [ 103.85, 1.358333333333328 ], [ 103.858333333333363, 1.358333333333328 ] ] ] } },
{ "type": "Feature", "properties": { "cell_id": "r13_c31", "row": 13, "col": 31, "global_row": 10636, "global_col": 34063, "lon": 103.8625, "lat": 1.3625 }, "geometry": { "type": "Polygon", "coordinates": [ [ [ 103.866666666666688, 1.358333333333328 ], [ 103.866666666666688, 1.366666666666661 ], [ 103.858333333333363, 1.366666666666661 ], [ 103.858333333333363, 1.358333333333328 ], [ 103.866666666666688, 1.358333333333328 ] ] ] } },
{ "type": "Feature", "properties": { "cell_id": "r13_c32", "row": 13, "col": 32, "global_row": 10636, "global_col": 34064, "lon": 103.87083333333335, "lat": 1.3625 }, "geometry": { "type": "Polygon", "coordinates": [ [ [ 103.875, 1.358333333333328 ], [ 103.875, 1.366666666666661 ], [ 103.866666666666688, 1.366666666666661 ], [ 103.866666666666688, 1.358333333333328 ], [ 103.875, 1.358333333333328 ] ] ] } },
{ "type": "Feature", "properties": { "cell_id": "r13_c33", "row": 13, "col": 33, "global_row": 10636, "global_col": 34065, "lon": 103.87916666666672, "lat": 1.3625 }, "geometry": { "type": "Polygon", "coordinates": [ [ [ 103.883333333333354, 1.358333333333328 ], [ 103.883333333333354, 1.366666666666661 ], [ 103.875, 1.366666666666661 ], [ 103.875, 1.358333333333328 ], [ 103.883333333333354, 1.358333333333328 ] ] ] } },
{ "type": "Feature", "properties": { "cell_id": "r13_c34", "row": 13, "col": 34, "global_row": 10636, "global_col": 34066, "lon": 103.8875, "lat": 1.3625 }, "geometry": { "type": "Polygon", "coordinates": [ [ [ 103.891666666666694, 1.358333333333328 ], [ 103.891666666666694, 1.366666666666661 ], [ 103.883333333333354, 1.366666666666661 ], [ 103.883333333333354, 1.358333333333328 ], [ 103.891666666666694, 1.358333333333328 ] ] ] } },
{ "type": "Feature", "properties": { "cell_id": "r13_c35", "row": 13, "col": 35, "global_row": 10636, "global_col": 34067, "lon": 103.89583333333336, "lat": 1.3625 }, "geometry": { "type": "Polygon", "coordinates": [ [ [ 103.9, 1.358333333333328 ], [ 103.9, 1.366666666666661 ], [ 103.891666666666694, 1.366666666666661 ], [ 103.891666666666694, 1.358333333333328 ], [ 103.9, 1.358333333333328 ] ] ] } },
{ "type": "Feature", "properties": { "cell_id": "r13_c36", "row": 13, "col": 36, "global_row": 10636, "global_col": 34068, "lon": 103.90416666666668, "lat": 1.3625 }, "geometry": { "type": "Polygon", "coordinates": [ [ [ 103.90833333333336, 1.358333333333328 ], [ 103.90833333333336, 1.366666666666661 ], [ 103.9, 1.366666666666661 ], [ 103.9, 1.358333333333328 ], [ 103.90833333333336, 1.358333333333328 ] ] ] } },
{ "type": "Feature", "properties": { "cell_id": "r13_c37", "row": 13, "col": 37, "global_row": 10636, "global_col": 34069, "lon": 103.9125, "lat": 1.3625 }, "geometry": { "type": "Polygon", "coordinates": [ [ [ 103.916666666666686, 1.358333333333328 ], [ 103.916666666666686, 1.366666666666661 ], [ 103.90833333333336, 1.366666666666661 ], [ 103.90833333333336, 1.358333333333328 ], [ 103.916666666666686, 1.358333333333328 ] ] ] } },
{ "type": "Feature", "properties": { "cell_id": "r13_c38", "row": 13, "col": 38, "global_row": 10636, "global_col": 34070, "lon": 103.92083333333336, "lat": 1.3625 }, "geometry": { "type": "Polygon", "coordinates": [ [ [ 103.925, 1.358333333333328 ], [ 103.925, 1.366666666666661 ], [ 103.916666666666686, 1.366666666666661 ], [ 103.916666666666686, 1.358333333333328 ], [ 103.925, 1.358333333333328 ] ] ] } },
{ "type": "Feature", "properties": { "cell_id": "r13_c39", "row": 13, "col": 39, "global_row": 10636, "global_col": 34071, "lon": 103.92916666666669, "lat": 1.3625 }, "geometry": { "type": "Polygon", "coordinates": [ [ [ 103.933333333333351, 1.358333333333328 ], [ 103.933333333333351, 1.366666666666661 ], [ 103.925, 1.366666666666661 ], [ 103.925, 1.358333333333328 ], [ 103.933333333333351, 1.358333333333328 ] ] ] } },
{ "type": "Feature", "properties": { "cell_id": "r13_c40", "row": 13, "col": 40, "global_row": 10636, "global_col": 34072, "lon": 103.9375, "lat": 1.3625 }, "geometry": { "type": "Polygon", "coordinates": [ [ [ 103.941666666666691, 1.358333333333328 ], [ 103.941666666666691, 1.366666666666661 ], [ 103.933333333333351, 1.366666666666661 ], [ 103.933333333333351, 1.358333333333328 ], [ 103.941666666666691, 1.358333333333328 ] ] ] } },
{ "type": "Feature", "properties": { "cell_id": "r13_c41", "row": 13, "col": 41, "global_row": 10636, "global_col": 34073, "lon": 103.94583333333334, "lat": 1.3625 }, "geometry": { "type": "Polygon", "coordinates": [ [ [ 103.95, 1.358333333333328 ], [ 103.95, 1.366666666666661 ], [ 103.941666666666691, 1.366666666666661 ], [ 103.941666666666691, 1.358333333333328 ], [ 103.95, 1.358333333333328 ] ] ] } },
{ "type": "Feature", "properties": { "cell_id": "r13_c42", "row": 13, "col": 42, "global_row": 10636, "global_col": 34074, "lon": 103.95416666666669, "lat": 1.3625 }, "geometry": { "type": "Polygon", "coordinates": [ [ [ 103.958333333333357, 1.358333333333328 ], [ 103.958333333333357, 1.366666666666661 ], [ 103.95, 1.366666666666661 ], [ 103.95, 1.358333333333328 ], [ 103.958333333333357, 1.358333333333328 ] ] ] } },
{ "type": "Feature", "properties": { "cell_id": "r13_c43", "row": 13, "col": 43, "global_row": 10636, "global_col": 34075, "lon": 103.9625, "lat": 1.3625 }, "geometry": { "type": "Polygon", "coordinates": [ [ [ 103.966666666666683, 1.358333333333328 ], [ 103.966666666666683, 1.366666666666661 ], [ 103.958333333333357, 1.366666666666661 ], [ 103.958333333333357, 1.358333333333328 ], [ 103.966666666666683, 1.358333333333328 ] ] ] } },
{ "type": "Feature", "properties": { "cell_id": "r13_c44", "row": 13, "col": 44, "global_row": 10636, "global_col": 34076, "lon": 103.97083333333336, "lat": 1.3625 }, "geometry": { "type": "Polygon", "coordinates": [ [ [ 103.975, 1.358333333333328 ], [ 103.975, 1.366666666666661 ], [ 103.966666666666683, 1.366666666666661 ], [ 103.966666666666683, 1.358333333333328 ], [ 103.975, 1.358333333333328 ] ] ] } },
{ "type": "Feature", "properties": { "cell_id": "r13_c45", "row": 13, "col": 45, "global_row": 10636, "global_col": 34077, "lon": 103.97916666666669, "lat": 1.3625 }, "geometry": { "type": "Polygon", "coordinates": [ [ [ 103.983333333333363, 1.358333333333328 ], [ 103.983333333333363, 1.366666666666661 ], [ 103.975, 1.366666666666661 ], [ 103.975, 1.358333333333328 ], [ 103.983333333333363, 1.358333333333328 ] ] ] } },
{ "type": "Feature", "properties": { "cell_id": "r13_c46", "row": 13, "col": 46, "global_row": 10636, "global_col": 34078, "lon": 103.9875, "lat": 1.3625 }, "geometry": { "type": "Polygon", "coordinates": [ [ [ 103.991666666666688, 1.358333333333328 ], [ 103.991666666666688, 1.366666666666661 ], [ 103.983333333333363, 1.366666666666661 ], [ 103.983333333333363, 1.358333333333328 ], [ 103.991666666666688, 1.358333333333328 ] ] ] } },
{ "type": "Feature", "properties": { "cell_id": "r13_c47", "row": 13, "col": 47, "global_row": 10636, "global_col": 34079, "lon": 103.99583333333335, "lat": 1.3625 }, "geometry": { "type": "Polygon", "coordinates": [ [ [ 104.0, 1.358333333333328 ], [ 104.0, 1.366666666666661 ], [ 103.991666666666688, 1.366666666666661 ], [ 103.991666666666688, 1.358333333333328 ], [ 104.0, 1.358333333333328 ] ] ] } },
{ "type": "Feature", "properties": { "cell_id": "r13_c48", "row": 13, "col": 48, "global_row": 10636, "global_col": 34080, "lon": 104.00416666666671, "lat": 1.3625 }, "geometry": { "type": "Polygon", "coordinates": [ [ [ 104.008333333333354, 1.358333333333328 ], [ 104.008333333333354, 1.366666666666661 ], [ 104.0, 1.366666666666661 ], [ 104.0, 1.358333333333328 ], [ 104.008333333333354, 1.358333333333328 ] ] ] } },
{ "type": "Feature", "properties": { "cell_id": "r13_c49", "row": 13, "col": 49, "global_row": 10636, "global_col": 34081, "lon": 104.0125, "lat": 1.3625 }, "geometry": { "type": "Polygon", "coordinates": [ [ [ 104.016666666666694, 1.358333333333328 ], [ 104.016666666666694, 1.366666666666661 ], [ 104.008333333333354, 1.366666666666661 ], [ 104.008333333333354, 1.358333333333328 ], [ 104.016666666666694, 1.358333333333328 ] ] ] } },
{ "type": "Feature", "properties": { "cell_id": "r13_c50", "row": 13, "col": 50, "global_row": 10636, "global_col": 34082, "lon": 104.02083333333336, "lat": 1.3625 }, "geometry": { "type": "Polygon", "coordinates": [ [ [ 104.025, 1.358333333333328 ], [ 104.025, 1.366666666666661 ], [ 104.016666666666694, 1.366666666666661 ], [ 104.016666666666694, 1.358333333333328 ], [ 104.025, 1.358333333333328 ] ] ] } },
{ "type": "Feature", "properties": { "cell_id": "r13_c51", "row": 13, "col": 51, "global_row": 10636, "global_col": 34083, "lon": 104.0291666666667, "lat": 1.3625 }, "geometry": { "type": "Polygon", "coordinates": [ [ [ 104.03333333333336, 1.358333333333328 ], [ 104.03333333333336, 1.366666666666661 ], [ 104.025, 1.366666666666661 ], [ 104.025, 1.358333333333328 ], [ 104.03333333333336, 1.358333333333328 ] ] ] } },
{ "type": "Feature", "properties": { "cell_id": "r13_c54", "row": 13, "col": 54, "global_row": 10636, "global_col": 34086, "lon": 104.05416666666669, "lat": 1.3625 }, "geometry": { "type": "Polygon", "coordinates": [ [ [ 104.058333333333351, 1.358333333333328 ], [ 104.058333333333351, 1.366666666666661 ], [ 104.05, 1.366666666666661 ], [ 104.05, 1.358333333333328 ], [ 104.058333333333351, 1.358333333333328 ] ] ] } },
{ "type": "Feature", "properties": { "cell_id": "r13_c55", "row": 13, "col": 55, "global_row": 10636, "global_col": 34087, "lon": 104.0625, "lat": 1.3625 }, "geometry": { "type": "Polygon", "coordinates": [ [ [ 104.066666666666691, 1.358333333333328 ], [ 104.066666666666691, 1.366666666666661 ], [ 104.058333333333351, 1.366666666666661 ], [ 104.058333333333351, 1.358333333333328 ], [ 104.066666666666691, 1.358333333333328 ] ] ] } },
{ "type": "Feature", "properties": { "cell_id": "r13_c56", "row": 13, "col": 56, "global_row": 10636, "global_col": 34088, "lon": 104.07083333333334, "lat": 1.3625 }, "geometry": { "type": "Polygon", "coordinates": [ [ [ 104.075, 1.358333333333328 ], [ 104.075, 1.366666666666661 ], [ 104.066666666666691, 1.366666666666661 ], [ 104.066666666666691, 1.358333333333328 ], [ 104.075, 1.358333333333328 ] ] ] } },
{ "type": "Feature", "properties": { "cell_id": "r14_c5", "row": 14, "col": 5, "global_row": 10637, "global_col": 34037, "lon": 103.64583333333336, "lat": 1.3541666666666607 }, "geometry": { "type": "Polygon", "coordinates": [ [ [ 103.65, 1.35 ], [ 103.65, 1.358333333333328 ], [ 103.641666666666694, 1.358333333333328 ], [ 103.641666666666694, 1.35 ], [ 103.65, 1.35 ] ] ] } },
{ "type": "Feature", "properties": { "cell_id": "r14_c6", "row": 14, "col": 6, "global_row": 10637, "global_col": 34038, "lon": 103.65416666666671, "lat": 1.354166666666661 }, "geometry": { "type": "Polygon", "coordinates": [ [ [ 103.65833333333336, 1.35 ], [ 103.65833333333336, 1.358333333333328 ], [ 103.65, 1.358333333333328 ], [ 103.65, 1.35 ], [ 103.65833333333336, 1.35 ] ] ] } },
{ "type": "Feature", "properties": { "cell_id": "r14_c7", "row": 14, "col": 7, "global_row": 10637, "global_col": 34039, "lon": 103.6625, "lat": 1.3541666666666607 }, "geometry": { "type": "Polygon", "coordinates": [ [ [ 103.666666666666686, 1.35 ], [ 103.666666666666686, 1.358333333333328 ], [ 103.65833333333336, 1.358333333333328 ], [ 103.65833333333336, 1.35 ], [ 103.666666666666686, 1.35 ] ] ] } },
{ "type": "Feature", "properties": { "cell_id": "r14_c8", "row": 14, "col": 8, "global_row": 10637, "global_col": 34040, "lon": 103.67083333333335, "lat": 1.354166666666661 }, "geometry": { "type": "Polygon", "coordinates": [ [ [ 103.675, 1.35 ], [ 103.675, 1.358333333333328 ], [ 103.666666666666686, 1.358333333333328 ], [ 103.666666666666686, 1.35 ], [ 103.675, 1.35 ] ] ] } },
{ "type": "Feature", "properties": { "cell_id": "r14_c9", "row": 14, "col": 9, "global_row": 10637, "global_col": 34041, "lon": 103.67916666666669, "lat": 1.3541666666666607 }, "geometry": { "type": "Polygon", "coordinates": [ [ [ 103.683333333333351, 1.35 ], [ 103.683333333333351, 1.358333333333328 ], [ 103.675, 1.358333333333328 ], [ 103.675, 1.35 ], [ 103.683333333333351, 1.35 ] ] ] } },
{ "type": "Feature", "properties": { "cell_id": "r14_c10", "row": 14, "col": 10, "global_row": 10637, "global_col": 34042, "lon": 103.6875, "lat": 1.354166666666661 }, "geometry": { "type": "Polygon", "coordinates": [ [ [ 103.691666666666691, 1.35 ], [ 103.691666666666691, 1.358333333333328 ], [ 103.683333333333351, 1.358333333333328 ], [ 103.683333333333351, 1.35 ], [ 103.691666666666691, 1.35 ] ] ] } },
{ "type": "Feature", "properties": { "cell_id": "r14_c11", "row": 14, "col": 11, "global_row": 10637, "global_col": 34043, "lon": 103.69583333333334, "lat": 1.3541666666666607 }, "geometry": { "type": "Polygon", "coordinates": [ [ [ 103.7, 1.35 ], [ 103.7, 1.358333333333328 ], [ 103.691666666666691, 1.358333333333328 ], [ 103.691666666666691, 1.35 ], [ 103.7, 1.35 ] ] ] } },
{ "type": "Feature", "properties": { "cell_id": "r14_c12", "row": 14, "col": 12, "global_row": 10637, "global_col": 34044, "lon": 103.70416666666668, "lat": 1.354166666666661 }, "geometry": { "type": "Polygon", "coordinates": [ [ [ 103.708333333333357, 1.35 ], [ 103.708333333333357, 1.358333333333328 ], [ 103.7, 1.358333333333328 ], [ 103.7, 1.35 ], [ 103.708333333333357, 1.35 ] ] ] } },
{ "type": "Feature", "properties": { "cell_id": "r14_c13", "row": 14, "col": 13, "global_row": 10637, "global_col": 34045, "lon": 103.7125, "lat": 1.3541666666666607 }, "geometry": { "type": "Polygon", "coordinates": [ [ [ 103.716666666666683, 1.35 ], [ 103.716666666666683, 1.358333333333328 ], [ 103.708333333333357, 1.358333333333328 ], [ 103.708333333333357, 1.35 ], [ 103.716666666666683, 1.35 ] ] ] } },
{ "type": "Feature", "properties": { "cell_id": "r14_c14", "row": 14, "col": 14, "global_row": 10637, "global_col": 34046, "lon": 103.72083333333336, "lat": 1.354166666666661 }, "geometry": { "type": "Polygon", "coordinates": [ [ [ 103.725, 1.35 ], [ 103.725, 1.358333333333328 ], [ 103.716666666666683, 1.358333333333328 ], [ 103.716666666666683, 1.35 ], [ 103.725, 1.35 ] ] ] } },
{ "type": "Feature", "properties": { "cell_id": "r14_c15", "row": 14, "col": 15, "global_row": 10637, "global_col": 34047, "lon": 103.72916666666667, "lat": 1.354166666666661 }, "geometry": { "type": "Polygon", "coordinates": [ [ [ 103.733333333333363, 1.35 ], [ 103.733333333333363, 1.358333333333328 ], [ 103.725, 1.358333333333328 ], [ 103.725, 1.35 ], [ 103.733333333333363, 1.35 ] ] ] } },
{ "type": "Feature", "properties": { "cell_id": "r14_c16", "row": 14, "col": 16, "global_row": 10637, "global_col": 34048, "lon": 103.7375, "lat": 1.3541666666666607 }, "geometry": { "type": "Polygon", "coordinates": [ [ [ 103.741666666666688, 1.35 ], [ 103.741666666666688, 1.358333333333328 ], [ 103.733333333333363, 1.358333333333328 ], [ 103.733333333333363, 1.35 ], [ 103.741666666666688, 1.35 ] ] ] } },
{ "type": "Feature", "properties": { "cell_id": "r14_c17", "row": 14, "col": 17, "global_row": 10637, "global_col": 34049, "lon": 103.74583333333337, "lat": 1.354166666666661 }, "geometry": { "type": "Polygon", "coordinates": [ [ [ 103.75, 1.35 ], [ 103.75, 1.358333333333328 ], [ 103.741666666666688, 1.358333333333328 ], [ 103.741666666666688, 1.35 ], [ 103.75, 1.35 ] ] ] } },
{ "type": "Feature", "properties": { "cell_id": "r14_c18", "row": 14, "col": 18, "global_row": 10637, "global_col": 34050, "lon": 103.75416666666671, "lat": 1.3541666666666607 }, "geometry": { "type": "Polygon", "coordinates": [ [ [ 103.758333333333354, 1.35 ], [ 103.758333333333354, 1.358333333333328 ], [ 103.75, 1.358333333333328 ], [ 103.75, 1.35 ], [ 103.758333333333354, 1.35 ] ] ] } },
{ "type": "Feature", "properties": { "cell_id": "r14_c19", "row": 14, "col": 19, "global_row": 10637, "global_col": 34051, "lon": 103.7625, "lat": 1.354166666666661 }, "geometry": { "type": "Polygon", "coordinates": [ [ [ 103.766666666666694, 1.35 ], [ 103.766666666666694, 1.358333333333328 ], [ 103.758333333333354, 1.358333333333328 ], [ 103.758333333333354, 1.35 ], [ 103.766666666666694, 1.35 ] ] ] } },
{ "type": "Feature", "properties": { "cell_id": "r14_c20", "row": 14, "col": 20, "global_row": 10637, "global_col": 34052, "lon": 103.77083333333334, "lat": 1.3541666666666607 }, "geometry": { "type": "Polygon", "coordinates": [ [ [ 103.775, 1.35 ], [ 103.775, 1.358333333333328 ], [ 103.766666666666694, 1.358333333333328 ], [ 103.766666666666694, 1.35 ], [ 103.775, 1.35 ] ] ] } },
{ "type": "Feature", "properties": { "cell_id": "r14_c21", "row": 14, "col": 21, "global_row": 10637, "global_col": 34053, "lon": 103.7791666666667, "lat": 1.354166666666661 }, "geometry": { "type": "Polygon", "coordinates": [ [ [ 103.78333333333336, 1.35 ], [ 103.78333333333336, 1.358333333333328 ], [ 103.775, 1.358333333333328 ], [ 103.775, 1.35 ], [ 103.78333333333336, 1.35 ] ] ] } },
{ "type": "Feature", "properties": { "cell_id": "r14_c22", "row": 14, "col": 22, "global_row": 10637, "global_col": 34054, "lon": 103.7875, "lat": 1.3541666666666607 }, "geometry": { "type": "Polygon", "coordinates": [ [ [ 103.791666666666686, 1.35 ], [ 103.791666666666686, 1.358333333333328 ], [ 103.78333333333336, 1.358333333333328 ], [ 103.78333333333336, 1.35 ], [ 103.791666666666686, 1.35 ] ] ] } },
{ "type": "Feature", "properties": { "cell_id": "r14_c23", "row": 14, "col": 23, "global_row": 10637, "global_col": 34055, "lon": 103.79583333333336, "lat": 1.354166666666661 }, "geometry": { "type": "Polygon", "coordinates": [ [ [ 103.8, 1.35 ], [ 103.8, 1.358333333333328 ], [ 103.791666666666686, 1.358333333333328 ], [ 103.791666666666686, 1.35 ], [ 103.8, 1.35 ] ] ] } },
{ "type": "Feature", "properties": { "cell_id": "r14_c24", "row": 14, "col": 24, "global_row": 10637, "global_col": 34056, "lon": 103.80416666666667, "lat": 1.3541666666666607 }, "geometry": { "type": "Polygon", "coordinates": [ [ [ 103.808333333333351, 1.35 ], [ 103.808333333333351, 1.358333333333328 ], [ 103.8, 1.358333333333328 ], [ 103.8, 1.35 ], [ 103.808333333333351, 1.35 ] ] ] } },
{ "type": "Feature", "properties": { "cell_id": "r14_c25", "row": 14, "col": 25, "global_row": 10637, "global_col": 34057, "lon": 103.8125, "lat": 1.354166666666661 }, "geometry": { "type": "Polygon", "coordinates": [ [ [ 103.816666666666691, 1.35 ], [ 103.816666666666691, 1.358333333333328 ], [ 103.808333333333351, 1.358333333333328 ], [ 103.808333333333351, 1.35 ], [ 103.816666666666691, 1.35 ] ] ] } },
{ "type": "Feature", "properties": { "cell_id": "r14_c26", "row": 14, "col": 26, "global_row": 10637, "global_col": 34058, "lon": 103.82083333333334, "lat": 1.3541666666666607 }, "geometry": { "type": "Polygon", "coordinates": [ [ [ 103.825, 1.35 ], [ 103.825, 1.358333333333328 ], [ 103.816666666666691, 1.358333333333328 ], [ 103.816666666666691, 1.35 ], [ 103.825, 1.35 ] ] ] } },
{ "type": "Feature", "properties": { "cell_id": "r14_c27", "row": 14, "col": 27, "global_row": 10637, "global_col": 34059, "lon": 103.82916666666668, "lat": 1.354166666666661 }, "geometry": { "type": "Polygon", "coordinates": [ [ [ 103.833333333333357, 1.35 ], [ 103.833333333333357, 1.358333333333328 ], [ 103.825, 1.358333333333328 ], [ 103.825, 1.35 ], [ 103.833333333333357, 1.35 ] ] ] } },
{ "type": "Feature", "properties": { "cell_id": "r14_c28", "row": 14, "col": 28, "global_row": 10637, "global_col": 34060, "lon": 103.8375, "lat": 1.3541666666666607 }, "geometry": { "type": "Polygon", "coordinates": [ [ [ 103.841666666666683, 1.35 ], [ 103.841666666666683, 1.358333333333328 ], [ 103.833333333333357, 1.358333333333328 ], [ 103.833333333333357, 1.35 ], [ 103.841666666666683, 1.35 ] ] ] } },
{ "type": "Feature", "properties": { "cell_id": "r14_c29", "row": 14, "col": 29, "global_row": 10637, "global_col": 34061, "lon": 103.84583333333335, "lat": 1.354166666666661 }, "geometry": { "type": "Polygon", "coordinates": [ [ [ 103.85, 1.35 ], [ 103.85, 1.358333333333328 ], [ 103.841666666666683, 1.358333333333328 ], [ 103.841666666666683, 1.35 ], [ 103.85, 1.35 ] ] ] } },
{ "type": "Feature", "properties": { "cell_id": "r14_c30", "row": 14, "col": 30, "global_row": 10637, "global_col": 34062, "lon": 103.85416666666669, "lat": 1.354166666666661 }, "geometry": { "type": "Polygon", "coordinates": [ [ [ 103.858333333333363, 1.35 ], [ 103.858333333333363, 1.358333333333328 ], [ 103.85, 1.358333333333328 ], [ 103.85, 1.35 ], [ 103.858333333333363, 1.35 ] ] ] } },
{ "type": "Feature", "properties": { "cell_id": "r14_c31", "row": 14, "col": 31, "global_row": 10637, "global_col": 34063, "lon": 103.8625, "lat": 1.3541666666666607 }, "geometry": { "type": "Polygon", "coordinates": [ [ [ 103.866666666666688, 1.35 ], [ 103.866666666666688, 1.358333333333328 ], [ 103.858333333333363, 1.358333333333328 ], [ 103.858333333333363, 1.35 ], [ 103.866666666666688, 1.35 ] ] ] } },
{ "type": "Feature", "properties": { "cell_id": "r14_c32", "row": 14, "col": 32, "global_row": 10637, "global_col": 34064, "lon": 103.87083333333335, "lat": 1.354166666666661 }, "geometry": { "type": "Polygon", "coordinates": [ [ [ 103.875, 1.35 ], [ 103.875, 1.358333333333328 ], [ 103.866666666666688, 1.358333333333328 ], [ 103.866666666666688, 1.35 ], [ 103.875, 1.35 ] ] ] } },
{ "type": "Feature", "properties": { "cell_id": "r14_c33", "row": 14, "col": 33, "global_row": 10637, "global_col": 34065, "lon": 103.87916666666672, "lat": 1.3541666666666607 }, "geometry": { "type": "Polygon", "coordinates": [ [ [ 103.883333333333354, 1.35 ], [ 103.883333333333354, 1.358333333333328 ], [ 103.875, 1.358333333333328 ], [ 103.875, 1.35 ], [ 103.883333333333354, 1.35 ] ] ] } },
{ "type": "Feature", "properties": { "cell_id": "r14_c34", "row": 14, "col": 34, "global_row": 10637, "global_col": 34066, "lon": 103.8875, "lat": 1.354166666666661 }, "geometry": { "type": "Polygon", "coordinates": [ [ [ 103.891666666666694, 1.35 ], [ 103.891666666666694, 1.358333333333328 ], [ 103.883333333333354, 1.358333333333328 ], [ 103.883333333333354, 1.35 ], [ 103.891666666666694, 1.35 ] ] ] } },
{ "type": "Feature", "properties": { "cell_id": "r14_c35", "row": 14, "col": 35, "global_row": 10637, "global_col": 34067, "lon": 103.89583333333336, "lat": 1.3541666666666607 }, "geometry": { "type": "Polygon", "coordinates": [ [ [ 103.9, 1.35 ], [ 103.9, 1.358333333333328 ], [ 103.891666666666694, 1.358333333333328 ], [ 103.891666666666694, 1.35 ], [ 103.9, 1.35 ] ] ] } },
{ "type": "Feature", "properties": { "cell_id": "r14_c36", "row": 14, "col": 36, "global_row": 10637, "global_col": 34068, "lon": 103.90416666666668, "lat": 1.354166666666661 }, "geometry": { "type": "Polygon", "coordinates": [ [ [ 103.90833333333336, 1.35 ], [ 103.90833333333336, 1.358333333333328 ], [ 103.9, 1.358333333333328 ], [ 103.9, 1.35 ], [ 103.90833333333336, 1.35 ] ] ] } },
{ "type": "Feature", "properties": { "cell_id": "r14_c37", "row": 14, "col": 37, "global_row": 10637, "global_col": 34069, "lon": 103.9125, "lat": 1.3541666666666607 }, "geometry": { "type": "Polygon", "coordinates": [ [ [ 103.916666666666686, 1.35 ], [ 103.916666666666686, 1.358333333333328 ], [ 103.90833333333336, 1.358333333333328 ], [ 103.90833333333336, 1.35 ], [ 103.916666666666686, 1.35 ] ] ] } },
{ "type": "Feature", "properties": { "cell_id": "r14_c38", "row": 14, "col": 38, "global_row": 10637, "global_col": 34070, "lon": 103.92083333333336, "lat": 1.354166666666661 }, "geometry": { "type": "Polygon", "coordinates": [ [ [ 103.925, 1.35 ], [ 103.925, 1.358333333333328 ], [ 103.916666666666686, 1.358333333333328 ], [ 103.916666666666686, 1.35 ], [ 103.925, 1.35 ] ] ] } },
{ "type": "Feature", "properties": { "cell_id": "r14_c39", "row": 14, "col": 39, "global_row": 10637, "global_col": 34071, "lon": 103.92916666666669, "lat": 1.3541666666666607 }, "geometry": { "type": "Polygon", "coordinates": [ [ [ 103.933333333333351, 1.35 ], [ 103.933333333333351, 1.358333333333328 ], [ 103.925, 1.358333333333328 ], [ 103.925, 1.35 ], [ 103.933333333333351, 1.35 ] ] ] } },
{ "type": "Feature", "properties": { "cell_id": "r14_c40", "row": 14, "col": 40, "global_row": 10637, "global_col": 34072, "lon": 103.9375, "lat": 1.354166666666661 }, "geometry": { "type": "Polygon", "coordinates": [ [ [ 103.941666666666691, 1.35 ], [ 103.941666666666691, 1.358333333333328 ], [ 103.933333333333351, 1.358333333333328 ], [ 103.933333333333351, 1.35 ], [ 103.941666666666691, 1.35 ] ] ] } },
{ "type": "Feature", "properties": { "cell_id": "r14_c41", "row": 14, "col": 41, "global_row": 10637, "global_col": 34073, "lon": 103.94583333333334, "lat": 1.3541666666666607 }, "geometry": { "type": "Polygon", "coordinates": [ [ [ 103.95, 1.35 ], [ 103.95, 1.358333333333328 ], [ 103.941666666666691, 1.358333333333328 ], [ 103.941666666666691, 1.35 ], [ 103.95, 1.35 ] ] ] } },
{ "type": "Feature", "properties": { "cell_id": "r14_c42", "row": 14, "col": 42, "global_row": 10637, "global_col": 34074, "lon": 103.95416666666669, "lat": 1.354166666666661 }, "geometry": { "type": "Polygon", "coordinates": [ [ [ 103.958333333333357, 1.35 ], [ 103.958333333333357, 1.358333333333328 ], [ 103.95, 1.358333333333328 ], [ 103.95, 1.35 ], [ 103.958333333333357, 1.35 ] ] ] } },
{ "type": "Feature", "properties": { "cell_id": "r14_c43", "row": 14, "col": 43, "global_row": 10637, "global_col": 34075, "lon": 103.9625, "lat": 1.3541666666666607 }, "geometry": { "type": "Polygon", "coordinates": [ [ [ 103.966666666666683, 1.35 ], [ 103.966666666666683, 1.358333333333328 ], [ 103.958333333333357, 1.358333333333328 ], [ 103.958333333333357, 1.35 ], [ 103.966666666666683, 1.35 ] ] ] } },
{ "type": "Feature", "properties": { "cell_id": "r14_c44", "row": 14, "col": 44, "global_row": 10637, "global_col": 34076, "lon": 103.97083333333336, "lat": 1.354166666666661 }, "geometry": { "type": "Polygon", "coordinates": [ [ [ 103.975, 1.35 ], [ 103.975, 1.358333333333328 ], [ 103.966666666666683, 1.358333333333328 ], [ 103.966666666666683, 1.35 ], [ 103.975, 1.35 ] ] ] } },
{ "type": "Feature", "properties": { "cell_id": "r14_c45", "row": 14, "col": 45, "global_row": 10637, "global_col": 34077, "lon": 103.97916666666669, "lat": 1.354166666666661 }, "geometry": { "type": "Polygon", "coordinates": [ [ [ 103.983333333333363, 1.35 ], [ 103.983333333333363, 1.358333333333328 ], [ 103.975, 1.358333333333328 ], [ 103.975, 1.35 ], [ 103.983333333333363, 1.35 ] ] ] } },
{ "type": "Feature", "properties": { "cell_id": "r14_c46", "row": 14, "col": 46, "global_row": 10637, "global_col": 34078, "lon": 103.9875, "lat": 1.3541666666666607 }, "geometry": { "type": "Polygon", "coordinates": [ [ [ 103.991666666666688, 1.35 ], [ 103.991666666666688, 1.358333333333328 ], [ 103.983333333333363, 1.358333333333328 ], [ 103.983333333333363, 1.35 ], [ 103.991666666666688, 1.35 ] ] ] } },
{ "type": "Feature", "properties": { "cell_id": "r14_c47", "row": 14, "col": 47, "global_row": 10637, "global_col": 34079, "lon": 103.99583333333335, "lat": 1.354166666666661 }, "geometry": { "type": "Polygon", "coordinates": [ [ [ 104.0, 1.35 ], [ 104.0, 1.358333333333328 ], [ 103.991666666666688, 1.358333333333328 ], [ 103.991666666666688, 1.35 ], [ 104.0, 1.35 ] ] ] } },
{ "type": "Feature", "properties": { "cell_id": "r14_c48", "row": 14, "col": 48, "global_row": 10637, "global_col": 34080, "lon": 104.00416666666671, "lat": 1.3541666666666607 }, "geometry": { "type": "Polygon", "coordinates": [ [ [ 104.008333333333354, 1.35 ], [ 104.008333333333354, 1.358333333333328 ], [ 104.0, 1.358333333333328 ], [ 104.0, 1.35 ], [ 104.008333333333354, 1.35 ] ] ] } },
{ "type": "Feature", "properties": { "cell_id": "r14_c49", "row": 14, "col": 49, "global_row": 10637, "global_col": 34081, "lon": 104.0125, "lat": 1.354166666666661 }, "geometry": { "type": "Polygon", "coordinates": [ [ [ 104.016666666666694, 1.35 ], [ 104.016666666666694, 1.358333333333328 ], [ 104.008333333333354, 1.358333333333328 ], [ 104.008333333333354, 1.35 ], [ 104.016666666666694, 1.35 ] ] ] } },
{ "type": "Feature", "properties": { "cell_id": "r14_c50", "row": 14, "col": 50, "global_row": 10637, "global_col": 34082, "lon": 104.02083333333336, "lat": 1.3541666666666607 }, "geometry": { "type": "Polygon", "coordinates": [ [ [ 104.025, 1.35 ], [ 104.025, 1.358333333333328 ], [ 104.016666666666694, 1.358333333333328 ], [ 104.016666666666694, 1.35 ], [ 104.025, 1.35 ] ] ] } },
{ "type": "Feature", "properties": { "cell_id": "r14_c51", "row": 14, "col": 51, "global_row": 10637, "global_col": 34083, "lon": 104.0291666666667, "lat": 1.354166666666661 }, "geometry": { "type": "Polygon", "coordinates": [ [ [ 104.03333333333336, 1.35 ], [ 104.03333333333336, 1.358333333333328 ], [ 104.025, 1.358333333333328 ], [ 104.025, 1.35 ], [ 104.03333333333336, 1.35 ] ] ] } },
{ "type": "Feature", "properties": { "cell_id": "r14_c55", "row": 14, "col": 55, "global_row": 10637, "global_col": 34087, "lon": 104.0625, "lat": 1.354166666666661 }, "geometry": { "type": "Polygon", "coordinates": [ [ [ 104.066666666666691, 1.35 ], [ 104.066666666666691, 1.358333333333328 ], [ 104.058333333333351, 1.358333333333328 ], [ 104.058333333333351, 1.35 ], [ 104.066666666666691, 1.35 ] ] ] } },
{ "type": "Feature", "properties": { "cell_id": "r14_c56", "row": 14, "col": 56, "global_row": 10637, "global_col": 34088, "lon": 104.07083333333334, "lat": 1.3541666666666607 }, "geometry": { "type": "Polygon", "coordinates": [ [ [ 104.075, 1.35 ], [ 104.075, 1.358333333333328 ], [ 104.066666666666691, 1.358333333333328 ], [ 104.066666666666691, 1.35 ], [ 104.075, 1.35 ] ] ] } },
{ "type": "Feature", "properties": { "cell_id": "r15_c4", "row": 15, "col": 4, "global_row": 10638, "global_col": 34036, "lon": 103.6375, "lat": 1.3458333333333274 }, "geometry": { "type": "Polygon", "coordinates": [ [ [ 103.641666666666694, 1.341666666666661 ], [ 103.641666666666694, 1.35 ], [ 103.633333333333354, 1.35 ], [ 103.633333333333354, 1.341666666666661 ], [ 103.641666666666694, 1.341666666666661 ] ] ] } },
{ "type": "Feature", "properties": { "cell_id": "r15_c5", "row": 15, "col": 5, "global_row": 10638, "global_col": 34037, "lon": 103.64583333333336, "lat": 1.3458333333333277 }, "geometry": { "type": "Polygon", "coordinates": [ [ [ 103.65, 1.341666666666661 ], [ 103.65, 1.35 ], [ 103.641666666666694, 1.35 ], [ 103.641666666666694, 1.341666666666661 ], [ 103.65, 1.341666666666661 ] ] ] } },
{ "type": "Feature", "properties": { "cell_id": "r15_c6", "row": 15, "col": 6, "global_row": 10638, "global_col": 34038, "lon": 103.65416666666671, "lat": 1.3458333333333274 }, "geometry": { "type": "Polygon", "coordinates": [ [ [ 103.65833333333336, 1.341666666666661 ], [ 103.65833333333336, 1.35 ], [ 103.65, 1.35 ], [ 103.65, 1.341666666666661 ], [ 103.65833333333336, 1.341666666666661 ] ] ] } },
{ "type": "Feature", "properties": { "cell_id": "r15_c7", "row": 15, "col": 7, "global_row": 10638, "global_col": 34039, "lon": 103.6625, "lat": 1.3458333333333277 }, "geometry": { "type": "Polygon", "coordinates": [ [ [ 103.666666666666686, 1.341666666666661 ], [ 103.666666666666686, 1.35 ], [ 103.65833333333336, 1.35 ], [ 103.65833333333336, 1.341666666666661 ], [ 103.666666666666686, 1.341666666666661 ] ] ] } },
{ "type": "Feature", "properties": { "cell_id": "r15_c8", "row": 15, "col": 8, "global_row": 10638, "global_col": 34040, "lon": 103.67083333333335, "lat": 1.3458333333333274 }, "geometry": { "type": "Polygon", "coordinates": [ [ [ 103.675, 1.341666666666661 ], [ 103.675, 1.35 ], [ 103.666666666666686, 1.35 ], [ 103.666666666666686, 1.341666666666661 ], [ 103.675, 1.341666666666661 ] ] ] } },
{ "type": "Feature", "properties": { "cell_id": "r15_c9", "row": 15, "col": 9, "global_row": 10638, "global_col": 34041, "lon": 103.67916666666669, "lat": 1.3458333333333277 }, "geometry": { "type": "Polygon", "coordinates": [ [ [ 103.683333333333351, 1.341666666666661 ], [ 103.683333333333351, 1.35 ], [ 103.675, 1.35 ], [ 103.675, 1.341666666666661 ], [ 103.683333333333351, 1.341666666666661 ] ] ] } },
{ "type": "Feature", "properties": { "cell_id": "r15_c10", "row": 15, "col": 10, "global_row": 10638, "global_col": 34042, "lon": 103.6875, "lat": 1.3458333333333274 }, "geometry": { "type": "Polygon", "coordinates": [ [ [ 103.691666666666691, 1.341666666666661 ], [ 103.691666666666691, 1.35 ], [ 103.683333333333351, 1.35 ], [ 103.683333333333351, 1.341666666666661 ], [ 103.691666666666691, 1.341666666666661 ] ] ] } },
{ "type": "Feature", "properties": { "cell_id": "r15_c11", "row": 15, "col": 11, "global_row": 10638, "global_col": 34043, "lon": 103.69583333333334, "lat": 1.3458333333333277 }, "geometry": { "type": "Polygon", "coordinates": [ [ [ 103.7, 1.341666666666661 ], [ 103.7, 1.35 ], [ 103.691666666666691, 1.35 ], [ 103.691666666666691, 1.341666666666661 ], [ 103.7, 1.341666666666661 ] ] ] } },
{ "type": "Feature", "properties": { "cell_id": "r15_c12", "row": 15, "col": 12, "global_row": 10638, "global_col": 34044, "lon": 103.70416666666668, "lat": 1.3458333333333274 }, "geometry": { "type": "Polygon", "coordinates": [ [ [ 103.708333333333357, 1.341666666666661 ], [ 103.708333333333357, 1.35 ], [ 103.7, 1.35 ], [ 103.7, 1.341666666666661 ], [ 103.708333333333357, 1.341666666666661 ] ] ] } },
{ "type": "Feature", "properties": { "cell_id": "r15_c13", "row": 15, "col": 13, "global_row": 10638, "global_col": 34045, "lon": 103.7125, "lat": 1.3458333333333277 }, "geometry": { "type": "Polygon", "coordinates": [ [ [ 103.716666666666683, 1.341666666666661 ], [ 103.716666666666683, 1.35 ], [ 103.708333333333357, 1.35 ], [ 103.708333333333357, 1.341666666666661 ], [ 103.716666666666683, 1.341666666666661 ] ] ] } },
{ "type": "Feature", "properties": { "cell_id": "r15_c14", "row": 15, "col": 14, "global_row": 10638, "global_col": 34046, "lon": 103.72083333333336, "lat": 1.3458333333333274 }, "geometry": { "type": "Polygon", "coordinates": [ [ [ 103.725, 1.341666666666661 ], [ 103.725, 1.35 ], [ 103.716666666666683, 1.35 ], [ 103.716666666666683, 1.341666666666661 ], [ 103.725, 1.341666666666661 ] ] ] } },
{ "type": "Feature", "properties": { "cell_id": "r15_c15", "row": 15, "col": 15, "global_row": 10638, "global_col": 34047, "lon": 103.72916666666667, "lat": 1.3458333333333274 }, "geometry": { "type": "Polygon", "coordinates": [ [ [ 103.733333333333363, 1.341666666666661 ], [ 103.733333333333363, 1.35 ], [ 103.725, 1.35 ], [ 103.725, 1.341666666666661 ], [ 103.733333333333363, 1.341666666666661 ] ] ] } },
{ "type": "Feature", "properties": { "cell_id": "r15_c16", "row": 15, "col": 16, "global_row": 10638, "global_col": 34048, "lon": 103.7375, "lat": 1.3458333333333277 }, "geometry": { "type": "Polygon", "coordinates": [ [ [ 103.741666666666688, 1.341666666666661 ], [ 103.741666666666688, 1.35 ], [ 103.733333333333363, 1.35 ], [ 103.733333333333363, 1.341666666666661 ], [ 103.741666666666688, 1.341666666666661 ] ] ] } },
{ "type": "Feature", "properties": { "cell_id": "r15_c17", "row": 15, "col": 17, "global_row": 10638, "global_col": 34049, "lon": 103.74583333333337, "lat": 1.3458333333333274 }, "geometry": { "type": "Polygon", "coordinates": [ [ [ 103.75, 1.341666666666661 ], [ 103.75, 1.35 ], [ 103.741666666666688, 1.35 ], [ 103.741666666666688, 1.341666666666661 ], [ 103.75, 1.341666666666661 ] ] ] } },
{ "type": "Feature", "properties": { "cell_id": "r15_c18", "row": 15, "col": 18, "global_row": 10638, "global_col": 34050, "lon": 103.75416666666671, "lat": 1.3458333333333277 }, "geometry": { "type": "Polygon", "coordinates": [ [ [ 103.758333333333354, 1.341666666666661 ], [ 103.758333333333354, 1.35 ], [ 103.75, 1.35 ], [ 103.75, 1.341666666666661 ], [ 103.758333333333354, 1.341666666666661 ] ] ] } },
{ "type": "Feature", "properties": { "cell_id": "r15_c19", "row": 15, "col": 19, "global_row": 10638, "global_col": 34051, "lon": 103.7625, "lat": 1.3458333333333274 }, "geometry": { "type": "Polygon", "coordinates": [ [ [ 103.766666666666694, 1.341666666666661 ], [ 103.766666666666694, 1.35 ], [ 103.758333333333354, 1.35 ], [ 103.758333333333354, 1.341666666666661 ], [ 103.766666666666694, 1.341666666666661 ] ] ] } },
{ "type": "Feature", "properties": { "cell_id": "r15_c20", "row": 15, "col": 20, "global_row": 10638, "global_col": 34052, "lon": 103.77083333333334, "lat": 1.3458333333333277 }, "geometry": { "type": "Polygon", "coordinates": [ [ [ 103.775, 1.341666666666661 ], [ 103.775, 1.35 ], [ 103.766666666666694, 1.35 ], [ 103.766666666666694, 1.341666666666661 ], [ 103.775, 1.341666666666661 ] ] ] } },
{ "type": "Feature", "properties": { "cell_id": "r15_c21", "row": 15, "col": 21, "global_row": 10638, "global_col": 34053, "lon": 103.7791666666667, "lat": 1.3458333333333274 }, "geometry": { "type": "Polygon", "coordinates": [ [ [ 103.78333333333336, 1.341666666666661 ], [ 103.78333333333336, 1.35 ], [ 103.775, 1.35 ], [ 103.775, 1.341666666666661 ], [ 103.78333333333336, 1.341666666666661 ] ] ] } },
{ "type": "Feature", "properties": { "cell_id": "r15_c22", "row": 15, "col": 22, "global_row": 10638, "global_col": 34054, "lon": 103.7875, "lat": 1.3458333333333277 }, "geometry": { "type": "Polygon", "coordinates": [ [ [ 103.791666666666686, 1.341666666666661 ], [ 103.791666666666686, 1.35 ], [ 103.78333333333336, 1.35 ], [ 103.78333333333336, 1.341666666666661 ], [ 103.791666666666686, 1.341666666666661 ] ] ] } },
{ "type": "Feature", "properties": { "cell_id": "r15_c23", "row": 15, "col": 23, "global_row": 10638, "global_col": 34055, "lon": 103.79583333333336, "lat": 1.3458333333333274 }, "geometry": { "type": "Polygon", "coordinates": [ [ [ 103.8, 1.341666666666661 ], [ 103.8, 1.35 ], [ 103.791666666666686, 1.35 ], [ 103.791666666666686, 1.341666666666661 ], [ 103.8, 1.341666666666661 ] ] ] } },
{ "type": "Feature", "properties": { "cell_id": "r15_c24", "row": 15, "col": 24, "global_row": 10638, "global_col": 34056, "lon": 103.80416666666667, "lat": 1.3458333333333277 }, "geometry": { "type": "Polygon", "coordinates": [ [ [ 103.808333333333351, 1.341666666666661 ], [ 103.808333333333351, 1.35 ], [ 103.8, 1.35 ], [ 103.8, 1.341666666666661 ], [ 103.808333333333351, 1.341666666666661 ] ] ] } },
{ "type": "Feature", "properties": { "cell_id": "r15_c25", "row": 15, "col": 25, "global_row": 10638, "global_col": 34057, "lon": 103.8125, "lat": 1.3458333333333274 }, "geometry": { "type": "Polygon", "coordinates": [ [ [ 103.816666666666691, 1.341666666666661 ], [ 103.816666666666691, 1.35 ], [ 103.808333333333351, 1.35 ], [ 103.808333333333351, 1.341666666666661 ], [ 103.816666666666691, 1.341666666666661 ] ] ] } },
{ "type": "Feature", "properties": { "cell_id": "r15_c26", "row": 15, "col": 26, "global_row": 10638, "global_col": 34058, "lon": 103.82083333333334, "lat": 1.3458333333333277 }, "geometry": { "type": "Polygon", "coordinates": [ [ [ 103.825, 1.341666666666661 ], [ 103.825, 1.35 ], [ 103.816666666666691, 1.35 ], [ 103.816666666666691, 1.341666666666661 ], [ 103.825, 1.341666666666661 ] ] ] } },
{ "type": "Feature", "properties": { "cell_id": "r15_c27", "row": 15, "col": 27, "global_row": 10638, "global_col": 34059, "lon": 103.82916666666668, "lat": 1.3458333333333274 }, "geometry": { "type": "Polygon", "coordinates": [ [ [ 103.833333333333357, 1.341666666666661 ], [ 103.833333333333357, 1.35 ], [ 103.825, 1.35 ], [ 103.825, 1.341666666666661 ], [ 103.833333333333357, 1.341666666666661 ] ] ] } },
{ "type": "Feature", "properties": { "cell_id": "r15_c28", "row": 15, "col": 28, "global_row": 10638, "global_col": 34060, "lon": 103.8375, "lat": 1.3458333333333277 }, "geometry": { "type": "Polygon", "coordinates": [ [ [ 103.841666666666683, 1.341666666666661 ], [ 103.841666666666683, 1.35 ], [ 103.833333333333357, 1.35 ], [ 103.833333333333357, 1.341666666666661 ], [ 103.841666666666683, 1.341666666666661 ] ] ] } },
{ "type": "Feature", "properties": { "cell_id": "r15_c29", "row": 15, "col": 29, "global_row": 10638, "global_col": 34061, "lon": 103.84583333333335, "lat": 1.3458333333333274 }, "geometry": { "type": "Polygon", "coordinates": [ [ [ 103.85, 1.341666666666661 ], [ 103.85, 1.35 ], [ 103.841666666666683, 1.35 ], [ 103.841666666666683, 1.341666666666661 ], [ 103.85, 1.341666666666661 ] ] ] } },
{ "type": "Feature", "properties": { "cell_id": "r15_c30", "row": 15, "col": 30, "global_row": 10638, "global_col": 34062, "lon": 103.85416666666669, "lat": 1.3458333333333274 }, "geometry": { "type": "Polygon", "coordinates": [ [ [ 103.858333333333363, 1.341666666666661 ], [ 103.858333333333363, 1.35 ], [ 103.85, 1.35 ], [ 103.85, 1.341666666666661 ], [ 103.858333333333363, 1.341666666666661 ] ] ] } },
{ "type": "Feature", "properties": { "cell_id": "r15_c31", "row": 15, "col": 31, "global_row": 10638, "global_col": 34063, "lon": 103.8625, "lat": 1.3458333333333277 }, "geometry": { "type": "Polygon", "coordinates": [ [ [ 103.866666666666688, 1.341666666666661 ], [ 103.866666666666688, 1.35 ], [ 103.858333333333363, 1.35 ], [ 103.858333333333363, 1.341666666666661 ], [ 103.866666666666688, 1.341666666666661 ] ] ] } },
{ "type": "Feature", "properties": { "cell_id": "r15_c32", "row": 15, "col": 32, "global_row": 10638, "global_col": 34064, "lon": 103.87083333333335, "lat": 1.3458333333333274 }, "geometry": { "type": "Polygon", "coordinates": [ [ [ 103.875, 1.341666666666661 ], [ 103.875, 1.35 ], [ 103.866666666666688, 1.35 ], [ 103.866666666666688, 1.341666666666661 ], [ 103.875, 1.341666666666661 ] ] ] } },
{ "type": "Feature", "properties": { "cell_id": "r15_c33", "row": 15, "col": 33, "global_row": 10638, "global_col": 34065, "lon": 103.87916666666672, "lat": 1.3458333333333277 }, "geometry": { "type": "Polygon", "coordinates": [ [ [ 103.883333333333354, 1.341666666666661 ], [ 103.883333333333354, 1.35 ], [ 103.875, 1.35 ], [ 103.875, 1.341666666666661 ], [ 103.883333333333354, 1.341666666666661 ] ] ] } },
{ "type": "Feature", "properties": { "cell_id": "r15_c34", "row": 15, "col": 34, "global_row": 10638, "global_col": 34066, "lon": 103.8875, "lat": 1.3458333333333274 }, "geometry": { "type": "Polygon", "coordinates": [ [ [ 103.891666666666694, 1.341666666666661 ], [ 103.891666666666694, 1.35 ], [ 103.883333333333354, 1.35 ], [ 103.883333333333354, 1.341666666666661 ], [ 103.891666666666694, 1.341666666666661 ] ] ] } },
{ "type": "Feature", "properties": { "cell_id": "r15_c35", "row": 15, "col": 35, "global_row": 10638, "global_col": 34067, "lon": 103.89583333333336, "lat": 1.3458333333333277 }, "geometry": { "type": "Polygon", "coordinates": [ [ [ 103.9, 1.341666666666661 ], [ 103.9, 1.35 ], [ 103.891666666666694, 1.35 ], [ 103.891666666666694, 1.341666666666661 ], [ 103.9, 1.341666666666661 ] ] ] } },
{ "type": "Feature", "properties": { "cell_id": "r15_c36", "row": 15, "col": 36, "global_row": 10638, "global_col": 34068, "lon": 103.90416666666668, "lat": 1.3458333333333274 }, "geometry": { "type": "Polygon", "coordinates": [ [ [ 103.90833333333336, 1.341666666666661 ], [ 103.90833333333336, 1.35 ], [ 103.9, 1.35 ], [ 103.9, 1.341666666666661 ], [ 103.90833333333336, 1.341666666666661 ] ] ] } },
{ "type": "Feature", "properties": { "cell_id": "r15_c37", "row": 15, "col": 37, "global_row": 10638, "global_col": 34069, "lon": 103.9125, "lat": 1.3458333333333277 }, "geometry": { "type": "Polygon", "coordinates": [ [ [ 103.916666666666686, 1.341666666666661 ], [ 103.916666666666686, 1.35 ], [ 103.90833333333336, 1.35 ], [ 103.90833333333336, 1.341666666666661 ], [ 103.916666666666686, 1.341666666666661 ] ] ] } },
{ "type": "Feature", "properties": { "cell_id": "r15_c38", "row": 15, "col": 38, "global_row": 10638, "global_col": 34070, "lon": 103.92083333333336, "lat": 1.3458333333333274 }, "geometry": { "type": "Polygon", "coordinates": [ [ [ 103.925, 1.341666666666661 ], [ 103.925, 1.35 ], [ 103.916666666666686, 1.35 ], [ 103.916666666666686, 1.341666666666661 ], [ 103.925, 1.341666666666661 ] ] ] } },
{ "type": "Feature", "properties": { "cell_id": "r15_c39", "row": 15, "col": 39, "global_row": 10638, "global_col": 34071, "lon": 103.92916666666669, "lat": 1.3458333333333277 }, "geometry": { "type": "Polygon", "coordinates": [ [ [ 103.933333333333351, 1.341666666666661 ], [ 103.933333333333351, 1.35 ], [ 103.925, 1.35 ], [ 103.925, 1.341666666666661 ], [ 103.933333333333351, 1.341666666666661 ] ] ] } },
{ "type": "Feature", "properties": { "cell_id": "r15_c40", "row": 15, "col": 40, "global_row": 10638, "global_col": 34072, "lon": 103.9375, "lat": 1.3458333333333274 }, "geometry": { "type": "Polygon", "coordinates": [ [ [ 103.941666666666691, 1.341666666666661 ], [ 103.941666666666691, 1.35 ], [ 103.933333333333351, 1.35 ], [ 103.933333333333351, 1.341666666666661 ], [ 103.941666666666691, 1.341666666666661 ] ] ] } },
{ "type": "Feature", "properties": { "cell_id": "r15_c41", "row": 15, "col": 41, "global_row": 10638, "global_col": 34073, "lon": 103.94583333333334, "lat": 1.3458333333333277 }, "geometry": { "type": "Polygon", "coordinates": [ [ [ 103.95, 1.341666666666661 ], [ 103.95, 1.35 ], [ 103.941666666666691, 1.35 ], [ 103.941666666666691, 1.341666666666661 ], [ 103.95, 1.341666666666661 ] ] ] } },
{ "type": "Feature", "properties": { "cell_id": "r15_c42", "row": 15, "col": 42, "global_row": 10638, "global_col": 34074, "lon": 103.95416666666669, "lat": 1.3458333333333274 }, "geometry": { "type": "Polygon", "coordinates": [ [ [ 103.958333333333357, 1.341666666666661 ], [ 103.958333333333357, 1.35 ], [ 103.95, 1.35 ], [ 103.95, 1.341666666666661 ], [ 103.958333333333357, 1.341666666666661 ] ] ] } },
{ "type": "Feature", "properties": { "cell_id": "r15_c43", "row": 15, "col": 43, "global_row": 10638, "global_col": 34075, "lon": 103.9625, "lat": 1.3458333333333277 }, "geometry": { "type": "Polygon", "coordinates": [ [ [ 103.966666666666683, 1.341666666666661 ], [ 103.966666666666683, 1.35 ], [ 103.958333333333357, 1.35 ], [ 103.958333333333357, 1.341666666666661 ], [ 103.966666666666683, 1.341666666666661 ] ] ] } },
{ "type": "Feature", "properties": { "cell_id": "r15_c44", "row": 15, "col": 44, "global_row": 10638, "global_col": 34076, "lon": 103.97083333333336, "lat": 1.3458333333333274 }, "geometry": { "type": "Polygon", "coordinates": [ [ [ 103.975, 1.341666666666661 ], [ 103.975, 1.35 ], [ 103.966666666666683, 1.35 ], [ 103.966666666666683, 1.341666666666661 ], [ 103.975, 1.341666666666661 ] ] ] } },
{ "type": "Feature", "properties": { "cell_id": "r15_c45", "row": 15, "col": 45, "global_row": 10638, "global_col": 34077, "lon": 103.97916666666669, "lat": 1.3458333333333274 }, "geometry": { "type": "Polygon", "coordinates": [ [ [ 103.983333333333363, 1.341666666666661 ], [ 103.983333333333363, 1.35 ], [ 103.975, 1.35 ], [ 103.975, 1.341666666666661 ], [ 103.983333333333363, 1.341666666666661 ] ] ] } },
{ "type": "Feature", "properties": { "cell_id": "r15_c46", "row": 15, "col": 46, "global_row": 10638, "global_col": 34078, "lon": 103.9875, "lat": 1.3458333333333277 }, "geometry": { "type": "Polygon", "coordinates": [ [ [ 103.991666666666688, 1.341666666666661 ], [ 103.991666666666688, 1.35 ], [ 103.983333333333363, 1.35 ], [ 103.983333333333363, 1.341666666666661 ], [ 103.991666666666688, 1.341666666666661 ] ] ] } },
{ "type": "Feature", "properties": { "cell_id": "r15_c47", "row": 15, "col": 47, "global_row": 10638, "global_col": 34079, "lon": 103.99583333333335, "lat": 1.3458333333333274 }, "geometry": { "type": "Polygon", "coordinates": [ [ [ 104.0, 1.341666666666661 ], [ 104.0, 1.35 ], [ 103.991666666666688, 1.35 ], [ 103.991666666666688, 1.341666666666661 ], [ 104.0, 1.341666666666661 ] ] ] } },
{ "type": "Feature", "properties": { "cell_id": "r15_c48", "row": 15, "col": 48, "global_row": 10638, "global_col": 34080, "lon": 104.00416666666671, "lat": 1.3458333333333277 }, "geometry": { "type": "Polygon", "coordinates": [ [ [ 104.008333333333354, 1.341666666666661 ], [ 104.008333333333354, 1.35 ], [ 104.0, 1.35 ], [ 104.0, 1.341666666666661 ], [ 104.008333333333354, 1.341666666666661 ] ] ] } },
{ "type": "Feature", "properties": { "cell_id": "r15_c49", "row": 15, "col": 49, "global_row": 10638, "global_col": 34081, "lon": 104.0125, "lat": 1.3458333333333274 }, "geometry": { "type": "Polygon", "coordinates": [ [ [ 104.016666666666694, 1.341666666666661 ], [ 104.016666666666694, 1.35 ], [ 104.008333333333354, 1.35 ], [ 104.008333333333354, 1.341666666666661 ], [ 104.016666666666694, 1.341666666666661 ] ] ] } },
{ "type": "Feature", "properties": { "cell_id": "r15_c50", "row": 15, "col": 50, "global_row": 10638, "global_col": 34082, "lon": 104.02083333333336, "lat": 1.3458333333333277 }, "geometry": { "type": "Polygon", "coordinates": [ [ [ 104.025, 1.341666666666661 ], [ 104.025, 1.35 ], [ 104.016666666666694, 1.35 ], [ 104.016666666666694, 1.341666666666661 ], [ 104.025, 1.341666666666661 ] ] ] } },
{ "type": "Feature", "properties": { "cell_id": "r15_c57", "row": 15, "col": 57, "global_row": 10638, "global_col": 34089, "lon": 104.07916666666668, "lat": 1.3458333333333274 }, "geometry": { "type": "Polygon", "coordinates": [ [ [ 104.083333333333357, 1.341666666666661 ], [ 104.083333333333357, 1.35 ], [ 104.075, 1.35 ], [ 104.075, 1.341666666666661 ], [ 104.083333333333357, 1.341666666666661 ] ] ] } },
{ "type": "Feature", "properties": { "cell_id": "r16_c4", "row": 16, "col": 4, "global_row": 10639, "global_col": 34036, "lon": 103.6375, "lat": 1.3375 }, "geometry": { "type": "Polygon", "coordinates": [ [ [ 103.641666666666694, 1.333333333333328 ], [ 103.641666666666694, 1.341666666666661 ], [ 103.633333333333354, 1.341666666666661 ], [ 103.633333333333354, 1.333333333333328 ], [ 103.641666666666694, 1.333333333333328 ] ] ] } },
{ "type": "Feature", "properties": { "cell_id": "r16_c5", "row": 16, "col": 5, "global_row": 10639, "global_col": 34037, "lon": 103.64583333333336, "lat": 1.3375 }, "geometry": { "type": "Polygon", "coordinates": [ [ [ 103.65, 1.333333333333328 ], [ 103.65, 1.341666666666661 ], [ 103.641666666666694, 1.341666666666661 ], [ 103.641666666666694, 1.333333333333328 ], [ 103.65, 1.333333333333328 ] ] ] } },
{ "type": "Feature", "properties": { "cell_id": "r16_c6", "row": 16, "col": 6, "global_row": 10639, "global_col": 34038, "lon": 103.65416666666671, "lat": 1.3375 }, "geometry": { "type": "Polygon", "coordinates": [ [ [ 103.65833333333336, 1.333333333333328 ], [ 103.65833333333336, 1.341666666666661 ], [ 103.65, 1.341666666666661 ], [ 103.65, 1.333333333333328 ], [ 103.65833333333336, 1.333333333333328 ] ] ] } },
{ "type": "Feature", "properties": { "cell_id": "r16_c7", "row": 16, "col": 7, "global_row": 10639, "global_col": 34039, "lon": 103.6625, "lat": 1.3375 }, "geometry": { "type": "Polygon", "coordinates": [ [ [ 103.666666666666686, 1.333333333333328 ], [ 103.666666666666686, 1.341666666666661 ], [ 103.65833333333336, 1.341666666666661 ], [ 103.65833333333336, 1.333333333333328 ], [ 103.666666666666686, 1.333333333333328 ] ] ] } },
{ "type": "Feature", "properties": { "cell_id": "r16_c8", "row": 16, "col": 8, "global_row": 10639, "global_col": 34040, "lon": 103.67083333333335, "lat": 1.3375 }, "geometry": { "type": "Polygon", "coordinates": [ [ [ 103.675, 1.333333333333328 ], [ 103.675, 1.341666666666661 ], [ 103.666666666666686, 1.341666666666661 ], [ 103.666666666666686, 1.333333333333328 ], [ 103.675, 1.333333333333328 ] ] ] } },
{ "type": "Feature", "properties": { "cell_id": "r16_c9", "row": 16, "col": 9, "global_row": 10639, "global_col": 34041, "lon": 103.67916666666669, "lat": 1.3375 }, "geometry": { "type": "Polygon", "coordinates": [ [ [ 103.683333333333351, 1.333333333333328 ], [ 103.683333333333351, 1.341666666666661 ], [ 103.675, 1.341666666666661 ], [ 103.675, 1.333333333333328 ], [ 103.683333333333351, 1.333333333333328 ] ] ] } },
{ "type": "Feature", "properties": { "cell_id": "r16_c10", "row": 16, "col": 10, "global_row": 10639, "global_col": 34042, "lon": 103.6875, "lat": 1.3375 }, "geometry": { "type": "Polygon", "coordinates": [ [ [ 103.691666666666691, 1.333333333333328 ], [ 103.691666666666691, 1.341666666666661 ], [ 103.683333333333351, 1.341666666666661 ], [ 103.683333333333351, 1.333333333333328 ], [ 103.691666666666691, 1.333333333333328 ] ] ] } },
{ "type": "Feature", "properties": { "cell_id": "r16_c11", "row": 16, "col": 11, "global_row": 10639, "global_col": 34043, "lon": 103.69583333333334, "lat": 1.3375 }, "geometry": { "type": "Polygon", "coordinates": [ [ [ 103.7, 1.333333333333328 ], [ 103.7, 1.341666666666661 ], [ 103.691666666666691, 1.341666666666661 ], [ 103.691666666666691, 1.333333333333328 ], [ 103.7, 1.333333333333328 ] ] ] } },
{ "type": "Feature", "properties": { "cell_id": "r16_c12", "row": 16, "col": 12, "global_row": 10639, "global_col": 34044, "lon": 103.70416666666668, "lat": 1.3375 }, "geometry": { "type": "Polygon", "coordinates": [ [ [ 103.708333333333357, 1.333333333333328 ], [ 103.708333333333357, 1.341666666666661 ], [ 103.7, 1.341666666666661 ], [ 103.7, 1.333333333333328 ], [ 103.708333333333357, 1.333333333333328 ] ] ] } },
{ "type": "Feature", "properties": { "cell_id": "r16_c13", "row": 16, "col": 13, "global_row": 10639, "global_col": 34045, "lon": 103.7125, "lat": 1.3375 }, "geometry": { "type": "Polygon", "coordinates": [ [ [ 103.716666666666683, 1.333333333333328 ], [ 103.716666666666683, 1.341666666666661 ], [ 103.708333333333357, 1.341666666666661 ], [ 103.708333333333357, 1.333333333333328 ], [ 103.716666666666683, 1.333333333333328 ] ] ] } },
{ "type": "Feature", "properties": { "cell_id": "r16_c14", "row": 16, "col": 14, "global_row": 10639, "global_col": 34046, "lon": 103.72083333333336, "lat": 1.3375 }, "geometry": { "type": "Polygon", "coordinates": [ [ [ 103.725, 1.333333333333328 ], [ 103.725, 1.341666666666661 ], [ 103.716666666666683, 1.341666666666661 ], [ 103.716666666666683, 1.333333333333328 ], [ 103.725, 1.333333333333328 ] ] ] } },
{ "type": "Feature", "properties": { "cell_id": "r16_c15", "row": 16, "col": 15, "global_row": 10639, "global_col": 34047, "lon": 103.72916666666667, "lat": 1.3375 }, "geometry": { "type": "Polygon", "coordinates": [ [ [ 103.733333333333363, 1.333333333333328 ], [ 103.733333333333363, 1.341666666666661 ], [ 103.725, 1.341666666666661 ], [ 103.725, 1.333333333333328 ], [ 103.733333333333363, 1.333333333333328 ] ] ] } },
{ "type": "Feature", "properties": { "cell_id": "r16_c16", "row": 16, "col": 16, "global_row": 10639, "global_col": 34048, "lon": 103.7375, "lat": 1.3375 }, "geometry": { "type": "Polygon", "coordinates": [ [ [ 103.741666666666688, 1.333333333333328 ], [ 103.741666666666688, 1.341666666666661 ], [ 103.733333333333363, 1.341666666666661 ], [ 103.733333333333363, 1.333333333333328 ], [ 103.741666666666688, 1.333333333333328 ] ] ] } },
{ "type": "Feature", "properties": { "cell_id": "r16_c17", "row": 16, "col": 17, "global_row": 10639, "global_col": 34049, "lon": 103.74583333333337, "lat": 1.3375 }, "geometry": { "type": "Polygon", "coordinates": [ [ [ 103.75, 1.333333333333328 ], [ 103.75, 1.341666666666661 ], [ 103.741666666666688, 1.341666666666661 ], [ 103.741666666666688, 1.333333333333328 ], [ 103.75, 1.333333333333328 ] ] ] } },
{ "type": "Feature", "properties": { "cell_id": "r16_c18", "row": 16, "col": 18, "global_row": 10639, "global_col": 34050, "lon": 103.75416666666671, "lat": 1.3375 }, "geometry": { "type": "Polygon", "coordinates": [ [ [ 103.758333333333354, 1.333333333333328 ], [ 103.758333333333354, 1.341666666666661 ], [ 103.75, 1.341666666666661 ], [ 103.75, 1.333333333333328 ], [ 103.758333333333354, 1.333333333333328 ] ] ] } },
{ "type": "Feature", "properties": { "cell_id": "r16_c19", "row": 16, "col": 19, "global_row": 10639, "global_col": 34051, "lon": 103.7625, "lat": 1.3375 }, "geometry": { "type": "Polygon", "coordinates": [ [ [ 103.766666666666694, 1.333333333333328 ], [ 103.766666666666694, 1.341666666666661 ], [ 103.758333333333354, 1.341666666666661 ], [ 103.758333333333354, 1.333333333333328 ], [ 103.766666666666694, 1.333333333333328 ] ] ] } },
{ "type": "Feature", "properties": { "cell_id": "r16_c20", "row": 16, "col": 20, "global_row": 10639, "global_col": 34052, "lon": 103.77083333333334, "lat": 1.3375 }, "geometry": { "type": "Polygon", "coordinates": [ [ [ 103.775, 1.333333333333328 ], [ 103.775, 1.341666666666661 ], [ 103.766666666666694, 1.341666666666661 ], [ 103.766666666666694, 1.333333333333328 ], [ 103.775, 1.333333333333328 ] ] ] } },
{ "type": "Feature", "properties": { "cell_id": "r16_c21", "row": 16, "col": 21, "global_row": 10639, "global_col": 34053, "lon": 103.7791666666667, "lat": 1.3375 }, "geometry": { "type": "Polygon", "coordinates": [ [ [ 103.78333333333336, 1.333333333333328 ], [ 103.78333333333336, 1.341666666666661 ], [ 103.775, 1.341666666666661 ], [ 103.775, 1.333333333333328 ], [ 103.78333333333336, 1.333333333333328 ] ] ] } },
{ "type": "Feature", "properties": { "cell_id": "r16_c22", "row": 16, "col": 22, "global_row": 10639, "global_col": 34054, "lon": 103.7875, "lat": 1.3375 }, "geometry": { "type": "Polygon", "coordinates": [ [ [ 103.791666666666686, 1.333333333333328 ], [ 103.791666666666686, 1.341666666666661 ], [ 103.78333333333336, 1.341666666666661 ], [ 103.78333333333336, 1.333333333333328 ], [ 103.791666666666686, 1.333333333333328 ] ] ] } },
{ "type": "Feature", "properties": { "cell_id": "r16_c23", "row": 16, "col": 23, "global_row": 10639, "global_col": 34055, "lon": 103.79583333333336, "lat": 1.3375 }, "geometry": { "type": "Polygon", "coordinates": [ [ [ 103.8, 1.333333333333328 ], [ 103.8, 1.341666666666661 ], [ 103.791666666666686, 1.341666666666661 ], [ 103.791666666666686, 1.333333333333328 ], [ 103.8, 1.333333333333328 ] ] ] } },
{ "type": "Feature", "properties": { "cell_id": "r16_c24", "row": 16, "col": 24, "global_row": 10639, "global_col": 34056, "lon": 103.80416666666667, "lat": 1.3375 }, "geometry": { "type": "Polygon", "coordinates": [ [ [ 103.808333333333351, 1.333333333333328 ], [ 103.808333333333351, 1.341666666666661 ], [ 103.8, 1.341666666666661 ], [ 103.8, 1.333333333333328 ], [ 103.808333333333351, 1.333333333333328 ] ] ] } },
{ "type": "Feature", "properties": { "cell_id": "r16_c25", "row": 16, "col": 25, "global_row": 10639, "global_col": 34057, "lon": 103.8125, "lat": 1.3375 }, "geometry": { "type": "Polygon", "coordinates": [ [ [ 103.816666666666691, 1.333333333333328 ], [ 103.816666666666691, 1.341666666666661 ], [ 103.808333333333351, 1.341666666666661 ], [ 103.808333333333351, 1.333333333333328 ], [ 103.816666666666691, 1.333333333333328 ] ] ] } },
{ "type": "Feature", "properties": { "cell_id": "r16_c26", "row": 16, "col": 26, "global_row": 10639, "global_col": 34058, "lon": 103.82083333333334, "lat": 1.3375 }, "geometry": { "type": "Polygon", "coordinates": [ [ [ 103.825, 1.333333333333328 ], [ 103.825, 1.341666666666661 ], [ 103.816666666666691, 1.341666666666661 ], [ 103.816666666666691, 1.333333333333328 ], [ 103.825, 1.333333333333328 ] ] ] } },
{ "type": "Feature", "properties": { "cell_id": "r16_c27", "row": 16, "col": 27, "global_row": 10639, "global_col": 34059, "lon": 103.82916666666668, "lat": 1.3375 }, "geometry": { "type": "Polygon", "coordinates": [ [ [ 103.833333333333357, 1.333333333333328 ], [ 103.833333333333357, 1.341666666666661 ], [ 103.825, 1.341666666666661 ], [ 103.825, 1.333333333333328 ], [ 103.833333333333357, 1.333333333333328 ] ] ] } },
{ "type": "Feature", "properties": { "cell_id": "r16_c28", "row": 16, "col": 28, "global_row": 10639, "global_col": 34060, "lon": 103.8375, "lat": 1.3375 }, "geometry": { "type": "Polygon", "coordinates": [ [ [ 103.841666666666683, 1.333333333333328 ], [ 103.841666666666683, 1.341666666666661 ], [ 103.833333333333357, 1.341666666666661 ], [ 103.833333333333357, 1.333333333333328 ], [ 103.841666666666683, 1.333333333333328 ] ] ] } },
{ "type": "Feature", "properties": { "cell_id": "r16_c29", "row": 16, "col": 29, "global_row": 10639, "global_col": 34061, "lon": 103.84583333333335, "lat": 1.3375 }, "geometry": { "type": "Polygon", "coordinates": [ [ [ 103.85, 1.333333333333328 ], [ 103.85, 1.341666666666661 ], [ 103.841666666666683, 1.341666666666661 ], [ 103.841666666666683, 1.333333333333328 ], [ 103.85, 1.333333333333328 ] ] ] } },
{ "type": "Feature", "properties": { "cell_id": "r16_c30", "row": 16, "col": 30, "global_row": 10639, "global_col": 34062, "lon": 103.85416666666669, "lat": 1.3375 }, "geometry": { "type": "Polygon", "coordinates": [ [ [ 103.858333333333363, 1.333333333333328 ], [ 103.858333333333363, 1.341666666666661 ], [ 103.85, 1.341666666666661 ], [ 103.85, 1.333333333333328 ], [ 103.858333333333363, 1.333333333333328 ] ] ] } },
{ "type": "Feature", "properties": { "cell_id": "r16_c31", "row": 16, "col": 31, "global_row": 10639, "global_col": 34063, "lon": 103.8625, "lat": 1.3375 }, "geometry": { "type": "Polygon", "coordinates": [ [ [ 103.866666666666688, 1.333333333333328 ], [ 103.866666666666688, 1.341666666666661 ], [ 103.858333333333363, 1.341666666666661 ], [ 103.858333333333363, 1.333333333333328 ], [ 103.866666666666688, 1.333333333333328 ] ] ] } },
{ "type": "Feature", "properties": { "cell_id": "r16_c32", "row": 16, "col": 32, "global_row": 10639, "global_col": 34064, "lon": 103.87083333333335, "lat": 1.3375 }, "geometry": { "type": "Polygon", "coordinates": [ [ [ 103.875, 1.333333333333328 ], [ 103.875, 1.341666666666661 ], [ 103.866666666666688, 1.341666666666661 ], [ 103.866666666666688, 1.333333333333328 ], [ 103.875, 1.333333333333328 ] ] ] } },
{ "type": "Feature", "properties": { "cell_id": "r16_c33", "row": 16, "col": 33, "global_row": 10639, "global_col": 34065, "lon": 103.87916666666672, "lat": 1.3375 }, "geometry": { "type": "Polygon", "coordinates": [ [ [ 103.883333333333354, 1.333333333333328 ], [ 103.883333333333354, 1.341666666666661 ], [ 103.875, 1.341666666666661 ], [ 103.875, 1.333333333333328 ], [ 103.883333333333354, 1.333333333333328 ] ] ] } },
{ "type": "Feature", "properties": { "cell_id": "r16_c34", "row": 16, "col": 34, "global_row": 10639, "global_col": 34066, "lon": 103.8875, "lat": 1.3375 }, "geometry": { "type": "Polygon", "coordinates": [ [ [ 103.891666666666694, 1.333333333333328 ], [ 103.891666666666694, 1.341666666666661 ], [ 103.883333333333354, 1.341666666666661 ], [ 103.883333333333354, 1.333333333333328 ], [ 103.891666666666694, 1.333333333333328 ] ] ] } },
{ "type": "Feature", "properties": { "cell_id": "r16_c35", "row": 16, "col": 35, "global_row": 10639, "global_col": 34067, "lon": 103.89583333333336, "lat": 1.3375 }, "geometry": { "type": "Polygon", "coordinates": [ [ [ 103.9, 1.333333333333328 ], [ 103.9, 1.341666666666661 ], [ 103.891666666666694, 1.341666666666661 ], [ 103.891666666666694, 1.333333333333328 ], [ 103.9, 1.333333333333328 ] ] ] } },
{ "type": "Feature", "properties": { "cell_id": "r16_c36", "row": 16, "col": 36, "global_row": 10639, "global_col": 34068, "lon": 103.90416666666668, "lat": 1.3375 }, "geometry": { "type": "Polygon", "coordinates": [ [ [ 103.90833333333336, 1.333333333333328 ], [ 103.90833333333336, 1.341666666666661 ], [ 103.9, 1.341666666666661 ], [ 103.9, 1.333333333333328 ], [ 103.90833333333336, 1.333333333333328 ] ] ] } },
{ "type": "Feature", "properties": { "cell_id": "r16_c37", "row": 16, "col": 37, "global_row": 10639, "global_col": 34069, "lon": 103.9125, "lat": 1.3375 }, "geometry": { "type": "Polygon", "coordinates": [ [ [ 103.916666666666686, 1.333333333333328 ], [ 103.916666666666686, 1.341666666666661 ], [ 103.90833333333336, 1.341666666666661 ], [ 103.90833333333336, 1.333333333333328 ], [ 103.916666666666686, 1.333333333333328 ] ] ] } },
{ "type": "Feature", "properties": { "cell_id": "r16_c38", "row": 16, "col": 38, "global_row": 10639, "global_col": 34070, "lon": 103.92083333333336, "lat": 1.3375 }, "geometry": { "type": "Polygon", "coordinates": [ [ [ 103.925, 1.333333333333328 ], [ 103.925, 1.341666666666661 ], [ 103.916666666666686, 1.341666666666661 ], [ 103.916666666666686, 1.333333333333328 ], [ 103.925, 1.333333333333328 ] ] ] } },
{ "type": "Feature", "properties": { "cell_id": "r16_c39", "row": 16, "col": 39, "global_row": 10639, "global_col": 34071, "lon": 103.92916666666669, "lat": 1.3375 }, "geometry": { "type": "Polygon", "coordinates": [ [ [ 103.933333333333351, 1.333333333333328 ], [ 103.933333333333351, 1.341666666666661 ], [ 103.925, 1.341666666666661 ], [ 103.925, 1.333333333333328 ], [ 103.933333333333351, 1.333333333333328 ] ] ] } },
{ "type": "Feature", "properties": { "cell_id": "r16_c40", "row": 16, "col": 40, "global_row": 10639, "global_col": 34072, "lon": 103.9375, "lat": 1.3375 }, "geometry": { "type": "Polygon", "coordinates": [ [ [ 103.941666666666691, 1.333333333333328 ], [ 103.941666666666691, 1.341666666666661 ], [ 103.933333333333351, 1.341666666666661 ], [ 103.933333333333351, 1.333333333333328 ], [ 103.941666666666691, 1.333333333333328 ] ] ] } },
{ "type": "Feature", "properties": { "cell_id": "r16_c41", "row": 16, "col": 41, "global_row": 10639, "global_col": 34073, "lon": 103.94583333333334, "lat": 1.3375 }, "geometry": { "type": "Polygon", "coordinates": [ [ [ 103.95, 1.333333333333328 ], [ 103.95, 1.341666666666661 ], [ 103.941666666666691, 1.341666666666661 ], [ 103.941666666666691, 1.333333333333328 ], [ 103.95, 1.333333333333328 ] ] ] } },
{ "type": "Feature", "properties": { "cell_id": "r16_c42", "row": 16, "col": 42, "global_row": 10639, "global_col": 34074, "lon": 103.95416666666669, "lat": 1.3375 }, "geometry": { "type": "Polygon", "coordinates": [ [ [ 103.958333333333357, 1.333333333333328 ], [ 103.958333333333357, 1.341666666666661 ], [ 103.95, 1.341666666666661 ], [ 103.95, 1.333333333333328 ], [ 103.958333333333357, 1.333333333333328 ] ] ] } },
{ "type": "Feature", "properties": { "cell_id": "r16_c43", "row": 16, "col": 43, "global_row": 10639, "global_col": 34075, "lon": 103.9625, "lat": 1.3375 }, "geometry": { "type": "Polygon", "coordinates": [ [ [ 103.966666666666683, 1.333333333333328 ], [ 103.966666666666683, 1.341666666666661 ], [ 103.958333333333357, 1.341666666666661 ], [ 103.958333333333357, 1.333333333333328 ], [ 103.966666666666683, 1.333333333333328 ] ] ] } },
{ "type": "Feature", "properties": { "cell_id": "r16_c44", "row": 16, "col": 44, "global_row": 10639, "global_col": 34076, "lon": 103.97083333333336, "lat": 1.3375 }, "geometry": { "type": "Polygon", "coordinates": [ [ [ 103.975, 1.333333333333328 ], [ 103.975, 1.341666666666661 ], [ 103.966666666666683, 1.341666666666661 ], [ 103.966666666666683, 1.333333333333328 ], [ 103.975, 1.333333333333328 ] ] ] } },
{ "type": "Feature", "properties": { "cell_id": "r16_c45", "row": 16, "col": 45, "global_row": 10639, "global_col": 34077, "lon": 103.97916666666669, "lat": 1.3375 }, "geometry": { "type": "Polygon", "coordinates": [ [ [ 103.983333333333363, 1.333333333333328 ], [ 103.983333333333363, 1.341666666666661 ], [ 103.975, 1.341666666666661 ], [ 103.975, 1.333333333333328 ], [ 103.983333333333363, 1.333333333333328 ] ] ] } },
{ "type": "Feature", "properties": { "cell_id": "r16_c46", "row": 16, "col": 46, "global_row": 10639, "global_col": 34078, "lon": 103.9875, "lat": 1.3375 }, "geometry": { "type": "Polygon", "coordinates": [ [ [ 103.991666666666688, 1.333333333333328 ], [ 103.991666666666688, 1.341666666666661 ], [ 103.983333333333363, 1.341666666666661 ], [ 103.983333333333363, 1.333333333333328 ], [ 103.991666666666688, 1.333333333333328 ] ] ] } },
{ "type": "Feature", "properties": { "cell_id": "r16_c47", "row": 16, "col": 47, "global_row": 10639, "global_col": 34079, "lon": 103.99583333333335, "lat": 1.3375 }, "geometry": { "type": "Polygon", "coordinates": [ [ [ 104.0, 1.333333333333328 ], [ 104.0, 1.341666666666661 ], [ 103.991666666666688, 1.341666666666661 ], [ 103.991666666666688, 1.333333333333328 ], [ 104.0, 1.333333333333328 ] ] ] } },
{ "type": "Feature", "properties": { "cell_id": "r16_c48", "row": 16, "col": 48, "global_row": 10639, "global_col": 34080, "lon": 104.00416666666671, "lat": 1.3375 }, "geometry": { "type": "Polygon", "coordinates": [ [ [ 104.008333333333354, 1.333333333333328 ], [ 104.008333333333354, 1.341666666666661 ], [ 104.0, 1.341666666666661 ], [ 104.0, 1.333333333333328 ], [ 104.008333333333354, 1.333333333333328 ] ] ] } },
{ "type": "Feature", "properties": { "cell_id": "r16_c49", "row": 16, "col": 49, "global_row": 10639, "global_col": 34081, "lon": 104.0125, "lat": 1.3375 }, "geometry": { "type": "Polygon", "coordinates": [ [ [ 104.016666666666694, 1.333333333333328 ], [ 104.016666666666694, 1.341666666666661 ], [ 104.008333333333354, 1.341666666666661 ], [ 104.008333333333354, 1.333333333333328 ], [ 104.016666666666694, 1.333333333333328 ] ] ] } },
{ "type": "Feature", "properties": { "cell_id": "r16_c50", "row": 16, "col": 50, "global_row": 10639, "global_col": 34082, "lon": 104.02083333333336, "lat": 1.3375 }, "geometry": { "type": "Polygon", "coordinates": [ [ [ 104.025, 1.333333333333328 ], [ 104.025, 1.341666666666661 ], [ 104.016666666666694, 1.341666666666661 ], [ 104.016666666666694, 1.333333333333328 ], [ 104.025, 1.333333333333328 ] ] ] } },
{ "type": "Feature", "properties": { "cell_id": "r17_c3", "row": 17, "col": 3, "global_row": 10640, "global_col": 34035, "lon": 103.62916666666671, "lat": 1.3291666666666611 }, "geometry": { "type": "Polygon", "coordinates": [ [ [ 103.633333333333354, 1.325 ], [ 103.633333333333354, 1.333333333333328 ], [ 103.625, 1.333333333333328 ], [ 103.625, 1.325 ], [ 103.633333333333354, 1.325 ] ] ] } },
{ "type": "Feature", "properties": { "cell_id": "r17_c4", "row": 17, "col": 4, "global_row": 10640, "global_col": 34036, "lon": 103.6375, "lat": 1.3291666666666611 }, "geometry": { "type": "Polygon", "coordinates": [ [ [ 103.641666666666694, 1.325 ], [ 103.641666666666694, 1.333333333333328 ], [ 103.633333333333354, 1.333333333333328 ], [ 103.633333333333354, 1.325 ], [ 103.641666666666694, 1.325 ] ] ] } },
{ "type": "Feature", "properties": { "cell_id": "r17_c5", "row": 17, "col": 5, "global_row": 10640, "global_col": 34037, "lon": 103.64583333333336, "lat": 1.3291666666666611 }, "geometry": { "type": "Polygon", "coordinates": [ [ [ 103.65, 1.325 ], [ 103.65, 1.333333333333328 ], [ 103.641666666666694, 1.333333333333328 ], [ 103.641666666666694, 1.325 ], [ 103.65, 1.325 ] ] ] } },
{ "type": "Feature", "properties": { "cell_id": "r17_c6", "row": 17, "col": 6, "global_row": 10640, "global_col": 34038, "lon": 103.65416666666671, "lat": 1.3291666666666611 }, "geometry": { "type": "Polygon", "coordinates": [ [ [ 103.65833333333336, 1.325 ], [ 103.65833333333336, 1.333333333333328 ], [ 103.65, 1.333333333333328 ], [ 103.65, 1.325 ], [ 103.65833333333336, 1.325 ] ] ] } },
{ "type": "Feature", "properties": { "cell_id": "r17_c7", "row": 17, "col": 7, "global_row": 10640, "global_col": 34039, "lon": 103.6625, "lat": 1.3291666666666611 }, "geometry": { "type": "Polygon", "coordinates": [ [ [ 103.666666666666686, 1.325 ], [ 103.666666666666686, 1.333333333333328 ], [ 103.65833333333336, 1.333333333333328 ], [ 103.65833333333336, 1.325 ], [ 103.666666666666686, 1.325 ] ] ] } },
{ "type": "Feature", "properties": { "cell_id": "r17_c8", "row": 17, "col": 8, "global_row": 10640, "global_col": 34040, "lon": 103.67083333333335, "lat": 1.3291666666666611 }, "geometry": { "type": "Polygon", "coordinates": [ [ [ 103.675, 1.325 ], [ 103.675, 1.333333333333328 ], [ 103.666666666666686, 1.333333333333328 ], [ 103.666666666666686, 1.325 ], [ 103.675, 1.325 ] ] ] } },
{ "type": "Feature", "properties": { "cell_id": "r17_c9", "row": 17, "col": 9, "global_row": 10640, "global_col": 34041, "lon": 103.67916666666669, "lat": 1.3291666666666611 }, "geometry": { "type": "Polygon", "coordinates": [ [ [ 103.683333333333351, 1.325 ], [ 103.683333333333351, 1.333333333333328 ], [ 103.675, 1.333333333333328 ], [ 103.675, 1.325 ], [ 103.683333333333351, 1.325 ] ] ] } },
{ "type": "Feature", "properties": { "cell_id": "r17_c10", "row": 17, "col": 10, "global_row": 10640, "global_col": 34042, "lon": 103.6875, "lat": 1.3291666666666611 }, "geometry": { "type": "Polygon", "coordinates": [ [ [ 103.691666666666691, 1.325 ], [ 103.691666666666691, 1.333333333333328 ], [ 103.683333333333351, 1.333333333333328 ], [ 103.683333333333351, 1.325 ], [ 103.691666666666691, 1.325 ] ] ] } },
{ "type": "Feature", "properties": { "cell_id": "r17_c11", "row": 17, "col": 11, "global_row": 10640, "global_col": 34043, "lon": 103.69583333333334, "lat": 1.3291666666666611 }, "geometry": { "type": "Polygon", "coordinates": [ [ [ 103.7, 1.325 ], [ 103.7, 1.333333333333328 ], [ 103.691666666666691, 1.333333333333328 ], [ 103.691666666666691, 1.325 ], [ 103.7, 1.325 ] ] ] } },
{ "type": "Feature", "properties": { "cell_id": "r17_c12", "row": 17, "col": 12, "global_row": 10640, "global_col": 34044, "lon": 103.70416666666668, "lat": 1.3291666666666611 }, "geometry": { "type": "Polygon", "coordinates": [ [ [ 103.708333333333357, 1.325 ], [ 103.708333333333357, 1.333333333333328 ], [ 103.7, 1.333333333333328 ], [ 103.7, 1.325 ], [ 103.708333333333357, 1.325 ] ] ] } },
{ "type": "Feature", "properties": { "cell_id": "r17_c13", "row": 17, "col": 13, "global_row": 10640, "global_col": 34045, "lon": 103.7125, "lat": 1.3291666666666611 }, "geometry": { "type": "Polygon", "coordinates": [ [ [ 103.716666666666683, 1.325 ], [ 103.716666666666683, 1.333333333333328 ], [ 103.708333333333357, 1.333333333333328 ], [ 103.708333333333357, 1.325 ], [ 103.716666666666683, 1.325 ] ] ] } },
{ "type": "Feature", "properties": { "cell_id": "r17_c14", "row": 17, "col": 14, "global_row": 10640, "global_col": 34046, "lon": 103.72083333333336, "lat": 1.3291666666666611 }, "geometry": { "type": "Polygon", "coordinates": [ [ [ 103.725, 1.325 ], [ 103.725, 1.333333333333328 ], [ 103.716666666666683, 1.333333333333328 ], [ 103.716666666666683, 1.325 ], [ 103.725, 1.325 ] ] ] } },
{ "type": "Feature", "properties": { "cell_id": "r17_c15", "row": 17, "col": 15, "global_row": 10640, "global_col": 34047, "lon": 103.72916666666667, "lat": 1.3291666666666611 }, "geometry": { "type": "Polygon", "coordinates": [ [ [ 103.733333333333363, 1.325 ], [ 103.733333333333363, 1.333333333333328 ], [ 103.725, 1.333333333333328 ], [ 103.725, 1.325 ], [ 103.733333333333363, 1.325 ] ] ] } },
{ "type": "Feature", "properties": { "cell_id": "r17_c16", "row": 17, "col": 16, "global_row": 10640, "global_col": 34048, "lon": 103.7375, "lat": 1.3291666666666611 }, "geometry": { "type": "Polygon", "coordinates": [ [ [ 103.741666666666688, 1.325 ], [ 103.741666666666688, 1.333333333333328 ], [ 103.733333333333363, 1.333333333333328 ], [ 103.733333333333363, 1.325 ], [ 103.741666666666688, 1.325 ] ] ] } },
{ "type": "Feature", "properties": { "cell_id": "r17_c17", "row": 17, "col": 17, "global_row": 10640, "global_col": 34049, "lon": 103.74583333333337, "lat": 1.3291666666666611 }, "geometry": { "type": "Polygon", "coordinates": [ [ [ 103.75, 1.325 ], [ 103.75, 1.333333333333328 ], [ 103.741666666666688, 1.333333333333328 ], [ 103.741666666666688, 1.325 ], [ 103.75, 1.325 ] ] ] } },
{ "type": "Feature", "properties": { "cell_id": "r17_c18", "row": 17, "col": 18, "global_row": 10640, "global_col": 34050, "lon": 103.75416666666671, "lat": 1.3291666666666611 }, "geometry": { "type": "Polygon", "coordinates": [ [ [ 103.758333333333354, 1.325 ], [ 103.758333333333354, 1.333333333333328 ], [ 103.75, 1.333333333333328 ], [ 103.75, 1.325 ], [ 103.758333333333354, 1.325 ] ] ] } },
{ "type": "Feature", "properties": { "cell_id": "r17_c19", "row": 17, "col": 19, "global_row": 10640, "global_col": 34051, "lon": 103.7625, "lat": 1.3291666666666611 }, "geometry": { "type": "Polygon", "coordinates": [ [ [ 103.766666666666694, 1.325 ], [ 103.766666666666694, 1.333333333333328 ], [ 103.758333333333354, 1.333333333333328 ], [ 103.758333333333354, 1.325 ], [ 103.766666666666694, 1.325 ] ] ] } },
{ "type": "Feature", "properties": { "cell_id": "r17_c20", "row": 17, "col": 20, "global_row": 10640, "global_col": 34052, "lon": 103.77083333333334, "lat": 1.3291666666666611 }, "geometry": { "type": "Polygon", "coordinates": [ [ [ 103.775, 1.325 ], [ 103.775, 1.333333333333328 ], [ 103.766666666666694, 1.333333333333328 ], [ 103.766666666666694, 1.325 ], [ 103.775, 1.325 ] ] ] } },
{ "type": "Feature", "properties": { "cell_id": "r17_c21", "row": 17, "col": 21, "global_row": 10640, "global_col": 34053, "lon": 103.7791666666667, "lat": 1.3291666666666611 }, "geometry": { "type": "Polygon", "coordinates": [ [ [ 103.78333333333336, 1.325 ], [ 103.78333333333336, 1.333333333333328 ], [ 103.775, 1.333333333333328 ], [ 103.775, 1.325 ], [ 103.78333333333336, 1.325 ] ] ] } },
{ "type": "Feature", "properties": { "cell_id": "r17_c22", "row": 17, "col": 22, "global_row": 10640, "global_col": 34054, "lon": 103.7875, "lat": 1.3291666666666611 }, "geometry": { "type": "Polygon", "coordinates": [ [ [ 103.791666666666686, 1.325 ], [ 103.791666666666686, 1.333333333333328 ], [ 103.78333333333336, 1.333333333333328 ], [ 103.78333333333336, 1.325 ], [ 103.791666666666686, 1.325 ] ] ] } },
{ "type": "Feature", "properties": { "cell_id": "r17_c23", "row": 17, "col": 23, "global_row": 10640, "global_col": 34055, "lon": 103.79583333333336, "lat": 1.3291666666666611 }, "geometry": { "type": "Polygon", "coordinates": [ [ [ 103.8, 1.325 ], [ 103.8, 1.333333333333328 ], [ 103.791666666666686, 1.333333333333328 ], [ 103.791666666666686, 1.325 ], [ 103.8, 1.325 ] ] ] } },
{ "type": "Feature", "properties": { "cell_id": "r17_c24", "row": 17, "col": 24, "global_row": 10640, "global_col": 34056, "lon": 103.80416666666667, "lat": 1.3291666666666611 }, "geometry": { "type": "Polygon", "coordinates": [ [ [ 103.808333333333351, 1.325 ], [ 103.808333333333351, 1.333333333333328 ], [ 103.8, 1.333333333333328 ], [ 103.8, 1.325 ], [ 103.808333333333351, 1.325 ] ] ] } },
{ "type": "Feature", "properties": { "cell_id": "r17_c25", "row": 17, "col": 25, "global_row": 10640, "global_col": 34057, "lon": 103.8125, "lat": 1.3291666666666611 }, "geometry": { "type": "Polygon", "coordinates": [ [ [ 103.816666666666691, 1.325 ], [ 103.816666666666691, 1.333333333333328 ], [ 103.808333333333351, 1.333333333333328 ], [ 103.808333333333351, 1.325 ], [ 103.816666666666691, 1.325 ] ] ] } },
{ "type": "Feature", "properties": { "cell_id": "r17_c26", "row": 17, "col": 26, "global_row": 10640, "global_col": 34058, "lon": 103.82083333333334, "lat": 1.3291666666666611 }, "geometry": { "type": "Polygon", "coordinates": [ [ [ 103.825, 1.325 ], [ 103.825, 1.333333333333328 ], [ 103.816666666666691, 1.333333333333328 ], [ 103.816666666666691, 1.325 ], [ 103.825, 1.325 ] ] ] } },
{ "type": "Feature", "properties": { "cell_id": "r17_c27", "row": 17, "col": 27, "global_row": 10640, "global_col": 34059, "lon": 103.82916666666668, "lat": 1.3291666666666611 }, "geometry": { "type": "Polygon", "coordinates": [ [ [ 103.833333333333357, 1.325 ], [ 103.833333333333357, 1.333333333333328 ], [ 103.825, 1.333333333333328 ], [ 103.825, 1.325 ], [ 103.833333333333357, 1.325 ] ] ] } },
{ "type": "Feature", "properties": { "cell_id": "r17_c28", "row": 17, "col": 28, "global_row": 10640, "global_col": 34060, "lon": 103.8375, "lat": 1.3291666666666611 }, "geometry": { "type": "Polygon", "coordinates": [ [ [ 103.841666666666683, 1.325 ], [ 103.841666666666683, 1.333333333333328 ], [ 103.833333333333357, 1.333333333333328 ], [ 103.833333333333357, 1.325 ], [ 103.841666666666683, 1.325 ] ] ] } },
{ "type": "Feature", "properties": { "cell_id": "r17_c29", "row": 17, "col": 29, "global_row": 10640, "global_col": 34061, "lon": 103.84583333333335, "lat": 1.3291666666666611 }, "geometry": { "type": "Polygon", "coordinates": [ [ [ 103.85, 1.325 ], [ 103.85, 1.333333333333328 ], [ 103.841666666666683, 1.333333333333328 ], [ 103.841666666666683, 1.325 ], [ 103.85, 1.325 ] ] ] } },
{ "type": "Feature", "properties": { "cell_id": "r17_c30", "row": 17, "col": 30, "global_row": 10640, "global_col": 34062, "lon": 103.85416666666669, "lat": 1.3291666666666611 }, "geometry": { "type": "Polygon", "coordinates": [ [ [ 103.858333333333363, 1.325 ], [ 103.858333333333363, 1.333333333333328 ], [ 103.85, 1.333333333333328 ], [ 103.85, 1.325 ], [ 103.858333333333363, 1.325 ] ] ] } },
{ "type": "Feature", "properties": { "cell_id": "r17_c31", "row": 17, "col": 31, "global_row": 10640, "global_col": 34063, "lon": 103.8625, "lat": 1.3291666666666611 }, "geometry": { "type": "Polygon", "coordinates": [ [ [ 103.866666666666688, 1.325 ], [ 103.866666666666688, 1.333333333333328 ], [ 103.858333333333363, 1.333333333333328 ], [ 103.858333333333363, 1.325 ], [ 103.866666666666688, 1.325 ] ] ] } },
{ "type": "Feature", "properties": { "cell_id": "r17_c32", "row": 17, "col": 32, "global_row": 10640, "global_col": 34064, "lon": 103.87083333333335, "lat": 1.3291666666666611 }, "geometry": { "type": "Polygon", "coordinates": [ [ [ 103.875, 1.325 ], [ 103.875, 1.333333333333328 ], [ 103.866666666666688, 1.333333333333328 ], [ 103.866666666666688, 1.325 ], [ 103.875, 1.325 ] ] ] } },
{ "type": "Feature", "properties": { "cell_id": "r17_c33", "row": 17, "col": 33, "global_row": 10640, "global_col": 34065, "lon": 103.87916666666672, "lat": 1.3291666666666611 }, "geometry": { "type": "Polygon", "coordinates": [ [ [ 103.883333333333354, 1.325 ], [ 103.883333333333354, 1.333333333333328 ], [ 103.875, 1.333333333333328 ], [ 103.875, 1.325 ], [ 103.883333333333354, 1.325 ] ] ] } },
{ "type": "Feature", "properties": { "cell_id": "r17_c34", "row": 17, "col": 34, "global_row": 10640, "global_col": 34066, "lon": 103.8875, "lat": 1.3291666666666611 }, "geometry": { "type": "Polygon", "coordinates": [ [ [ 103.891666666666694, 1.325 ], [ 103.891666666666694, 1.333333333333328 ], [ 103.883333333333354, 1.333333333333328 ], [ 103.883333333333354, 1.325 ], [ 103.891666666666694, 1.325 ] ] ] } },
{ "type": "Feature", "properties": { "cell_id": "r17_c35", "row": 17, "col": 35, "global_row": 10640, "global_col": 34067, "lon": 103.89583333333336, "lat": 1.3291666666666611 }, "geometry": { "type": "Polygon", "coordinates": [ [ [ 103.9, 1.325 ], [ 103.9, 1.333333333333328 ], [ 103.891666666666694, 1.333333333333328 ], [ 103.891666666666694, 1.325 ], [ 103.9, 1.325 ] ] ] } },
{ "type": "Feature", "properties": { "cell_id": "r17_c36", "row": 17, "col": 36, "global_row": 10640, "global_col": 34068, "lon": 103.90416666666668, "lat": 1.3291666666666611 }, "geometry": { "type": "Polygon", "coordinates": [ [ [ 103.90833333333336, 1.325 ], [ 103.90833333333336, 1.333333333333328 ], [ 103.9, 1.333333333333328 ], [ 103.9, 1.325 ], [ 103.90833333333336, 1.325 ] ] ] } },
{ "type": "Feature", "properties": { "cell_id": "r17_c37", "row": 17, "col": 37, "global_row": 10640, "global_col": 34069, "lon": 103.9125, "lat": 1.3291666666666611 }, "geometry": { "type": "Polygon", "coordinates": [ [ [ 103.916666666666686, 1.325 ], [ 103.916666666666686, 1.333333333333328 ], [ 103.90833333333336, 1.333333333333328 ], [ 103.90833333333336, 1.325 ], [ 103.916666666666686, 1.325 ] ] ] } },
{ "type": "Feature", "properties": { "cell_id": "r17_c38", "row": 17, "col": 38, "global_row": 10640, "global_col": 34070, "lon": 103.92083333333336, "lat": 1.3291666666666611 }, "geometry": { "type": "Polygon", "coordinates": [ [ [ 103.925, 1.325 ], [ 103.925, 1.333333333333328 ], [ 103.916666666666686, 1.333333333333328 ], [ 103.916666666666686, 1.325 ], [ 103.925, 1.325 ] ] ] } },
{ "type": "Feature", "properties": { "cell_id": "r17_c39", "row": 17, "col": 39, "global_row": 10640, "global_col": 34071, "lon": 103.92916666666669, "lat": 1.3291666666666611 }, "geometry": { "type": "Polygon", "coordinates": [ [ [ 103.933333333333351, 1.325 ], [ 103.933333333333351, 1.333333333333328 ], [ 103.925, 1.333333333333328 ], [ 103.925, 1.325 ], [ 103.933333333333351, 1.325 ] ] ] } },
{ "type": "Feature", "properties": { "cell_id": "r17_c40", "row": 17, "col": 40, "global_row": 10640, "global_col": 34072, "lon": 103.9375, "lat": 1.3291666666666611 }, "geometry": { "type": "Polygon", "coordinates": [ [ [ 103.941666666666691, 1.325 ], [ 103.941666666666691, 1.333333333333328 ], [ 103.933333333333351, 1.333333333333328 ], [ 103.933333333333351, 1.325 ], [ 103.941666666666691, 1.325 ] ] ] } },
{ "type": "Feature", "properties": { "cell_id": "r17_c41", "row": 17, "col": 41, "global_row": 10640, "global_col": 34073, "lon": 103.94583333333334, "lat": 1.3291666666666611 }, "geometry": { "type": "Polygon", "coordinates": [ [ [ 103.95, 1.325 ], [ 103.95, 1.333333333333328 ], [ 103.941666666666691, 1.333333333333328 ], [ 103.941666666666691, 1.325 ], [ 103.95, 1.325 ] ] ] } },
{ "type": "Feature", "properties": { "cell_id": "r17_c42", "row": 17, "col": 42, "global_row": 10640, "global_col": 34074, "lon": 103.95416666666669, "lat": 1.3291666666666611 }, "geometry": { "type": "Polygon", "coordinates": [ [ [ 103.958333333333357, 1.325 ], [ 103.958333333333357, 1.333333333333328 ], [ 103.95, 1.333333333333328 ], [ 103.95, 1.325 ], [ 103.958333333333357, 1.325 ] ] ] } },
{ "type": "Feature", "properties": { "cell_id": "r17_c43", "row": 17, "col": 43, "global_row": 10640, "global_col": 34075, "lon": 103.9625, "lat": 1.3291666666666611 }, "geometry": { "type": "Polygon", "coordinates": [ [ [ 103.966666666666683, 1.325 ], [ 103.966666666666683, 1.333333333333328 ], [ 103.958333333333357, 1.333333333333328 ], [ 103.958333333333357, 1.325 ], [ 103.966666666666683, 1.325 ] ] ] } },
{ "type": "Feature", "properties": { "cell_id": "r17_c44", "row": 17, "col": 44, "global_row": 10640, "global_col": 34076, "lon": 103.97083333333336, "lat": 1.3291666666666611 }, "geometry": { "type": "Polygon", "coordinates": [ [ [ 103.975, 1.325 ], [ 103.975, 1.333333333333328 ], [ 103.966666666666683, 1.333333333333328 ], [ 103.966666666666683, 1.325 ], [ 103.975, 1.325 ] ] ] } },
{ "type": "Feature", "properties": { "cell_id": "r17_c45", "row": 17, "col": 45, "global_row": 10640, "global_col": 34077, "lon": 103.97916666666669, "lat": 1.3291666666666611 }, "geometry": { "type": "Polygon", "coordinates": [ [ [ 103.983333333333363, 1.325 ], [ 103.983333333333363, 1.333333333333328 ], [ 103.975, 1.333333333333328 ], [ 103.975, 1.325 ], [ 103.983333333333363, 1.325 ] ] ] } },
{ "type": "Feature", "properties": { "cell_id": "r17_c46", "row": 17, "col": 46, "global_row": 10640, "global_col": 34078, "lon": 103.9875, "lat": 1.3291666666666611 }, "geometry": { "type": "Polygon", "coordinates": [ [ [ 103.991666666666688, 1.325 ], [ 103.991666666666688, 1.333333333333328 ], [ 103.983333333333363, 1.333333333333328 ], [ 103.983333333333363, 1.325 ], [ 103.991666666666688, 1.325 ] ] ] } },
{ "type": "Feature", "properties": { "cell_id": "r17_c47", "row": 17, "col": 47, "global_row": 10640, "global_col": 34079, "lon": 103.99583333333335, "lat": 1.3291666666666611 }, "geometry": { "type": "Polygon", "coordinates": [ [ [ 104.0, 1.325 ], [ 104.0, 1.333333333333328 ], [ 103.991666666666688, 1.333333333333328 ], [ 103.991666666666688, 1.325 ], [ 104.0, 1.325 ] ] ] } },
{ "type": "Feature", "properties": { "cell_id": "r17_c48", "row": 17, "col": 48, "global_row": 10640, "global_col": 34080, "lon": 104.00416666666671, "lat": 1.3291666666666611 }, "geometry": { "type": "Polygon", "coordinates": [ [ [ 104.008333333333354, 1.325 ], [ 104.008333333333354, 1.333333333333328 ], [ 104.0, 1.333333333333328 ], [ 104.0, 1.325 ], [ 104.008333333333354, 1.325 ] ] ] } },
{ "type": "Feature", "properties": { "cell_id": "r17_c49", "row": 17, "col": 49, "global_row": 10640, "global_col": 34081, "lon": 104.0125, "lat": 1.3291666666666611 }, "geometry": { "type": "Polygon", "coordinates": [ [ [ 104.016666666666694, 1.325 ], [ 104.016666666666694, 1.333333333333328 ], [ 104.008333333333354, 1.333333333333328 ], [ 104.008333333333354, 1.325 ], [ 104.016666666666694, 1.325 ] ] ] } },
{ "type": "Feature", "properties": { "cell_id": "r17_c50", "row": 17, "col": 50, "global_row": 10640, "global_col": 34082, "lon": 104.02083333333336, "lat": 1.3291666666666611 }, "geometry": { "type": "Polygon", "coordinates": [ [ [ 104.025, 1.325 ], [ 104.025, 1.333333333333328 ], [ 104.016666666666694, 1.333333333333328 ], [ 104.016666666666694, 1.325 ], [ 104.025, 1.325 ] ] ] } },
{ "type": "Feature", "properties": { "cell_id": "r18_c3", "row": 18, "col": 3, "global_row": 10641, "global_col": 34035, "lon": 103.62916666666671, "lat": 1.3208333333333278 }, "geometry": { "type": "Polygon", "coordinates": [ [ [ 103.633333333333354, 1.316666666666661 ], [ 103.633333333333354, 1.325 ], [ 103.625, 1.325 ], [ 103.625, 1.316666666666661 ], [ 103.633333333333354, 1.316666666666661 ] ] ] } },
{ "type": "Feature", "properties": { "cell_id": "r18_c4", "row": 18, "col": 4, "global_row": 10641, "global_col": 34036, "lon": 103.6375, "lat": 1.3208333333333278 }, "geometry": { "type": "Polygon", "coordinates": [ [ [ 103.641666666666694, 1.316666666666661 ], [ 103.641666666666694, 1.325 ], [ 103.633333333333354, 1.325 ], [ 103.633333333333354, 1.316666666666661 ], [ 103.641666666666694, 1.316666666666661 ] ] ] } },
{ "type": "Feature", "properties": { "cell_id": "r18_c5", "row": 18, "col": 5, "global_row": 10641, "global_col": 34037, "lon": 103.64583333333336, "lat": 1.3208333333333278 }, "geometry": { "type": "Polygon", "coordinates": [ [ [ 103.65, 1.316666666666661 ], [ 103.65, 1.325 ], [ 103.641666666666694, 1.325 ], [ 103.641666666666694, 1.316666666666661 ], [ 103.65, 1.316666666666661 ] ] ] } },
{ "type": "Feature", "properties": { "cell_id": "r18_c6", "row": 18, "col": 6, "global_row": 10641, "global_col": 34038, "lon": 103.65416666666671, "lat": 1.3208333333333278 }, "geometry": { "type": "Polygon", "coordinates": [ [ [ 103.65833333333336, 1.316666666666661 ], [ 103.65833333333336, 1.325 ], [ 103.65, 1.325 ], [ 103.65, 1.316666666666661 ], [ 103.65833333333336, 1.316666666666661 ] ] ] } },
{ "type": "Feature", "properties": { "cell_id": "r18_c7", "row": 18, "col": 7, "global_row": 10641, "global_col": 34039, "lon": 103.6625, "lat": 1.3208333333333278 }, "geometry": { "type": "Polygon", "coordinates": [ [ [ 103.666666666666686, 1.316666666666661 ], [ 103.666666666666686, 1.325 ], [ 103.65833333333336, 1.325 ], [ 103.65833333333336, 1.316666666666661 ], [ 103.666666666666686, 1.316666666666661 ] ] ] } },
{ "type": "Feature", "properties": { "cell_id": "r18_c8", "row": 18, "col": 8, "global_row": 10641, "global_col": 34040, "lon": 103.67083333333335, "lat": 1.3208333333333278 }, "geometry": { "type": "Polygon", "coordinates": [ [ [ 103.675, 1.316666666666661 ], [ 103.675, 1.325 ], [ 103.666666666666686, 1.325 ], [ 103.666666666666686, 1.316666666666661 ], [ 103.675, 1.316666666666661 ] ] ] } },
{ "type": "Feature", "properties": { "cell_id": "r18_c9", "row": 18, "col": 9, "global_row": 10641, "global_col": 34041, "lon": 103.67916666666669, "lat": 1.3208333333333278 }, "geometry": { "type": "Polygon", "coordinates": [ [ [ 103.683333333333351, 1.316666666666661 ], [ 103.683333333333351, 1.325 ], [ 103.675, 1.325 ], [ 103.675, 1.316666666666661 ], [ 103.683333333333351, 1.316666666666661 ] ] ] } },
{ "type": "Feature", "properties": { "cell_id": "r18_c10", "row": 18, "col": 10, "global_row": 10641, "global_col": 34042, "lon": 103.6875, "lat": 1.3208333333333278 }, "geometry": { "type": "Polygon", "coordinates": [ [ [ 103.691666666666691, 1.316666666666661 ], [ 103.691666666666691, 1.325 ], [ 103.683333333333351, 1.325 ], [ 103.683333333333351, 1.316666666666661 ], [ 103.691666666666691, 1.316666666666661 ] ] ] } },
{ "type": "Feature", "properties": { "cell_id": "r18_c11", "row": 18, "col": 11, "global_row": 10641, "global_col": 34043, "lon": 103.69583333333334, "lat": 1.3208333333333278 }, "geometry": { "type": "Polygon", "coordinates": [ [ [ 103.7, 1.316666666666661 ], [ 103.7, 1.325 ], [ 103.691666666666691, 1.325 ], [ 103.691666666666691, 1.316666666666661 ], [ 103.7, 1.316666666666661 ] ] ] } },
{ "type": "Feature", "properties": { "cell_id": "r18_c12", "row": 18, "col": 12, "global_row": 10641, "global_col": 34044, "lon": 103.70416666666668, "lat": 1.3208333333333278 }, "geometry": { "type": "Polygon", "coordinates": [ [ [ 103.708333333333357, 1.316666666666661 ], [ 103.708333333333357, 1.325 ], [ 103.7, 1.325 ], [ 103.7, 1.316666666666661 ], [ 103.708333333333357, 1.316666666666661 ] ] ] } },
{ "type": "Feature", "properties": { "cell_id": "r18_c13", "row": 18, "col": 13, "global_row": 10641, "global_col": 34045, "lon": 103.7125, "lat": 1.3208333333333278 }, "geometry": { "type": "Polygon", "coordinates": [ [ [ 103.716666666666683, 1.316666666666661 ], [ 103.716666666666683, 1.325 ], [ 103.708333333333357, 1.325 ], [ 103.708333333333357, 1.316666666666661 ], [ 103.716666666666683, 1.316666666666661 ] ] ] } },
{ "type": "Feature", "properties": { "cell_id": "r18_c14", "row": 18, "col": 14, "global_row": 10641, "global_col": 34046, "lon": 103.72083333333336, "lat": 1.3208333333333278 }, "geometry": { "type": "Polygon", "coordinates": [ [ [ 103.725, 1.316666666666661 ], [ 103.725, 1.325 ], [ 103.716666666666683, 1.325 ], [ 103.716666666666683, 1.316666666666661 ], [ 103.725, 1.316666666666661 ] ] ] } },
{ "type": "Feature", "properties": { "cell_id": "r18_c15", "row": 18, "col": 15, "global_row": 10641, "global_col": 34047, "lon": 103.72916666666667, "lat": 1.3208333333333278 }, "geometry": { "type": "Polygon", "coordinates": [ [ [ 103.733333333333363, 1.316666666666661 ], [ 103.733333333333363, 1.325 ], [ 103.725, 1.325 ], [ 103.725, 1.316666666666661 ], [ 103.733333333333363, 1.316666666666661 ] ] ] } },
{ "type": "Feature", "properties": { "cell_id": "r18_c16", "row": 18, "col": 16, "global_row": 10641, "global_col": 34048, "lon": 103.7375, "lat": 1.3208333333333278 }, "geometry": { "type": "Polygon", "coordinates": [ [ [ 103.741666666666688, 1.316666666666661 ], [ 103.741666666666688, 1.325 ], [ 103.733333333333363, 1.325 ], [ 103.733333333333363, 1.316666666666661 ], [ 103.741666666666688, 1.316666666666661 ] ] ] } },
{ "type": "Feature", "properties": { "cell_id": "r18_c17", "row": 18, "col": 17, "global_row": 10641, "global_col": 34049, "lon": 103.74583333333337, "lat": 1.3208333333333278 }, "geometry": { "type": "Polygon", "coordinates": [ [ [ 103.75, 1.316666666666661 ], [ 103.75, 1.325 ], [ 103.741666666666688, 1.325 ], [ 103.741666666666688, 1.316666666666661 ], [ 103.75, 1.316666666666661 ] ] ] } },
{ "type": "Feature", "properties": { "cell_id": "r18_c18", "row": 18, "col": 18, "global_row": 10641, "global_col": 34050, "lon": 103.75416666666671, "lat": 1.3208333333333278 }, "geometry": { "type": "Polygon", "coordinates": [ [ [ 103.758333333333354, 1.316666666666661 ], [ 103.758333333333354, 1.325 ], [ 103.75, 1.325 ], [ 103.75, 1.316666666666661 ], [ 103.758333333333354, 1.316666666666661 ] ] ] } },
{ "type": "Feature", "properties": { "cell_id": "r18_c19", "row": 18, "col": 19, "global_row": 10641, "global_col": 34051, "lon": 103.7625, "lat": 1.3208333333333278 }, "geometry": { "type": "Polygon", "coordinates": [ [ [ 103.766666666666694, 1.316666666666661 ], [ 103.766666666666694, 1.325 ], [ 103.758333333333354, 1.325 ], [ 103.758333333333354, 1.316666666666661 ], [ 103.766666666666694, 1.316666666666661 ] ] ] } },
{ "type": "Feature", "properties": { "cell_id": "r18_c20", "row": 18, "col": 20, "global_row": 10641, "global_col": 34052, "lon": 103.77083333333334, "lat": 1.3208333333333278 }, "geometry": { "type": "Polygon", "coordinates": [ [ [ 103.775, 1.316666666666661 ], [ 103.775, 1.325 ], [ 103.766666666666694, 1.325 ], [ 103.766666666666694, 1.316666666666661 ], [ 103.775, 1.316666666666661 ] ] ] } },
{ "type": "Feature", "properties": { "cell_id": "r18_c21", "row": 18, "col": 21, "global_row": 10641, "global_col": 34053, "lon": 103.7791666666667, "lat": 1.3208333333333278 }, "geometry": { "type": "Polygon", "coordinates": [ [ [ 103.78333333333336, 1.316666666666661 ], [ 103.78333333333336, 1.325 ], [ 103.775, 1.325 ], [ 103.775, 1.316666666666661 ], [ 103.78333333333336, 1.316666666666661 ] ] ] } },
{ "type": "Feature", "properties": { "cell_id": "r18_c22", "row": 18, "col": 22, "global_row": 10641, "global_col": 34054, "lon": 103.7875, "lat": 1.3208333333333278 }, "geometry": { "type": "Polygon", "coordinates": [ [ [ 103.791666666666686, 1.316666666666661 ], [ 103.791666666666686, 1.325 ], [ 103.78333333333336, 1.325 ], [ 103.78333333333336, 1.316666666666661 ], [ 103.791666666666686, 1.316666666666661 ] ] ] } },
{ "type": "Feature", "properties": { "cell_id": "r18_c23", "row": 18, "col": 23, "global_row": 10641, "global_col": 34055, "lon": 103.79583333333336, "lat": 1.3208333333333278 }, "geometry": { "type": "Polygon", "coordinates": [ [ [ 103.8, 1.316666666666661 ], [ 103.8, 1.325 ], [ 103.791666666666686, 1.325 ], [ 103.791666666666686, 1.316666666666661 ], [ 103.8, 1.316666666666661 ] ] ] } },
{ "type": "Feature", "properties": { "cell_id": "r18_c24", "row": 18, "col": 24, "global_row": 10641, "global_col": 34056, "lon": 103.80416666666667, "lat": 1.3208333333333278 }, "geometry": { "type": "Polygon", "coordinates": [ [ [ 103.808333333333351, 1.316666666666661 ], [ 103.808333333333351, 1.325 ], [ 103.8, 1.325 ], [ 103.8, 1.316666666666661 ], [ 103.808333333333351, 1.316666666666661 ] ] ] } },
{ "type": "Feature", "properties": { "cell_id": "r18_c25", "row": 18, "col": 25, "global_row": 10641, "global_col": 34057, "lon": 103.8125, "lat": 1.3208333333333278 }, "geometry": { "type": "Polygon", "coordinates": [ [ [ 103.816666666666691, 1.316666666666661 ], [ 103.816666666666691, 1.325 ], [ 103.808333333333351, 1.325 ], [ 103.808333333333351, 1.316666666666661 ], [ 103.816666666666691, 1.316666666666661 ] ] ] } },
{ "type": "Feature", "properties": { "cell_id": "r18_c26", "row": 18, "col": 26, "global_row": 10641, "global_col": 34058, "lon": 103.82083333333334, "lat": 1.3208333333333278 }, "geometry": { "type": "Polygon", "coordinates": [ [ [ 103.825, 1.316666666666661 ], [ 103.825, 1.325 ], [ 103.816666666666691, 1.325 ], [ 103.816666666666691, 1.316666666666661 ], [ 103.825, 1.316666666666661 ] ] ] } },
{ "type": "Feature", "properties": { "cell_id": "r18_c27", "row": 18, "col": 27, "global_row": 10641, "global_col": 34059, "lon": 103.82916666666668, "lat": 1.3208333333333278 }, "geometry": { "type": "Polygon", "coordinates": [ [ [ 103.833333333333357, 1.316666666666661 ], [ 103.833333333333357, 1.325 ], [ 103.825, 1.325 ], [ 103.825, 1.316666666666661 ], [ 103.833333333333357, 1.316666666666661 ] ] ] } },
{ "type": "Feature", "properties": { "cell_id": "r18_c28", "row": 18, "col": 28, "global_row": 10641, "global_col": 34060, "lon": 103.8375, "lat": 1.3208333333333278 }, "geometry": { "type": "Polygon", "coordinates": [ [ [ 103.841666666666683, 1.316666666666661 ], [ 103.841666666666683, 1.325 ], [ 103.833333333333357, 1.325 ], [ 103.833333333333357, 1.316666666666661 ], [ 103.841666666666683, 1.316666666666661 ] ] ] } },
{ "type": "Feature", "properties": { "cell_id": "r18_c29", "row": 18, "col": 29, "global_row": 10641, "global_col": 34061, "lon": 103.84583333333335, "lat": 1.3208333333333278 }, "geometry": { "type": "Polygon", "coordinates": [ [ [ 103.85, 1.316666666666661 ], [ 103.85, 1.325 ], [ 103.841666666666683, 1.325 ], [ 103.841666666666683, 1.316666666666661 ], [ 103.85, 1.316666666666661 ] ] ] } },
{ "type": "Feature", "properties": { "cell_id": "r18_c30", "row": 18, "col": 30, "global_row": 10641, "global_col": 34062, "lon": 103.85416666666669, "lat": 1.3208333333333278 }, "geometry": { "type": "Polygon", "coordinates": [ [ [ 103.858333333333363, 1.316666666666661 ], [ 103.858333333333363, 1.325 ], [ 103.85, 1.325 ], [ 103.85, 1.316666666666661 ], [ 103.858333333333363, 1.316666666666661 ] ] ] } },
{ "type": "Feature", "properties": { "cell_id": "r18_c31", "row": 18, "col": 31, "global_row": 10641, "global_col": 34063, "lon": 103.8625, "lat": 1.3208333333333278 }, "geometry": { "type": "Polygon", "coordinates": [ [ [ 103.866666666666688, 1.316666666666661 ], [ 103.866666666666688, 1.325 ], [ 103.858333333333363, 1.325 ], [ 103.858333333333363, 1.316666666666661 ], [ 103.866666666666688, 1.316666666666661 ] ] ] } },
{ "type": "Feature", "properties": { "cell_id": "r18_c32", "row": 18, "col": 32, "global_row": 10641, "global_col": 34064, "lon": 103.87083333333335, "lat": 1.3208333333333278 }, "geometry": { "type": "Polygon", "coordinates": [ [ [ 103.875, 1.316666666666661 ], [ 103.875, 1.325 ], [ 103.866666666666688, 1.325 ], [ 103.866666666666688, 1.316666666666661 ], [ 103.875, 1.316666666666661 ] ] ] } },
{ "type": "Feature", "properties": { "cell_id": "r18_c33", "row": 18, "col": 33, "global_row": 10641, "global_col": 34065, "lon": 103.87916666666672, "lat": 1.3208333333333278 }, "geometry": { "type": "Polygon", "coordinates": [ [ [ 103.883333333333354, 1.316666666666661 ], [ 103.883333333333354, 1.325 ], [ 103.875, 1.325 ], [ 103.875, 1.316666666666661 ], [ 103.883333333333354, 1.316666666666661 ] ] ] } },
{ "type": "Feature", "properties": { "cell_id": "r18_c34", "row": 18, "col": 34, "global_row": 10641, "global_col": 34066, "lon": 103.8875, "lat": 1.3208333333333278 }, "geometry": { "type": "Polygon", "coordinates": [ [ [ 103.891666666666694, 1.316666666666661 ], [ 103.891666666666694, 1.325 ], [ 103.883333333333354, 1.325 ], [ 103.883333333333354, 1.316666666666661 ], [ 103.891666666666694, 1.316666666666661 ] ] ] } },
{ "type": "Feature", "properties": { "cell_id": "r18_c35", "row": 18, "col": 35, "global_row": 10641, "global_col": 34067, "lon": 103.89583333333336, "lat": 1.3208333333333278 }, "geometry": { "type": "Polygon", "coordinates": [ [ [ 103.9, 1.316666666666661 ], [ 103.9, 1.325 ], [ 103.891666666666694, 1.325 ], [ 103.891666666666694, 1.316666666666661 ], [ 103.9, 1.316666666666661 ] ] ] } },
{ "type": "Feature", "properties": { "cell_id": "r18_c36", "row": 18, "col": 36, "global_row": 10641, "global_col": 34068, "lon": 103.90416666666668, "lat": 1.3208333333333278 }, "geometry": { "type": "Polygon", "coordinates": [ [ [ 103.90833333333336, 1.316666666666661 ], [ 103.90833333333336, 1.325 ], [ 103.9, 1.325 ], [ 103.9, 1.316666666666661 ], [ 103.90833333333336, 1.316666666666661 ] ] ] } },
{ "type": "Feature", "properties": { "cell_id": "r18_c37", "row": 18, "col": 37, "global_row": 10641, "global_col": 34069, "lon": 103.9125, "lat": 1.3208333333333278 }, "geometry": { "type": "Polygon", "coordinates": [ [ [ 103.916666666666686, 1.316666666666661 ], [ 103.916666666666686, 1.325 ], [ 103.90833333333336, 1.325 ], [ 103.90833333333336, 1.316666666666661 ], [ 103.916666666666686, 1.316666666666661 ] ] ] } },
{ "type": "Feature", "properties": { "cell_id": "r18_c38", "row": 18, "col": 38, "global_row": 10641, "global_col": 34070, "lon": 103.92083333333336, "lat": 1.3208333333333278 }, "geometry": { "type": "Polygon", "coordinates": [ [ [ 103.925, 1.316666666666661 ], [ 103.925, 1.325 ], [ 103.916666666666686, 1.325 ], [ 103.916666666666686, 1.316666666666661 ], [ 103.925, 1.316666666666661 ] ] ] } },
{ "type": "Feature", "properties": { "cell_id": "r18_c39", "row": 18, "col": 39, "global_row": 10641, "global_col": 34071, "lon": 103.92916666666669, "lat": 1.3208333333333278 }, "geometry": { "type": "Polygon", "coordinates": [ [ [ 103.933333333333351, 1.316666666666661 ], [ 103.933333333333351, 1.325 ], [ 103.925, 1.325 ], [ 103.925, 1.316666666666661 ], [ 103.933333333333351, 1.316666666666661 ] ] ] } },
{ "type": "Feature", "properties": { "cell_id": "r18_c40", "row": 18, "col": 40, "global_row": 10641, "global_col": 34072, "lon": 103.9375, "lat": 1.3208333333333278 }, "geometry": { "type": "Polygon", "coordinates": [ [ [ 103.941666666666691, 1.316666666666661 ], [ 103.941666666666691, 1.325 ], [ 103.933333333333351, 1.325 ], [ 103.933333333333351, 1.316666666666661 ], [ 103.941666666666691, 1.316666666666661 ] ] ] } },
{ "type": "Feature", "properties": { "cell_id": "r18_c41", "row": 18, "col": 41, "global_row": 10641, "global_col": 34073, "lon": 103.94583333333334, "lat": 1.3208333333333278 }, "geometry": { "type": "Polygon", "coordinates": [ [ [ 103.95, 1.316666666666661 ], [ 103.95, 1.325 ], [ 103.941666666666691, 1.325 ], [ 103.941666666666691, 1.316666666666661 ], [ 103.95, 1.316666666666661 ] ] ] } },
{ "type": "Feature", "properties": { "cell_id": "r18_c42", "row": 18, "col": 42, "global_row": 10641, "global_col": 34074, "lon": 103.95416666666669, "lat": 1.3208333333333278 }, "geometry": { "type": "Polygon", "coordinates": [ [ [ 103.958333333333357, 1.316666666666661 ], [ 103.958333333333357, 1.325 ], [ 103.95, 1.325 ], [ 103.95, 1.316666666666661 ], [ 103.958333333333357, 1.316666666666661 ] ] ] } },
{ "type": "Feature", "properties": { "cell_id": "r18_c43", "row": 18, "col": 43, "global_row": 10641, "global_col": 34075, "lon": 103.9625, "lat": 1.3208333333333278 }, "geometry": { "type": "Polygon", "coordinates": [ [ [ 103.966666666666683, 1.316666666666661 ], [ 103.966666666666683, 1.325 ], [ 103.958333333333357, 1.325 ], [ 103.958333333333357, 1.316666666666661 ], [ 103.966666666666683, 1.316666666666661 ] ] ] } },
{ "type": "Feature", "properties": { "cell_id": "r18_c44", "row": 18, "col": 44, "global_row": 10641, "global_col": 34076, "lon": 103.97083333333336, "lat": 1.3208333333333278 }, "geometry": { "type": "Polygon", "coordinates": [ [ [ 103.975, 1.316666666666661 ], [ 103.975, 1.325 ], [ 103.966666666666683, 1.325 ], [ 103.966666666666683, 1.316666666666661 ], [ 103.975, 1.316666666666661 ] ] ] } },
{ "type": "Feature", "properties": { "cell_id": "r18_c45", "row": 18, "col": 45, "global_row": 10641, "global_col": 34077, "lon": 103.97916666666669, "lat": 1.3208333333333278 }, "geometry": { "type": "Polygon", "coordinates": [ [ [ 103.983333333333363, 1.316666666666661 ], [ 103.983333333333363, 1.325 ], [ 103.975, 1.325 ], [ 103.975, 1.316666666666661 ], [ 103.983333333333363, 1.316666666666661 ] ] ] } },
{ "type": "Feature", "properties": { "cell_id": "r18_c46", "row": 18, "col": 46, "global_row": 10641, "global_col": 34078, "lon": 103.9875, "lat": 1.3208333333333278 }, "geometry": { "type": "Polygon", "coordinates": [ [ [ 103.991666666666688, 1.316666666666661 ], [ 103.991666666666688, 1.325 ], [ 103.983333333333363, 1.325 ], [ 103.983333333333363, 1.316666666666661 ], [ 103.991666666666688, 1.316666666666661 ] ] ] } },
{ "type": "Feature", "properties": { "cell_id": "r18_c47", "row": 18, "col": 47, "global_row": 10641, "global_col": 34079, "lon": 103.99583333333335, "lat": 1.3208333333333278 }, "geometry": { "type": "Polygon", "coordinates": [ [ [ 104.0, 1.316666666666661 ], [ 104.0, 1.325 ], [ 103.991666666666688, 1.325 ], [ 103.991666666666688, 1.316666666666661 ], [ 104.0, 1.316666666666661 ] ] ] } },
{ "type": "Feature", "properties": { "cell_id": "r18_c48", "row": 18, "col": 48, "global_row": 10641, "global_col": 34080, "lon": 104.00416666666671, "lat": 1.3208333333333278 }, "geometry": { "type": "Polygon", "coordinates": [ [ [ 104.008333333333354, 1.316666666666661 ], [ 104.008333333333354, 1.325 ], [ 104.0, 1.325 ], [ 104.0, 1.316666666666661 ], [ 104.008333333333354, 1.316666666666661 ] ] ] } },
{ "type": "Feature", "properties": { "cell_id": "r18_c49", "row": 18, "col": 49, "global_row": 10641, "global_col": 34081, "lon": 104.0125, "lat": 1.3208333333333278 }, "geometry": { "type": "Polygon", "coordinates": [ [ [ 104.016666666666694, 1.316666666666661 ], [ 104.016666666666694, 1.325 ], [ 104.008333333333354, 1.325 ], [ 104.008333333333354, 1.316666666666661 ], [ 104.016666666666694, 1.316666666666661 ] ] ] } },
{ "type": "Feature", "properties": { "cell_id": "r18_c50", "row": 18, "col": 50, "global_row": 10641, "global_col": 34082, "lon": 104.02083333333336, "lat": 1.3208333333333278 }, "geometry": { "type": "Polygon", "coordinates": [ [ [ 104.025, 1.316666666666661 ], [ 104.025, 1.325 ], [ 104.016666666666694, 1.325 ], [ 104.016666666666694, 1.316666666666661 ], [ 104.025, 1.316666666666661 ] ] ] } },
{ "type": "Feature", "properties": { "cell_id": "r18_c51", "row": 18, "col": 51, "global_row": 10641, "global_col": 34083, "lon": 104.0291666666667, "lat": 1.3208333333333278 }, "geometry": { "type": "Polygon", "coordinates": [ [ [ 104.03333333333336, 1.316666666666661 ], [ 104.03333333333336, 1.325 ], [ 104.025, 1.325 ], [ 104.025, 1.316666666666661 ], [ 104.03333333333336, 1.316666666666661 ] ] ] } },
{ "type": "Feature", "properties": { "cell_id": "r19_c3", "row": 19, "col": 3, "global_row": 10642, "global_col": 34035, "lon": 103.62916666666671, "lat": 1.3125 }, "geometry": { "type": "Polygon", "coordinates": [ [ [ 103.633333333333354, 1.308333333333328 ], [ 103.633333333333354, 1.316666666666661 ], [ 103.625, 1.316666666666661 ], [ 103.625, 1.308333333333328 ], [ 103.633333333333354, 1.308333333333328 ] ] ] } },
{ "type": "Feature", "properties": { "cell_id": "r19_c4", "row": 19, "col": 4, "global_row": 10642, "global_col": 34036, "lon": 103.6375, "lat": 1.3125 }, "geometry": { "type": "Polygon", "coordinates": [ [ [ 103.641666666666694, 1.308333333333328 ], [ 103.641666666666694, 1.316666666666661 ], [ 103.633333333333354, 1.316666666666661 ], [ 103.633333333333354, 1.308333333333328 ], [ 103.641666666666694, 1.308333333333328 ] ] ] } },
{ "type": "Feature", "properties": { "cell_id": "r19_c5", "row": 19, "col": 5, "global_row": 10642, "global_col": 34037, "lon": 103.64583333333337, "lat": 1.3125 }, "geometry": { "type": "Polygon", "coordinates": [ [ [ 103.65, 1.308333333333328 ], [ 103.65, 1.316666666666661 ], [ 103.641666666666694, 1.316666666666661 ], [ 103.641666666666694, 1.308333333333328 ], [ 103.65, 1.308333333333328 ] ] ] } },
{ "type": "Feature", "properties": { "cell_id": "r19_c6", "row": 19, "col": 6, "global_row": 10642, "global_col": 34038, "lon": 103.65416666666668, "lat": 1.3125 }, "geometry": { "type": "Polygon", "coordinates": [ [ [ 103.65833333333336, 1.308333333333328 ], [ 103.65833333333336, 1.316666666666661 ], [ 103.65, 1.316666666666661 ], [ 103.65, 1.308333333333328 ], [ 103.65833333333336, 1.308333333333328 ] ] ] } },
{ "type": "Feature", "properties": { "cell_id": "r19_c7", "row": 19, "col": 7, "global_row": 10642, "global_col": 34039, "lon": 103.6625, "lat": 1.3125 }, "geometry": { "type": "Polygon", "coordinates": [ [ [ 103.666666666666686, 1.308333333333328 ], [ 103.666666666666686, 1.316666666666661 ], [ 103.65833333333336, 1.316666666666661 ], [ 103.65833333333336, 1.308333333333328 ], [ 103.666666666666686, 1.308333333333328 ] ] ] } },
{ "type": "Feature", "properties": { "cell_id": "r19_c8", "row": 19, "col": 8, "global_row": 10642, "global_col": 34040, "lon": 103.67083333333335, "lat": 1.3125 }, "geometry": { "type": "Polygon", "coordinates": [ [ [ 103.675, 1.308333333333328 ], [ 103.675, 1.316666666666661 ], [ 103.666666666666686, 1.316666666666661 ], [ 103.666666666666686, 1.308333333333328 ], [ 103.675, 1.308333333333328 ] ] ] } },
{ "type": "Feature", "properties": { "cell_id": "r19_c9", "row": 19, "col": 9, "global_row": 10642, "global_col": 34041, "lon": 103.6791666666667, "lat": 1.3125 }, "geometry": { "type": "Polygon", "coordinates": [ [ [ 103.683333333333351, 1.308333333333328 ], [ 103.683333333333351, 1.316666666666661 ], [ 103.675, 1.316666666666661 ], [ 103.675, 1.308333333333328 ], [ 103.683333333333351, 1.308333333333328 ] ] ] } },
{ "type": "Feature", "properties": { "cell_id": "r19_c10", "row": 19, "col": 10, "global_row": 10642, "global_col": 34042, "lon": 103.6875, "lat": 1.3125 }, "geometry": { "type": "Polygon", "coordinates": [ [ [ 103.691666666666691, 1.308333333333328 ], [ 103.691666666666691, 1.316666666666661 ], [ 103.683333333333351, 1.316666666666661 ], [ 103.683333333333351, 1.308333333333328 ], [ 103.691666666666691, 1.308333333333328 ] ] ] } },
{ "type": "Feature", "properties": { "cell_id": "r19_c11", "row": 19, "col": 11, "global_row": 10642, "global_col": 34043, "lon": 103.69583333333334, "lat": 1.3125 }, "geometry": { "type": "Polygon", "coordinates": [ [ [ 103.7, 1.308333333333328 ], [ 103.7, 1.316666666666661 ], [ 103.691666666666691, 1.316666666666661 ], [ 103.691666666666691, 1.308333333333328 ], [ 103.7, 1.308333333333328 ] ] ] } },
{ "type": "Feature", "properties": { "cell_id": "r19_c12", "row": 19, "col": 12, "global_row": 10642, "global_col": 34044, "lon": 103.70416666666667, "lat": 1.3125 }, "geometry": { "type": "Polygon", "coordinates": [ [ [ 103.708333333333357, 1.308333333333328 ], [ 103.708333333333357, 1.316666666666661 ], [ 103.7, 1.316666666666661 ], [ 103.7, 1.308333333333328 ], [ 103.708333333333357, 1.308333333333328 ] ] ] } },
{ "type": "Feature", "properties": { "cell_id": "r19_c13", "row": 19, "col": 13, "global_row": 10642, "global_col": 34045, "lon": 103.7125, "lat": 1.3125 }, "geometry": { "type": "Polygon", "coordinates": [ [ [ 103.716666666666683, 1.308333333333328 ], [ 103.716666666666683, 1.316666666666661 ], [ 103.708333333333357, 1.316666666666661 ], [ 103.708333333333357, 1.308333333333328 ], [ 103.716666666666683, 1.308333333333328 ] ] ] } },
{ "type": "Feature", "properties": { "cell_id": "r19_c14", "row": 19, "col": 14, "global_row": 10642, "global_col": 34046, "lon": 103.72083333333337, "lat": 1.3125 }, "geometry": { "type": "Polygon", "coordinates": [ [ [ 103.725, 1.308333333333328 ], [ 103.725, 1.316666666666661 ], [ 103.716666666666683, 1.316666666666661 ], [ 103.716666666666683, 1.308333333333328 ], [ 103.725, 1.308333333333328 ] ] ] } },
{ "type": "Feature", "properties": { "cell_id": "r19_c15", "row": 19, "col": 15, "global_row": 10642, "global_col": 34047, "lon": 103.72916666666669, "lat": 1.3125 }, "geometry": { "type": "Polygon", "coordinates": [ [ [ 103.733333333333363, 1.308333333333328 ], [ 103.733333333333363, 1.316666666666661 ], [ 103.725, 1.316666666666661 ], [ 103.725, 1.308333333333328 ], [ 103.733333333333363, 1.308333333333328 ] ] ] } },
{ "type": "Feature", "properties": { "cell_id": "r19_c16", "row": 19, "col": 16, "global_row": 10642, "global_col": 34048, "lon": 103.7375, "lat": 1.3125 }, "geometry": { "type": "Polygon", "coordinates": [ [ [ 103.741666666666688, 1.308333333333328 ], [ 103.741666666666688, 1.316666666666661 ], [ 103.733333333333363, 1.316666666666661 ], [ 103.733333333333363, 1.308333333333328 ], [ 103.741666666666688, 1.308333333333328 ] ] ] } },
{ "type": "Feature", "properties": { "cell_id": "r19_c17", "row": 19, "col": 17, "global_row": 10642, "global_col": 34049, "lon": 103.74583333333335, "lat": 1.3125 }, "geometry": { "type": "Polygon", "coordinates": [ [ [ 103.75, 1.308333333333328 ], [ 103.75, 1.316666666666661 ], [ 103.741666666666688, 1.316666666666661 ], [ 103.741666666666688, 1.308333333333328 ], [ 103.75, 1.308333333333328 ] ] ] } },
{ "type": "Feature", "properties": { "cell_id": "r19_c18", "row": 19, "col": 18, "global_row": 10642, "global_col": 34050, "lon": 103.75416666666671, "lat": 1.3125 }, "geometry": { "type": "Polygon", "coordinates": [ [ [ 103.758333333333354, 1.308333333333328 ], [ 103.758333333333354, 1.316666666666661 ], [ 103.75, 1.316666666666661 ], [ 103.75, 1.308333333333328 ], [ 103.758333333333354, 1.308333333333328 ] ] ] } },
{ "type": "Feature", "properties": { "cell_id": "r19_c19", "row": 19, "col": 19, "global_row": 10642, "global_col": 34051, "lon": 103.7625, "lat": 1.3125 }, "geometry": { "type": "Polygon", "coordinates": [ [ [ 103.766666666666694, 1.308333333333328 ], [ 103.766666666666694, 1.316666666666661 ], [ 103.758333333333354, 1.316666666666661 ], [ 103.758333333333354, 1.308333333333328 ], [ 103.766666666666694, 1.308333333333328 ] ] ] } },
{ "type": "Feature", "properties": { "cell_id": "r19_c20", "row": 19, "col": 20, "global_row": 10642, "global_col": 34052, "lon": 103.77083333333336, "lat": 1.3125 }, "geometry": { "type": "Polygon", "coordinates": [ [ [ 103.775, 1.308333333333328 ], [ 103.775, 1.316666666666661 ], [ 103.766666666666694, 1.316666666666661 ], [ 103.766666666666694, 1.308333333333328 ], [ 103.775, 1.308333333333328 ] ] ] } },
{ "type": "Feature", "properties": { "cell_id": "r19_c21", "row": 19, "col": 21, "global_row": 10642, "global_col": 34053, "lon": 103.7791666666667, "lat": 1.3125 }, "geometry": { "type": "Polygon", "coordinates": [ [ [ 103.78333333333336, 1.308333333333328 ], [ 103.78333333333336, 1.316666666666661 ], [ 103.775, 1.316666666666661 ], [ 103.775, 1.308333333333328 ], [ 103.78333333333336, 1.308333333333328 ] ] ] } },
{ "type": "Feature", "properties": { "cell_id": "r19_c22", "row": 19, "col": 22, "global_row": 10642, "global_col": 34054, "lon": 103.7875, "lat": 1.3125 }, "geometry": { "type": "Polygon", "coordinates": [ [ [ 103.791666666666686, 1.308333333333328 ], [ 103.791666666666686, 1.316666666666661 ], [ 103.78333333333336, 1.316666666666661 ], [ 103.78333333333336, 1.308333333333328 ], [ 103.791666666666686, 1.308333333333328 ] ] ] } },
{ "type": "Feature", "properties": { "cell_id": "r19_c23", "row": 19, "col": 23, "global_row": 10642, "global_col": 34055, "lon": 103.79583333333335, "lat": 1.3125 }, "geometry": { "type": "Polygon", "coordinates": [ [ [ 103.8, 1.308333333333328 ], [ 103.8, 1.316666666666661 ], [ 103.791666666666686, 1.316666666666661 ], [ 103.791666666666686, 1.308333333333328 ], [ 103.8, 1.308333333333328 ] ] ] } },
{ "type": "Feature", "properties": { "cell_id": "r19_c24", "row": 19, "col": 24, "global_row": 10642, "global_col": 34056, "lon": 103.8041666666667, "lat": 1.3125 }, "geometry": { "type": "Polygon", "coordinates": [ [ [ 103.808333333333351, 1.308333333333328 ], [ 103.808333333333351, 1.316666666666661 ], [ 103.8, 1.316666666666661 ], [ 103.8, 1.308333333333328 ], [ 103.808333333333351, 1.308333333333328 ] ] ] } },
{ "type": "Feature", "properties": { "cell_id": "r19_c25", "row": 19, "col": 25, "global_row": 10642, "global_col": 34057, "lon": 103.8125, "lat": 1.3125 }, "geometry": { "type": "Polygon", "coordinates": [ [ [ 103.816666666666691, 1.308333333333328 ], [ 103.816666666666691, 1.316666666666661 ], [ 103.808333333333351, 1.316666666666661 ], [ 103.808333333333351, 1.308333333333328 ], [ 103.816666666666691, 1.308333333333328 ] ] ] } },
{ "type": "Feature", "properties": { "cell_id": "r19_c26", "row": 19, "col": 26, "global_row": 10642, "global_col": 34058, "lon": 103.82083333333334, "lat": 1.3125 }, "geometry": { "type": "Polygon", "coordinates": [ [ [ 103.825, 1.308333333333328 ], [ 103.825, 1.316666666666661 ], [ 103.816666666666691, 1.316666666666661 ], [ 103.816666666666691, 1.308333333333328 ], [ 103.825, 1.308333333333328 ] ] ] } },
{ "type": "Feature", "properties": { "cell_id": "r19_c27", "row": 19, "col": 27, "global_row": 10642, "global_col": 34059, "lon": 103.82916666666668, "lat": 1.3125 }, "geometry": { "type": "Polygon", "coordinates": [ [ [ 103.833333333333357, 1.308333333333328 ], [ 103.833333333333357, 1.316666666666661 ], [ 103.825, 1.316666666666661 ], [ 103.825, 1.308333333333328 ], [ 103.833333333333357, 1.308333333333328 ] ] ] } },
{ "type": "Feature", "properties": { "cell_id": "r19_c28", "row": 19, "col": 28, "global_row": 10642, "global_col": 34060, "lon": 103.8375, "lat": 1.3125 }, "geometry": { "type": "Polygon", "coordinates": [ [ [ 103.841666666666683, 1.308333333333328 ], [ 103.841666666666683, 1.316666666666661 ], [ 103.833333333333357, 1.316666666666661 ], [ 103.833333333333357, 1.308333333333328 ], [ 103.841666666666683, 1.308333333333328 ] ] ] } },
{ "type": "Feature", "properties": { "cell_id": "r19_c29", "row": 19, "col": 29, "global_row": 10642, "global_col": 34061, "lon": 103.84583333333335, "lat": 1.3125 }, "geometry": { "type": "Polygon", "coordinates": [ [ [ 103.85, 1.308333333333328 ], [ 103.85, 1.316666666666661 ], [ 103.841666666666683, 1.316666666666661 ], [ 103.841666666666683, 1.308333333333328 ], [ 103.85, 1.308333333333328 ] ] ] } },
{ "type": "Feature", "properties": { "cell_id": "r19_c30", "row": 19, "col": 30, "global_row": 10642, "global_col": 34062, "lon": 103.85416666666669, "lat": 1.3125 }, "geometry": { "type": "Polygon", "coordinates": [ [ [ 103.858333333333363, 1.308333333333328 ], [ 103.858333333333363, 1.316666666666661 ], [ 103.85, 1.316666666666661 ], [ 103.85, 1.308333333333328 ], [ 103.858333333333363, 1.308333333333328 ] ] ] } },
{ "type": "Feature", "properties": { "cell_id": "r19_c31", "row": 19, "col": 31, "global_row": 10642, "global_col": 34063, "lon": 103.8625, "lat": 1.3125 }, "geometry": { "type": "Polygon", "coordinates": [ [ [ 103.866666666666688, 1.308333333333328 ], [ 103.866666666666688, 1.316666666666661 ], [ 103.858333333333363, 1.316666666666661 ], [ 103.858333333333363, 1.308333333333328 ], [ 103.866666666666688, 1.308333333333328 ] ] ] } },
{ "type": "Feature", "properties": { "cell_id": "r19_c32", "row": 19, "col": 32, "global_row": 10642, "global_col": 34064, "lon": 103.87083333333337, "lat": 1.3125 }, "geometry": { "type": "Polygon", "coordinates": [ [ [ 103.875, 1.308333333333328 ], [ 103.875, 1.316666666666661 ], [ 103.866666666666688, 1.316666666666661 ], [ 103.866666666666688, 1.308333333333328 ], [ 103.875, 1.308333333333328 ] ] ] } },
{ "type": "Feature", "properties": { "cell_id": "r19_c33", "row": 19, "col": 33, "global_row": 10642, "global_col": 34065, "lon": 103.87916666666669, "lat": 1.3125 }, "geometry": { "type": "Polygon", "coordinates": [ [ [ 103.883333333333354, 1.308333333333328 ], [ 103.883333333333354, 1.316666666666661 ], [ 103.875, 1.316666666666661 ], [ 103.875, 1.308333333333328 ], [ 103.883333333333354, 1.308333333333328 ] ] ] } },
{ "type": "Feature", "properties": { "cell_id": "r19_c34", "row": 19, "col": 34, "global_row": 10642, "global_col": 34066, "lon": 103.8875, "lat": 1.3125 }, "geometry": { "type": "Polygon", "coordinates": [ [ [ 103.891666666666694, 1.308333333333328 ], [ 103.891666666666694, 1.316666666666661 ], [ 103.883333333333354, 1.316666666666661 ], [ 103.883333333333354, 1.308333333333328 ], [ 103.891666666666694, 1.308333333333328 ] ] ] } },
{ "type": "Feature", "properties": { "cell_id": "r19_c35", "row": 19, "col": 35, "global_row": 10642, "global_col": 34067, "lon": 103.89583333333336, "lat": 1.3125 }, "geometry": { "type": "Polygon", "coordinates": [ [ [ 103.9, 1.308333333333328 ], [ 103.9, 1.316666666666661 ], [ 103.891666666666694, 1.316666666666661 ], [ 103.891666666666694, 1.308333333333328 ], [ 103.9, 1.308333333333328 ] ] ] } },
{ "type": "Feature", "properties": { "cell_id": "r19_c36", "row": 19, "col": 36, "global_row": 10642, "global_col": 34068, "lon": 103.9041666666667, "lat": 1.3125 }, "geometry": { "type": "Polygon", "coordinates": [ [ [ 103.90833333333336, 1.308333333333328 ], [ 103.90833333333336, 1.316666666666661 ], [ 103.9, 1.316666666666661 ], [ 103.9, 1.308333333333328 ], [ 103.90833333333336, 1.308333333333328 ] ] ] } },
{ "type": "Feature", "properties": { "cell_id": "r19_c37", "row": 19, "col": 37, "global_row": 10642, "global_col": 34069, "lon": 103.9125, "lat": 1.3125 }, "geometry": { "type": "Polygon", "coordinates": [ [ [ 103.916666666666686, 1.308333333333328 ], [ 103.916666666666686, 1.316666666666661 ], [ 103.90833333333336, 1.316666666666661 ], [ 103.90833333333336, 1.308333333333328 ], [ 103.916666666666686, 1.308333333333328 ] ] ] } },
{ "type": "Feature", "properties": { "cell_id": "r19_c38", "row": 19, "col": 38, "global_row": 10642, "global_col": 34070, "lon": 103.92083333333336, "lat": 1.3125 }, "geometry": { "type": "Polygon", "coordinates": [ [ [ 103.925, 1.308333333333328 ], [ 103.925, 1.316666666666661 ], [ 103.916666666666686, 1.316666666666661 ], [ 103.916666666666686, 1.308333333333328 ], [ 103.925, 1.308333333333328 ] ] ] } },
{ "type": "Feature", "properties": { "cell_id": "r19_c39", "row": 19, "col": 39, "global_row": 10642, "global_col": 34071, "lon": 103.9291666666667, "lat": 1.3125 }, "geometry": { "type": "Polygon", "coordinates": [ [ [ 103.933333333333351, 1.308333333333328 ], [ 103.933333333333351, 1.316666666666661 ], [ 103.925, 1.316666666666661 ], [ 103.925, 1.308333333333328 ], [ 103.933333333333351, 1.308333333333328 ] ] ] } },
{ "type": "Feature", "properties": { "cell_id": "r19_c40", "row": 19, "col": 40, "global_row": 10642, "global_col": 34072, "lon": 103.9375, "lat": 1.3125 }, "geometry": { "type": "Polygon", "coordinates": [ [ [ 103.941666666666691, 1.308333333333328 ], [ 103.941666666666691, 1.316666666666661 ], [ 103.933333333333351, 1.316666666666661 ], [ 103.933333333333351, 1.308333333333328 ], [ 103.941666666666691, 1.308333333333328 ] ] ] } },
{ "type": "Feature", "properties": { "cell_id": "r19_c41", "row": 19, "col": 41, "global_row": 10642, "global_col": 34073, "lon": 103.94583333333335, "lat": 1.3125 }, "geometry": { "type": "Polygon", "coordinates": [ [ [ 103.95, 1.308333333333328 ], [ 103.95, 1.316666666666661 ], [ 103.941666666666691, 1.316666666666661 ], [ 103.941666666666691, 1.308333333333328 ], [ 103.95, 1.308333333333328 ] ] ] } },
{ "type": "Feature", "properties": { "cell_id": "r19_c42", "row": 19, "col": 42, "global_row": 10642, "global_col": 34074, "lon": 103.95416666666668, "lat": 1.3125 }, "geometry": { "type": "Polygon", "coordinates": [ [ [ 103.958333333333357, 1.308333333333328 ], [ 103.958333333333357, 1.316666666666661 ], [ 103.95, 1.316666666666661 ], [ 103.95, 1.308333333333328 ], [ 103.958333333333357, 1.308333333333328 ] ] ] } },
{ "type": "Feature", "properties": { "cell_id": "r19_c47", "row": 19, "col": 47, "global_row": 10642, "global_col": 34079, "lon": 103.99583333333335, "lat": 1.3125 }, "geometry": { "type": "Polygon", "coordinates": [ [ [ 104.0, 1.308333333333328 ], [ 104.0, 1.316666666666661 ], [ 103.991666666666688, 1.316666666666661 ], [ 103.991666666666688, 1.308333333333328 ], [ 104.0, 1.308333333333328 ] ] ] } },
{ "type": "Feature", "properties": { "cell_id": "r19_c48", "row": 19, "col": 48, "global_row": 10642, "global_col": 34080, "lon": 104.00416666666669, "lat": 1.3125 }, "geometry": { "type": "Polygon", "coordinates": [ [ [ 104.008333333333354, 1.308333333333328 ], [ 104.008333333333354, 1.316666666666661 ], [ 104.0, 1.316666666666661 ], [ 104.0, 1.308333333333328 ], [ 104.008333333333354, 1.308333333333328 ] ] ] } },
{ "type": "Feature", "properties": { "cell_id": "r19_c49", "row": 19, "col": 49, "global_row": 10642, "global_col": 34081, "lon": 104.0125, "lat": 1.3125 }, "geometry": { "type": "Polygon", "coordinates": [ [ [ 104.016666666666694, 1.308333333333328 ], [ 104.016666666666694, 1.316666666666661 ], [ 104.008333333333354, 1.316666666666661 ], [ 104.008333333333354, 1.308333333333328 ], [ 104.016666666666694, 1.308333333333328 ] ] ] } },
{ "type": "Feature", "properties": { "cell_id": "r20_c3", "row": 20, "col": 3, "global_row": 10643, "global_col": 34035, "lon": 103.62916666666671, "lat": 1.3041666666666607 }, "geometry": { "type": "Polygon", "coordinates": [ [ [ 103.633333333333354, 1.3 ], [ 103.633333333333354, 1.308333333333328 ], [ 103.625, 1.308333333333328 ], [ 103.625, 1.3 ], [ 103.633333333333354, 1.3 ] ] ] } },
{ "type": "Feature", "properties": { "cell_id": "r20_c4", "row": 20, "col": 4, "global_row": 10643, "global_col": 34036, "lon": 103.6375, "lat": 1.3041666666666607 }, "geometry": { "type": "Polygon", "coordinates": [ [ [ 103.641666666666694, 1.3 ], [ 103.641666666666694, 1.308333333333328 ], [ 103.633333333333354, 1.308333333333328 ], [ 103.633333333333354, 1.3 ], [ 103.641666666666694, 1.3 ] ] ] } },
{ "type": "Feature", "properties": { "cell_id": "r20_c5", "row": 20, "col": 5, "global_row": 10643, "global_col": 34037, "lon": 103.64583333333336, "lat": 1.3041666666666607 }, "geometry": { "type": "Polygon", "coordinates": [ [ [ 103.65, 1.3 ], [ 103.65, 1.308333333333328 ], [ 103.641666666666694, 1.308333333333328 ], [ 103.641666666666694, 1.3 ], [ 103.65, 1.3 ] ] ] } },
{ "type": "Feature", "properties": { "cell_id": "r20_c6", "row": 20, "col": 6, "global_row": 10643, "global_col": 34038, "lon": 103.65416666666671, "lat": 1.3041666666666607 }, "geometry": { "type": "Polygon", "coordinates": [ [ [ 103.65833333333336, 1.3 ], [ 103.65833333333336, 1.308333333333328 ], [ 103.65, 1.308333333333328 ], [ 103.65, 1.3 ], [ 103.65833333333336, 1.3 ] ] ] } },
{ "type": "Feature", "properties": { "cell_id": "r20_c7", "row": 20, "col": 7, "global_row": 10643, "global_col": 34039, "lon": 103.6625, "lat": 1.3041666666666607 }, "geometry": { "type": "Polygon", "coordinates": [ [ [ 103.666666666666686, 1.3 ], [ 103.666666666666686, 1.308333333333328 ], [ 103.65833333333336, 1.308333333333328 ], [ 103.65833333333336, 1.3 ], [ 103.666666666666686, 1.3 ] ] ] } },
{ "type": "Feature", "properties": { "cell_id": "r20_c9", "row": 20, "col": 9, "global_row": 10643, "global_col": 34041, "lon": 103.67916666666669, "lat": 1.3041666666666607 }, "geometry": { "type": "Polygon", "coordinates": [ [ [ 103.683333333333351, 1.3 ], [ 103.683333333333351, 1.308333333333328 ], [ 103.675, 1.308333333333328 ], [ 103.675, 1.3 ], [ 103.683333333333351, 1.3 ] ] ] } },
{ "type": "Feature", "properties": { "cell_id": "r20_c10", "row": 20, "col": 10, "global_row": 10643, "global_col": 34042, "lon": 103.6875, "lat": 1.3041666666666607 }, "geometry": { "type": "Polygon", "coordinates": [ [ [ 103.691666666666691, 1.3 ], [ 103.691666666666691, 1.308333333333328 ], [ 103.683333333333351, 1.308333333333328 ], [ 103.683333333333351, 1.3 ], [ 103.691666666666691, 1.3 ] ] ] } },
{ "type": "Feature", "properties": { "cell_id": "r20_c11", "row": 20, "col": 11, "global_row": 10643, "global_col": 34043, "lon": 103.69583333333334, "lat": 1.3041666666666607 }, "geometry": { "type": "Polygon", "coordinates": [ [ [ 103.7, 1.3 ], [ 103.7, 1.308333333333328 ], [ 103.691666666666691, 1.308333333333328 ], [ 103.691666666666691, 1.3 ], [ 103.7, 1.3 ] ] ] } },
{ "type": "Feature", "properties": { "cell_id": "r20_c12", "row": 20, "col": 12, "global_row": 10643, "global_col": 34044, "lon": 103.70416666666668, "lat": 1.3041666666666607 }, "geometry": { "type": "Polygon", "coordinates": [ [ [ 103.708333333333357, 1.3 ], [ 103.708333333333357, 1.308333333333328 ], [ 103.7, 1.308333333333328 ], [ 103.7, 1.3 ], [ 103.708333333333357, 1.3 ] ] ] } },
{ "type": "Feature", "properties": { "cell_id": "r20_c13", "row": 20, "col": 13, "global_row": 10643, "global_col": 34045, "lon": 103.7125, "lat": 1.3041666666666607 }, "geometry": { "type": "Polygon", "coordinates": [ [ [ 103.716666666666683, 1.3 ], [ 103.716666666666683, 1.308333333333328 ], [ 103.708333333333357, 1.308333333333328 ], [ 103.708333333333357, 1.3 ], [ 103.716666666666683, 1.3 ] ] ] } },
{ "type": "Feature", "properties": { "cell_id": "r20_c15", "row": 20, "col": 15, "global_row": 10643, "global_col": 34047, "lon": 103.72916666666667, "lat": 1.3041666666666607 }, "geometry": { "type": "Polygon", "coordinates": [ [ [ 103.733333333333363, 1.3 ], [ 103.733333333333363, 1.308333333333328 ], [ 103.725, 1.308333333333328 ], [ 103.725, 1.3 ], [ 103.733333333333363, 1.3 ] ] ] } },
{ "type": "Feature", "properties": { "cell_id": "r20_c16", "row": 20, "col": 16, "global_row": 10643, "global_col": 34048, "lon": 103.7375, "lat": 1.3041666666666607 }, "geometry": { "type": "Polygon", "coordinates": [ [ [ 103.741666666666688, 1.3 ], [ 103.741666666666688, 1.308333333333328 ], [ 103.733333333333363, 1.308333333333328 ], [ 103.733333333333363, 1.3 ], [ 103.741666666666688, 1.3 ] ] ] } },
{ "type": "Feature", "properties": { "cell_id": "r20_c17", "row": 20, "col": 17, "global_row": 10643, "global_col": 34049, "lon": 103.74583333333337, "lat": 1.3041666666666607 }, "geometry": { "type": "Polygon", "coordinates": [ [ [ 103.75, 1.3 ], [ 103.75, 1.308333333333328 ], [ 103.741666666666688, 1.308333333333328 ], [ 103.741666666666688, 1.3 ], [ 103.75, 1.3 ] ] ] } },
{ "type": "Feature", "properties": { "cell_id": "r20_c18", "row": 20, "col": 18, "global_row": 10643, "global_col": 34050, "lon": 103.75416666666671, "lat": 1.3041666666666607 }, "geometry": { "type": "Polygon", "coordinates": [ [ [ 103.758333333333354, 1.3 ], [ 103.758333333333354, 1.308333333333328 ], [ 103.75, 1.308333333333328 ], [ 103.75, 1.3 ], [ 103.758333333333354, 1.3 ] ] ] } },
{ "type": "Feature", "properties": { "cell_id": "r20_c19", "row": 20, "col": 19, "global_row": 10643, "global_col": 34051, "lon": 103.7625, "lat": 1.3041666666666607 }, "geometry": { "type": "Polygon", "coordinates": [ [ [ 103.766666666666694, 1.3 ], [ 103.766666666666694, 1.308333333333328 ], [ 103.758333333333354, 1.308333333333328 ], [ 103.758333333333354, 1.3 ], [ 103.766666666666694, 1.3 ] ] ] } },
{ "type": "Feature", "properties": { "cell_id": "r20_c20", "row": 20, "col": 20, "global_row": 10643, "global_col": 34052, "lon": 103.77083333333334, "lat": 1.3041666666666607 }, "geometry": { "type": "Polygon", "coordinates": [ [ [ 103.775, 1.3 ], [ 103.775, 1.308333333333328 ], [ 103.766666666666694, 1.308333333333328 ], [ 103.766666666666694, 1.3 ], [ 103.775, 1.3 ] ] ] } },
{ "type": "Feature", "properties": { "cell_id": "r20_c21", "row": 20, "col": 21, "global_row": 10643, "global_col": 34053, "lon": 103.7791666666667, "lat": 1.3041666666666607 }, "geometry": { "type": "Polygon", "coordinates": [ [ [ 103.78333333333336, 1.3 ], [ 103.78333333333336, 1.308333333333328 ], [ 103.775, 1.308333333333328 ], [ 103.775, 1.3 ], [ 103.78333333333336, 1.3 ] ] ] } },
{ "type": "Feature", "properties": { "cell_id": "r20_c22", "row": 20, "col": 22, "global_row": 10643, "global_col": 34054, "lon": 103.7875, "lat": 1.3041666666666607 }, "geometry": { "type": "Polygon", "coordinates": [ [ [ 103.791666666666686, 1.3 ], [ 103.791666666666686, 1.308333333333328 ], [ 103.78333333333336, 1.308333333333328 ], [ 103.78333333333336, 1.3 ], [ 103.791666666666686, 1.3 ] ] ] } },
{ "type": "Feature", "properties": { "cell_id": "r20_c23", "row": 20, "col": 23, "global_row": 10643, "global_col": 34055, "lon": 103.79583333333336, "lat": 1.3041666666666607 }, "geometry": { "type": "Polygon", "coordinates": [ [ [ 103.8, 1.3 ], [ 103.8, 1.308333333333328 ], [ 103.791666666666686, 1.308333333333328 ], [ 103.791666666666686, 1.3 ], [ 103.8, 1.3 ] ] ] } },
{ "type": "Feature", "properties": { "cell_id": "r20_c24", "row": 20, "col": 24, "global_row": 10643, "global_col": 34056, "lon": 103.80416666666667, "lat": 1.3041666666666607 }, "geometry": { "type": "Polygon", "coordinates": [ [ [ 103.808333333333351, 1.3 ], [ 103.808333333333351, 1.308333333333328 ], [ 103.8, 1.308333333333328 ], [ 103.8, 1.3 ], [ 103.808333333333351, 1.3 ] ] ] } },
{ "type": "Feature", "properties": { "cell_id": "r20_c25", "row": 20, "col": 25, "global_row": 10643, "global_col": 34057, "lon": 103.8125, "lat": 1.3041666666666607 }, "geometry": { "type": "Polygon", "coordinates": [ [ [ 103.816666666666691, 1.3 ], [ 103.816666666666691, 1.308333333333328 ], [ 103.808333333333351, 1.308333333333328 ], [ 103.808333333333351, 1.3 ], [ 103.816666666666691, 1.3 ] ] ] } },
{ "type": "Feature", "properties": { "cell_id": "r20_c26", "row": 20, "col": 26, "global_row": 10643, "global_col": 34058, "lon": 103.82083333333334, "lat": 1.3041666666666607 }, "geometry": { "type": "Polygon", "coordinates": [ [ [ 103.825, 1.3 ], [ 103.825, 1.308333333333328 ], [ 103.816666666666691, 1.308333333333328 ], [ 103.816666666666691, 1.3 ], [ 103.825, 1.3 ] ] ] } },
{ "type": "Feature", "properties": { "cell_id": "r20_c27", "row": 20, "col": 27, "global_row": 10643, "global_col": 34059, "lon": 103.82916666666668, "lat": 1.3041666666666607 }, "geometry": { "type": "Polygon", "coordinates": [ [ [ 103.833333333333357, 1.3 ], [ 103.833333333333357, 1.308333333333328 ], [ 103.825, 1.308333333333328 ], [ 103.825, 1.3 ], [ 103.833333333333357, 1.3 ] ] ] } },
{ "type": "Feature", "properties": { "cell_id": "r20_c28", "row": 20, "col": 28, "global_row": 10643, "global_col": 34060, "lon": 103.8375, "lat": 1.3041666666666607 }, "geometry": { "type": "Polygon", "coordinates": [ [ [ 103.841666666666683, 1.3 ], [ 103.841666666666683, 1.308333333333328 ], [ 103.833333333333357, 1.308333333333328 ], [ 103.833333333333357, 1.3 ], [ 103.841666666666683, 1.3 ] ] ] } },
{ "type": "Feature", "properties": { "cell_id": "r20_c29", "row": 20, "col": 29, "global_row": 10643, "global_col": 34061, "lon": 103.84583333333335, "lat": 1.3041666666666607 }, "geometry": { "type": "Polygon", "coordinates": [ [ [ 103.85, 1.3 ], [ 103.85, 1.308333333333328 ], [ 103.841666666666683, 1.308333333333328 ], [ 103.841666666666683, 1.3 ], [ 103.85, 1.3 ] ] ] } },
{ "type": "Feature", "properties": { "cell_id": "r20_c30", "row": 20, "col": 30, "global_row": 10643, "global_col": 34062, "lon": 103.85416666666669, "lat": 1.3041666666666607 }, "geometry": { "type": "Polygon", "coordinates": [ [ [ 103.858333333333363, 1.3 ], [ 103.858333333333363, 1.308333333333328 ], [ 103.85, 1.308333333333328 ], [ 103.85, 1.3 ], [ 103.858333333333363, 1.3 ] ] ] } },
{ "type": "Feature", "properties": { "cell_id": "r20_c31", "row": 20, "col": 31, "global_row": 10643, "global_col": 34063, "lon": 103.8625, "lat": 1.3041666666666607 }, "geometry": { "type": "Polygon", "coordinates": [ [ [ 103.866666666666688, 1.3 ], [ 103.866666666666688, 1.308333333333328 ], [ 103.858333333333363, 1.308333333333328 ], [ 103.858333333333363, 1.3 ], [ 103.866666666666688, 1.3 ] ] ] } },
{ "type": "Feature", "properties": { "cell_id": "r20_c32", "row": 20, "col": 32, "global_row": 10643, "global_col": 34064, "lon": 103.87083333333335, "lat": 1.3041666666666607 }, "geometry": { "type": "Polygon", "coordinates": [ [ [ 103.875, 1.3 ], [ 103.875, 1.308333333333328 ], [ 103.866666666666688, 1.308333333333328 ], [ 103.866666666666688, 1.3 ], [ 103.875, 1.3 ] ] ] } },
{ "type": "Feature", "properties": { "cell_id": "r20_c33", "row": 20, "col": 33, "global_row": 10643, "global_col": 34065, "lon": 103.87916666666672, "lat": 1.3041666666666607 }, "geometry": { "type": "Polygon", "coordinates": [ [ [ 103.883333333333354, 1.3 ], [ 103.883333333333354, 1.308333333333328 ], [ 103.875, 1.308333333333328 ], [ 103.875, 1.3 ], [ 103.883333333333354, 1.3 ] ] ] } },
{ "type": "Feature", "properties": { "cell_id": "r20_c34", "row": 20, "col": 34, "global_row": 10643, "global_col": 34066, "lon": 103.8875, "lat": 1.3041666666666607 }, "geometry": { "type": "Polygon", "coordinates": [ [ [ 103.891666666666694, 1.3 ], [ 103.891666666666694, 1.308333333333328 ], [ 103.883333333333354, 1.308333333333328 ], [ 103.883333333333354, 1.3 ], [ 103.891666666666694, 1.3 ] ] ] } },
{ "type": "Feature", "properties": { "cell_id": "r20_c35", "row": 20, "col": 35, "global_row": 10643, "global_col": 34067, "lon": 103.89583333333336, "lat": 1.3041666666666607 }, "geometry": { "type": "Polygon", "coordinates": [ [ [ 103.9, 1.3 ], [ 103.9, 1.308333333333328 ], [ 103.891666666666694, 1.308333333333328 ], [ 103.891666666666694, 1.3 ], [ 103.9, 1.3 ] ] ] } },
{ "type": "Feature", "properties": { "cell_id": "r20_c36", "row": 20, "col": 36, "global_row": 10643, "global_col": 34068, "lon": 103.90416666666668, "lat": 1.3041666666666607 }, "geometry": { "type": "Polygon", "coordinates": [ [ [ 103.90833333333336, 1.3 ], [ 103.90833333333336, 1.308333333333328 ], [ 103.9, 1.308333333333328 ], [ 103.9, 1.3 ], [ 103.90833333333336, 1.3 ] ] ] } },
{ "type": "Feature", "properties": { "cell_id": "r20_c37", "row": 20, "col": 37, "global_row": 10643, "global_col": 34069, "lon": 103.9125, "lat": 1.3041666666666607 }, "geometry": { "type": "Polygon", "coordinates": [ [ [ 103.916666666666686, 1.3 ], [ 103.916666666666686, 1.308333333333328 ], [ 103.90833333333336, 1.308333333333328 ], [ 103.90833333333336, 1.3 ], [ 103.916666666666686, 1.3 ] ] ] } },
{ "type": "Feature", "properties": { "cell_id": "r20_c38", "row": 20, "col": 38, "global_row": 10643, "global_col": 34070, "lon": 103.92083333333336, "lat": 1.3041666666666607 }, "geometry": { "type": "Polygon", "coordinates": [ [ [ 103.925, 1.3 ], [ 103.925, 1.308333333333328 ], [ 103.916666666666686, 1.308333333333328 ], [ 103.916666666666686, 1.3 ], [ 103.925, 1.3 ] ] ] } },
{ "type": "Feature", "properties": { "cell_id": "r21_c2", "row": 21, "col": 2, "global_row": 10644, "global_col": 34034, "lon": 103.62083333333335, "lat": 1.2958333333333276 }, "geometry": { "type": "Polygon", "coordinates": [ [ [ 103.625, 1.291666666666661 ], [ 103.625, 1.3 ], [ 103.616666666666688, 1.3 ], [ 103.616666666666688, 1.291666666666661 ], [ 103.625, 1.291666666666661 ] ] ] } },
{ "type": "Feature", "properties": { "cell_id": "r21_c3", "row": 21, "col": 3, "global_row": 10644, "global_col": 34035, "lon": 103.62916666666671, "lat": 1.2958333333333276 }, "geometry": { "type": "Polygon", "coordinates": [ [ [ 103.633333333333354, 1.291666666666661 ], [ 103.633333333333354, 1.3 ], [ 103.625, 1.3 ], [ 103.625, 1.291666666666661 ], [ 103.633333333333354, 1.291666666666661 ] ] ] } },
{ "type": "Feature", "properties": { "cell_id": "r21_c4", "row": 21, "col": 4, "global_row": 10644, "global_col": 34036, "lon": 103.6375, "lat": 1.2958333333333276 }, "geometry": { "type": "Polygon", "coordinates": [ [ [ 103.641666666666694, 1.291666666666661 ], [ 103.641666666666694, 1.3 ], [ 103.633333333333354, 1.3 ], [ 103.633333333333354, 1.291666666666661 ], [ 103.641666666666694, 1.291666666666661 ] ] ] } },
{ "type": "Feature", "properties": { "cell_id": "r21_c5", "row": 21, "col": 5, "global_row": 10644, "global_col": 34037, "lon": 103.64583333333336, "lat": 1.2958333333333276 }, "geometry": { "type": "Polygon", "coordinates": [ [ [ 103.65, 1.291666666666661 ], [ 103.65, 1.3 ], [ 103.641666666666694, 1.3 ], [ 103.641666666666694, 1.291666666666661 ], [ 103.65, 1.291666666666661 ] ] ] } },
{ "type": "Feature", "properties": { "cell_id": "r21_c7", "row": 21, "col": 7, "global_row": 10644, "global_col": 34039, "lon": 103.6625, "lat": 1.2958333333333276 }, "geometry": { "type": "Polygon", "coordinates": [ [ [ 103.666666666666686, 1.291666666666661 ], [ 103.666666666666686, 1.3 ], [ 103.65833333333336, 1.3 ], [ 103.65833333333336, 1.291666666666661 ], [ 103.666666666666686, 1.291666666666661 ] ] ] } },
{ "type": "Feature", "properties": { "cell_id": "r21_c8", "row": 21, "col": 8, "global_row": 10644, "global_col": 34040, "lon": 103.67083333333335, "lat": 1.2958333333333276 }, "geometry": { "type": "Polygon", "coordinates": [ [ [ 103.675, 1.291666666666661 ], [ 103.675, 1.3 ], [ 103.666666666666686, 1.3 ], [ 103.666666666666686, 1.291666666666661 ], [ 103.675, 1.291666666666661 ] ] ] } },
{ "type": "Feature", "properties": { "cell_id": "r21_c19", "row": 21, "col": 19, "global_row": 10644, "global_col": 34051, "lon": 103.7625, "lat": 1.2958333333333276 }, "geometry": { "type": "Polygon", "coordinates": [ [ [ 103.766666666666694, 1.291666666666661 ], [ 103.766666666666694, 1.3 ], [ 103.758333333333354, 1.3 ], [ 103.758333333333354, 1.291666666666661 ], [ 103.766666666666694, 1.291666666666661 ] ] ] } },
{ "type": "Feature", "properties": { "cell_id": "r21_c20", "row": 21, "col": 20, "global_row": 10644, "global_col": 34052, "lon": 103.77083333333334, "lat": 1.2958333333333276 }, "geometry": { "type": "Polygon", "coordinates": [ [ [ 103.775, 1.291666666666661 ], [ 103.775, 1.3 ], [ 103.766666666666694, 1.3 ], [ 103.766666666666694, 1.291666666666661 ], [ 103.775, 1.291666666666661 ] ] ] } },
{ "type": "Feature", "properties": { "cell_id": "r21_c21", "row": 21, "col": 21, "global_row": 10644, "global_col": 34053, "lon": 103.7791666666667, "lat": 1.2958333333333276 }, "geometry": { "type": "Polygon", "coordinates": [ [ [ 103.78333333333336, 1.291666666666661 ], [ 103.78333333333336, 1.3 ], [ 103.775, 1.3 ], [ 103.775, 1.291666666666661 ], [ 103.78333333333336, 1.291666666666661 ] ] ] } },
{ "type": "Feature", "properties": { "cell_id": "r21_c22", "row": 21, "col": 22, "global_row": 10644, "global_col": 34054, "lon": 103.7875, "lat": 1.2958333333333276 }, "geometry": { "type": "Polygon", "coordinates": [ [ [ 103.791666666666686, 1.291666666666661 ], [ 103.791666666666686, 1.3 ], [ 103.78333333333336, 1.3 ], [ 103.78333333333336, 1.291666666666661 ], [ 103.791666666666686, 1.291666666666661 ] ] ] } },
{ "type": "Feature", "properties": { "cell_id": "r21_c23", "row": 21, "col": 23, "global_row": 10644, "global_col": 34055, "lon": 103.79583333333336, "lat": 1.2958333333333276 }, "geometry": { "type": "Polygon", "coordinates": [ [ [ 103.8, 1.291666666666661 ], [ 103.8, 1.3 ], [ 103.791666666666686, 1.3 ], [ 103.791666666666686, 1.291666666666661 ], [ 103.8, 1.291666666666661 ] ] ] } },
{ "type": "Feature", "properties": { "cell_id": "r21_c24", "row": 21, "col": 24, "global_row": 10644, "global_col": 34056, "lon": 103.80416666666667, "lat": 1.2958333333333276 }, "geometry": { "type": "Polygon", "coordinates": [ [ [ 103.808333333333351, 1.291666666666661 ], [ 103.808333333333351, 1.3 ], [ 103.8, 1.3 ], [ 103.8, 1.291666666666661 ], [ 103.808333333333351, 1.291666666666661 ] ] ] } },
{ "type": "Feature", "properties": { "cell_id": "r21_c25", "row": 21, "col": 25, "global_row": 10644, "global_col": 34057, "lon": 103.8125, "lat": 1.2958333333333276 }, "geometry": { "type": "Polygon", "coordinates": [ [ [ 103.816666666666691, 1.291666666666661 ], [ 103.816666666666691, 1.3 ], [ 103.808333333333351, 1.3 ], [ 103.808333333333351, 1.291666666666661 ], [ 103.816666666666691, 1.291666666666661 ] ] ] } },
{ "type": "Feature", "properties": { "cell_id": "r21_c26", "row": 21, "col": 26, "global_row": 10644, "global_col": 34058, "lon": 103.82083333333334, "lat": 1.2958333333333276 }, "geometry": { "type": "Polygon", "coordinates": [ [ [ 103.825, 1.291666666666661 ], [ 103.825, 1.3 ], [ 103.816666666666691, 1.3 ], [ 103.816666666666691, 1.291666666666661 ], [ 103.825, 1.291666666666661 ] ] ] } },
{ "type": "Feature", "properties": { "cell_id": "r21_c27", "row": 21, "col": 27, "global_row": 10644, "global_col": 34059, "lon": 103.82916666666668, "lat": 1.2958333333333276 }, "geometry": { "type": "Polygon", "coordinates": [ [ [ 103.833333333333357, 1.291666666666661 ], [ 103.833333333333357, 1.3 ], [ 103.825, 1.3 ], [ 103.825, 1.291666666666661 ], [ 103.833333333333357, 1.291666666666661 ] ] ] } },
{ "type": "Feature", "properties": { "cell_id": "r21_c28", "row": 21, "col": 28, "global_row": 10644, "global_col": 34060, "lon": 103.8375, "lat": 1.2958333333333276 }, "geometry": { "type": "Polygon", "coordinates": [ [ [ 103.841666666666683, 1.291666666666661 ], [ 103.841666666666683, 1.3 ], [ 103.833333333333357, 1.3 ], [ 103.833333333333357, 1.291666666666661 ], [ 103.841666666666683, 1.291666666666661 ] ] ] } },
{ "type": "Feature", "properties": { "cell_id": "r21_c29", "row": 21, "col": 29, "global_row": 10644, "global_col": 34061, "lon": 103.84583333333335, "lat": 1.2958333333333276 }, "geometry": { "type": "Polygon", "coordinates": [ [ [ 103.85, 1.291666666666661 ], [ 103.85, 1.3 ], [ 103.841666666666683, 1.3 ], [ 103.841666666666683, 1.291666666666661 ], [ 103.85, 1.291666666666661 ] ] ] } },
{ "type": "Feature", "properties": { "cell_id": "r21_c30", "row": 21, "col": 30, "global_row": 10644, "global_col": 34062, "lon": 103.85416666666669, "lat": 1.2958333333333276 }, "geometry": { "type": "Polygon", "coordinates": [ [ [ 103.858333333333363, 1.291666666666661 ], [ 103.858333333333363, 1.3 ], [ 103.85, 1.3 ], [ 103.85, 1.291666666666661 ], [ 103.858333333333363, 1.291666666666661 ] ] ] } },
{ "type": "Feature", "properties": { "cell_id": "r21_c31", "row": 21, "col": 31, "global_row": 10644, "global_col": 34063, "lon": 103.8625, "lat": 1.2958333333333276 }, "geometry": { "type": "Polygon", "coordinates": [ [ [ 103.866666666666688, 1.291666666666661 ], [ 103.866666666666688, 1.3 ], [ 103.858333333333363, 1.3 ], [ 103.858333333333363, 1.291666666666661 ], [ 103.866666666666688, 1.291666666666661 ] ] ] } },
{ "type": "Feature", "properties": { "cell_id": "r21_c32", "row": 21, "col": 32, "global_row": 10644, "global_col": 34064, "lon": 103.87083333333335, "lat": 1.2958333333333276 }, "geometry": { "type": "Polygon", "coordinates": [ [ [ 103.875, 1.291666666666661 ], [ 103.875, 1.3 ], [ 103.866666666666688, 1.3 ], [ 103.866666666666688, 1.291666666666661 ], [ 103.875, 1.291666666666661 ] ] ] } },
{ "type": "Feature", "properties": { "cell_id": "r21_c33", "row": 21, "col": 33, "global_row": 10644, "global_col": 34065, "lon": 103.87916666666672, "lat": 1.2958333333333276 }, "geometry": { "type": "Polygon", "coordinates": [ [ [ 103.883333333333354, 1.291666666666661 ], [ 103.883333333333354, 1.3 ], [ 103.875, 1.3 ], [ 103.875, 1.291666666666661 ], [ 103.883333333333354, 1.291666666666661 ] ] ] } },
{ "type": "Feature", "properties": { "cell_id": "r21_c34", "row": 21, "col": 34, "global_row": 10644, "global_col": 34066, "lon": 103.8875, "lat": 1.2958333333333276 }, "geometry": { "type": "Polygon", "coordinates": [ [ [ 103.891666666666694, 1.291666666666661 ], [ 103.891666666666694, 1.3 ], [ 103.883333333333354, 1.3 ], [ 103.883333333333354, 1.291666666666661 ], [ 103.891666666666694, 1.291666666666661 ] ] ] } },
{ "type": "Feature", "properties": { "cell_id": "r21_c35", "row": 21, "col": 35, "global_row": 10644, "global_col": 34067, "lon": 103.89583333333336, "lat": 1.2958333333333276 }, "geometry": { "type": "Polygon", "coordinates": [ [ [ 103.9, 1.291666666666661 ], [ 103.9, 1.3 ], [ 103.891666666666694, 1.3 ], [ 103.891666666666694, 1.291666666666661 ], [ 103.9, 1.291666666666661 ] ] ] } },
{ "type": "Feature", "properties": { "cell_id": "r22_c2", "row": 22, "col": 2, "global_row": 10645, "global_col": 34034, "lon": 103.62083333333335, "lat": 1.2875 }, "geometry": { "type": "Polygon", "coordinates": [ [ [ 103.625, 1.283333333333328 ], [ 103.625, 1.291666666666661 ], [ 103.616666666666688, 1.291666666666661 ], [ 103.616666666666688, 1.283333333333328 ], [ 103.625, 1.283333333333328 ] ] ] } },
{ "type": "Feature", "properties": { "cell_id": "r22_c3", "row": 22, "col": 3, "global_row": 10645, "global_col": 34035, "lon": 103.62916666666671, "lat": 1.2875 }, "geometry": { "type": "Polygon", "coordinates": [ [ [ 103.633333333333354, 1.283333333333328 ], [ 103.633333333333354, 1.291666666666661 ], [ 103.625, 1.291666666666661 ], [ 103.625, 1.283333333333328 ], [ 103.633333333333354, 1.283333333333328 ] ] ] } },
{ "type": "Feature", "properties": { "cell_id": "r22_c4", "row": 22, "col": 4, "global_row": 10645, "global_col": 34036, "lon": 103.6375, "lat": 1.2875 }, "geometry": { "type": "Polygon", "coordinates": [ [ [ 103.641666666666694, 1.283333333333328 ], [ 103.641666666666694, 1.291666666666661 ], [ 103.633333333333354, 1.291666666666661 ], [ 103.633333333333354, 1.283333333333328 ], [ 103.641666666666694, 1.283333333333328 ] ] ] } },
{ "type": "Feature", "properties": { "cell_id": "r22_c5", "row": 22, "col": 5, "global_row": 10645, "global_col": 34037, "lon": 103.64583333333336, "lat": 1.2875 }, "geometry": { "type": "Polygon", "coordinates": [ [ [ 103.65, 1.283333333333328 ], [ 103.65, 1.291666666666661 ], [ 103.641666666666694, 1.291666666666661 ], [ 103.641666666666694, 1.283333333333328 ], [ 103.65, 1.283333333333328 ] ] ] } },
{ "type": "Feature", "properties": { "cell_id": "r22_c10", "row": 22, "col": 10, "global_row": 10645, "global_col": 34042, "lon": 103.6875, "lat": 1.2875 }, "geometry": { "type": "Polygon", "coordinates": [ [ [ 103.691666666666691, 1.283333333333328 ], [ 103.691666666666691, 1.291666666666661 ], [ 103.683333333333351, 1.291666666666661 ], [ 103.683333333333351, 1.283333333333328 ], [ 103.691666666666691, 1.283333333333328 ] ] ] } },
{ "type": "Feature", "properties": { "cell_id": "r22_c12", "row": 22, "col": 12, "global_row": 10645, "global_col": 34044, "lon": 103.70416666666668, "lat": 1.2875 }, "geometry": { "type": "Polygon", "coordinates": [ [ [ 103.708333333333357, 1.283333333333328 ], [ 103.708333333333357, 1.291666666666661 ], [ 103.7, 1.291666666666661 ], [ 103.7, 1.283333333333328 ], [ 103.708333333333357, 1.283333333333328 ] ] ] } },
{ "type": "Feature", "properties": { "cell_id": "r22_c13", "row": 22, "col": 13, "global_row": 10645, "global_col": 34045, "lon": 103.7125, "lat": 1.2875 }, "geometry": { "type": "Polygon", "coordinates": [ [ [ 103.716666666666683, 1.283333333333328 ], [ 103.716666666666683, 1.291666666666661 ], [ 103.708333333333357, 1.291666666666661 ], [ 103.708333333333357, 1.283333333333328 ], [ 103.716666666666683, 1.283333333333328 ] ] ] } },
{ "type": "Feature", "properties": { "cell_id": "r22_c14", "row": 22, "col": 14, "global_row": 10645, "global_col": 34046, "lon": 103.72083333333336, "lat": 1.2875 }, "geometry": { "type": "Polygon", "coordinates": [ [ [ 103.725, 1.283333333333328 ], [ 103.725, 1.291666666666661 ], [ 103.716666666666683, 1.291666666666661 ], [ 103.716666666666683, 1.283333333333328 ], [ 103.725, 1.283333333333328 ] ] ] } },
{ "type": "Feature", "properties": { "cell_id": "r22_c20", "row": 22, "col": 20, "global_row": 10645, "global_col": 34052, "lon": 103.77083333333334, "lat": 1.2875 }, "geometry": { "type": "Polygon", "coordinates": [ [ [ 103.775, 1.283333333333328 ], [ 103.775, 1.291666666666661 ], [ 103.766666666666694, 1.291666666666661 ], [ 103.766666666666694, 1.283333333333328 ], [ 103.775, 1.283333333333328 ] ] ] } },
{ "type": "Feature", "properties": { "cell_id": "r22_c21", "row": 22, "col": 21, "global_row": 10645, "global_col": 34053, "lon": 103.7791666666667, "lat": 1.2875 }, "geometry": { "type": "Polygon", "coordinates": [ [ [ 103.78333333333336, 1.283333333333328 ], [ 103.78333333333336, 1.291666666666661 ], [ 103.775, 1.291666666666661 ], [ 103.775, 1.283333333333328 ], [ 103.78333333333336, 1.283333333333328 ] ] ] } },
{ "type": "Feature", "properties": { "cell_id": "r22_c22", "row": 22, "col": 22, "global_row": 10645, "global_col": 34054, "lon": 103.7875, "lat": 1.2875 }, "geometry": { "type": "Polygon", "coordinates": [ [ [ 103.791666666666686, 1.283333333333328 ], [ 103.791666666666686, 1.291666666666661 ], [ 103.78333333333336, 1.291666666666661 ], [ 103.78333333333336, 1.283333333333328 ], [ 103.791666666666686, 1.283333333333328 ] ] ] } },
{ "type": "Feature", "properties": { "cell_id": "r22_c23", "row": 22, "col": 23, "global_row": 10645, "global_col": 34055, "lon": 103.79583333333336, "lat": 1.2875 }, "geometry": { "type": "Polygon", "coordinates": [ [ [ 103.8, 1.283333333333328 ], [ 103.8, 1.291666666666661 ], [ 103.791666666666686, 1.291666666666661 ], [ 103.791666666666686, 1.283333333333328 ], [ 103.8, 1.283333333333328 ] ] ] } },
{ "type": "Feature", "properties": { "cell_id": "r22_c24", "row": 22, "col": 24, "global_row": 10645, "global_col": 34056, "lon": 103.80416666666667, "lat": 1.2875 }, "geometry": { "type": "Polygon", "coordinates": [ [ [ 103.808333333333351, 1.283333333333328 ], [ 103.808333333333351, 1.291666666666661 ], [ 103.8, 1.291666666666661 ], [ 103.8, 1.283333333333328 ], [ 103.808333333333351, 1.283333333333328 ] ] ] } },
{ "type": "Feature", "properties": { "cell_id": "r22_c25", "row": 22, "col": 25, "global_row": 10645, "global_col": 34057, "lon": 103.8125, "lat": 1.2875 }, "geometry": { "type": "Polygon", "coordinates": [ [ [ 103.816666666666691, 1.283333333333328 ], [ 103.816666666666691, 1.291666666666661 ], [ 103.808333333333351, 1.291666666666661 ], [ 103.808333333333351, 1.283333333333328 ], [ 103.816666666666691, 1.283333333333328 ] ] ] } },
{ "type": "Feature", "properties": { "cell_id": "r22_c26", "row": 22, "col": 26, "global_row": 10645, "global_col": 34058, "lon": 103.82083333333334, "lat": 1.2875 }, "geometry": { "type": "Polygon", "coordinates": [ [ [ 103.825, 1.283333333333328 ], [ 103.825, 1.291666666666661 ], [ 103.816666666666691, 1.291666666666661 ], [ 103.816666666666691, 1.283333333333328 ], [ 103.825, 1.283333333333328 ] ] ] } },
{ "type": "Feature", "properties": { "cell_id": "r22_c27", "row": 22, "col": 27, "global_row": 10645, "global_col": 34059, "lon": 103.82916666666668, "lat": 1.2875 }, "geometry": { "type": "Polygon", "coordinates": [ [ [ 103.833333333333357, 1.283333333333328 ], [ 103.833333333333357, 1.291666666666661 ], [ 103.825, 1.291666666666661 ], [ 103.825, 1.283333333333328 ], [ 103.833333333333357, 1.283333333333328 ] ] ] } },
{ "type": "Feature", "properties": { "cell_id": "r22_c28", "row": 22, "col": 28, "global_row": 10645, "global_col": 34060, "lon": 103.8375, "lat": 1.2875 }, "geometry": { "type": "Polygon", "coordinates": [ [ [ 103.841666666666683, 1.283333333333328 ], [ 103.841666666666683, 1.291666666666661 ], [ 103.833333333333357, 1.291666666666661 ], [ 103.833333333333357, 1.283333333333328 ], [ 103.841666666666683, 1.283333333333328 ] ] ] } },
{ "type": "Feature", "properties": { "cell_id": "r22_c29", "row": 22, "col": 29, "global_row": 10645, "global_col": 34061, "lon": 103.84583333333335, "lat": 1.2875 }, "geometry": { "type": "Polygon", "coordinates": [ [ [ 103.85, 1.283333333333328 ], [ 103.85, 1.291666666666661 ], [ 103.841666666666683, 1.291666666666661 ], [ 103.841666666666683, 1.283333333333328 ], [ 103.85, 1.283333333333328 ] ] ] } },
{ "type": "Feature", "properties": { "cell_id": "r22_c30", "row": 22, "col": 30, "global_row": 10645, "global_col": 34062, "lon": 103.85416666666669, "lat": 1.2875 }, "geometry": { "type": "Polygon", "coordinates": [ [ [ 103.858333333333363, 1.283333333333328 ], [ 103.858333333333363, 1.291666666666661 ], [ 103.85, 1.291666666666661 ], [ 103.85, 1.283333333333328 ], [ 103.858333333333363, 1.283333333333328 ] ] ] } },
{ "type": "Feature", "properties": { "cell_id": "r22_c31", "row": 22, "col": 31, "global_row": 10645, "global_col": 34063, "lon": 103.8625, "lat": 1.2875 }, "geometry": { "type": "Polygon", "coordinates": [ [ [ 103.866666666666688, 1.283333333333328 ], [ 103.866666666666688, 1.291666666666661 ], [ 103.858333333333363, 1.291666666666661 ], [ 103.858333333333363, 1.283333333333328 ], [ 103.866666666666688, 1.283333333333328 ] ] ] } },
{ "type": "Feature", "properties": { "cell_id": "r22_c32", "row": 22, "col": 32, "global_row": 10645, "global_col": 34064, "lon": 103.87083333333335, "lat": 1.2875 }, "geometry": { "type": "Polygon", "coordinates": [ [ [ 103.875, 1.283333333333328 ], [ 103.875, 1.291666666666661 ], [ 103.866666666666688, 1.291666666666661 ], [ 103.866666666666688, 1.283333333333328 ], [ 103.875, 1.283333333333328 ] ] ] } },
{ "type": "Feature", "properties": { "cell_id": "r22_c33", "row": 22, "col": 33, "global_row": 10645, "global_col": 34065, "lon": 103.87916666666672, "lat": 1.2875 }, "geometry": { "type": "Polygon", "coordinates": [ [ [ 103.883333333333354, 1.283333333333328 ], [ 103.883333333333354, 1.291666666666661 ], [ 103.875, 1.291666666666661 ], [ 103.875, 1.283333333333328 ], [ 103.883333333333354, 1.283333333333328 ] ] ] } },
{ "type": "Feature", "properties": { "cell_id": "r23_c2", "row": 23, "col": 2, "global_row": 10646, "global_col": 34034, "lon": 103.62083333333335, "lat": 1.279166666666661 }, "geometry": { "type": "Polygon", "coordinates": [ [ [ 103.625, 1.275 ], [ 103.625, 1.283333333333328 ], [ 103.616666666666688, 1.283333333333328 ], [ 103.616666666666688, 1.275 ], [ 103.625, 1.275 ] ] ] } },
{ "type": "Feature", "properties": { "cell_id": "r23_c3", "row": 23, "col": 3, "global_row": 10646, "global_col": 34035, "lon": 103.62916666666671, "lat": 1.279166666666661 }, "geometry": { "type": "Polygon", "coordinates": [ [ [ 103.633333333333354, 1.275 ], [ 103.633333333333354, 1.283333333333328 ], [ 103.625, 1.283333333333328 ], [ 103.625, 1.275 ], [ 103.633333333333354, 1.275 ] ] ] } },
{ "type": "Feature", "properties": { "cell_id": "r23_c4", "row": 23, "col": 4, "global_row": 10646, "global_col": 34036, "lon": 103.6375, "lat": 1.279166666666661 }, "geometry": { "type": "Polygon", "coordinates": [ [ [ 103.641666666666694, 1.275 ], [ 103.641666666666694, 1.283333333333328 ], [ 103.633333333333354, 1.283333333333328 ], [ 103.633333333333354, 1.275 ], [ 103.641666666666694, 1.275 ] ] ] } },
{ "type": "Feature", "properties": { "cell_id": "r23_c5", "row": 23, "col": 5, "global_row": 10646, "global_col": 34037, "lon": 103.64583333333336, "lat": 1.279166666666661 }, "geometry": { "type": "Polygon", "coordinates": [ [ [ 103.65, 1.275 ], [ 103.65, 1.283333333333328 ], [ 103.641666666666694, 1.283333333333328 ], [ 103.641666666666694, 1.275 ], [ 103.65, 1.275 ] ] ] } },
{ "type": "Feature", "properties": { "cell_id": "r23_c8", "row": 23, "col": 8, "global_row": 10646, "global_col": 34040, "lon": 103.67083333333335, "lat": 1.279166666666661 }, "geometry": { "type": "Polygon", "coordinates": [ [ [ 103.675, 1.275 ], [ 103.675, 1.283333333333328 ], [ 103.666666666666686, 1.283333333333328 ], [ 103.666666666666686, 1.275 ], [ 103.675, 1.275 ] ] ] } },
{ "type": "Feature", "properties": { "cell_id": "r23_c9", "row": 23, "col": 9, "global_row": 10646, "global_col": 34041, "lon": 103.67916666666669, "lat": 1.279166666666661 }, "geometry": { "type": "Polygon", "coordinates": [ [ [ 103.683333333333351, 1.275 ], [ 103.683333333333351, 1.283333333333328 ], [ 103.675, 1.283333333333328 ], [ 103.675, 1.275 ], [ 103.683333333333351, 1.275 ] ] ] } },
{ "type": "Feature", "properties": { "cell_id": "r23_c10", "row": 23, "col": 10, "global_row": 10646, "global_col": 34042, "lon": 103.6875, "lat": 1.279166666666661 }, "geometry": { "type": "Polygon", "coordinates": [ [ [ 103.691666666666691, 1.275 ], [ 103.691666666666691, 1.283333333333328 ], [ 103.683333333333351, 1.283333333333328 ], [ 103.683333333333351, 1.275 ], [ 103.691666666666691, 1.275 ] ] ] } },
{ "type": "Feature", "properties": { "cell_id": "r23_c11", "row": 23, "col": 11, "global_row": 10646, "global_col": 34043, "lon": 103.69583333333334, "lat": 1.279166666666661 }, "geometry": { "type": "Polygon", "coordinates": [ [ [ 103.7, 1.275 ], [ 103.7, 1.283333333333328 ], [ 103.691666666666691, 1.283333333333328 ], [ 103.691666666666691, 1.275 ], [ 103.7, 1.275 ] ] ] } },
{ "type": "Feature", "properties": { "cell_id": "r23_c12", "row": 23, "col": 12, "global_row": 10646, "global_col": 34044, "lon": 103.70416666666668, "lat": 1.279166666666661 }, "geometry": { "type": "Polygon", "coordinates": [ [ [ 103.708333333333357, 1.275 ], [ 103.708333333333357, 1.283333333333328 ], [ 103.7, 1.283333333333328 ], [ 103.7, 1.275 ], [ 103.708333333333357, 1.275 ] ] ] } },
{ "type": "Feature", "properties": { "cell_id": "r23_c13", "row": 23, "col": 13, "global_row": 10646, "global_col": 34045, "lon": 103.7125, "lat": 1.279166666666661 }, "geometry": { "type": "Polygon", "coordinates": [ [ [ 103.716666666666683, 1.275 ], [ 103.716666666666683, 1.283333333333328 ], [ 103.708333333333357, 1.283333333333328 ], [ 103.708333333333357, 1.275 ], [ 103.716666666666683, 1.275 ] ] ] } },
{ "type": "Feature", "properties": { "cell_id": "r23_c14", "row": 23, "col": 14, "global_row": 10646, "global_col": 34046, "lon": 103.72083333333336, "lat": 1.279166666666661 }, "geometry": { "type": "Polygon", "coordinates": [ [ [ 103.725, 1.275 ], [ 103.725, 1.283333333333328 ], [ 103.716666666666683, 1.283333333333328 ], [ 103.716666666666683, 1.275 ], [ 103.725, 1.275 ] ] ] } },
{ "type": "Feature", "properties": { "cell_id": "r23_c15", "row": 23, "col": 15, "global_row": 10646, "global_col": 34047, "lon": 103.72916666666667, "lat": 1.279166666666661 }, "geometry": { "type": "Polygon", "coordinates": [ [ [ 103.733333333333363, 1.275 ], [ 103.733333333333363, 1.283333333333328 ], [ 103.725, 1.283333333333328 ], [ 103.725, 1.275 ], [ 103.733333333333363, 1.275 ] ] ] } },
{ "type": "Feature", "properties": { "cell_id": "r23_c18", "row": 23, "col": 18, "global_row": 10646, "global_col": 34050, "lon": 103.75416666666671, "lat": 1.279166666666661 }, "geometry": { "type": "Polygon", "coordinates": [ [ [ 103.758333333333354, 1.275 ], [ 103.758333333333354, 1.283333333333328 ], [ 103.75, 1.283333333333328 ], [ 103.75, 1.275 ], [ 103.758333333333354, 1.275 ] ] ] } },
{ "type": "Feature", "properties": { "cell_id": "r23_c19", "row": 23, "col": 19, "global_row": 10646, "global_col": 34051, "lon": 103.7625, "lat": 1.279166666666661 }, "geometry": { "type": "Polygon", "coordinates": [ [ [ 103.766666666666694, 1.275 ], [ 103.766666666666694, 1.283333333333328 ], [ 103.758333333333354, 1.283333333333328 ], [ 103.758333333333354, 1.275 ], [ 103.766666666666694, 1.275 ] ] ] } },
{ "type": "Feature", "properties": { "cell_id": "r23_c20", "row": 23, "col": 20, "global_row": 10646, "global_col": 34052, "lon": 103.77083333333334, "lat": 1.279166666666661 }, "geometry": { "type": "Polygon", "coordinates": [ [ [ 103.775, 1.275 ], [ 103.775, 1.283333333333328 ], [ 103.766666666666694, 1.283333333333328 ], [ 103.766666666666694, 1.275 ], [ 103.775, 1.275 ] ] ] } },
{ "type": "Feature", "properties": { "cell_id": "r23_c21", "row": 23, "col": 21, "global_row": 10646, "global_col": 34053, "lon": 103.7791666666667, "lat": 1.279166666666661 }, "geometry": { "type": "Polygon", "coordinates": [ [ [ 103.78333333333336, 1.275 ], [ 103.78333333333336, 1.283333333333328 ], [ 103.775, 1.283333333333328 ], [ 103.775, 1.275 ], [ 103.78333333333336, 1.275 ] ] ] } },
{ "type": "Feature", "properties": { "cell_id": "r23_c22", "row": 23, "col": 22, "global_row": 10646, "global_col": 34054, "lon": 103.7875, "lat": 1.279166666666661 }, "geometry": { "type": "Polygon", "coordinates": [ [ [ 103.791666666666686, 1.275 ], [ 103.791666666666686, 1.283333333333328 ], [ 103.78333333333336, 1.283333333333328 ], [ 103.78333333333336, 1.275 ], [ 103.791666666666686, 1.275 ] ] ] } },
{ "type": "Feature", "properties": { "cell_id": "r23_c23", "row": 23, "col": 23, "global_row": 10646, "global_col": 34055, "lon": 103.79583333333336, "lat": 1.279166666666661 }, "geometry": { "type": "Polygon", "coordinates": [ [ [ 103.8, 1.275 ], [ 103.8, 1.283333333333328 ], [ 103.791666666666686, 1.283333333333328 ], [ 103.791666666666686, 1.275 ], [ 103.8, 1.275 ] ] ] } },
{ "type": "Feature", "properties": { "cell_id": "r23_c24", "row": 23, "col": 24, "global_row": 10646, "global_col": 34056, "lon": 103.80416666666667, "lat": 1.279166666666661 }, "geometry": { "type": "Polygon", "coordinates": [ [ [ 103.808333333333351, 1.275 ], [ 103.808333333333351, 1.283333333333328 ], [ 103.8, 1.283333333333328 ], [ 103.8, 1.275 ], [ 103.808333333333351, 1.275 ] ] ] } },
{ "type": "Feature", "properties": { "cell_id": "r23_c25", "row": 23, "col": 25, "global_row": 10646, "global_col": 34057, "lon": 103.8125, "lat": 1.279166666666661 }, "geometry": { "type": "Polygon", "coordinates": [ [ [ 103.816666666666691, 1.275 ], [ 103.816666666666691, 1.283333333333328 ], [ 103.808333333333351, 1.283333333333328 ], [ 103.808333333333351, 1.275 ], [ 103.816666666666691, 1.275 ] ] ] } },
{ "type": "Feature", "properties": { "cell_id": "r23_c26", "row": 23, "col": 26, "global_row": 10646, "global_col": 34058, "lon": 103.82083333333334, "lat": 1.279166666666661 }, "geometry": { "type": "Polygon", "coordinates": [ [ [ 103.825, 1.275 ], [ 103.825, 1.283333333333328 ], [ 103.816666666666691, 1.283333333333328 ], [ 103.816666666666691, 1.275 ], [ 103.825, 1.275 ] ] ] } },
{ "type": "Feature", "properties": { "cell_id": "r23_c27", "row": 23, "col": 27, "global_row": 10646, "global_col": 34059, "lon": 103.82916666666668, "lat": 1.279166666666661 }, "geometry": { "type": "Polygon", "coordinates": [ [ [ 103.833333333333357, 1.275 ], [ 103.833333333333357, 1.283333333333328 ], [ 103.825, 1.283333333333328 ], [ 103.825, 1.275 ], [ 103.833333333333357, 1.275 ] ] ] } },
{ "type": "Feature", "properties": { "cell_id": "r23_c28", "row": 23, "col": 28, "global_row": 10646, "global_col": 34060, "lon": 103.8375, "lat": 1.279166666666661 }, "geometry": { "type": "Polygon", "coordinates": [ [ [ 103.841666666666683, 1.275 ], [ 103.841666666666683, 1.283333333333328 ], [ 103.833333333333357, 1.283333333333328 ], [ 103.833333333333357, 1.275 ], [ 103.841666666666683, 1.275 ] ] ] } },
{ "type": "Feature", "properties": { "cell_id": "r23_c29", "row": 23, "col": 29, "global_row": 10646, "global_col": 34061, "lon": 103.84583333333335, "lat": 1.279166666666661 }, "geometry": { "type": "Polygon", "coordinates": [ [ [ 103.85, 1.275 ], [ 103.85, 1.283333333333328 ], [ 103.841666666666683, 1.283333333333328 ], [ 103.841666666666683, 1.275 ], [ 103.85, 1.275 ] ] ] } },
{ "type": "Feature", "properties": { "cell_id": "r23_c30", "row": 23, "col": 30, "global_row": 10646, "global_col": 34062, "lon": 103.85416666666669, "lat": 1.279166666666661 }, "geometry": { "type": "Polygon", "coordinates": [ [ [ 103.858333333333363, 1.275 ], [ 103.858333333333363, 1.283333333333328 ], [ 103.85, 1.283333333333328 ], [ 103.85, 1.275 ], [ 103.858333333333363, 1.275 ] ] ] } },
{ "type": "Feature", "properties": { "cell_id": "r23_c31", "row": 23, "col": 31, "global_row": 10646, "global_col": 34063, "lon": 103.8625, "lat": 1.279166666666661 }, "geometry": { "type": "Polygon", "coordinates": [ [ [ 103.866666666666688, 1.275 ], [ 103.866666666666688, 1.283333333333328 ], [ 103.858333333333363, 1.283333333333328 ], [ 103.858333333333363, 1.275 ], [ 103.866666666666688, 1.275 ] ] ] } },
{ "type": "Feature", "properties": { "cell_id": "r23_c32", "row": 23, "col": 32, "global_row": 10646, "global_col": 34064, "lon": 103.87083333333335, "lat": 1.279166666666661 }, "geometry": { "type": "Polygon", "coordinates": [ [ [ 103.875, 1.275 ], [ 103.875, 1.283333333333328 ], [ 103.866666666666688, 1.283333333333328 ], [ 103.866666666666688, 1.275 ], [ 103.875, 1.275 ] ] ] } },
{ "type": "Feature", "properties": { "cell_id": "r24_c1", "row": 24, "col": 1, "global_row": 10647, "global_col": 34033, "lon": 103.6125, "lat": 1.2708333333333277 }, "geometry": { "type": "Polygon", "coordinates": [ [ [ 103.616666666666688, 1.266666666666661 ], [ 103.616666666666688, 1.275 ], [ 103.608333333333363, 1.275 ], [ 103.608333333333363, 1.266666666666661 ], [ 103.616666666666688, 1.266666666666661 ] ] ] } },
{ "type": "Feature", "properties": { "cell_id": "r24_c2", "row": 24, "col": 2, "global_row": 10647, "global_col": 34034, "lon": 103.62083333333335, "lat": 1.2708333333333279 }, "geometry": { "type": "Polygon", "coordinates": [ [ [ 103.625, 1.266666666666661 ], [ 103.625, 1.275 ], [ 103.616666666666688, 1.275 ], [ 103.616666666666688, 1.266666666666661 ], [ 103.625, 1.266666666666661 ] ] ] } },
{ "type": "Feature", "properties": { "cell_id": "r24_c3", "row": 24, "col": 3, "global_row": 10647, "global_col": 34035, "lon": 103.62916666666671, "lat": 1.2708333333333277 }, "geometry": { "type": "Polygon", "coordinates": [ [ [ 103.633333333333354, 1.266666666666661 ], [ 103.633333333333354, 1.275 ], [ 103.625, 1.275 ], [ 103.625, 1.266666666666661 ], [ 103.633333333333354, 1.266666666666661 ] ] ] } },
{ "type": "Feature", "properties": { "cell_id": "r24_c4", "row": 24, "col": 4, "global_row": 10647, "global_col": 34036, "lon": 103.6375, "lat": 1.2708333333333279 }, "geometry": { "type": "Polygon", "coordinates": [ [ [ 103.641666666666694, 1.266666666666661 ], [ 103.641666666666694, 1.275 ], [ 103.633333333333354, 1.275 ], [ 103.633333333333354, 1.266666666666661 ], [ 103.641666666666694, 1.266666666666661 ] ] ] } },
{ "type": "Feature", "properties": { "cell_id": "r24_c6", "row": 24, "col": 6, "global_row": 10647, "global_col": 34038, "lon": 103.65416666666671, "lat": 1.2708333333333279 }, "geometry": { "type": "Polygon", "coordinates": [ [ [ 103.65833333333336, 1.266666666666661 ], [ 103.65833333333336, 1.275 ], [ 103.65, 1.275 ], [ 103.65, 1.266666666666661 ], [ 103.65833333333336, 1.266666666666661 ] ] ] } },
{ "type": "Feature", "properties": { "cell_id": "r24_c7", "row": 24, "col": 7, "global_row": 10647, "global_col": 34039, "lon": 103.6625, "lat": 1.2708333333333277 }, "geometry": { "type": "Polygon", "coordinates": [ [ [ 103.666666666666686, 1.266666666666661 ], [ 103.666666666666686, 1.275 ], [ 103.65833333333336, 1.275 ], [ 103.65833333333336, 1.266666666666661 ], [ 103.666666666666686, 1.266666666666661 ] ] ] } },
{ "type": "Feature", "properties": { "cell_id": "r24_c8", "row": 24, "col": 8, "global_row": 10647, "global_col": 34040, "lon": 103.67083333333335, "lat": 1.2708333333333279 }, "geometry": { "type": "Polygon", "coordinates": [ [ [ 103.675, 1.266666666666661 ], [ 103.675, 1.275 ], [ 103.666666666666686, 1.275 ], [ 103.666666666666686, 1.266666666666661 ], [ 103.675, 1.266666666666661 ] ] ] } },
{ "type": "Feature", "properties": { "cell_id": "r24_c9", "row": 24, "col": 9, "global_row": 10647, "global_col": 34041, "lon": 103.67916666666669, "lat": 1.2708333333333277 }, "geometry": { "type": "Polygon", "coordinates": [ [ [ 103.683333333333351, 1.266666666666661 ], [ 103.683333333333351, 1.275 ], [ 103.675, 1.275 ], [ 103.675, 1.266666666666661 ], [ 103.683333333333351, 1.266666666666661 ] ] ] } },
{ "type": "Feature", "properties": { "cell_id": "r24_c10", "row": 24, "col": 10, "global_row": 10647, "global_col": 34042, "lon": 103.6875, "lat": 1.2708333333333279 }, "geometry": { "type": "Polygon", "coordinates": [ [ [ 103.691666666666691, 1.266666666666661 ], [ 103.691666666666691, 1.275 ], [ 103.683333333333351, 1.275 ], [ 103.683333333333351, 1.266666666666661 ], [ 103.691666666666691, 1.266666666666661 ] ] ] } },
{ "type": "Feature", "properties": { "cell_id": "r24_c11", "row": 24, "col": 11, "global_row": 10647, "global_col": 34043, "lon": 103.69583333333334, "lat": 1.2708333333333277 }, "geometry": { "type": "Polygon", "coordinates": [ [ [ 103.7, 1.266666666666661 ], [ 103.7, 1.275 ], [ 103.691666666666691, 1.275 ], [ 103.691666666666691, 1.266666666666661 ], [ 103.7, 1.266666666666661 ] ] ] } },
{ "type": "Feature", "properties": { "cell_id": "r24_c12", "row": 24, "col": 12, "global_row": 10647, "global_col": 34044, "lon": 103.70416666666668, "lat": 1.2708333333333279 }, "geometry": { "type": "Polygon", "coordinates": [ [ [ 103.708333333333357, 1.266666666666661 ], [ 103.708333333333357, 1.275 ], [ 103.7, 1.275 ], [ 103.7, 1.266666666666661 ], [ 103.708333333333357, 1.266666666666661 ] ] ] } },
{ "type": "Feature", "properties": { "cell_id": "r24_c13", "row": 24, "col": 13, "global_row": 10647, "global_col": 34045, "lon": 103.7125, "lat": 1.2708333333333277 }, "geometry": { "type": "Polygon", "coordinates": [ [ [ 103.716666666666683, 1.266666666666661 ], [ 103.716666666666683, 1.275 ], [ 103.708333333333357, 1.275 ], [ 103.708333333333357, 1.266666666666661 ], [ 103.716666666666683, 1.266666666666661 ] ] ] } },
{ "type": "Feature", "properties": { "cell_id": "r24_c14", "row": 24, "col": 14, "global_row": 10647, "global_col": 34046, "lon": 103.72083333333336, "lat": 1.2708333333333279 }, "geometry": { "type": "Polygon", "coordinates": [ [ [ 103.725, 1.266666666666661 ], [ 103.725, 1.275 ], [ 103.716666666666683, 1.275 ], [ 103.716666666666683, 1.266666666666661 ], [ 103.725, 1.266666666666661 ] ] ] } },
{ "type": "Feature", "properties": { "cell_id": "r24_c15", "row": 24, "col": 15, "global_row": 10647, "global_col": 34047, "lon": 103.72916666666667, "lat": 1.2708333333333279 }, "geometry": { "type": "Polygon", "coordinates": [ [ [ 103.733333333333363, 1.266666666666661 ], [ 103.733333333333363, 1.275 ], [ 103.725, 1.275 ], [ 103.725, 1.266666666666661 ], [ 103.733333333333363, 1.266666666666661 ] ] ] } },
{ "type": "Feature", "properties": { "cell_id": "r24_c16", "row": 24, "col": 16, "global_row": 10647, "global_col": 34048, "lon": 103.7375, "lat": 1.2708333333333277 }, "geometry": { "type": "Polygon", "coordinates": [ [ [ 103.741666666666688, 1.266666666666661 ], [ 103.741666666666688, 1.275 ], [ 103.733333333333363, 1.275 ], [ 103.733333333333363, 1.266666666666661 ], [ 103.741666666666688, 1.266666666666661 ] ] ] } },
{ "type": "Feature", "properties": { "cell_id": "r24_c20", "row": 24, "col": 20, "global_row": 10647, "global_col": 34052, "lon": 103.77083333333334, "lat": 1.2708333333333277 }, "geometry": { "type": "Polygon", "coordinates": [ [ [ 103.775, 1.266666666666661 ], [ 103.775, 1.275 ], [ 103.766666666666694, 1.275 ], [ 103.766666666666694, 1.266666666666661 ], [ 103.775, 1.266666666666661 ] ] ] } },
{ "type": "Feature", "properties": { "cell_id": "r24_c22", "row": 24, "col": 22, "global_row": 10647, "global_col": 34054, "lon": 103.7875, "lat": 1.2708333333333277 }, "geometry": { "type": "Polygon", "coordinates": [ [ [ 103.791666666666686, 1.266666666666661 ], [ 103.791666666666686, 1.275 ], [ 103.78333333333336, 1.275 ], [ 103.78333333333336, 1.266666666666661 ], [ 103.791666666666686, 1.266666666666661 ] ] ] } },
{ "type": "Feature", "properties": { "cell_id": "r24_c23", "row": 24, "col": 23, "global_row": 10647, "global_col": 34055, "lon": 103.79583333333336, "lat": 1.2708333333333279 }, "geometry": { "type": "Polygon", "coordinates": [ [ [ 103.8, 1.266666666666661 ], [ 103.8, 1.275 ], [ 103.791666666666686, 1.275 ], [ 103.791666666666686, 1.266666666666661 ], [ 103.8, 1.266666666666661 ] ] ] } },
{ "type": "Feature", "properties": { "cell_id": "r24_c24", "row": 24, "col": 24, "global_row": 10647, "global_col": 34056, "lon": 103.80416666666667, "lat": 1.2708333333333277 }, "geometry": { "type": "Polygon", "coordinates": [ [ [ 103.808333333333351, 1.266666666666661 ], [ 103.808333333333351, 1.275 ], [ 103.8, 1.275 ], [ 103.8, 1.266666666666661 ], [ 103.808333333333351, 1.266666666666661 ] ] ] } },
{ "type": "Feature", "properties": { "cell_id": "r24_c25", "row": 24, "col": 25, "global_row": 10647, "global_col": 34057, "lon": 103.8125, "lat": 1.2708333333333279 }, "geometry": { "type": "Polygon", "coordinates": [ [ [ 103.816666666666691, 1.266666666666661 ], [ 103.816666666666691, 1.275 ], [ 103.808333333333351, 1.275 ], [ 103.808333333333351, 1.266666666666661 ], [ 103.816666666666691, 1.266666666666661 ] ] ] } },
{ "type": "Feature", "properties": { "cell_id": "r24_c26", "row": 24, "col": 26, "global_row": 10647, "global_col": 34058, "lon": 103.82083333333334, "lat": 1.2708333333333277 }, "geometry": { "type": "Polygon", "coordinates": [ [ [ 103.825, 1.266666666666661 ], [ 103.825, 1.275 ], [ 103.816666666666691, 1.275 ], [ 103.816666666666691, 1.266666666666661 ], [ 103.825, 1.266666666666661 ] ] ] } },
{ "type": "Feature", "properties": { "cell_id": "r24_c27", "row": 24, "col": 27, "global_row": 10647, "global_col": 34059, "lon": 103.82916666666668, "lat": 1.2708333333333279 }, "geometry": { "type": "Polygon", "coordinates": [ [ [ 103.833333333333357, 1.266666666666661 ], [ 103.833333333333357, 1.275 ], [ 103.825, 1.275 ], [ 103.825, 1.266666666666661 ], [ 103.833333333333357, 1.266666666666661 ] ] ] } },
{ "type": "Feature", "properties": { "cell_id": "r24_c28", "row": 24, "col": 28, "global_row": 10647, "global_col": 34060, "lon": 103.8375, "lat": 1.2708333333333277 }, "geometry": { "type": "Polygon", "coordinates": [ [ [ 103.841666666666683, 1.266666666666661 ], [ 103.841666666666683, 1.275 ], [ 103.833333333333357, 1.275 ], [ 103.833333333333357, 1.266666666666661 ], [ 103.841666666666683, 1.266666666666661 ] ] ] } },
{ "type": "Feature", "properties": { "cell_id": "r24_c29", "row": 24, "col": 29, "global_row": 10647, "global_col": 34061, "lon": 103.84583333333335, "lat": 1.2708333333333279 }, "geometry": { "type": "Polygon", "coordinates": [ [ [ 103.85, 1.266666666666661 ], [ 103.85, 1.275 ], [ 103.841666666666683, 1.275 ], [ 103.841666666666683, 1.266666666666661 ], [ 103.85, 1.266666666666661 ] ] ] } },
{ "type": "Feature", "properties": { "cell_id": "r24_c30", "row": 24, "col": 30, "global_row": 10647, "global_col": 34062, "lon": 103.85416666666669, "lat": 1.2708333333333279 }, "geometry": { "type": "Polygon", "coordinates": [ [ [ 103.858333333333363, 1.266666666666661 ], [ 103.858333333333363, 1.275 ], [ 103.85, 1.275 ], [ 103.85, 1.266666666666661 ], [ 103.858333333333363, 1.266666666666661 ] ] ] } },
{ "type": "Feature", "properties": { "cell_id": "r24_c31", "row": 24, "col": 31, "global_row": 10647, "global_col": 34063, "lon": 103.8625, "lat": 1.2708333333333277 }, "geometry": { "type": "Polygon", "coordinates": [ [ [ 103.866666666666688, 1.266666666666661 ], [ 103.866666666666688, 1.275 ], [ 103.858333333333363, 1.275 ], [ 103.858333333333363, 1.266666666666661 ], [ 103.866666666666688, 1.266666666666661 ] ] ] } },
{ "type": "Feature", "properties": { "cell_id": "r25_c1", "row": 25, "col": 1, "global_row": 10648, "global_col": 34033, "lon": 103.6125, "lat": 1.2625 }, "geometry": { "type": "Polygon", "coordinates": [ [ [ 103.616666666666688, 1.258333333333328 ], [ 103.616666666666688, 1.266666666666661 ], [ 103.608333333333363, 1.266666666666661 ], [ 103.608333333333363, 1.258333333333328 ], [ 103.616666666666688, 1.258333333333328 ] ] ] } },
{ "type": "Feature", "properties": { "cell_id": "r25_c2", "row": 25, "col": 2, "global_row": 10648, "global_col": 34034, "lon": 103.62083333333337, "lat": 1.2625 }, "geometry": { "type": "Polygon", "coordinates": [ [ [ 103.625, 1.258333333333328 ], [ 103.625, 1.266666666666661 ], [ 103.616666666666688, 1.266666666666661 ], [ 103.616666666666688, 1.258333333333328 ], [ 103.625, 1.258333333333328 ] ] ] } },
{ "type": "Feature", "properties": { "cell_id": "r25_c3", "row": 25, "col": 3, "global_row": 10648, "global_col": 34035, "lon": 103.62916666666671, "lat": 1.2625 }, "geometry": { "type": "Polygon", "coordinates": [ [ [ 103.633333333333354, 1.258333333333328 ], [ 103.633333333333354, 1.266666666666661 ], [ 103.625, 1.266666666666661 ], [ 103.625, 1.258333333333328 ], [ 103.633333333333354, 1.258333333333328 ] ] ] } },
{ "type": "Feature", "properties": { "cell_id": "r25_c4", "row": 25, "col": 4, "global_row": 10648, "global_col": 34036, "lon": 103.6375, "lat": 1.2625 }, "geometry": { "type": "Polygon", "coordinates": [ [ [ 103.641666666666694, 1.258333333333328 ], [ 103.641666666666694, 1.266666666666661 ], [ 103.633333333333354, 1.266666666666661 ], [ 103.633333333333354, 1.258333333333328 ], [ 103.641666666666694, 1.258333333333328 ] ] ] } },
{ "type": "Feature", "properties": { "cell_id": "r25_c7", "row": 25, "col": 7, "global_row": 10648, "global_col": 34039, "lon": 103.6625, "lat": 1.2625 }, "geometry": { "type": "Polygon", "coordinates": [ [ [ 103.666666666666686, 1.258333333333328 ], [ 103.666666666666686, 1.266666666666661 ], [ 103.65833333333336, 1.266666666666661 ], [ 103.65833333333336, 1.258333333333328 ], [ 103.666666666666686, 1.258333333333328 ] ] ] } },
{ "type": "Feature", "properties": { "cell_id": "r25_c8", "row": 25, "col": 8, "global_row": 10648, "global_col": 34040, "lon": 103.67083333333335, "lat": 1.2625 }, "geometry": { "type": "Polygon", "coordinates": [ [ [ 103.675, 1.258333333333328 ], [ 103.675, 1.266666666666661 ], [ 103.666666666666686, 1.266666666666661 ], [ 103.666666666666686, 1.258333333333328 ], [ 103.675, 1.258333333333328 ] ] ] } },
{ "type": "Feature", "properties": { "cell_id": "r25_c9", "row": 25, "col": 9, "global_row": 10648, "global_col": 34041, "lon": 103.6791666666667, "lat": 1.2625 }, "geometry": { "type": "Polygon", "coordinates": [ [ [ 103.683333333333351, 1.258333333333328 ], [ 103.683333333333351, 1.266666666666661 ], [ 103.675, 1.266666666666661 ], [ 103.675, 1.258333333333328 ], [ 103.683333333333351, 1.258333333333328 ] ] ] } },
{ "type": "Feature", "properties": { "cell_id": "r25_c11", "row": 25, "col": 11, "global_row": 10648, "global_col": 34043, "lon": 103.69583333333334, "lat": 1.2625 }, "geometry": { "type": "Polygon", "coordinates": [ [ [ 103.7, 1.258333333333328 ], [ 103.7, 1.266666666666661 ], [ 103.691666666666691, 1.266666666666661 ], [ 103.691666666666691, 1.258333333333328 ], [ 103.7, 1.258333333333328 ] ] ] } },
{ "type": "Feature", "properties": { "cell_id": "r25_c12", "row": 25, "col": 12, "global_row": 10648, "global_col": 34044, "lon": 103.70416666666667, "lat": 1.2625 }, "geometry": { "type": "Polygon", "coordinates": [ [ [ 103.708333333333357, 1.258333333333328 ], [ 103.708333333333357, 1.266666666666661 ], [ 103.7, 1.266666666666661 ], [ 103.7, 1.258333333333328 ], [ 103.708333333333357, 1.258333333333328 ] ] ] } },
{ "type": "Feature", "properties": { "cell_id": "r25_c14", "row": 25, "col": 14, "global_row": 10648, "global_col": 34046, "lon": 103.72083333333337, "lat": 1.2625 }, "geometry": { "type": "Polygon", "coordinates": [ [ [ 103.725, 1.258333333333328 ], [ 103.725, 1.266666666666661 ], [ 103.716666666666683, 1.266666666666661 ], [ 103.716666666666683, 1.258333333333328 ], [ 103.725, 1.258333333333328 ] ] ] } },
{ "type": "Feature", "properties": { "cell_id": "r25_c22", "row": 25, "col": 22, "global_row": 10648, "global_col": 34054, "lon": 103.7875, "lat": 1.2625 }, "geometry": { "type": "Polygon", "coordinates": [ [ [ 103.791666666666686, 1.258333333333328 ], [ 103.791666666666686, 1.266666666666661 ], [ 103.78333333333336, 1.266666666666661 ], [ 103.78333333333336, 1.258333333333328 ], [ 103.791666666666686, 1.258333333333328 ] ] ] } },
{ "type": "Feature", "properties": { "cell_id": "r25_c27", "row": 25, "col": 27, "global_row": 10648, "global_col": 34059, "lon": 103.82916666666668, "lat": 1.2625 }, "geometry": { "type": "Polygon", "coordinates": [ [ [ 103.833333333333357, 1.258333333333328 ], [ 103.833333333333357, 1.266666666666661 ], [ 103.825, 1.266666666666661 ], [ 103.825, 1.258333333333328 ], [ 103.833333333333357, 1.258333333333328 ] ] ] } },
{ "type": "Feature", "properties": { "cell_id": "r25_c28", "row": 25, "col": 28, "global_row": 10648, "global_col": 34060, "lon": 103.8375, "lat": 1.2625 }, "geometry": { "type": "Polygon", "coordinates": [ [ [ 103.841666666666683, 1.258333333333328 ], [ 103.841666666666683, 1.266666666666661 ], [ 103.833333333333357, 1.266666666666661 ], [ 103.833333333333357, 1.258333333333328 ], [ 103.841666666666683, 1.258333333333328 ] ] ] } },
{ "type": "Feature", "properties": { "cell_id": "r25_c29", "row": 25, "col": 29, "global_row": 10648, "global_col": 34061, "lon": 103.84583333333335, "lat": 1.2625 }, "geometry": { "type": "Polygon", "coordinates": [ [ [ 103.85, 1.258333333333328 ], [ 103.85, 1.266666666666661 ], [ 103.841666666666683, 1.266666666666661 ], [ 103.841666666666683, 1.258333333333328 ], [ 103.85, 1.258333333333328 ] ] ] } },
{ "type": "Feature", "properties": { "cell_id": "r26_c1", "row": 26, "col": 1, "global_row": 10649, "global_col": 34033, "lon": 103.6125, "lat": 1.2541666666666609 }, "geometry": { "type": "Polygon", "coordinates": [ [ [ 103.616666666666688, 1.25 ], [ 103.616666666666688, 1.258333333333328 ], [ 103.608333333333363, 1.258333333333328 ], [ 103.608333333333363, 1.25 ], [ 103.616666666666688, 1.25 ] ] ] } },
{ "type": "Feature", "properties": { "cell_id": "r26_c7", "row": 26, "col": 7, "global_row": 10649, "global_col": 34039, "lon": 103.6625, "lat": 1.2541666666666609 }, "geometry": { "type": "Polygon", "coordinates": [ [ [ 103.666666666666686, 1.25 ], [ 103.666666666666686, 1.258333333333328 ], [ 103.65833333333336, 1.258333333333328 ], [ 103.65833333333336, 1.25 ], [ 103.666666666666686, 1.25 ] ] ] } },
{ "type": "Feature", "properties": { "cell_id": "r26_c8", "row": 26, "col": 8, "global_row": 10649, "global_col": 34040, "lon": 103.67083333333335, "lat": 1.2541666666666609 }, "geometry": { "type": "Polygon", "coordinates": [ [ [ 103.675, 1.25 ], [ 103.675, 1.258333333333328 ], [ 103.666666666666686, 1.258333333333328 ], [ 103.666666666666686, 1.25 ], [ 103.675, 1.25 ] ] ] } },
{ "type": "Feature", "properties": { "cell_id": "r26_c9", "row": 26, "col": 9, "global_row": 10649, "global_col": 34041, "lon": 103.67916666666669, "lat": 1.2541666666666609 }, "geometry": { "type": "Polygon", "coordinates": [ [ [ 103.683333333333351, 1.25 ], [ 103.683333333333351, 1.258333333333328 ], [ 103.675, 1.258333333333328 ], [ 103.675, 1.25 ], [ 103.683333333333351, 1.25 ] ] ] } },
{ "type": "Feature", "properties": { "cell_id": "r26_c11", "row": 26, "col": 11, "global_row": 10649, "global_col": 34043, "lon": 103.69583333333334, "lat": 1.2541666666666609 }, "geometry": { "type": "Polygon", "coordinates": [ [ [ 103.7, 1.25 ], [ 103.7, 1.258333333333328 ], [ 103.691666666666691, 1.258333333333328 ], [ 103.691666666666691, 1.25 ], [ 103.7, 1.25 ] ] ] } },
{ "type": "Feature", "properties": { "cell_id": "r26_c12", "row": 26, "col": 12, "global_row": 10649, "global_col": 34044, "lon": 103.70416666666668, "lat": 1.2541666666666609 }, "geometry": { "type": "Polygon", "coordinates": [ [ [ 103.708333333333357, 1.25 ], [ 103.708333333333357, 1.258333333333328 ], [ 103.7, 1.258333333333328 ], [ 103.7, 1.25 ], [ 103.708333333333357, 1.25 ] ] ] } },
{ "type": "Feature", "properties": { "cell_id": "r26_c26", "row": 26, "col": 26, "global_row": 10649, "global_col": 34058, "lon": 103.82083333333334, "lat": 1.2541666666666609 }, "geometry": { "type": "Polygon", "coordinates": [ [ [ 103.825, 1.25 ], [ 103.825, 1.258333333333328 ], [ 103.816666666666691, 1.258333333333328 ], [ 103.816666666666691, 1.25 ], [ 103.825, 1.25 ] ] ] } },
{ "type": "Feature", "properties": { "cell_id": "r26_c27", "row": 26, "col": 27, "global_row": 10649, "global_col": 34059, "lon": 103.82916666666668, "lat": 1.2541666666666609 }, "geometry": { "type": "Polygon", "coordinates": [ [ [ 103.833333333333357, 1.25 ], [ 103.833333333333357, 1.258333333333328 ], [ 103.825, 1.258333333333328 ], [ 103.825, 1.25 ], [ 103.833333333333357, 1.25 ] ] ] } },
{ "type": "Feature", "properties": { "cell_id": "r27_c1", "row": 27, "col": 1, "global_row": 10650, "global_col": 34033, "lon": 103.6125, "lat": 1.2458333333333276 }, "geometry": { "type": "Polygon", "coordinates": [ [ [ 103.616666666666688, 1.241666666666661 ], [ 103.616666666666688, 1.25 ], [ 103.608333333333363, 1.25 ], [ 103.608333333333363, 1.241666666666661 ], [ 103.616666666666688, 1.241666666666661 ] ] ] } },
{ "type": "Feature", "properties": { "cell_id": "r27_c2", "row": 27, "col": 2, "global_row": 10650, "global_col": 34034, "lon": 103.62083333333335, "lat": 1.2458333333333278 }, "geometry": { "type": "Polygon", "coordinates": [ [ [ 103.625, 1.241666666666661 ], [ 103.625, 1.25 ], [ 103.616666666666688, 1.25 ], [ 103.616666666666688, 1.241666666666661 ], [ 103.625, 1.241666666666661 ] ] ] } },
{ "type": "Feature", "properties": { "cell_id": "r27_c3", "row": 27, "col": 3, "global_row": 10650, "global_col": 34035, "lon": 103.62916666666671, "lat": 1.2458333333333276 }, "geometry": { "type": "Polygon", "coordinates": [ [ [ 103.633333333333354, 1.241666666666661 ], [ 103.633333333333354, 1.25 ], [ 103.625, 1.25 ], [ 103.625, 1.241666666666661 ], [ 103.633333333333354, 1.241666666666661 ] ] ] } },
{ "type": "Feature", "properties": { "cell_id": "r27_c4", "row": 27, "col": 4, "global_row": 10650, "global_col": 34036, "lon": 103.6375, "lat": 1.2458333333333278 }, "geometry": { "type": "Polygon", "coordinates": [ [ [ 103.641666666666694, 1.241666666666661 ], [ 103.641666666666694, 1.25 ], [ 103.633333333333354, 1.25 ], [ 103.633333333333354, 1.241666666666661 ], [ 103.641666666666694, 1.241666666666661 ] ] ] } },
{ "type": "Feature", "properties": { "cell_id": "r27_c8", "row": 27, "col": 8, "global_row": 10650, "global_col": 34040, "lon": 103.67083333333335, "lat": 1.2458333333333278 }, "geometry": { "type": "Polygon", "coordinates": [ [ [ 103.675, 1.241666666666661 ], [ 103.675, 1.25 ], [ 103.666666666666686, 1.25 ], [ 103.666666666666686, 1.241666666666661 ], [ 103.675, 1.241666666666661 ] ] ] } },
{ "type": "Feature", "properties": { "cell_id": "r27_c9", "row": 27, "col": 9, "global_row": 10650, "global_col": 34041, "lon": 103.67916666666669, "lat": 1.2458333333333276 }, "geometry": { "type": "Polygon", "coordinates": [ [ [ 103.683333333333351, 1.241666666666661 ], [ 103.683333333333351, 1.25 ], [ 103.675, 1.25 ], [ 103.675, 1.241666666666661 ], [ 103.683333333333351, 1.241666666666661 ] ] ] } },
{ "type": "Feature", "properties": { "cell_id": "r27_c10", "row": 27, "col": 10, "global_row": 10650, "global_col": 34042, "lon": 103.6875, "lat": 1.2458333333333278 }, "geometry": { "type": "Polygon", "coordinates": [ [ [ 103.691666666666691, 1.241666666666661 ], [ 103.691666666666691, 1.25 ], [ 103.683333333333351, 1.25 ], [ 103.683333333333351, 1.241666666666661 ], [ 103.691666666666691, 1.241666666666661 ] ] ] } },
{ "type": "Feature", "properties": { "cell_id": "r27_c27", "row": 27, "col": 27, "global_row": 10650, "global_col": 34059, "lon": 103.82916666666668, "lat": 1.2458333333333278 }, "geometry": { "type": "Polygon", "coordinates": [ [ [ 103.833333333333357, 1.241666666666661 ], [ 103.833333333333357, 1.25 ], [ 103.825, 1.25 ], [ 103.825, 1.241666666666661 ], [ 103.833333333333357, 1.241666666666661 ] ] ] } },
{ "type": "Feature", "properties": { "cell_id": "r27_c28", "row": 27, "col": 28, "global_row": 10650, "global_col": 34060, "lon": 103.8375, "lat": 1.2458333333333276 }, "geometry": { "type": "Polygon", "coordinates": [ [ [ 103.841666666666683, 1.241666666666661 ], [ 103.841666666666683, 1.25 ], [ 103.833333333333357, 1.25 ], [ 103.833333333333357, 1.241666666666661 ], [ 103.841666666666683, 1.241666666666661 ] ] ] } },
{ "type": "Feature", "properties": { "cell_id": "r28_c1", "row": 28, "col": 1, "global_row": 10651, "global_col": 34033, "lon": 103.6125, "lat": 1.2375 }, "geometry": { "type": "Polygon", "coordinates": [ [ [ 103.616666666666688, 1.233333333333328 ], [ 103.616666666666688, 1.241666666666661 ], [ 103.608333333333363, 1.241666666666661 ], [ 103.608333333333363, 1.233333333333328 ], [ 103.616666666666688, 1.233333333333328 ] ] ] } },
{ "type": "Feature", "properties": { "cell_id": "r28_c2", "row": 28, "col": 2, "global_row": 10651, "global_col": 34034, "lon": 103.62083333333335, "lat": 1.2375 }, "geometry": { "type": "Polygon", "coordinates": [ [ [ 103.625, 1.233333333333328 ], [ 103.625, 1.241666666666661 ], [ 103.616666666666688, 1.241666666666661 ], [ 103.616666666666688, 1.233333333333328 ], [ 103.625, 1.233333333333328 ] ] ] } },
{ "type": "Feature", "properties": { "cell_id": "r28_c3", "row": 28, "col": 3, "global_row": 10651, "global_col": 34035, "lon": 103.62916666666671, "lat": 1.2375 }, "geometry": { "type": "Polygon", "coordinates": [ [ [ 103.633333333333354, 1.233333333333328 ], [ 103.633333333333354, 1.241666666666661 ], [ 103.625, 1.241666666666661 ], [ 103.625, 1.233333333333328 ], [ 103.633333333333354, 1.233333333333328 ] ] ] } },
{ "type": "Feature", "properties": { "cell_id": "r28_c4", "row": 28, "col": 4, "global_row": 10651, "global_col": 34036, "lon": 103.6375, "lat": 1.2375 }, "geometry": { "type": "Polygon", "coordinates": [ [ [ 103.641666666666694, 1.233333333333328 ], [ 103.641666666666694, 1.241666666666661 ], [ 103.633333333333354, 1.241666666666661 ], [ 103.633333333333354, 1.233333333333328 ], [ 103.641666666666694, 1.233333333333328 ] ] ] } },
{ "type": "Feature", "properties": { "cell_id": "r28_c5", "row": 28, "col": 5, "global_row": 10651, "global_col": 34037, "lon": 103.64583333333336, "lat": 1.2375 }, "geometry": { "type": "Polygon", "coordinates": [ [ [ 103.65, 1.233333333333328 ], [ 103.65, 1.241666666666661 ], [ 103.641666666666694, 1.241666666666661 ], [ 103.641666666666694, 1.233333333333328 ], [ 103.65, 1.233333333333328 ] ] ] } },
{ "type": "Feature", "properties": { "cell_id": "r28_c8", "row": 28, "col": 8, "global_row": 10651, "global_col": 34040, "lon": 103.67083333333335, "lat": 1.2375 }, "geometry": { "type": "Polygon", "coordinates": [ [ [ 103.675, 1.233333333333328 ], [ 103.675, 1.241666666666661 ], [ 103.666666666666686, 1.241666666666661 ], [ 103.666666666666686, 1.233333333333328 ], [ 103.675, 1.233333333333328 ] ] ] } },
{ "type": "Feature", "properties": { "cell_id": "r28_c9", "row": 28, "col": 9, "global_row": 10651, "global_col": 34041, "lon": 103.67916666666669, "lat": 1.2375 }, "geometry": { "type": "Polygon", "coordinates": [ [ [ 103.683333333333351, 1.233333333333328 ], [ 103.683333333333351, 1.241666666666661 ], [ 103.675, 1.241666666666661 ], [ 103.675, 1.233333333333328 ], [ 103.683333333333351, 1.233333333333328 ] ] ] } },
{ "type": "Feature", "properties": { "cell_id": "r28_c10", "row": 28, "col": 10, "global_row": 10651, "global_col": 34042, "lon": 103.6875, "lat": 1.2375 }, "geometry": { "type": "Polygon", "coordinates": [ [ [ 103.691666666666691, 1.233333333333328 ], [ 103.691666666666691, 1.241666666666661 ], [ 103.683333333333351, 1.241666666666661 ], [ 103.683333333333351, 1.233333333333328 ], [ 103.691666666666691, 1.233333333333328 ] ] ] } },
{ "type": "Feature", "properties": { "cell_id": "r28_c19", "row": 28, "col": 19, "global_row": 10651, "global_col": 34051, "lon": 103.7625, "lat": 1.2375 }, "geometry": { "type": "Polygon", "coordinates": [ [ [ 103.766666666666694, 1.233333333333328 ], [ 103.766666666666694, 1.241666666666661 ], [ 103.758333333333354, 1.241666666666661 ], [ 103.758333333333354, 1.233333333333328 ], [ 103.766666666666694, 1.233333333333328 ] ] ] } },
{ "type": "Feature", "properties": { "cell_id": "r29_c1", "row": 29, "col": 1, "global_row": 10652, "global_col": 34033, "lon": 103.6125, "lat": 1.2291666666666607 }, "geometry": { "type": "Polygon", "coordinates": [ [ [ 103.616666666666688, 1.225 ], [ 103.616666666666688, 1.233333333333328 ], [ 103.608333333333363, 1.233333333333328 ], [ 103.608333333333363, 1.225 ], [ 103.616666666666688, 1.225 ] ] ] } },
{ "type": "Feature", "properties": { "cell_id": "r29_c9", "row": 29, "col": 9, "global_row": 10652, "global_col": 34041, "lon": 103.67916666666669, "lat": 1.2291666666666607 }, "geometry": { "type": "Polygon", "coordinates": [ [ [ 103.683333333333351, 1.225 ], [ 103.683333333333351, 1.233333333333328 ], [ 103.675, 1.233333333333328 ], [ 103.675, 1.225 ], [ 103.683333333333351, 1.225 ] ] ] } },
{ "type": "Feature", "properties": { "cell_id": "r29_c18", "row": 29, "col": 18, "global_row": 10652, "global_col": 34050, "lon": 103.75416666666671, "lat": 1.2291666666666607 }, "geometry": { "type": "Polygon", "coordinates": [ [ [ 103.758333333333354, 1.225 ], [ 103.758333333333354, 1.233333333333328 ], [ 103.75, 1.233333333333328 ], [ 103.75, 1.225 ], [ 103.758333333333354, 1.225 ] ] ] } },
{ "type": "Feature", "properties": { "cell_id": "r29_c19", "row": 29, "col": 19, "global_row": 10652, "global_col": 34051, "lon": 103.7625, "lat": 1.229166666666661 }, "geometry": { "type": "Polygon", "coordinates": [ [ [ 103.766666666666694, 1.225 ], [ 103.766666666666694, 1.233333333333328 ], [ 103.758333333333354, 1.233333333333328 ], [ 103.758333333333354, 1.225 ], [ 103.766666666666694, 1.225 ] ] ] } },
{ "type": "Feature", "properties": { "cell_id": "r29_c28", "row": 29, "col": 28, "global_row": 10652, "global_col": 34060, "lon": 103.8375, "lat": 1.2291666666666607 }, "geometry": { "type": "Polygon", "coordinates": [ [ [ 103.841666666666683, 1.225 ], [ 103.841666666666683, 1.233333333333328 ], [ 103.833333333333357, 1.233333333333328 ], [ 103.833333333333357, 1.225 ], [ 103.841666666666683, 1.225 ] ] ] } },
{ "type": "Feature", "properties": { "cell_id": "r29_c30", "row": 29, "col": 30, "global_row": 10652, "global_col": 34062, "lon": 103.85416666666669, "lat": 1.229166666666661 }, "geometry": { "type": "Polygon", "coordinates": [ [ [ 103.858333333333363, 1.225 ], [ 103.858333333333363, 1.233333333333328 ], [ 103.85, 1.233333333333328 ], [ 103.85, 1.225 ], [ 103.858333333333363, 1.225 ] ] ] } },
{ "type": "Feature", "properties": { "cell_id": "r30_c1", "row": 30, "col": 1, "global_row": 10653, "global_col": 34033, "lon": 103.6125, "lat": 1.2208333333333277 }, "geometry": { "type": "Polygon", "coordinates": [ [ [ 103.616666666666688, 1.216666666666661 ], [ 103.616666666666688, 1.225 ], [ 103.608333333333363, 1.225 ], [ 103.608333333333363, 1.216666666666661 ], [ 103.616666666666688, 1.216666666666661 ] ] ] } },
{ "type": "Feature", "properties": { "cell_id": "r30_c2", "row": 30, "col": 2, "global_row": 10653, "global_col": 34034, "lon": 103.62083333333335, "lat": 1.2208333333333277 }, "geometry": { "type": "Polygon", "coordinates": [ [ [ 103.625, 1.216666666666661 ], [ 103.625, 1.225 ], [ 103.616666666666688, 1.225 ], [ 103.616666666666688, 1.216666666666661 ], [ 103.625, 1.216666666666661 ] ] ] } },
{ "type": "Feature", "properties": { "cell_id": "r30_c3", "row": 30, "col": 3, "global_row": 10653, "global_col": 34035, "lon": 103.62916666666671, "lat": 1.2208333333333277 }, "geometry": { "type": "Polygon", "coordinates": [ [ [ 103.633333333333354, 1.216666666666661 ], [ 103.633333333333354, 1.225 ], [ 103.625, 1.225 ], [ 103.625, 1.216666666666661 ], [ 103.633333333333354, 1.216666666666661 ] ] ] } },
{ "type": "Feature", "properties": { "cell_id": "r30_c4", "row": 30, "col": 4, "global_row": 10653, "global_col": 34036, "lon": 103.6375, "lat": 1.2208333333333277 }, "geometry": { "type": "Polygon", "coordinates": [ [ [ 103.641666666666694, 1.216666666666661 ], [ 103.641666666666694, 1.225 ], [ 103.633333333333354, 1.225 ], [ 103.633333333333354, 1.216666666666661 ], [ 103.641666666666694, 1.216666666666661 ] ] ] } },
{ "type": "Feature", "properties": { "cell_id": "r30_c5", "row": 30, "col": 5, "global_row": 10653, "global_col": 34037, "lon": 103.64583333333336, "lat": 1.2208333333333277 }, "geometry": { "type": "Polygon", "coordinates": [ [ [ 103.65, 1.216666666666661 ], [ 103.65, 1.225 ], [ 103.641666666666694, 1.225 ], [ 103.641666666666694, 1.216666666666661 ], [ 103.65, 1.216666666666661 ] ] ] } },
{ "type": "Feature", "properties": { "cell_id": "r30_c6", "row": 30, "col": 6, "global_row": 10653, "global_col": 34038, "lon": 103.65416666666671, "lat": 1.2208333333333277 }, "geometry": { "type": "Polygon", "coordinates": [ [ [ 103.65833333333336, 1.216666666666661 ], [ 103.65833333333336, 1.225 ], [ 103.65, 1.225 ], [ 103.65, 1.216666666666661 ], [ 103.65833333333336, 1.216666666666661 ] ] ] } },
{ "type": "Feature", "properties": { "cell_id": "r30_c29", "row": 30, "col": 29, "global_row": 10653, "global_col": 34061, "lon": 103.84583333333335, "lat": 1.2208333333333277 }, "geometry": { "type": "Polygon", "coordinates": [ [ [ 103.85, 1.216666666666661 ], [ 103.85, 1.225 ], [ 103.841666666666683, 1.225 ], [ 103.841666666666683, 1.216666666666661 ], [ 103.85, 1.216666666666661 ] ] ] } },
{ "type": "Feature", "properties": { "cell_id": "r30_c30", "row": 30, "col": 30, "global_row": 10653, "global_col": 34062, "lon": 103.85416666666669, "lat": 1.2208333333333277 }, "geometry": { "type": "Polygon", "coordinates": [ [ [ 103.858333333333363, 1.216666666666661 ], [ 103.858333333333363, 1.225 ], [ 103.85, 1.225 ], [ 103.85, 1.216666666666661 ], [ 103.858333333333363, 1.216666666666661 ] ] ] } },
{ "type": "Feature", "properties": { "cell_id": "r31_c4", "row": 31, "col": 4, "global_row": 10654, "global_col": 34036, "lon": 103.6375, "lat": 1.2125 }, "geometry": { "type": "Polygon", "coordinates": [ [ [ 103.641666666666694, 1.208333333333328 ], [ 103.641666666666694, 1.216666666666661 ], [ 103.633333333333354, 1.216666666666661 ], [ 103.633333333333354, 1.208333333333328 ], [ 103.641666666666694, 1.208333333333328 ] ] ] } },
{ "type": "Feature", "properties": { "cell_id": "r31_c5", "row": 31, "col": 5, "global_row": 10654, "global_col": 34037, "lon": 103.64583333333336, "lat": 1.2125 }, "geometry": { "type": "Polygon", "coordinates": [ [ [ 103.65, 1.208333333333328 ], [ 103.65, 1.216666666666661 ], [ 103.641666666666694, 1.216666666666661 ], [ 103.641666666666694, 1.208333333333328 ], [ 103.65, 1.208333333333328 ] ] ] } },
{ "type": "Feature", "properties": { "cell_id": "r31_c14", "row": 31, "col": 14, "global_row": 10654, "global_col": 34046, "lon": 103.72083333333336, "lat": 1.2125 }, "geometry": { "type": "Polygon", "coordinates": [ [ [ 103.725, 1.208333333333328 ], [ 103.725, 1.216666666666661 ], [ 103.716666666666683, 1.216666666666661 ], [ 103.716666666666683, 1.208333333333328 ], [ 103.725, 1.208333333333328 ] ] ] } },
{ "type": "Feature", "properties": { "cell_id": "r32_c13", "row": 32, "col": 13, "global_row": 10655, "global_col": 34045, "lon": 103.7125, "lat": 1.2041666666666613 }, "geometry": { "type": "Polygon", "coordinates": [ [ [ 103.716666666666683, 1.2 ], [ 103.716666666666683, 1.208333333333328 ], [ 103.708333333333357, 1.208333333333328 ], [ 103.708333333333357, 1.2 ], [ 103.716666666666683, 1.2 ] ] ] } },
{ "type": "Feature", "properties": { "cell_id": "r32_c14", "row": 32, "col": 14, "global_row": 10655, "global_col": 34046, "lon": 103.72083333333336, "lat": 1.2041666666666611 }, "geometry": { "type": "Polygon", "coordinates": [ [ [ 103.725, 1.2 ], [ 103.725, 1.208333333333328 ], [ 103.716666666666683, 1.208333333333328 ], [ 103.716666666666683, 1.2 ], [ 103.725, 1.2 ] ] ] } },
{ "type": "Feature", "properties": { "cell_id": "r32_c15", "row": 32, "col": 15, "global_row": 10655, "global_col": 34047, "lon": 103.72916666666667, "lat": 1.2041666666666611 }, "geometry": { "type": "Polygon", "coordinates": [ [ [ 103.733333333333363, 1.2 ], [ 103.733333333333363, 1.208333333333328 ], [ 103.725, 1.208333333333328 ], [ 103.725, 1.2 ], [ 103.733333333333363, 1.2 ] ] ] } },
{ "type": "Feature", "properties": { "cell_id": "r32_c19", "row": 32, "col": 19, "global_row": 10655, "global_col": 34051, "lon": 103.7625, "lat": 1.2041666666666611 }, "geometry": { "type": "Polygon", "coordinates": [ [ [ 103.766666666666694, 1.2 ], [ 103.766666666666694, 1.208333333333328 ], [ 103.758333333333354, 1.208333333333328 ], [ 103.758333333333354, 1.2 ], [ 103.766666666666694, 1.2 ] ] ] } },
{ "type": "Feature", "properties": { "cell_id": "r32_c20", "row": 32, "col": 20, "global_row": 10655, "global_col": 34052, "lon": 103.77083333333334, "lat": 1.2041666666666613 }, "geometry": { "type": "Polygon", "coordinates": [ [ [ 103.775, 1.2 ], [ 103.775, 1.208333333333328 ], [ 103.766666666666694, 1.208333333333328 ], [ 103.766666666666694, 1.2 ], [ 103.775, 1.2 ] ] ] } },
{ "type": "Feature", "properties": { "cell_id": "r32_c21", "row": 32, "col": 21, "global_row": 10655, "global_col": 34053, "lon": 103.7791666666667, "lat": 1.2041666666666611 }, "geometry": { "type": "Polygon", "coordinates": [ [ [ 103.78333333333336, 1.2 ], [ 103.78333333333336, 1.208333333333328 ], [ 103.775, 1.208333333333328 ], [ 103.775, 1.2 ], [ 103.78333333333336, 1.2 ] ] ] } },
{ "type": "Feature", "properties": { "cell_id": "r32_c23", "row": 32, "col": 23, "global_row": 10655, "global_col": 34055, "lon": 103.79583333333336, "lat": 1.2041666666666611 }, "geometry": { "type": "Polygon", "coordinates": [ [ [ 103.8, 1.2 ], [ 103.8, 1.208333333333328 ], [ 103.791666666666686, 1.208333333333328 ], [ 103.791666666666686, 1.2 ], [ 103.8, 1.2 ] ] ] } },
{ "type": "Feature", "properties": { "cell_id": "r33_c19", "row": 33, "col": 19, "global_row": 10656, "global_col": 34051, "lon": 103.7625, "lat": 1.1958333333333278 }, "geometry": { "type": "Polygon", "coordinates": [ [ [ 103.766666666666694, 1.191666666666661 ], [ 103.766666666666694, 1.2 ], [ 103.758333333333354, 1.2 ], [ 103.758333333333354, 1.191666666666661 ], [ 103.766666666666694, 1.191666666666661 ] ] ] } },
{ "type": "Feature", "properties": { "cell_id": "r33_c20", "row": 33, "col": 20, "global_row": 10656, "global_col": 34052, "lon": 103.77083333333334, "lat": 1.1958333333333278 }, "geometry": { "type": "Polygon", "coordinates": [ [ [ 103.775, 1.191666666666661 ], [ 103.775, 1.2 ], [ 103.766666666666694, 1.2 ], [ 103.766666666666694, 1.191666666666661 ], [ 103.775, 1.191666666666661 ] ] ] } },
{ "type": "Feature", "properties": { "cell_id": "r34_c14", "row": 34, "col": 14, "global_row": 10657, "global_col": 34046, "lon": 103.72083333333337, "lat": 1.1875 }, "geometry": { "type": "Polygon", "coordinates": [ [ [ 103.725, 1.183333333333328 ], [ 103.725, 1.191666666666661 ], [ 103.716666666666683, 1.191666666666661 ], [ 103.716666666666683, 1.183333333333328 ], [ 103.725, 1.183333333333328 ] ] ] } },
{ "type": "Feature", "properties": { "cell_id": "r34_c15", "row": 34, "col": 15, "global_row": 10657, "global_col": 34047, "lon": 103.72916666666669, "lat": 1.1875 }, "geometry": { "type": "Polygon", "coordinates": [ [ [ 103.733333333333363, 1.183333333333328 ], [ 103.733333333333363, 1.191666666666661 ], [ 103.725, 1.191666666666661 ], [ 103.725, 1.183333333333328 ], [ 103.733333333333363, 1.183333333333328 ] ] ] } },
{ "type": "Feature", "properties": { "cell_id": "r36_c16", "row": 36, "col": 16, "global_row": 10659, "global_col": 34048, "lon": 103.7375, "lat": 1.1708333333333276 }, "geometry": { "type": "Polygon", "coordinates": [ [ [ 103.741666666666688, 1.166666666666661 ], [ 103.741666666666688, 1.175 ], [ 103.733333333333363, 1.175 ], [ 103.733333333333363, 1.166666666666661 ], [ 103.741666666666688, 1.166666666666661 ] ] ] } }
]
}
