{
"type": "FeatureCollection",
"name": "Tokyo_grid_1km_odiac",
"crs": { "type": "name", "properties": { "name": "urn:ogc:def:crs:OGC:1.3:CRS84" } },
"features": [
{ "type": "Feature", "properties": { "cell_id": "r0_c24", "row": 0, "col": 24, "global_row": 6502, "global_col": 38372, "lon": 139.77083333333331, "lat": 35.8125 }, "geometry": { "type": "Polygon", "coordinates": [ [ [ 139.775, 35.808333333333337 ], [ 139.775, 35.81666666666667 ], [ 139.766666666666652, 35.81666666666667 ], [ 139.766666666666652, 35.808333333333337 ], [ 139.775, 35.808333333333337 ] ] ] } },
{ "type": "Feature", "properties": { "cell_id": "r1_c23", "row": 1, "col": 23, "global_row": 6503, "global_col": 38371, "lon": 139.7625, "lat": 35.804166666666674 }, "geometry": { "type": "Polygon", "coordinates": [ [ [ 139.766666666666652, 35.8 ], [ 139.766666666666652, 35.808333333333337 ], [ 139.758333333333326, 35.808333333333337 ], [ 139.758333333333326, 35.8 ], [ 139.766666666666652, 35.8 ] ] ] } },
{ "type": "Feature", "properties": { "cell_id": "r1_c24", "row": 1, "col": 24, "global_row": 6503, "global_col": 38372, "lon": 139.77083333333331, "lat": 35.804166666666674 }, "geometry": { "type": "Polygon", "coordinates": [ [ [ 139.775, 35.8 ], [ 139.775, 35.808333333333337 ], [ 139.766666666666652, 35.808333333333337 ], [ 139.766666666666652, 35.8 ], [ 139.775, 35.8 ] ] ] } },
{ "type": "Feature", "properties": { "cell_id": "r1_c25", "row": 1, "col": 25, "global_row": 6503, "global_col": 38373, "lon": 139.7791666666667, "lat": 35.804166666666674 }, "geometry": { "type": "Polygon", "coordinates": [ [ [ 139.783333333333331, 35.8 ], [ 139.783333333333331, 35.808333333333337 ], [ 139.775, 35.808333333333337 ], [ 139.775, 35.8 ], [ 139.783333333333331, 35.8 ] ] ] } },
{ "type": "Feature", "properties": { "cell_id": "r1_c26", "row": 1, "col": 26, "global_row": 6503, "global_col": 38374, "lon": 139.7875, "lat": 35.804166666666674 }, "geometry": { "type": "Polygon", "coordinates": [ [ [ 139.791666666666657, 35.8 ], [ 139.791666666666657, 35.808333333333337 ], [ 139.783333333333331, 35.808333333333337 ], [ 139.783333333333331, 35.8 ], [ 139.791666666666657, 35.8 ] ] ] } },
{ "type": "Feature", "properties": { "cell_id": "r1_c29", "row": 1, "col": 29, "global_row": 6503, "global_col": 38377, "lon": 139.8125, "lat": 35.804166666666674 }, "geometry": { "type": "Polygon", "coordinates": [ [ [ 139.816666666666663, 35.8 ], [ 139.816666666666663, 35.808333333333337 ], [ 139.808333333333337, 35.808333333333337 ], [ 139.808333333333337, 35.8 ], [ 139.816666666666663, 35.8 ] ] ] } },
{ "type": "Feature", "properties": { "cell_id": "r1_c30", "row": 1, "col": 30, "global_row": 6503, "global_col": 38378, "lon": 139.82083333333333, "lat": 35.804166666666674 }, "geometry": { "type": "Polygon", "coordinates": [ [ [ 139.825, 35.8 ], [ 139.825, 35.808333333333337 ], [ 139.816666666666663, 35.808333333333337 ], [ 139.816666666666663, 35.8 ], [ 139.825, 35.8 ] ] ] } },
{ "type": "Feature", "properties": { "cell_id": "r2_c11", "row": 2, "col": 11, "global_row": 6504, "global_col": 38359, "lon": 139.6625, "lat": 35.795833333333341 }, "geometry": { "type": "Polygon", "coordinates": [ [ [ 139.666666666666657, 35.791666666666671 ], [ 139.666666666666657, 35.8 ], [ 139.658333333333331, 35.8 ], [ 139.658333333333331, 35.791666666666671 ], [ 139.666666666666657, 35.791666666666671 ] ] ] } },
{ "type": "Feature", "properties": { "cell_id": "r2_c12", "row": 2, "col": 12, "global_row": 6504, "global_col": 38360, "lon": 139.67083333333335, "lat": 35.795833333333341 }, "geometry": { "type": "Polygon", "coordinates": [ [ [ 139.675, 35.791666666666671 ], [ 139.675, 35.8 ], [ 139.666666666666657, 35.8 ], [ 139.666666666666657, 35.791666666666671 ], [ 139.675, 35.791666666666671 ] ] ] } },
{ "type": "Feature", "properties": { "cell_id": "r2_c13", "row": 2, "col": 13, "global_row": 6504, "global_col": 38361, "lon": 139.67916666666667, "lat": 35.795833333333334 }, "geometry": { "type": "Polygon", "coordinates": [ [ [ 139.683333333333337, 35.791666666666671 ], [ 139.683333333333337, 35.8 ], [ 139.675, 35.8 ], [ 139.675, 35.791666666666671 ], [ 139.683333333333337, 35.791666666666671 ] ] ] } },
{ "type": "Feature", "properties": { "cell_id": "r2_c14", "row": 2, "col": 14, "global_row": 6504, "global_col": 38362, "lon": 139.6875, "lat": 35.795833333333341 }, "geometry": { "type": "Polygon", "coordinates": [ [ [ 139.691666666666663, 35.791666666666671 ], [ 139.691666666666663, 35.8 ], [ 139.683333333333337, 35.8 ], [ 139.683333333333337, 35.791666666666671 ], [ 139.691666666666663, 35.791666666666671 ] ] ] } },
{ "type": "Feature", "properties": { "cell_id": "r2_c15", "row": 2, "col": 15, "global_row": 6504, "global_col": 38363, "lon": 139.69583333333333, "lat": 35.795833333333341 }, "geometry": { "type": "Polygon", "coordinates": [ [ [ 139.7, 35.791666666666671 ], [ 139.7, 35.8 ], [ 139.691666666666663, 35.8 ], [ 139.691666666666663, 35.791666666666671 ], [ 139.7, 35.791666666666671 ] ] ] } },
{ "type": "Feature", "properties": { "cell_id": "r2_c23", "row": 2, "col": 23, "global_row": 6504, "global_col": 38371, "lon": 139.7625, "lat": 35.795833333333341 }, "geometry": { "type": "Polygon", "coordinates": [ [ [ 139.766666666666652, 35.791666666666671 ], [ 139.766666666666652, 35.8 ], [ 139.758333333333326, 35.8 ], [ 139.758333333333326, 35.791666666666671 ], [ 139.766666666666652, 35.791666666666671 ] ] ] } },
{ "type": "Feature", "properties": { "cell_id": "r2_c24", "row": 2, "col": 24, "global_row": 6504, "global_col": 38372, "lon": 139.77083333333331, "lat": 35.795833333333334 }, "geometry": { "type": "Polygon", "coordinates": [ [ [ 139.775, 35.791666666666671 ], [ 139.775, 35.8 ], [ 139.766666666666652, 35.8 ], [ 139.766666666666652, 35.791666666666671 ], [ 139.775, 35.791666666666671 ] ] ] } },
{ "type": "Feature", "properties": { "cell_id": "r2_c25", "row": 2, "col": 25, "global_row": 6504, "global_col": 38373, "lon": 139.7791666666667, "lat": 35.795833333333341 }, "geometry": { "type": "Polygon", "coordinates": [ [ [ 139.783333333333331, 35.791666666666671 ], [ 139.783333333333331, 35.8 ], [ 139.775, 35.8 ], [ 139.775, 35.791666666666671 ], [ 139.783333333333331, 35.791666666666671 ] ] ] } },
{ "type": "Feature", "properties": { "cell_id": "r2_c26", "row": 2, "col": 26, "global_row": 6504, "global_col": 38374, "lon": 139.7875, "lat": 35.795833333333341 }, "geometry": { "type": "Polygon", "coordinates": [ [ [ 139.791666666666657, 35.791666666666671 ], [ 139.791666666666657, 35.8 ], [ 139.783333333333331, 35.8 ], [ 139.783333333333331, 35.791666666666671 ], [ 139.791666666666657, 35.791666666666671 ] ] ] } },
{ "type": "Feature", "properties": { "cell_id": "r2_c27", "row": 2, "col": 27, "global_row": 6504, "global_col": 38375, "lon": 139.79583333333332, "lat": 35.795833333333341 }, "geometry": { "type": "Polygon", "coordinates": [ [ [ 139.8, 35.791666666666671 ], [ 139.8, 35.8 ], [ 139.791666666666657, 35.8 ], [ 139.791666666666657, 35.791666666666671 ], [ 139.8, 35.791666666666671 ] ] ] } },
{ "type": "Feature", "properties": { "cell_id": "r2_c28", "row": 2, "col": 28, "global_row": 6504, "global_col": 38376, "lon": 139.80416666666665, "lat": 35.795833333333334 }, "geometry": { "type": "Polygon", "coordinates": [ [ [ 139.808333333333337, 35.791666666666671 ], [ 139.808333333333337, 35.8 ], [ 139.8, 35.8 ], [ 139.8, 35.791666666666671 ], [ 139.808333333333337, 35.791666666666671 ] ] ] } },
{ "type": "Feature", "properties": { "cell_id": "r2_c29", "row": 2, "col": 29, "global_row": 6504, "global_col": 38377, "lon": 139.8125, "lat": 35.795833333333341 }, "geometry": { "type": "Polygon", "coordinates": [ [ [ 139.816666666666663, 35.791666666666671 ], [ 139.816666666666663, 35.8 ], [ 139.808333333333337, 35.8 ], [ 139.808333333333337, 35.791666666666671 ], [ 139.816666666666663, 35.791666666666671 ] ] ] } },
{ "type": "Feature", "properties": { "cell_id": "r2_c30", "row": 2, "col": 30, "global_row": 6504, "global_col": 38378, "lon": 139.82083333333333, "lat": 35.795833333333341 }, "geometry": { "type": "Polygon", "coordinates": [ [ [ 139.825, 35.791666666666671 ], [ 139.825, 35.8 ], [ 139.816666666666663, 35.8 ], [ 139.816666666666663, 35.791666666666671 ], [ 139.825, 35.791666666666671 ] ] ] } },
{ "type": "Feature", "properties": { "cell_id": "r3_c9", "row": 3, "col": 9, "global_row": 6505, "global_col": 38357, "lon": 139.64583333333331, "lat": 35.7875 }, "geometry": { "type": "Polygon", "coordinates": [ [ [ 139.65, 35.783333333333339 ], [ 139.65, 35.791666666666671 ], [ 139.641666666666652, 35.791666666666671 ], [ 139.641666666666652, 35.783333333333339 ], [ 139.65, 35.783333333333339 ] ] ] } },
{ "type": "Feature", "properties": { "cell_id": "r3_c10", "row": 3, "col": 10, "global_row": 6505, "global_col": 38358, "lon": 139.65416666666667, "lat": 35.7875 }, "geometry": { "type": "Polygon", "coordinates": [ [ [ 139.658333333333331, 35.783333333333339 ], [ 139.658333333333331, 35.791666666666671 ], [ 139.65, 35.791666666666671 ], [ 139.65, 35.783333333333339 ], [ 139.658333333333331, 35.783333333333339 ] ] ] } },
{ "type": "Feature", "properties": { "cell_id": "r3_c11", "row": 3, "col": 11, "global_row": 6505, "global_col": 38359, "lon": 139.6625, "lat": 35.7875 }, "geometry": { "type": "Polygon", "coordinates": [ [ [ 139.666666666666657, 35.783333333333339 ], [ 139.666666666666657, 35.791666666666671 ], [ 139.658333333333331, 35.791666666666671 ], [ 139.658333333333331, 35.783333333333339 ], [ 139.666666666666657, 35.783333333333339 ] ] ] } },
{ "type": "Feature", "properties": { "cell_id": "r3_c12", "row": 3, "col": 12, "global_row": 6505, "global_col": 38360, "lon": 139.67083333333335, "lat": 35.7875 }, "geometry": { "type": "Polygon", "coordinates": [ [ [ 139.675, 35.783333333333339 ], [ 139.675, 35.791666666666671 ], [ 139.666666666666657, 35.791666666666671 ], [ 139.666666666666657, 35.783333333333339 ], [ 139.675, 35.783333333333339 ] ] ] } },
{ "type": "Feature", "properties": { "cell_id": "r3_c13", "row": 3, "col": 13, "global_row": 6505, "global_col": 38361, "lon": 139.67916666666667, "lat": 35.7875 }, "geometry": { "type": "Polygon", "coordinates": [ [ [ 139.683333333333337, 35.783333333333339 ], [ 139.683333333333337, 35.791666666666671 ], [ 139.675, 35.791666666666671 ], [ 139.675, 35.783333333333339 ], [ 139.683333333333337, 35.783333333333339 ] ] ] } },
{ "type": "Feature", "properties": { "cell_id": "r3_c14", "row": 3, "col": 14, "global_row": 6505, "global_col": 38362, "lon": 139.6875, "lat": 35.7875 }, "geometry": { "type": "Polygon", "coordinates": [ [ [ 139.691666666666663, 35.783333333333339 ], [ 139.691666666666663, 35.791666666666671 ], [ 139.683333333333337, 35.791666666666671 ], [ 139.683333333333337, 35.783333333333339 ], [ 139.691666666666663, 35.783333333333339 ] ] ] } },
{ "type": "Feature", "properties": { "cell_id": "r3_c15", "row": 3, "col": 15, "global_row": 6505, "global_col": 38363, "lon": 139.69583333333333, "lat": 35.7875 }, "geometry": { "type": "Polygon", "coordinates": [ [ [ 139.7, 35.783333333333339 ], [ 139.7, 35.791666666666671 ], [ 139.691666666666663, 35.791666666666671 ], [ 139.691666666666663, 35.783333333333339 ], [ 139.7, 35.783333333333339 ] ] ] } },
{ "type": "Feature", "properties": { "cell_id": "r3_c16", "row": 3, "col": 16, "global_row": 6505, "global_col": 38364, "lon": 139.70416666666665, "lat": 35.7875 }, "geometry": { "type": "Polygon", "coordinates": [ [ [ 139.708333333333343, 35.783333333333339 ], [ 139.708333333333343, 35.791666666666671 ], [ 139.7, 35.791666666666671 ], [ 139.7, 35.783333333333339 ], [ 139.708333333333343, 35.783333333333339 ] ] ] } },
{ "type": "Feature", "properties": { "cell_id": "r3_c17", "row": 3, "col": 17, "global_row": 6505, "global_col": 38365, "lon": 139.7125, "lat": 35.7875 }, "geometry": { "type": "Polygon", "coordinates": [ [ [ 139.716666666666669, 35.783333333333339 ], [ 139.716666666666669, 35.791666666666671 ], [ 139.708333333333343, 35.791666666666671 ], [ 139.708333333333343, 35.783333333333339 ], [ 139.716666666666669, 35.783333333333339 ] ] ] } },
{ "type": "Feature", "properties": { "cell_id": "r3_c18", "row": 3, "col": 18, "global_row": 6505, "global_col": 38366, "lon": 139.7208333333333, "lat": 35.7875 }, "geometry": { "type": "Polygon", "coordinates": [ [ [ 139.725, 35.783333333333339 ], [ 139.725, 35.791666666666671 ], [ 139.716666666666669, 35.791666666666671 ], [ 139.716666666666669, 35.783333333333339 ], [ 139.725, 35.783333333333339 ] ] ] } },
{ "type": "Feature", "properties": { "cell_id": "r3_c19", "row": 3, "col": 19, "global_row": 6505, "global_col": 38367, "lon": 139.72916666666663, "lat": 35.7875 }, "geometry": { "type": "Polygon", "coordinates": [ [ [ 139.73333333333332, 35.783333333333339 ], [ 139.73333333333332, 35.791666666666671 ], [ 139.725, 35.791666666666671 ], [ 139.725, 35.783333333333339 ], [ 139.73333333333332, 35.783333333333339 ] ] ] } },
{ "type": "Feature", "properties": { "cell_id": "r3_c23", "row": 3, "col": 23, "global_row": 6505, "global_col": 38371, "lon": 139.7625, "lat": 35.7875 }, "geometry": { "type": "Polygon", "coordinates": [ [ [ 139.766666666666652, 35.783333333333339 ], [ 139.766666666666652, 35.791666666666671 ], [ 139.758333333333326, 35.791666666666671 ], [ 139.758333333333326, 35.783333333333339 ], [ 139.766666666666652, 35.783333333333339 ] ] ] } },
{ "type": "Feature", "properties": { "cell_id": "r3_c24", "row": 3, "col": 24, "global_row": 6505, "global_col": 38372, "lon": 139.77083333333331, "lat": 35.7875 }, "geometry": { "type": "Polygon", "coordinates": [ [ [ 139.775, 35.783333333333339 ], [ 139.775, 35.791666666666671 ], [ 139.766666666666652, 35.791666666666671 ], [ 139.766666666666652, 35.783333333333339 ], [ 139.775, 35.783333333333339 ] ] ] } },
{ "type": "Feature", "properties": { "cell_id": "r3_c25", "row": 3, "col": 25, "global_row": 6505, "global_col": 38373, "lon": 139.7791666666667, "lat": 35.7875 }, "geometry": { "type": "Polygon", "coordinates": [ [ [ 139.783333333333331, 35.783333333333339 ], [ 139.783333333333331, 35.791666666666671 ], [ 139.775, 35.791666666666671 ], [ 139.775, 35.783333333333339 ], [ 139.783333333333331, 35.783333333333339 ] ] ] } },
{ "type": "Feature", "properties": { "cell_id": "r3_c26", "row": 3, "col": 26, "global_row": 6505, "global_col": 38374, "lon": 139.7875, "lat": 35.7875 }, "geometry": { "type": "Polygon", "coordinates": [ [ [ 139.791666666666657, 35.783333333333339 ], [ 139.791666666666657, 35.791666666666671 ], [ 139.783333333333331, 35.791666666666671 ], [ 139.783333333333331, 35.783333333333339 ], [ 139.791666666666657, 35.783333333333339 ] ] ] } },
{ "type": "Feature", "properties": { "cell_id": "r3_c27", "row": 3, "col": 27, "global_row": 6505, "global_col": 38375, "lon": 139.79583333333332, "lat": 35.7875 }, "geometry": { "type": "Polygon", "coordinates": [ [ [ 139.8, 35.783333333333339 ], [ 139.8, 35.791666666666671 ], [ 139.791666666666657, 35.791666666666671 ], [ 139.791666666666657, 35.783333333333339 ], [ 139.8, 35.783333333333339 ] ] ] } },
{ "type": "Feature", "properties": { "cell_id": "r3_c28", "row": 3, "col": 28, "global_row": 6505, "global_col": 38376, "lon": 139.80416666666665, "lat": 35.7875 }, "geometry": { "type": "Polygon", "coordinates": [ [ [ 139.808333333333337, 35.783333333333339 ], [ 139.808333333333337, 35.791666666666671 ], [ 139.8, 35.791666666666671 ], [ 139.8, 35.783333333333339 ], [ 139.808333333333337, 35.783333333333339 ] ] ] } },
{ "type": "Feature", "properties": { "cell_id": "r3_c29", "row": 3, "col": 29, "global_row": 6505, "global_col": 38377, "lon": 139.8125, "lat": 35.7875 }, "geometry": { "type": "Polygon", "coordinates": [ [ [ 139.816666666666663, 35.783333333333339 ], [ 139.816666666666663, 35.791666666666671 ], [ 139.808333333333337, 35.791666666666671 ], [ 139.808333333333337, 35.783333333333339 ], [ 139.816666666666663, 35.783333333333339 ] ] ] } },
{ "type": "Feature", "properties": { "cell_id": "r3_c30", "row": 3, "col": 30, "global_row": 6505, "global_col": 38378, "lon": 139.82083333333333, "lat": 35.7875 }, "geometry": { "type": "Polygon", "coordinates": [ [ [ 139.825, 35.783333333333339 ], [ 139.825, 35.791666666666671 ], [ 139.816666666666663, 35.791666666666671 ], [ 139.816666666666663, 35.783333333333339 ], [ 139.825, 35.783333333333339 ] ] ] } },
{ "type": "Feature", "properties": { "cell_id": "r3_c31", "row": 3, "col": 31, "global_row": 6505, "global_col": 38379, "lon": 139.82916666666665, "lat": 35.7875 }, "geometry": { "type": "Polygon", "coordinates": [ [ [ 139.833333333333343, 35.783333333333339 ], [ 139.833333333333343, 35.791666666666671 ], [ 139.825, 35.791666666666671 ], [ 139.825, 35.783333333333339 ], [ 139.833333333333343, 35.783333333333339 ] ] ] } },
{ "type": "Feature", "properties": { "cell_id": "r3_c32", "row": 3, "col": 32, "global_row": 6505, "global_col": 38380, "lon": 139.8375, "lat": 35.7875 }, "geometry": { "type": "Polygon", "coordinates": [ [ [ 139.841666666666669, 35.783333333333339 ], [ 139.841666666666669, 35.791666666666671 ], [ 139.833333333333343, 35.791666666666671 ], [ 139.833333333333343, 35.783333333333339 ], [ 139.841666666666669, 35.783333333333339 ] ] ] } },
{ "type": "Feature", "properties": { "cell_id": "r3_c33", "row": 3, "col": 33, "global_row": 6505, "global_col": 38381, "lon": 139.8458333333333, "lat": 35.7875 }, "geometry": { "type": "Polygon", "coordinates": [ [ [ 139.85, 35.783333333333339 ], [ 139.85, 35.791666666666671 ], [ 139.841666666666669, 35.791666666666671 ], [ 139.841666666666669, 35.783333333333339 ], [ 139.85, 35.783333333333339 ] ] ] } },
{ "type": "Feature", "properties": { "cell_id": "r3_c34", "row": 3, "col": 34, "global_row": 6505, "global_col": 38382, "lon": 139.85416666666666, "lat": 35.7875 }, "geometry": { "type": "Polygon", "coordinates": [ [ [ 139.85833333333332, 35.783333333333339 ], [ 139.85833333333332, 35.791666666666671 ], [ 139.85, 35.791666666666671 ], [ 139.85, 35.783333333333339 ], [ 139.85833333333332, 35.783333333333339 ] ] ] } },
{ "type": "Feature", "properties": { "cell_id": "r3_c35", "row": 3, "col": 35, "global_row": 6505, "global_col": 38383, "lon": 139.8625, "lat": 35.7875 }, "geometry": { "type": "Polygon", "coordinates": [ [ [ 139.866666666666674, 35.783333333333339 ], [ 139.866666666666674, 35.791666666666671 ], [ 139.85833333333332, 35.791666666666671 ], [ 139.85833333333332, 35.783333333333339 ], [ 139.866666666666674, 35.783333333333339 ] ] ] } },
{ "type": "Feature", "properties": { "cell_id": "r3_c36", "row": 3, "col": 36, "global_row": 6505, "global_col": 38384, "lon": 139.87083333333334, "lat": 35.7875 }, "geometry": { "type": "Polygon", "coordinates": [ [ [ 139.875, 35.783333333333339 ], [ 139.875, 35.791666666666671 ], [ 139.866666666666674, 35.791666666666671 ], [ 139.866666666666674, 35.783333333333339 ], [ 139.875, 35.783333333333339 ] ] ] } },
{ "type": "Feature", "properties": { "cell_id": "r3_c37", "row": 3, "col": 37, "global_row": 6505, "global_col": 38385, "lon": 139.87916666666666, "lat": 35.7875 }, "geometry": { "type": "Polygon", "coordinates": [ [ [ 139.883333333333326, 35.783333333333339 ], [ 139.883333333333326, 35.791666666666671 ], [ 139.875, 35.791666666666671 ], [ 139.875, 35.783333333333339 ], [ 139.883333333333326, 35.783333333333339 ] ] ] } },
{ "type": "Feature", "properties": { "cell_id": "r4_c8", "row": 4, "col": 8, "global_row": 6506, "global_col": 38356, "lon": 139.6375, "lat": 35.779166666666669 }, "geometry": { "type": "Polygon", "coordinates": [ [ [ 139.641666666666652, 35.775 ], [ 139.641666666666652, 35.783333333333339 ], [ 139.633333333333326, 35.783333333333339 ], [ 139.633333333333326, 35.775 ], [ 139.641666666666652, 35.775 ] ] ] } },
{ "type": "Feature", "properties": { "cell_id": "r4_c9", "row": 4, "col": 9, "global_row": 6506, "global_col": 38357, "lon": 139.64583333333331, "lat": 35.779166666666669 }, "geometry": { "type": "Polygon", "coordinates": [ [ [ 139.65, 35.775 ], [ 139.65, 35.783333333333339 ], [ 139.641666666666652, 35.783333333333339 ], [ 139.641666666666652, 35.775 ], [ 139.65, 35.775 ] ] ] } },
{ "type": "Feature", "properties": { "cell_id": "r4_c10", "row": 4, "col": 10, "global_row": 6506, "global_col": 38358, "lon": 139.65416666666667, "lat": 35.779166666666669 }, "geometry": { "type": "Polygon", "coordinates": [ [ [ 139.658333333333331, 35.775 ], [ 139.658333333333331, 35.783333333333339 ], [ 139.65, 35.783333333333339 ], [ 139.65, 35.775 ], [ 139.658333333333331, 35.775 ] ] ] } },
{ "type": "Feature", "properties": { "cell_id": "r4_c11", "row": 4, "col": 11, "global_row": 6506, "global_col": 38359, "lon": 139.6625, "lat": 35.779166666666669 }, "geometry": { "type": "Polygon", "coordinates": [ [ [ 139.666666666666657, 35.775 ], [ 139.666666666666657, 35.783333333333339 ], [ 139.658333333333331, 35.783333333333339 ], [ 139.658333333333331, 35.775 ], [ 139.666666666666657, 35.775 ] ] ] } },
{ "type": "Feature", "properties": { "cell_id": "r4_c12", "row": 4, "col": 12, "global_row": 6506, "global_col": 38360, "lon": 139.67083333333335, "lat": 35.779166666666669 }, "geometry": { "type": "Polygon", "coordinates": [ [ [ 139.675, 35.775 ], [ 139.675, 35.783333333333339 ], [ 139.666666666666657, 35.783333333333339 ], [ 139.666666666666657, 35.775 ], [ 139.675, 35.775 ] ] ] } },
{ "type": "Feature", "properties": { "cell_id": "r4_c13", "row": 4, "col": 13, "global_row": 6506, "global_col": 38361, "lon": 139.67916666666667, "lat": 35.779166666666669 }, "geometry": { "type": "Polygon", "coordinates": [ [ [ 139.683333333333337, 35.775 ], [ 139.683333333333337, 35.783333333333339 ], [ 139.675, 35.783333333333339 ], [ 139.675, 35.775 ], [ 139.683333333333337, 35.775 ] ] ] } },
{ "type": "Feature", "properties": { "cell_id": "r4_c14", "row": 4, "col": 14, "global_row": 6506, "global_col": 38362, "lon": 139.6875, "lat": 35.779166666666669 }, "geometry": { "type": "Polygon", "coordinates": [ [ [ 139.691666666666663, 35.775 ], [ 139.691666666666663, 35.783333333333339 ], [ 139.683333333333337, 35.783333333333339 ], [ 139.683333333333337, 35.775 ], [ 139.691666666666663, 35.775 ] ] ] } },
{ "type": "Feature", "properties": { "cell_id": "r4_c15", "row": 4, "col": 15, "global_row": 6506, "global_col": 38363, "lon": 139.69583333333333, "lat": 35.779166666666669 }, "geometry": { "type": "Polygon", "coordinates": [ [ [ 139.7, 35.775 ], [ 139.7, 35.783333333333339 ], [ 139.691666666666663, 35.783333333333339 ], [ 139.691666666666663, 35.775 ], [ 139.7, 35.775 ] ] ] } },
{ "type": "Feature", "properties": { "cell_id": "r4_c16", "row": 4, "col": 16, "global_row": 6506, "global_col": 38364, "lon": 139.70416666666665, "lat": 35.779166666666669 }, "geometry": { "type": "Polygon", "coordinates": [ [ [ 139.708333333333343, 35.775 ], [ 139.708333333333343, 35.783333333333339 ], [ 139.7, 35.783333333333339 ], [ 139.7, 35.775 ], [ 139.708333333333343, 35.775 ] ] ] } },
{ "type": "Feature", "properties": { "cell_id": "r4_c17", "row": 4, "col": 17, "global_row": 6506, "global_col": 38365, "lon": 139.7125, "lat": 35.779166666666669 }, "geometry": { "type": "Polygon", "coordinates": [ [ [ 139.716666666666669, 35.775 ], [ 139.716666666666669, 35.783333333333339 ], [ 139.708333333333343, 35.783333333333339 ], [ 139.708333333333343, 35.775 ], [ 139.716666666666669, 35.775 ] ] ] } },
{ "type": "Feature", "properties": { "cell_id": "r4_c18", "row": 4, "col": 18, "global_row": 6506, "global_col": 38366, "lon": 139.7208333333333, "lat": 35.779166666666669 }, "geometry": { "type": "Polygon", "coordinates": [ [ [ 139.725, 35.775 ], [ 139.725, 35.783333333333339 ], [ 139.716666666666669, 35.783333333333339 ], [ 139.716666666666669, 35.775 ], [ 139.725, 35.775 ] ] ] } },
{ "type": "Feature", "properties": { "cell_id": "r4_c19", "row": 4, "col": 19, "global_row": 6506, "global_col": 38367, "lon": 139.72916666666663, "lat": 35.779166666666669 }, "geometry": { "type": "Polygon", "coordinates": [ [ [ 139.73333333333332, 35.775 ], [ 139.73333333333332, 35.783333333333339 ], [ 139.725, 35.783333333333339 ], [ 139.725, 35.775 ], [ 139.73333333333332, 35.775 ] ] ] } },
{ "type": "Feature", "properties": { "cell_id": "r4_c20", "row": 4, "col": 20, "global_row": 6506, "global_col": 38368, "lon": 139.7375, "lat": 35.779166666666669 }, "geometry": { "type": "Polygon", "coordinates": [ [ [ 139.741666666666674, 35.775 ], [ 139.741666666666674, 35.783333333333339 ], [ 139.73333333333332, 35.783333333333339 ], [ 139.73333333333332, 35.775 ], [ 139.741666666666674, 35.775 ] ] ] } },
{ "type": "Feature", "properties": { "cell_id": "r4_c21", "row": 4, "col": 21, "global_row": 6506, "global_col": 38369, "lon": 139.74583333333334, "lat": 35.779166666666669 }, "geometry": { "type": "Polygon", "coordinates": [ [ [ 139.75, 35.775 ], [ 139.75, 35.783333333333339 ], [ 139.741666666666674, 35.783333333333339 ], [ 139.741666666666674, 35.775 ], [ 139.75, 35.775 ] ] ] } },
{ "type": "Feature", "properties": { "cell_id": "r4_c22", "row": 4, "col": 22, "global_row": 6506, "global_col": 38370, "lon": 139.75416666666666, "lat": 35.779166666666669 }, "geometry": { "type": "Polygon", "coordinates": [ [ [ 139.758333333333326, 35.775 ], [ 139.758333333333326, 35.783333333333339 ], [ 139.75, 35.783333333333339 ], [ 139.75, 35.775 ], [ 139.758333333333326, 35.775 ] ] ] } },
{ "type": "Feature", "properties": { "cell_id": "r4_c23", "row": 4, "col": 23, "global_row": 6506, "global_col": 38371, "lon": 139.7625, "lat": 35.779166666666669 }, "geometry": { "type": "Polygon", "coordinates": [ [ [ 139.766666666666652, 35.775 ], [ 139.766666666666652, 35.783333333333339 ], [ 139.758333333333326, 35.783333333333339 ], [ 139.758333333333326, 35.775 ], [ 139.766666666666652, 35.775 ] ] ] } },
{ "type": "Feature", "properties": { "cell_id": "r4_c24", "row": 4, "col": 24, "global_row": 6506, "global_col": 38372, "lon": 139.77083333333331, "lat": 35.779166666666669 }, "geometry": { "type": "Polygon", "coordinates": [ [ [ 139.775, 35.775 ], [ 139.775, 35.783333333333339 ], [ 139.766666666666652, 35.783333333333339 ], [ 139.766666666666652, 35.775 ], [ 139.775, 35.775 ] ] ] } },
{ "type": "Feature", "properties": { "cell_id": "r4_c25", "row": 4, "col": 25, "global_row": 6506, "global_col": 38373, "lon": 139.7791666666667, "lat": 35.779166666666669 }, "geometry": { "type": "Polygon", "coordinates": [ [ [ 139.783333333333331, 35.775 ], [ 139.783333333333331, 35.783333333333339 ], [ 139.775, 35.783333333333339 ], [ 139.775, 35.775 ], [ 139.783333333333331, 35.775 ] ] ] } },
{ "type": "Feature", "properties": { "cell_id": "r4_c26", "row": 4, "col": 26, "global_row": 6506, "global_col": 38374, "lon": 139.7875, "lat": 35.779166666666669 }, "geometry": { "type": "Polygon", "coordinates": [ [ [ 139.791666666666657, 35.775 ], [ 139.791666666666657, 35.783333333333339 ], [ 139.783333333333331, 35.783333333333339 ], [ 139.783333333333331, 35.775 ], [ 139.791666666666657, 35.775 ] ] ] } },
{ "type": "Feature", "properties": { "cell_id": "r4_c27", "row": 4, "col": 27, "global_row": 6506, "global_col": 38375, "lon": 139.79583333333332, "lat": 35.779166666666669 }, "geometry": { "type": "Polygon", "coordinates": [ [ [ 139.8, 35.775 ], [ 139.8, 35.783333333333339 ], [ 139.791666666666657, 35.783333333333339 ], [ 139.791666666666657, 35.775 ], [ 139.8, 35.775 ] ] ] } },
{ "type": "Feature", "properties": { "cell_id": "r4_c28", "row": 4, "col": 28, "global_row": 6506, "global_col": 38376, "lon": 139.80416666666665, "lat": 35.779166666666669 }, "geometry": { "type": "Polygon", "coordinates": [ [ [ 139.808333333333337, 35.775 ], [ 139.808333333333337, 35.783333333333339 ], [ 139.8, 35.783333333333339 ], [ 139.8, 35.775 ], [ 139.808333333333337, 35.775 ] ] ] } },
{ "type": "Feature", "properties": { "cell_id": "r4_c29", "row": 4, "col": 29, "global_row": 6506, "global_col": 38377, "lon": 139.8125, "lat": 35.779166666666669 }, "geometry": { "type": "Polygon", "coordinates": [ [ [ 139.816666666666663, 35.775 ], [ 139.816666666666663, 35.783333333333339 ], [ 139.808333333333337, 35.783333333333339 ], [ 139.808333333333337, 35.775 ], [ 139.816666666666663, 35.775 ] ] ] } },
{ "type": "Feature", "properties": { "cell_id": "r4_c30", "row": 4, "col": 30, "global_row": 6506, "global_col": 38378, "lon": 139.82083333333333, "lat": 35.779166666666669 }, "geometry": { "type": "Polygon", "coordinates": [ [ [ 139.825, 35.775 ], [ 139.825, 35.783333333333339 ], [ 139.816666666666663, 35.783333333333339 ], [ 139.816666666666663, 35.775 ], [ 139.825, 35.775 ] ] ] } },
{ "type": "Feature", "properties": { "cell_id": "r4_c31", "row": 4, "col": 31, "global_row": 6506, "global_col": 38379, "lon": 139.82916666666665, "lat": 35.779166666666669 }, "geometry": { "type": "Polygon", "coordinates": [ [ [ 139.833333333333343, 35.775 ], [ 139.833333333333343, 35.783333333333339 ], [ 139.825, 35.783333333333339 ], [ 139.825, 35.775 ], [ 139.833333333333343, 35.775 ] ] ] } },
{ "type": "Feature", "properties": { "cell_id": "r4_c32", "row": 4, "col": 32, "global_row": 6506, "global_col": 38380, "lon": 139.8375, "lat": 35.779166666666669 }, "geometry": { "type": "Polygon", "coordinates": [ [ [ 139.841666666666669, 35.775 ], [ 139.841666666666669, 35.783333333333339 ], [ 139.833333333333343, 35.783333333333339 ], [ 139.833333333333343, 35.775 ], [ 139.841666666666669, 35.775 ] ] ] } },
{ "type": "Feature", "properties": { "cell_id": "r4_c33", "row": 4, "col": 33, "global_row": 6506, "global_col": 38381, "lon": 139.8458333333333, "lat": 35.779166666666669 }, "geometry": { "type": "Polygon", "coordinates": [ [ [ 139.85, 35.775 ], [ 139.85, 35.783333333333339 ], [ 139.841666666666669, 35.783333333333339 ], [ 139.841666666666669, 35.775 ], [ 139.85, 35.775 ] ] ] } },
{ "type": "Feature", "properties": { "cell_id": "r4_c34", "row": 4, "col": 34, "global_row": 6506, "global_col": 38382, "lon": 139.85416666666666, "lat": 35.779166666666669 }, "geometry": { "type": "Polygon", "coordinates": [ [ [ 139.85833333333332, 35.775 ], [ 139.85833333333332, 35.783333333333339 ], [ 139.85, 35.783333333333339 ], [ 139.85, 35.775 ], [ 139.85833333333332, 35.775 ] ] ] } },
{ "type": "Feature", "properties": { "cell_id": "r4_c35", "row": 4, "col": 35, "global_row": 6506, "global_col": 38383, "lon": 139.8625, "lat": 35.779166666666669 }, "geometry": { "type": "Polygon", "coordinates": [ [ [ 139.866666666666674, 35.775 ], [ 139.866666666666674, 35.783333333333339 ], [ 139.85833333333332, 35.783333333333339 ], [ 139.85833333333332, 35.775 ], [ 139.866666666666674, 35.775 ] ] ] } },
{ "type": "Feature", "properties": { "cell_id": "r4_c36", "row": 4, "col": 36, "global_row": 6506, "global_col": 38384, "lon": 139.87083333333334, "lat": 35.779166666666669 }, "geometry": { "type": "Polygon", "coordinates": [ [ [ 139.875, 35.775 ], [ 139.875, 35.783333333333339 ], [ 139.866666666666674, 35.783333333333339 ], [ 139.866666666666674, 35.775 ], [ 139.875, 35.775 ] ] ] } },
{ "type": "Feature", "properties": { "cell_id": "r4_c37", "row": 4, "col": 37, "global_row": 6506, "global_col": 38385, "lon": 139.87916666666666, "lat": 35.779166666666669 }, "geometry": { "type": "Polygon", "coordinates": [ [ [ 139.883333333333326, 35.775 ], [ 139.883333333333326, 35.783333333333339 ], [ 139.875, 35.783333333333339 ], [ 139.875, 35.775 ], [ 139.883333333333326, 35.775 ] ] ] } },
{ "type": "Feature", "properties": { "cell_id": "r4_c38", "row": 4, "col": 38, "global_row": 6506, "global_col": 38386, "lon": 139.8875, "lat": 35.779166666666669 }, "geometry": { "type": "Polygon", "coordinates": [ [ [ 139.891666666666652, 35.775 ], [ 139.891666666666652, 35.783333333333339 ], [ 139.883333333333326, 35.783333333333339 ], [ 139.883333333333326, 35.775 ], [ 139.891666666666652, 35.775 ] ] ] } },
{ "type": "Feature", "properties": { "cell_id": "r5_c3", "row": 5, "col": 3, "global_row": 6507, "global_col": 38351, "lon": 139.59583333333333, "lat": 35.770833333333343 }, "geometry": { "type": "Polygon", "coordinates": [ [ [ 139.6, 35.766666666666673 ], [ 139.6, 35.775 ], [ 139.591666666666669, 35.775 ], [ 139.591666666666669, 35.766666666666673 ], [ 139.6, 35.766666666666673 ] ] ] } },
{ "type": "Feature", "properties": { "cell_id": "r5_c4", "row": 5, "col": 4, "global_row": 6507, "global_col": 38352, "lon": 139.60416666666666, "lat": 35.770833333333343 }, "geometry": { "type": "Polygon", "coordinates": [ [ [ 139.60833333333332, 35.766666666666673 ], [ 139.60833333333332, 35.775 ], [ 139.6, 35.775 ], [ 139.6, 35.766666666666673 ], [ 139.60833333333332, 35.766666666666673 ] ] ] } },
{ "type": "Feature", "properties": { "cell_id": "r5_c7", "row": 5, "col": 7, "global_row": 6507, "global_col": 38355, "lon": 139.62916666666666, "lat": 35.770833333333343 }, "geometry": { "type": "Polygon", "coordinates": [ [ [ 139.633333333333326, 35.766666666666673 ], [ 139.633333333333326, 35.775 ], [ 139.625, 35.775 ], [ 139.625, 35.766666666666673 ], [ 139.633333333333326, 35.766666666666673 ] ] ] } },
{ "type": "Feature", "properties": { "cell_id": "r5_c8", "row": 5, "col": 8, "global_row": 6507, "global_col": 38356, "lon": 139.6375, "lat": 35.770833333333343 }, "geometry": { "type": "Polygon", "coordinates": [ [ [ 139.641666666666652, 35.766666666666673 ], [ 139.641666666666652, 35.775 ], [ 139.633333333333326, 35.775 ], [ 139.633333333333326, 35.766666666666673 ], [ 139.641666666666652, 35.766666666666673 ] ] ] } },
{ "type": "Feature", "properties": { "cell_id": "r5_c9", "row": 5, "col": 9, "global_row": 6507, "global_col": 38357, "lon": 139.64583333333331, "lat": 35.770833333333336 }, "geometry": { "type": "Polygon", "coordinates": [ [ [ 139.65, 35.766666666666673 ], [ 139.65, 35.775 ], [ 139.641666666666652, 35.775 ], [ 139.641666666666652, 35.766666666666673 ], [ 139.65, 35.766666666666673 ] ] ] } },
{ "type": "Feature", "properties": { "cell_id": "r5_c10", "row": 5, "col": 10, "global_row": 6507, "global_col": 38358, "lon": 139.65416666666667, "lat": 35.770833333333343 }, "geometry": { "type": "Polygon", "coordinates": [ [ [ 139.658333333333331, 35.766666666666673 ], [ 139.658333333333331, 35.775 ], [ 139.65, 35.775 ], [ 139.65, 35.766666666666673 ], [ 139.658333333333331, 35.766666666666673 ] ] ] } },
{ "type": "Feature", "properties": { "cell_id": "r5_c11", "row": 5, "col": 11, "global_row": 6507, "global_col": 38359, "lon": 139.6625, "lat": 35.770833333333343 }, "geometry": { "type": "Polygon", "coordinates": [ [ [ 139.666666666666657, 35.766666666666673 ], [ 139.666666666666657, 35.775 ], [ 139.658333333333331, 35.775 ], [ 139.658333333333331, 35.766666666666673 ], [ 139.666666666666657, 35.766666666666673 ] ] ] } },
{ "type": "Feature", "properties": { "cell_id": "r5_c12", "row": 5, "col": 12, "global_row": 6507, "global_col": 38360, "lon": 139.67083333333335, "lat": 35.770833333333343 }, "geometry": { "type": "Polygon", "coordinates": [ [ [ 139.675, 35.766666666666673 ], [ 139.675, 35.775 ], [ 139.666666666666657, 35.775 ], [ 139.666666666666657, 35.766666666666673 ], [ 139.675, 35.766666666666673 ] ] ] } },
{ "type": "Feature", "properties": { "cell_id": "r5_c13", "row": 5, "col": 13, "global_row": 6507, "global_col": 38361, "lon": 139.67916666666667, "lat": 35.770833333333336 }, "geometry": { "type": "Polygon", "coordinates": [ [ [ 139.683333333333337, 35.766666666666673 ], [ 139.683333333333337, 35.775 ], [ 139.675, 35.775 ], [ 139.675, 35.766666666666673 ], [ 139.683333333333337, 35.766666666666673 ] ] ] } },
{ "type": "Feature", "properties": { "cell_id": "r5_c14", "row": 5, "col": 14, "global_row": 6507, "global_col": 38362, "lon": 139.6875, "lat": 35.770833333333343 }, "geometry": { "type": "Polygon", "coordinates": [ [ [ 139.691666666666663, 35.766666666666673 ], [ 139.691666666666663, 35.775 ], [ 139.683333333333337, 35.775 ], [ 139.683333333333337, 35.766666666666673 ], [ 139.691666666666663, 35.766666666666673 ] ] ] } },
{ "type": "Feature", "properties": { "cell_id": "r5_c15", "row": 5, "col": 15, "global_row": 6507, "global_col": 38363, "lon": 139.69583333333333, "lat": 35.770833333333343 }, "geometry": { "type": "Polygon", "coordinates": [ [ [ 139.7, 35.766666666666673 ], [ 139.7, 35.775 ], [ 139.691666666666663, 35.775 ], [ 139.691666666666663, 35.766666666666673 ], [ 139.7, 35.766666666666673 ] ] ] } },
{ "type": "Feature", "properties": { "cell_id": "r5_c16", "row": 5, "col": 16, "global_row": 6507, "global_col": 38364, "lon": 139.70416666666665, "lat": 35.770833333333336 }, "geometry": { "type": "Polygon", "coordinates": [ [ [ 139.708333333333343, 35.766666666666673 ], [ 139.708333333333343, 35.775 ], [ 139.7, 35.775 ], [ 139.7, 35.766666666666673 ], [ 139.708333333333343, 35.766666666666673 ] ] ] } },
{ "type": "Feature", "properties": { "cell_id": "r5_c17", "row": 5, "col": 17, "global_row": 6507, "global_col": 38365, "lon": 139.7125, "lat": 35.770833333333343 }, "geometry": { "type": "Polygon", "coordinates": [ [ [ 139.716666666666669, 35.766666666666673 ], [ 139.716666666666669, 35.775 ], [ 139.708333333333343, 35.775 ], [ 139.708333333333343, 35.766666666666673 ], [ 139.716666666666669, 35.766666666666673 ] ] ] } },
{ "type": "Feature", "properties": { "cell_id": "r5_c18", "row": 5, "col": 18, "global_row": 6507, "global_col": 38366, "lon": 139.7208333333333, "lat": 35.770833333333343 }, "geometry": { "type": "Polygon", "coordinates": [ [ [ 139.725, 35.766666666666673 ], [ 139.725, 35.775 ], [ 139.716666666666669, 35.775 ], [ 139.716666666666669, 35.766666666666673 ], [ 139.725, 35.766666666666673 ] ] ] } },
{ "type": "Feature", "properties": { "cell_id": "r5_c19", "row": 5, "col": 19, "global_row": 6507, "global_col": 38367, "lon": 139.72916666666663, "lat": 35.770833333333343 }, "geometry": { "type": "Polygon", "coordinates": [ [ [ 139.73333333333332, 35.766666666666673 ], [ 139.73333333333332, 35.775 ], [ 139.725, 35.775 ], [ 139.725, 35.766666666666673 ], [ 139.73333333333332, 35.766666666666673 ] ] ] } },
{ "type": "Feature", "properties": { "cell_id": "r5_c20", "row": 5, "col": 20, "global_row": 6507, "global_col": 38368, "lon": 139.7375, "lat": 35.770833333333336 }, "geometry": { "type": "Polygon", "coordinates": [ [ [ 139.741666666666674, 35.766666666666673 ], [ 139.741666666666674, 35.775 ], [ 139.73333333333332, 35.775 ], [ 139.73333333333332, 35.766666666666673 ], [ 139.741666666666674, 35.766666666666673 ] ] ] } },
{ "type": "Feature", "properties": { "cell_id": "r5_c21", "row": 5, "col": 21, "global_row": 6507, "global_col": 38369, "lon": 139.74583333333334, "lat": 35.770833333333343 }, "geometry": { "type": "Polygon", "coordinates": [ [ [ 139.75, 35.766666666666673 ], [ 139.75, 35.775 ], [ 139.741666666666674, 35.775 ], [ 139.741666666666674, 35.766666666666673 ], [ 139.75, 35.766666666666673 ] ] ] } },
{ "type": "Feature", "properties": { "cell_id": "r5_c22", "row": 5, "col": 22, "global_row": 6507, "global_col": 38370, "lon": 139.75416666666666, "lat": 35.770833333333343 }, "geometry": { "type": "Polygon", "coordinates": [ [ [ 139.758333333333326, 35.766666666666673 ], [ 139.758333333333326, 35.775 ], [ 139.75, 35.775 ], [ 139.75, 35.766666666666673 ], [ 139.758333333333326, 35.766666666666673 ] ] ] } },
{ "type": "Feature", "properties": { "cell_id": "r5_c23", "row": 5, "col": 23, "global_row": 6507, "global_col": 38371, "lon": 139.7625, "lat": 35.770833333333343 }, "geometry": { "type": "Polygon", "coordinates": [ [ [ 139.766666666666652, 35.766666666666673 ], [ 139.766666666666652, 35.775 ], [ 139.758333333333326, 35.775 ], [ 139.758333333333326, 35.766666666666673 ], [ 139.766666666666652, 35.766666666666673 ] ] ] } },
{ "type": "Feature", "properties": { "cell_id": "r5_c24", "row": 5, "col": 24, "global_row": 6507, "global_col": 38372, "lon": 139.77083333333331, "lat": 35.770833333333336 }, "geometry": { "type": "Polygon", "coordinates": [ [ [ 139.775, 35.766666666666673 ], [ 139.775, 35.775 ], [ 139.766666666666652, 35.775 ], [ 139.766666666666652, 35.766666666666673 ], [ 139.775, 35.766666666666673 ] ] ] } },
{ "type": "Feature", "properties": { "cell_id": "r5_c25", "row": 5, "col": 25, "global_row": 6507, "global_col": 38373, "lon": 139.7791666666667, "lat": 35.770833333333343 }, "geometry": { "type": "Polygon", "coordinates": [ [ [ 139.783333333333331, 35.766666666666673 ], [ 139.783333333333331, 35.775 ], [ 139.775, 35.775 ], [ 139.775, 35.766666666666673 ], [ 139.783333333333331, 35.766666666666673 ] ] ] } },
{ "type": "Feature", "properties": { "cell_id": "r5_c26", "row": 5, "col": 26, "global_row": 6507, "global_col": 38374, "lon": 139.7875, "lat": 35.770833333333343 }, "geometry": { "type": "Polygon", "coordinates": [ [ [ 139.791666666666657, 35.766666666666673 ], [ 139.791666666666657, 35.775 ], [ 139.783333333333331, 35.775 ], [ 139.783333333333331, 35.766666666666673 ], [ 139.791666666666657, 35.766666666666673 ] ] ] } },
{ "type": "Feature", "properties": { "cell_id": "r5_c27", "row": 5, "col": 27, "global_row": 6507, "global_col": 38375, "lon": 139.79583333333332, "lat": 35.770833333333343 }, "geometry": { "type": "Polygon", "coordinates": [ [ [ 139.8, 35.766666666666673 ], [ 139.8, 35.775 ], [ 139.791666666666657, 35.775 ], [ 139.791666666666657, 35.766666666666673 ], [ 139.8, 35.766666666666673 ] ] ] } },
{ "type": "Feature", "properties": { "cell_id": "r5_c28", "row": 5, "col": 28, "global_row": 6507, "global_col": 38376, "lon": 139.80416666666665, "lat": 35.770833333333336 }, "geometry": { "type": "Polygon", "coordinates": [ [ [ 139.808333333333337, 35.766666666666673 ], [ 139.808333333333337, 35.775 ], [ 139.8, 35.775 ], [ 139.8, 35.766666666666673 ], [ 139.808333333333337, 35.766666666666673 ] ] ] } },
{ "type": "Feature", "properties": { "cell_id": "r5_c29", "row": 5, "col": 29, "global_row": 6507, "global_col": 38377, "lon": 139.8125, "lat": 35.770833333333343 }, "geometry": { "type": "Polygon", "coordinates": [ [ [ 139.816666666666663, 35.766666666666673 ], [ 139.816666666666663, 35.775 ], [ 139.808333333333337, 35.775 ], [ 139.808333333333337, 35.766666666666673 ], [ 139.816666666666663, 35.766666666666673 ] ] ] } },
{ "type": "Feature", "properties": { "cell_id": "r5_c30", "row": 5, "col": 30, "global_row": 6507, "global_col": 38378, "lon": 139.82083333333333, "lat": 35.770833333333343 }, "geometry": { "type": "Polygon", "coordinates": [ [ [ 139.825, 35.766666666666673 ], [ 139.825, 35.775 ], [ 139.816666666666663, 35.775 ], [ 139.816666666666663, 35.766666666666673 ], [ 139.825, 35.766666666666673 ] ] ] } },
{ "type": "Feature", "properties": { "cell_id": "r5_c31", "row": 5, "col": 31, "global_row": 6507, "global_col": 38379, "lon": 139.82916666666665, "lat": 35.770833333333336 }, "geometry": { "type": "Polygon", "coordinates": [ [ [ 139.833333333333343, 35.766666666666673 ], [ 139.833333333333343, 35.775 ], [ 139.825, 35.775 ], [ 139.825, 35.766666666666673 ], [ 139.833333333333343, 35.766666666666673 ] ] ] } },
{ "type": "Feature", "properties": { "cell_id": "r5_c32", "row": 5, "col": 32, "global_row": 6507, "global_col": 38380, "lon": 139.8375, "lat": 35.770833333333343 }, "geometry": { "type": "Polygon", "coordinates": [ [ [ 139.841666666666669, 35.766666666666673 ], [ 139.841666666666669, 35.775 ], [ 139.833333333333343, 35.775 ], [ 139.833333333333343, 35.766666666666673 ], [ 139.841666666666669, 35.766666666666673 ] ] ] } },
{ "type": "Feature", "properties": { "cell_id": "r5_c33", "row": 5, "col": 33, "global_row": 6507, "global_col": 38381, "lon": 139.8458333333333, "lat": 35.770833333333343 }, "geometry": { "type": "Polygon", "coordinates": [ [ [ 139.85, 35.766666666666673 ], [ 139.85, 35.775 ], [ 139.841666666666669, 35.775 ], [ 139.841666666666669, 35.766666666666673 ], [ 139.85, 35.766666666666673 ] ] ] } },
{ "type": "Feature", "properties": { "cell_id": "r5_c34", "row": 5, "col": 34, "global_row": 6507, "global_col": 38382, "lon": 139.85416666666666, "lat": 35.770833333333343 }, "geometry": { "type": "Polygon", "coordinates": [ [ [ 139.85833333333332, 35.766666666666673 ], [ 139.85833333333332, 35.775 ], [ 139.85, 35.775 ], [ 139.85, 35.766666666666673 ], [ 139.85833333333332, 35.766666666666673 ] ] ] } },
{ "type": "Feature", "properties": { "cell_id": "r5_c35", "row": 5, "col": 35, "global_row": 6507, "global_col": 38383, "lon": 139.8625, "lat": 35.770833333333336 }, "geometry": { "type": "Polygon", "coordinates": [ [ [ 139.866666666666674, 35.766666666666673 ], [ 139.866666666666674, 35.775 ], [ 139.85833333333332, 35.775 ], [ 139.85833333333332, 35.766666666666673 ], [ 139.866666666666674, 35.766666666666673 ] ] ] } },
{ "type": "Feature", "properties": { "cell_id": "r5_c36", "row": 5, "col": 36, "global_row": 6507, "global_col": 38384, "lon": 139.87083333333334, "lat": 35.770833333333343 }, "geometry": { "type": "Polygon", "coordinates": [ [ [ 139.875, 35.766666666666673 ], [ 139.875, 35.775 ], [ 139.866666666666674, 35.775 ], [ 139.866666666666674, 35.766666666666673 ], [ 139.875, 35.766666666666673 ] ] ] } },
{ "type": "Feature", "properties": { "cell_id": "r5_c37", "row": 5, "col": 37, "global_row": 6507, "global_col": 38385, "lon": 139.87916666666666, "lat": 35.770833333333343 }, "geometry": { "type": "Polygon", "coordinates": [ [ [ 139.883333333333326, 35.766666666666673 ], [ 139.883333333333326, 35.775 ], [ 139.875, 35.775 ], [ 139.875, 35.766666666666673 ], [ 139.883333333333326, 35.766666666666673 ] ] ] } },
{ "type": "Feature", "properties": { "cell_id": "r5_c38", "row": 5, "col": 38, "global_row": 6507, "global_col": 38386, "lon": 139.8875, "lat": 35.770833333333343 }, "geometry": { "type": "Polygon", "coordinates": [ [ [ 139.891666666666652, 35.766666666666673 ], [ 139.891666666666652, 35.775 ], [ 139.883333333333326, 35.775 ], [ 139.883333333333326, 35.766666666666673 ], [ 139.891666666666652, 35.766666666666673 ] ] ] } },
{ "type": "Feature", "properties": { "cell_id": "r6_c2", "row": 6, "col": 2, "global_row": 6508, "global_col": 38350, "lon": 139.5875, "lat": 35.7625 }, "geometry": { "type": "Polygon", "coordinates": [ [ [ 139.591666666666669, 35.75833333333334 ], [ 139.591666666666669, 35.766666666666673 ], [ 139.583333333333343, 35.766666666666673 ], [ 139.583333333333343, 35.75833333333334 ], [ 139.591666666666669, 35.75833333333334 ] ] ] } },
{ "type": "Feature", "properties": { "cell_id": "r6_c3", "row": 6, "col": 3, "global_row": 6508, "global_col": 38351, "lon": 139.59583333333333, "lat": 35.7625 }, "geometry": { "type": "Polygon", "coordinates": [ [ [ 139.6, 35.75833333333334 ], [ 139.6, 35.766666666666673 ], [ 139.591666666666669, 35.766666666666673 ], [ 139.591666666666669, 35.75833333333334 ], [ 139.6, 35.75833333333334 ] ] ] } },
{ "type": "Feature", "properties": { "cell_id": "r6_c4", "row": 6, "col": 4, "global_row": 6508, "global_col": 38352, "lon": 139.60416666666666, "lat": 35.7625 }, "geometry": { "type": "Polygon", "coordinates": [ [ [ 139.60833333333332, 35.75833333333334 ], [ 139.60833333333332, 35.766666666666673 ], [ 139.6, 35.766666666666673 ], [ 139.6, 35.75833333333334 ], [ 139.60833333333332, 35.75833333333334 ] ] ] } },
{ "type": "Feature", "properties": { "cell_id": "r6_c5", "row": 6, "col": 5, "global_row": 6508, "global_col": 38353, "lon": 139.6125, "lat": 35.7625 }, "geometry": { "type": "Polygon", "coordinates": [ [ [ 139.616666666666674, 35.75833333333334 ], [ 139.616666666666674, 35.766666666666673 ], [ 139.60833333333332, 35.766666666666673 ], [ 139.60833333333332, 35.75833333333334 ], [ 139.616666666666674, 35.75833333333334 ] ] ] } },
{ "type": "Feature", "properties": { "cell_id": "r6_c6", "row": 6, "col": 6, "global_row": 6508, "global_col": 38354, "lon": 139.62083333333334, "lat": 35.7625 }, "geometry": { "type": "Polygon", "coordinates": [ [ [ 139.625, 35.75833333333334 ], [ 139.625, 35.766666666666673 ], [ 139.616666666666674, 35.766666666666673 ], [ 139.616666666666674, 35.75833333333334 ], [ 139.625, 35.75833333333334 ] ] ] } },
{ "type": "Feature", "properties": { "cell_id": "r6_c7", "row": 6, "col": 7, "global_row": 6508, "global_col": 38355, "lon": 139.62916666666666, "lat": 35.7625 }, "geometry": { "type": "Polygon", "coordinates": [ [ [ 139.633333333333326, 35.75833333333334 ], [ 139.633333333333326, 35.766666666666673 ], [ 139.625, 35.766666666666673 ], [ 139.625, 35.75833333333334 ], [ 139.633333333333326, 35.75833333333334 ] ] ] } },
{ "type": "Feature", "properties": { "cell_id": "r6_c8", "row": 6, "col": 8, "global_row": 6508, "global_col": 38356, "lon": 139.6375, "lat": 35.7625 }, "geometry": { "type": "Polygon", "coordinates": [ [ [ 139.641666666666652, 35.75833333333334 ], [ 139.641666666666652, 35.766666666666673 ], [ 139.633333333333326, 35.766666666666673 ], [ 139.633333333333326, 35.75833333333334 ], [ 139.641666666666652, 35.75833333333334 ] ] ] } },
{ "type": "Feature", "properties": { "cell_id": "r6_c9", "row": 6, "col": 9, "global_row": 6508, "global_col": 38357, "lon": 139.64583333333331, "lat": 35.7625 }, "geometry": { "type": "Polygon", "coordinates": [ [ [ 139.65, 35.75833333333334 ], [ 139.65, 35.766666666666673 ], [ 139.641666666666652, 35.766666666666673 ], [ 139.641666666666652, 35.75833333333334 ], [ 139.65, 35.75833333333334 ] ] ] } },
{ "type": "Feature", "properties": { "cell_id": "r6_c10", "row": 6, "col": 10, "global_row": 6508, "global_col": 38358, "lon": 139.65416666666667, "lat": 35.7625 }, "geometry": { "type": "Polygon", "coordinates": [ [ [ 139.658333333333331, 35.75833333333334 ], [ 139.658333333333331, 35.766666666666673 ], [ 139.65, 35.766666666666673 ], [ 139.65, 35.75833333333334 ], [ 139.658333333333331, 35.75833333333334 ] ] ] } },
{ "type": "Feature", "properties": { "cell_id": "r6_c11", "row": 6, "col": 11, "global_row": 6508, "global_col": 38359, "lon": 139.6625, "lat": 35.7625 }, "geometry": { "type": "Polygon", "coordinates": [ [ [ 139.666666666666657, 35.75833333333334 ], [ 139.666666666666657, 35.766666666666673 ], [ 139.658333333333331, 35.766666666666673 ], [ 139.658333333333331, 35.75833333333334 ], [ 139.666666666666657, 35.75833333333334 ] ] ] } },
{ "type": "Feature", "properties": { "cell_id": "r6_c12", "row": 6, "col": 12, "global_row": 6508, "global_col": 38360, "lon": 139.67083333333335, "lat": 35.7625 }, "geometry": { "type": "Polygon", "coordinates": [ [ [ 139.675, 35.75833333333334 ], [ 139.675, 35.766666666666673 ], [ 139.666666666666657, 35.766666666666673 ], [ 139.666666666666657, 35.75833333333334 ], [ 139.675, 35.75833333333334 ] ] ] } },
{ "type": "Feature", "properties": { "cell_id": "r6_c13", "row": 6, "col": 13, "global_row": 6508, "global_col": 38361, "lon": 139.67916666666667, "lat": 35.7625 }, "geometry": { "type": "Polygon", "coordinates": [ [ [ 139.683333333333337, 35.75833333333334 ], [ 139.683333333333337, 35.766666666666673 ], [ 139.675, 35.766666666666673 ], [ 139.675, 35.75833333333334 ], [ 139.683333333333337, 35.75833333333334 ] ] ] } },
{ "type": "Feature", "properties": { "cell_id": "r6_c14", "row": 6, "col": 14, "global_row": 6508, "global_col": 38362, "lon": 139.6875, "lat": 35.7625 }, "geometry": { "type": "Polygon", "coordinates": [ [ [ 139.691666666666663, 35.75833333333334 ], [ 139.691666666666663, 35.766666666666673 ], [ 139.683333333333337, 35.766666666666673 ], [ 139.683333333333337, 35.75833333333334 ], [ 139.691666666666663, 35.75833333333334 ] ] ] } },
{ "type": "Feature", "properties": { "cell_id": "r6_c15", "row": 6, "col": 15, "global_row": 6508, "global_col": 38363, "lon": 139.69583333333333, "lat": 35.7625 }, "geometry": { "type": "Polygon", "coordinates": [ [ [ 139.7, 35.75833333333334 ], [ 139.7, 35.766666666666673 ], [ 139.691666666666663, 35.766666666666673 ], [ 139.691666666666663, 35.75833333333334 ], [ 139.7, 35.75833333333334 ] ] ] } },
{ "type": "Feature", "properties": { "cell_id": "r6_c16", "row": 6, "col": 16, "global_row": 6508, "global_col": 38364, "lon": 139.70416666666665, "lat": 35.7625 }, "geometry": { "type": "Polygon", "coordinates": [ [ [ 139.708333333333343, 35.75833333333334 ], [ 139.708333333333343, 35.766666666666673 ], [ 139.7, 35.766666666666673 ], [ 139.7, 35.75833333333334 ], [ 139.708333333333343, 35.75833333333334 ] ] ] } },
{ "type": "Feature", "properties": { "cell_id": "r6_c17", "row": 6, "col": 17, "global_row": 6508, "global_col": 38365, "lon": 139.7125, "lat": 35.7625 }, "geometry": { "type": "Polygon", "coordinates": [ [ [ 139.716666666666669, 35.75833333333334 ], [ 139.716666666666669, 35.766666666666673 ], [ 139.708333333333343, 35.766666666666673 ], [ 139.708333333333343, 35.75833333333334 ], [ 139.716666666666669, 35.75833333333334 ] ] ] } },
{ "type": "Feature", "properties": { "cell_id": "r6_c18", "row": 6, "col": 18, "global_row": 6508, "global_col": 38366, "lon": 139.7208333333333, "lat": 35.7625 }, "geometry": { "type": "Polygon", "coordinates": [ [ [ 139.725, 35.75833333333334 ], [ 139.725, 35.766666666666673 ], [ 139.716666666666669, 35.766666666666673 ], [ 139.716666666666669, 35.75833333333334 ], [ 139.725, 35.75833333333334 ] ] ] } },
{ "type": "Feature", "properties": { "cell_id": "r6_c19", "row": 6, "col": 19, "global_row": 6508, "global_col": 38367, "lon": 139.72916666666663, "lat": 35.7625 }, "geometry": { "type": "Polygon", "coordinates": [ [ [ 139.73333333333332, 35.75833333333334 ], [ 139.73333333333332, 35.766666666666673 ], [ 139.725, 35.766666666666673 ], [ 139.725, 35.75833333333334 ], [ 139.73333333333332, 35.75833333333334 ] ] ] } },
{ "type": "Feature", "properties": { "cell_id": "r6_c20", "row": 6, "col": 20, "global_row": 6508, "global_col": 38368, "lon": 139.7375, "lat": 35.7625 }, "geometry": { "type": "Polygon", "coordinates": [ [ [ 139.741666666666674, 35.75833333333334 ], [ 139.741666666666674, 35.766666666666673 ], [ 139.73333333333332, 35.766666666666673 ], [ 139.73333333333332, 35.75833333333334 ], [ 139.741666666666674, 35.75833333333334 ] ] ] } },
{ "type": "Feature", "properties": { "cell_id": "r6_c21", "row": 6, "col": 21, "global_row": 6508, "global_col": 38369, "lon": 139.74583333333334, "lat": 35.7625 }, "geometry": { "type": "Polygon", "coordinates": [ [ [ 139.75, 35.75833333333334 ], [ 139.75, 35.766666666666673 ], [ 139.741666666666674, 35.766666666666673 ], [ 139.741666666666674, 35.75833333333334 ], [ 139.75, 35.75833333333334 ] ] ] } },
{ "type": "Feature", "properties": { "cell_id": "r6_c22", "row": 6, "col": 22, "global_row": 6508, "global_col": 38370, "lon": 139.75416666666666, "lat": 35.7625 }, "geometry": { "type": "Polygon", "coordinates": [ [ [ 139.758333333333326, 35.75833333333334 ], [ 139.758333333333326, 35.766666666666673 ], [ 139.75, 35.766666666666673 ], [ 139.75, 35.75833333333334 ], [ 139.758333333333326, 35.75833333333334 ] ] ] } },
{ "type": "Feature", "properties": { "cell_id": "r6_c23", "row": 6, "col": 23, "global_row": 6508, "global_col": 38371, "lon": 139.7625, "lat": 35.7625 }, "geometry": { "type": "Polygon", "coordinates": [ [ [ 139.766666666666652, 35.75833333333334 ], [ 139.766666666666652, 35.766666666666673 ], [ 139.758333333333326, 35.766666666666673 ], [ 139.758333333333326, 35.75833333333334 ], [ 139.766666666666652, 35.75833333333334 ] ] ] } },
{ "type": "Feature", "properties": { "cell_id": "r6_c24", "row": 6, "col": 24, "global_row": 6508, "global_col": 38372, "lon": 139.77083333333331, "lat": 35.7625 }, "geometry": { "type": "Polygon", "coordinates": [ [ [ 139.775, 35.75833333333334 ], [ 139.775, 35.766666666666673 ], [ 139.766666666666652, 35.766666666666673 ], [ 139.766666666666652, 35.75833333333334 ], [ 139.775, 35.75833333333334 ] ] ] } },
{ "type": "Feature", "properties": { "cell_id": "r6_c25", "row": 6, "col": 25, "global_row": 6508, "global_col": 38373, "lon": 139.7791666666667, "lat": 35.7625 }, "geometry": { "type": "Polygon", "coordinates": [ [ [ 139.783333333333331, 35.75833333333334 ], [ 139.783333333333331, 35.766666666666673 ], [ 139.775, 35.766666666666673 ], [ 139.775, 35.75833333333334 ], [ 139.783333333333331, 35.75833333333334 ] ] ] } },
{ "type": "Feature", "properties": { "cell_id": "r6_c26", "row": 6, "col": 26, "global_row": 6508, "global_col": 38374, "lon": 139.7875, "lat": 35.7625 }, "geometry": { "type": "Polygon", "coordinates": [ [ [ 139.791666666666657, 35.75833333333334 ], [ 139.791666666666657, 35.766666666666673 ], [ 139.783333333333331, 35.766666666666673 ], [ 139.783333333333331, 35.75833333333334 ], [ 139.791666666666657, 35.75833333333334 ] ] ] } },
{ "type": "Feature", "properties": { "cell_id": "r6_c27", "row": 6, "col": 27, "global_row": 6508, "global_col": 38375, "lon": 139.79583333333332, "lat": 35.7625 }, "geometry": { "type": "Polygon", "coordinates": [ [ [ 139.8, 35.75833333333334 ], [ 139.8, 35.766666666666673 ], [ 139.791666666666657, 35.766666666666673 ], [ 139.791666666666657, 35.75833333333334 ], [ 139.8, 35.75833333333334 ] ] ] } },
{ "type": "Feature", "properties": { "cell_id": "r6_c28", "row": 6, "col": 28, "global_row": 6508, "global_col": 38376, "lon": 139.80416666666665, "lat": 35.7625 }, "geometry": { "type": "Polygon", "coordinates": [ [ [ 139.808333333333337, 35.75833333333334 ], [ 139.808333333333337, 35.766666666666673 ], [ 139.8, 35.766666666666673 ], [ 139.8, 35.75833333333334 ], [ 139.808333333333337, 35.75833333333334 ] ] ] } },
{ "type": "Feature", "properties": { "cell_id": "r6_c29", "row": 6, "col": 29, "global_row": 6508, "global_col": 38377, "lon": 139.8125, "lat": 35.7625 }, "geometry": { "type": "Polygon", "coordinates": [ [ [ 139.816666666666663, 35.75833333333334 ], [ 139.816666666666663, 35.766666666666673 ], [ 139.808333333333337, 35.766666666666673 ], [ 139.808333333333337, 35.75833333333334 ], [ 139.816666666666663, 35.75833333333334 ] ] ] } },
{ "type": "Feature", "properties": { "cell_id": "r6_c30", "row": 6, "col": 30, "global_row": 6508, "global_col": 38378, "lon": 139.82083333333333, "lat": 35.7625 }, "geometry": { "type": "Polygon", "coordinates": [ [ [ 139.825, 35.75833333333334 ], [ 139.825, 35.766666666666673 ], [ 139.816666666666663, 35.766666666666673 ], [ 139.816666666666663, 35.75833333333334 ], [ 139.825, 35.75833333333334 ] ] ] } },
{ "type": "Feature", "properties": { "cell_id": "r6_c31", "row": 6, "col": 31, "global_row": 6508, "global_col": 38379, "lon": 139.82916666666665, "lat": 35.7625 }, "geometry": { "type": "Polygon", "coordinates": [ [ [ 139.833333333333343, 35.75833333333334 ], [ 139.833333333333343, 35.766666666666673 ], [ 139.825, 35.766666666666673 ], [ 139.825, 35.75833333333334 ], [ 139.833333333333343, 35.75833333333334 ] ] ] } },
{ "type": "Feature", "properties": { "cell_id": "r6_c32", "row": 6, "col": 32, "global_row": 6508, "global_col": 38380, "lon": 139.8375, "lat": 35.7625 }, "geometry": { "type": "Polygon", "coordinates": [ [ [ 139.841666666666669, 35.75833333333334 ], [ 139.841666666666669, 35.766666666666673 ], [ 139.833333333333343, 35.766666666666673 ], [ 139.833333333333343, 35.75833333333334 ], [ 139.841666666666669, 35.75833333333334 ] ] ] } },
{ "type": "Feature", "properties": { "cell_id": "r6_c33", "row": 6, "col": 33, "global_row": 6508, "global_col": 38381, "lon": 139.8458333333333, "lat": 35.7625 }, "geometry": { "type": "Polygon", "coordinates": [ [ [ 139.85, 35.75833333333334 ], [ 139.85, 35.766666666666673 ], [ 139.841666666666669, 35.766666666666673 ], [ 139.841666666666669, 35.75833333333334 ], [ 139.85, 35.75833333333334 ] ] ] } },
{ "type": "Feature", "properties": { "cell_id": "r6_c34", "row": 6, "col": 34, "global_row": 6508, "global_col": 38382, "lon": 139.85416666666666, "lat": 35.7625 }, "geometry": { "type": "Polygon", "coordinates": [ [ [ 139.85833333333332, 35.75833333333334 ], [ 139.85833333333332, 35.766666666666673 ], [ 139.85, 35.766666666666673 ], [ 139.85, 35.75833333333334 ], [ 139.85833333333332, 35.75833333333334 ] ] ] } },
{ "type": "Feature", "properties": { "cell_id": "r6_c35", "row": 6, "col": 35, "global_row": 6508, "global_col": 38383, "lon": 139.8625, "lat": 35.7625 }, "geometry": { "type": "Polygon", "coordinates": [ [ [ 139.866666666666674, 35.75833333333334 ], [ 139.866666666666674, 35.766666666666673 ], [ 139.85833333333332, 35.766666666666673 ], [ 139.85833333333332, 35.75833333333334 ], [ 139.866666666666674, 35.75833333333334 ] ] ] } },
{ "type": "Feature", "properties": { "cell_id": "r6_c36", "row": 6, "col": 36, "global_row": 6508, "global_col": 38384, "lon": 139.87083333333334, "lat": 35.7625 }, "geometry": { "type": "Polygon", "coordinates": [ [ [ 139.875, 35.75833333333334 ], [ 139.875, 35.766666666666673 ], [ 139.866666666666674, 35.766666666666673 ], [ 139.866666666666674, 35.75833333333334 ], [ 139.875, 35.75833333333334 ] ] ] } },
{ "type": "Feature", "properties": { "cell_id": "r6_c37", "row": 6, "col": 37, "global_row": 6508, "global_col": 38385, "lon": 139.87916666666666, "lat": 35.7625 }, "geometry": { "type": "Polygon", "coordinates": [ [ [ 139.883333333333326, 35.75833333333334 ], [ 139.883333333333326, 35.766666666666673 ], [ 139.875, 35.766666666666673 ], [ 139.875, 35.75833333333334 ], [ 139.883333333333326, 35.75833333333334 ] ] ] } },
{ "type": "Feature", "properties": { "cell_id": "r6_c38", "row": 6, "col": 38, "global_row": 6508, "global_col": 38386, "lon": 139.8875, "lat": 35.7625 }, "geometry": { "type": "Polygon", "coordinates": [ [ [ 139.891666666666652, 35.75833333333334 ], [ 139.891666666666652, 35.766666666666673 ], [ 139.883333333333326, 35.766666666666673 ], [ 139.883333333333326, 35.75833333333334 ], [ 139.891666666666652, 35.75833333333334 ] ] ] } },
{ "type": "Feature", "properties": { "cell_id": "r7_c1", "row": 7, "col": 1, "global_row": 6509, "global_col": 38349, "lon": 139.57916666666665, "lat": 35.75416666666667 }, "geometry": { "type": "Polygon", "coordinates": [ [ [ 139.583333333333343, 35.75 ], [ 139.583333333333343, 35.75833333333334 ], [ 139.575, 35.75833333333334 ], [ 139.575, 35.75 ], [ 139.583333333333343, 35.75 ] ] ] } },
{ "type": "Feature", "properties": { "cell_id": "r7_c2", "row": 7, "col": 2, "global_row": 6509, "global_col": 38350, "lon": 139.5875, "lat": 35.75416666666667 }, "geometry": { "type": "Polygon", "coordinates": [ [ [ 139.591666666666669, 35.75 ], [ 139.591666666666669, 35.75833333333334 ], [ 139.583333333333343, 35.75833333333334 ], [ 139.583333333333343, 35.75 ], [ 139.591666666666669, 35.75 ] ] ] } },
{ "type": "Feature", "properties": { "cell_id": "r7_c3", "row": 7, "col": 3, "global_row": 6509, "global_col": 38351, "lon": 139.5958333333333, "lat": 35.75416666666667 }, "geometry": { "type": "Polygon", "coordinates": [ [ [ 139.6, 35.75 ], [ 139.6, 35.75833333333334 ], [ 139.591666666666669, 35.75833333333334 ], [ 139.591666666666669, 35.75 ], [ 139.6, 35.75 ] ] ] } },
{ "type": "Feature", "properties": { "cell_id": "r7_c4", "row": 7, "col": 4, "global_row": 6509, "global_col": 38352, "lon": 139.60416666666666, "lat": 35.75416666666667 }, "geometry": { "type": "Polygon", "coordinates": [ [ [ 139.60833333333332, 35.75 ], [ 139.60833333333332, 35.75833333333334 ], [ 139.6, 35.75833333333334 ], [ 139.6, 35.75 ], [ 139.60833333333332, 35.75 ] ] ] } },
{ "type": "Feature", "properties": { "cell_id": "r7_c5", "row": 7, "col": 5, "global_row": 6509, "global_col": 38353, "lon": 139.6125, "lat": 35.75416666666667 }, "geometry": { "type": "Polygon", "coordinates": [ [ [ 139.616666666666674, 35.75 ], [ 139.616666666666674, 35.75833333333334 ], [ 139.60833333333332, 35.75833333333334 ], [ 139.60833333333332, 35.75 ], [ 139.616666666666674, 35.75 ] ] ] } },
{ "type": "Feature", "properties": { "cell_id": "r7_c6", "row": 7, "col": 6, "global_row": 6509, "global_col": 38354, "lon": 139.62083333333334, "lat": 35.75416666666667 }, "geometry": { "type": "Polygon", "coordinates": [ [ [ 139.625, 35.75 ], [ 139.625, 35.75833333333334 ], [ 139.616666666666674, 35.75833333333334 ], [ 139.616666666666674, 35.75 ], [ 139.625, 35.75 ] ] ] } },
{ "type": "Feature", "properties": { "cell_id": "r7_c7", "row": 7, "col": 7, "global_row": 6509, "global_col": 38355, "lon": 139.62916666666666, "lat": 35.75416666666667 }, "geometry": { "type": "Polygon", "coordinates": [ [ [ 139.633333333333326, 35.75 ], [ 139.633333333333326, 35.75833333333334 ], [ 139.625, 35.75833333333334 ], [ 139.625, 35.75 ], [ 139.633333333333326, 35.75 ] ] ] } },
{ "type": "Feature", "properties": { "cell_id": "r7_c8", "row": 7, "col": 8, "global_row": 6509, "global_col": 38356, "lon": 139.6375, "lat": 35.75416666666667 }, "geometry": { "type": "Polygon", "coordinates": [ [ [ 139.641666666666652, 35.75 ], [ 139.641666666666652, 35.75833333333334 ], [ 139.633333333333326, 35.75833333333334 ], [ 139.633333333333326, 35.75 ], [ 139.641666666666652, 35.75 ] ] ] } },
{ "type": "Feature", "properties": { "cell_id": "r7_c9", "row": 7, "col": 9, "global_row": 6509, "global_col": 38357, "lon": 139.64583333333331, "lat": 35.75416666666667 }, "geometry": { "type": "Polygon", "coordinates": [ [ [ 139.65, 35.75 ], [ 139.65, 35.75833333333334 ], [ 139.641666666666652, 35.75833333333334 ], [ 139.641666666666652, 35.75 ], [ 139.65, 35.75 ] ] ] } },
{ "type": "Feature", "properties": { "cell_id": "r7_c10", "row": 7, "col": 10, "global_row": 6509, "global_col": 38358, "lon": 139.65416666666667, "lat": 35.75416666666667 }, "geometry": { "type": "Polygon", "coordinates": [ [ [ 139.658333333333331, 35.75 ], [ 139.658333333333331, 35.75833333333334 ], [ 139.65, 35.75833333333334 ], [ 139.65, 35.75 ], [ 139.658333333333331, 35.75 ] ] ] } },
{ "type": "Feature", "properties": { "cell_id": "r7_c11", "row": 7, "col": 11, "global_row": 6509, "global_col": 38359, "lon": 139.6625, "lat": 35.75416666666667 }, "geometry": { "type": "Polygon", "coordinates": [ [ [ 139.666666666666657, 35.75 ], [ 139.666666666666657, 35.75833333333334 ], [ 139.658333333333331, 35.75833333333334 ], [ 139.658333333333331, 35.75 ], [ 139.666666666666657, 35.75 ] ] ] } },
{ "type": "Feature", "properties": { "cell_id": "r7_c12", "row": 7, "col": 12, "global_row": 6509, "global_col": 38360, "lon": 139.67083333333332, "lat": 35.75416666666667 }, "geometry": { "type": "Polygon", "coordinates": [ [ [ 139.675, 35.75 ], [ 139.675, 35.75833333333334 ], [ 139.666666666666657, 35.75833333333334 ], [ 139.666666666666657, 35.75 ], [ 139.675, 35.75 ] ] ] } },
{ "type": "Feature", "properties": { "cell_id": "r7_c13", "row": 7, "col": 13, "global_row": 6509, "global_col": 38361, "lon": 139.67916666666665, "lat": 35.75416666666667 }, "geometry": { "type": "Polygon", "coordinates": [ [ [ 139.683333333333337, 35.75 ], [ 139.683333333333337, 35.75833333333334 ], [ 139.675, 35.75833333333334 ], [ 139.675, 35.75 ], [ 139.683333333333337, 35.75 ] ] ] } },
{ "type": "Feature", "properties": { "cell_id": "r7_c14", "row": 7, "col": 14, "global_row": 6509, "global_col": 38362, "lon": 139.6875, "lat": 35.75416666666667 }, "geometry": { "type": "Polygon", "coordinates": [ [ [ 139.691666666666663, 35.75 ], [ 139.691666666666663, 35.75833333333334 ], [ 139.683333333333337, 35.75833333333334 ], [ 139.683333333333337, 35.75 ], [ 139.691666666666663, 35.75 ] ] ] } },
{ "type": "Feature", "properties": { "cell_id": "r7_c15", "row": 7, "col": 15, "global_row": 6509, "global_col": 38363, "lon": 139.69583333333333, "lat": 35.75416666666667 }, "geometry": { "type": "Polygon", "coordinates": [ [ [ 139.7, 35.75 ], [ 139.7, 35.75833333333334 ], [ 139.691666666666663, 35.75833333333334 ], [ 139.691666666666663, 35.75 ], [ 139.7, 35.75 ] ] ] } },
{ "type": "Feature", "properties": { "cell_id": "r7_c16", "row": 7, "col": 16, "global_row": 6509, "global_col": 38364, "lon": 139.70416666666665, "lat": 35.75416666666667 }, "geometry": { "type": "Polygon", "coordinates": [ [ [ 139.708333333333343, 35.75 ], [ 139.708333333333343, 35.75833333333334 ], [ 139.7, 35.75833333333334 ], [ 139.7, 35.75 ], [ 139.708333333333343, 35.75 ] ] ] } },
{ "type": "Feature", "properties": { "cell_id": "r7_c17", "row": 7, "col": 17, "global_row": 6509, "global_col": 38365, "lon": 139.7125, "lat": 35.75416666666667 }, "geometry": { "type": "Polygon", "coordinates": [ [ [ 139.716666666666669, 35.75 ], [ 139.716666666666669, 35.75833333333334 ], [ 139.708333333333343, 35.75833333333334 ], [ 139.708333333333343, 35.75 ], [ 139.716666666666669, 35.75 ] ] ] } },
{ "type": "Feature", "properties": { "cell_id": "r7_c18", "row": 7, "col": 18, "global_row": 6509, "global_col": 38366, "lon": 139.7208333333333, "lat": 35.75416666666667 }, "geometry": { "type": "Polygon", "coordinates": [ [ [ 139.725, 35.75 ], [ 139.725, 35.75833333333334 ], [ 139.716666666666669, 35.75833333333334 ], [ 139.716666666666669, 35.75 ], [ 139.725, 35.75 ] ] ] } },
{ "type": "Feature", "properties": { "cell_id": "r7_c19", "row": 7, "col": 19, "global_row": 6509, "global_col": 38367, "lon": 139.72916666666663, "lat": 35.75416666666667 }, "geometry": { "type": "Polygon", "coordinates": [ [ [ 139.73333333333332, 35.75 ], [ 139.73333333333332, 35.75833333333334 ], [ 139.725, 35.75833333333334 ], [ 139.725, 35.75 ], [ 139.73333333333332, 35.75 ] ] ] } },
{ "type": "Feature", "properties": { "cell_id": "r7_c20", "row": 7, "col": 20, "global_row": 6509, "global_col": 38368, "lon": 139.7375, "lat": 35.75416666666667 }, "geometry": { "type": "Polygon", "coordinates": [ [ [ 139.741666666666674, 35.75 ], [ 139.741666666666674, 35.75833333333334 ], [ 139.73333333333332, 35.75833333333334 ], [ 139.73333333333332, 35.75 ], [ 139.741666666666674, 35.75 ] ] ] } },
{ "type": "Feature", "properties": { "cell_id": "r7_c21", "row": 7, "col": 21, "global_row": 6509, "global_col": 38369, "lon": 139.74583333333337, "lat": 35.75416666666667 }, "geometry": { "type": "Polygon", "coordinates": [ [ [ 139.75, 35.75 ], [ 139.75, 35.75833333333334 ], [ 139.741666666666674, 35.75833333333334 ], [ 139.741666666666674, 35.75 ], [ 139.75, 35.75 ] ] ] } },
{ "type": "Feature", "properties": { "cell_id": "r7_c22", "row": 7, "col": 22, "global_row": 6509, "global_col": 38370, "lon": 139.75416666666666, "lat": 35.75416666666667 }, "geometry": { "type": "Polygon", "coordinates": [ [ [ 139.758333333333326, 35.75 ], [ 139.758333333333326, 35.75833333333334 ], [ 139.75, 35.75833333333334 ], [ 139.75, 35.75 ], [ 139.758333333333326, 35.75 ] ] ] } },
{ "type": "Feature", "properties": { "cell_id": "r7_c23", "row": 7, "col": 23, "global_row": 6509, "global_col": 38371, "lon": 139.7625, "lat": 35.75416666666667 }, "geometry": { "type": "Polygon", "coordinates": [ [ [ 139.766666666666652, 35.75 ], [ 139.766666666666652, 35.75833333333334 ], [ 139.758333333333326, 35.75833333333334 ], [ 139.758333333333326, 35.75 ], [ 139.766666666666652, 35.75 ] ] ] } },
{ "type": "Feature", "properties": { "cell_id": "r7_c24", "row": 7, "col": 24, "global_row": 6509, "global_col": 38372, "lon": 139.77083333333331, "lat": 35.75416666666667 }, "geometry": { "type": "Polygon", "coordinates": [ [ [ 139.775, 35.75 ], [ 139.775, 35.75833333333334 ], [ 139.766666666666652, 35.75833333333334 ], [ 139.766666666666652, 35.75 ], [ 139.775, 35.75 ] ] ] } },
{ "type": "Feature", "properties": { "cell_id": "r7_c25", "row": 7, "col": 25, "global_row": 6509, "global_col": 38373, "lon": 139.77916666666667, "lat": 35.75416666666667 }, "geometry": { "type": "Polygon", "coordinates": [ [ [ 139.783333333333331, 35.75 ], [ 139.783333333333331, 35.75833333333334 ], [ 139.775, 35.75833333333334 ], [ 139.775, 35.75 ], [ 139.783333333333331, 35.75 ] ] ] } },
{ "type": "Feature", "properties": { "cell_id": "r7_c26", "row": 7, "col": 26, "global_row": 6509, "global_col": 38374, "lon": 139.7875, "lat": 35.75416666666667 }, "geometry": { "type": "Polygon", "coordinates": [ [ [ 139.791666666666657, 35.75 ], [ 139.791666666666657, 35.75833333333334 ], [ 139.783333333333331, 35.75833333333334 ], [ 139.783333333333331, 35.75 ], [ 139.791666666666657, 35.75 ] ] ] } },
{ "type": "Feature", "properties": { "cell_id": "r7_c27", "row": 7, "col": 27, "global_row": 6509, "global_col": 38375, "lon": 139.79583333333332, "lat": 35.75416666666667 }, "geometry": { "type": "Polygon", "coordinates": [ [ [ 139.8, 35.75 ], [ 139.8, 35.75833333333334 ], [ 139.791666666666657, 35.75833333333334 ], [ 139.791666666666657, 35.75 ], [ 139.8, 35.75 ] ] ] } },
{ "type": "Feature", "properties": { "cell_id": "r7_c28", "row": 7, "col": 28, "global_row": 6509, "global_col": 38376, "lon": 139.80416666666667, "lat": 35.75416666666667 }, "geometry": { "type": "Polygon", "coordinates": [ [ [ 139.808333333333337, 35.75 ], [ 139.808333333333337, 35.75833333333334 ], [ 139.8, 35.75833333333334 ], [ 139.8, 35.75 ], [ 139.808333333333337, 35.75 ] ] ] } },
{ "type": "Feature", "properties": { "cell_id": "r7_c29", "row": 7, "col": 29, "global_row": 6509, "global_col": 38377, "lon": 139.8125, "lat": 35.75416666666667 }, "geometry": { "type": "Polygon", "coordinates": [ [ [ 139.816666666666663, 35.75 ], [ 139.816666666666663, 35.75833333333334 ], [ 139.808333333333337, 35.75833333333334 ], [ 139.808333333333337, 35.75 ], [ 139.816666666666663, 35.75 ] ] ] } },
{ "type": "Feature", "properties": { "cell_id": "r7_c30", "row": 7, "col": 30, "global_row": 6509, "global_col": 38378, "lon": 139.8208333333333, "lat": 35.75416666666667 }, "geometry": { "type": "Polygon", "coordinates": [ [ [ 139.825, 35.75 ], [ 139.825, 35.75833333333334 ], [ 139.816666666666663, 35.75833333333334 ], [ 139.816666666666663, 35.75 ], [ 139.825, 35.75 ] ] ] } },
{ "type": "Feature", "properties": { "cell_id": "r7_c31", "row": 7, "col": 31, "global_row": 6509, "global_col": 38379, "lon": 139.82916666666668, "lat": 35.75416666666667 }, "geometry": { "type": "Polygon", "coordinates": [ [ [ 139.833333333333343, 35.75 ], [ 139.833333333333343, 35.75833333333334 ], [ 139.825, 35.75833333333334 ], [ 139.825, 35.75 ], [ 139.833333333333343, 35.75 ] ] ] } },
{ "type": "Feature", "properties": { "cell_id": "r7_c32", "row": 7, "col": 32, "global_row": 6509, "global_col": 38380, "lon": 139.8375, "lat": 35.75416666666667 }, "geometry": { "type": "Polygon", "coordinates": [ [ [ 139.841666666666669, 35.75 ], [ 139.841666666666669, 35.75833333333334 ], [ 139.833333333333343, 35.75833333333334 ], [ 139.833333333333343, 35.75 ], [ 139.841666666666669, 35.75 ] ] ] } },
{ "type": "Feature", "properties": { "cell_id": "r7_c33", "row": 7, "col": 33, "global_row": 6509, "global_col": 38381, "lon": 139.84583333333333, "lat": 35.75416666666667 }, "geometry": { "type": "Polygon", "coordinates": [ [ [ 139.85, 35.75 ], [ 139.85, 35.75833333333334 ], [ 139.841666666666669, 35.75833333333334 ], [ 139.841666666666669, 35.75 ], [ 139.85, 35.75 ] ] ] } },
{ "type": "Feature", "properties": { "cell_id": "r7_c34", "row": 7, "col": 34, "global_row": 6509, "global_col": 38382, "lon": 139.85416666666663, "lat": 35.75416666666667 }, "geometry": { "type": "Polygon", "coordinates": [ [ [ 139.85833333333332, 35.75 ], [ 139.85833333333332, 35.75833333333334 ], [ 139.85, 35.75833333333334 ], [ 139.85, 35.75 ], [ 139.85833333333332, 35.75 ] ] ] } },
{ "type": "Feature", "properties": { "cell_id": "r7_c35", "row": 7, "col": 35, "global_row": 6509, "global_col": 38383, "lon": 139.8625, "lat": 35.75416666666667 }, "geometry": { "type": "Polygon", "coordinates": [ [ [ 139.866666666666674, 35.75 ], [ 139.866666666666674, 35.75833333333334 ], [ 139.85833333333332, 35.75833333333334 ], [ 139.85833333333332, 35.75 ], [ 139.866666666666674, 35.75 ] ] ] } },
{ "type": "Feature", "properties": { "cell_id": "r7_c36", "row": 7, "col": 36, "global_row": 6509, "global_col": 38384, "lon": 139.87083333333334, "lat": 35.75416666666667 }, "geometry": { "type": "Polygon", "coordinates": [ [ [ 139.875, 35.75 ], [ 139.875, 35.75833333333334 ], [ 139.866666666666674, 35.75833333333334 ], [ 139.866666666666674, 35.75 ], [ 139.875, 35.75 ] ] ] } },
{ "type": "Feature", "properties": { "cell_id": "r7_c37", "row": 7, "col": 37, "global_row": 6509, "global_col": 38385, "lon": 139.87916666666669, "lat": 35.75416666666667 }, "geometry": { "type": "Polygon", "coordinates": [ [ [ 139.883333333333326, 35.75 ], [ 139.883333333333326, 35.75833333333334 ], [ 139.875, 35.75833333333334 ], [ 139.875, 35.75 ], [ 139.883333333333326, 35.75 ] ] ] } },
{ "type": "Feature", "properties": { "cell_id": "r7_c38", "row": 7, "col": 38, "global_row": 6509, "global_col": 38386, "lon": 139.8875, "lat": 35.75416666666667 }, "geometry": { "type": "Polygon", "coordinates": [ [ [ 139.891666666666652, 35.75 ], [ 139.891666666666652, 35.75833333333334 ], [ 139.883333333333326, 35.75833333333334 ], [ 139.883333333333326, 35.75 ], [ 139.891666666666652, 35.75 ] ] ] } },
{ "type": "Feature", "properties": { "cell_id": "r8_c1", "row": 8, "col": 1, "global_row": 6510, "global_col": 38349, "lon": 139.57916666666665, "lat": 35.745833333333337 }, "geometry": { "type": "Polygon", "coordinates": [ [ [ 139.583333333333343, 35.741666666666667 ], [ 139.583333333333343, 35.75 ], [ 139.575, 35.75 ], [ 139.575, 35.741666666666667 ], [ 139.583333333333343, 35.741666666666667 ] ] ] } },
{ "type": "Feature", "properties": { "cell_id": "r8_c2", "row": 8, "col": 2, "global_row": 6510, "global_col": 38350, "lon": 139.5875, "lat": 35.745833333333337 }, "geometry": { "type": "Polygon", "coordinates": [ [ [ 139.591666666666669, 35.741666666666667 ], [ 139.591666666666669, 35.75 ], [ 139.583333333333343, 35.75 ], [ 139.583333333333343, 35.741666666666667 ], [ 139.591666666666669, 35.741666666666667 ] ] ] } },
{ "type": "Feature", "properties": { "cell_id": "r8_c3", "row": 8, "col": 3, "global_row": 6510, "global_col": 38351, "lon": 139.59583333333333, "lat": 35.745833333333337 }, "geometry": { "type": "Polygon", "coordinates": [ [ [ 139.6, 35.741666666666667 ], [ 139.6, 35.75 ], [ 139.591666666666669, 35.75 ], [ 139.591666666666669, 35.741666666666667 ], [ 139.6, 35.741666666666667 ] ] ] } },
{ "type": "Feature", "properties": { "cell_id": "r8_c4", "row": 8, "col": 4, "global_row": 6510, "global_col": 38352, "lon": 139.60416666666666, "lat": 35.745833333333337 }, "geometry": { "type": "Polygon", "coordinates": [ [ [ 139.60833333333332, 35.741666666666667 ], [ 139.60833333333332, 35.75 ], [ 139.6, 35.75 ], [ 139.6, 35.741666666666667 ], [ 139.60833333333332, 35.741666666666667 ] ] ] } },
{ "type": "Feature", "properties": { "cell_id": "r8_c5", "row": 8, "col": 5, "global_row": 6510, "global_col": 38353, "lon": 139.6125, "lat": 35.745833333333337 }, "geometry": { "type": "Polygon", "coordinates": [ [ [ 139.616666666666674, 35.741666666666667 ], [ 139.616666666666674, 35.75 ], [ 139.60833333333332, 35.75 ], [ 139.60833333333332, 35.741666666666667 ], [ 139.616666666666674, 35.741666666666667 ] ] ] } },
{ "type": "Feature", "properties": { "cell_id": "r8_c6", "row": 8, "col": 6, "global_row": 6510, "global_col": 38354, "lon": 139.62083333333334, "lat": 35.745833333333337 }, "geometry": { "type": "Polygon", "coordinates": [ [ [ 139.625, 35.741666666666667 ], [ 139.625, 35.75 ], [ 139.616666666666674, 35.75 ], [ 139.616666666666674, 35.741666666666667 ], [ 139.625, 35.741666666666667 ] ] ] } },
{ "type": "Feature", "properties": { "cell_id": "r8_c7", "row": 8, "col": 7, "global_row": 6510, "global_col": 38355, "lon": 139.62916666666666, "lat": 35.745833333333337 }, "geometry": { "type": "Polygon", "coordinates": [ [ [ 139.633333333333326, 35.741666666666667 ], [ 139.633333333333326, 35.75 ], [ 139.625, 35.75 ], [ 139.625, 35.741666666666667 ], [ 139.633333333333326, 35.741666666666667 ] ] ] } },
{ "type": "Feature", "properties": { "cell_id": "r8_c8", "row": 8, "col": 8, "global_row": 6510, "global_col": 38356, "lon": 139.6375, "lat": 35.745833333333337 }, "geometry": { "type": "Polygon", "coordinates": [ [ [ 139.641666666666652, 35.741666666666667 ], [ 139.641666666666652, 35.75 ], [ 139.633333333333326, 35.75 ], [ 139.633333333333326, 35.741666666666667 ], [ 139.641666666666652, 35.741666666666667 ] ] ] } },
{ "type": "Feature", "properties": { "cell_id": "r8_c9", "row": 8, "col": 9, "global_row": 6510, "global_col": 38357, "lon": 139.64583333333331, "lat": 35.745833333333337 }, "geometry": { "type": "Polygon", "coordinates": [ [ [ 139.65, 35.741666666666667 ], [ 139.65, 35.75 ], [ 139.641666666666652, 35.75 ], [ 139.641666666666652, 35.741666666666667 ], [ 139.65, 35.741666666666667 ] ] ] } },
{ "type": "Feature", "properties": { "cell_id": "r8_c10", "row": 8, "col": 10, "global_row": 6510, "global_col": 38358, "lon": 139.65416666666667, "lat": 35.745833333333337 }, "geometry": { "type": "Polygon", "coordinates": [ [ [ 139.658333333333331, 35.741666666666667 ], [ 139.658333333333331, 35.75 ], [ 139.65, 35.75 ], [ 139.65, 35.741666666666667 ], [ 139.658333333333331, 35.741666666666667 ] ] ] } },
{ "type": "Feature", "properties": { "cell_id": "r8_c11", "row": 8, "col": 11, "global_row": 6510, "global_col": 38359, "lon": 139.6625, "lat": 35.745833333333337 }, "geometry": { "type": "Polygon", "coordinates": [ [ [ 139.666666666666657, 35.741666666666667 ], [ 139.666666666666657, 35.75 ], [ 139.658333333333331, 35.75 ], [ 139.658333333333331, 35.741666666666667 ], [ 139.666666666666657, 35.741666666666667 ] ] ] } },
{ "type": "Feature", "properties": { "cell_id": "r8_c12", "row": 8, "col": 12, "global_row": 6510, "global_col": 38360, "lon": 139.67083333333335, "lat": 35.745833333333337 }, "geometry": { "type": "Polygon", "coordinates": [ [ [ 139.675, 35.741666666666667 ], [ 139.675, 35.75 ], [ 139.666666666666657, 35.75 ], [ 139.666666666666657, 35.741666666666667 ], [ 139.675, 35.741666666666667 ] ] ] } },
{ "type": "Feature", "properties": { "cell_id": "r8_c13", "row": 8, "col": 13, "global_row": 6510, "global_col": 38361, "lon": 139.67916666666667, "lat": 35.745833333333337 }, "geometry": { "type": "Polygon", "coordinates": [ [ [ 139.683333333333337, 35.741666666666667 ], [ 139.683333333333337, 35.75 ], [ 139.675, 35.75 ], [ 139.675, 35.741666666666667 ], [ 139.683333333333337, 35.741666666666667 ] ] ] } },
{ "type": "Feature", "properties": { "cell_id": "r8_c14", "row": 8, "col": 14, "global_row": 6510, "global_col": 38362, "lon": 139.6875, "lat": 35.745833333333337 }, "geometry": { "type": "Polygon", "coordinates": [ [ [ 139.691666666666663, 35.741666666666667 ], [ 139.691666666666663, 35.75 ], [ 139.683333333333337, 35.75 ], [ 139.683333333333337, 35.741666666666667 ], [ 139.691666666666663, 35.741666666666667 ] ] ] } },
{ "type": "Feature", "properties": { "cell_id": "r8_c15", "row": 8, "col": 15, "global_row": 6510, "global_col": 38363, "lon": 139.69583333333333, "lat": 35.745833333333337 }, "geometry": { "type": "Polygon", "coordinates": [ [ [ 139.7, 35.741666666666667 ], [ 139.7, 35.75 ], [ 139.691666666666663, 35.75 ], [ 139.691666666666663, 35.741666666666667 ], [ 139.7, 35.741666666666667 ] ] ] } },
{ "type": "Feature", "properties": { "cell_id": "r8_c16", "row": 8, "col": 16, "global_row": 6510, "global_col": 38364, "lon": 139.70416666666665, "lat": 35.745833333333337 }, "geometry": { "type": "Polygon", "coordinates": [ [ [ 139.708333333333343, 35.741666666666667 ], [ 139.708333333333343, 35.75 ], [ 139.7, 35.75 ], [ 139.7, 35.741666666666667 ], [ 139.708333333333343, 35.741666666666667 ] ] ] } },
{ "type": "Feature", "properties": { "cell_id": "r8_c17", "row": 8, "col": 17, "global_row": 6510, "global_col": 38365, "lon": 139.7125, "lat": 35.745833333333337 }, "geometry": { "type": "Polygon", "coordinates": [ [ [ 139.716666666666669, 35.741666666666667 ], [ 139.716666666666669, 35.75 ], [ 139.708333333333343, 35.75 ], [ 139.708333333333343, 35.741666666666667 ], [ 139.716666666666669, 35.741666666666667 ] ] ] } },
{ "type": "Feature", "properties": { "cell_id": "r8_c18", "row": 8, "col": 18, "global_row": 6510, "global_col": 38366, "lon": 139.7208333333333, "lat": 35.745833333333337 }, "geometry": { "type": "Polygon", "coordinates": [ [ [ 139.725, 35.741666666666667 ], [ 139.725, 35.75 ], [ 139.716666666666669, 35.75 ], [ 139.716666666666669, 35.741666666666667 ], [ 139.725, 35.741666666666667 ] ] ] } },
{ "type": "Feature", "properties": { "cell_id": "r8_c19", "row": 8, "col": 19, "global_row": 6510, "global_col": 38367, "lon": 139.72916666666663, "lat": 35.745833333333337 }, "geometry": { "type": "Polygon", "coordinates": [ [ [ 139.73333333333332, 35.741666666666667 ], [ 139.73333333333332, 35.75 ], [ 139.725, 35.75 ], [ 139.725, 35.741666666666667 ], [ 139.73333333333332, 35.741666666666667 ] ] ] } },
{ "type": "Feature", "properties": { "cell_id": "r8_c20", "row": 8, "col": 20, "global_row": 6510, "global_col": 38368, "lon": 139.7375, "lat": 35.745833333333337 }, "geometry": { "type": "Polygon", "coordinates": [ [ [ 139.741666666666674, 35.741666666666667 ], [ 139.741666666666674, 35.75 ], [ 139.73333333333332, 35.75 ], [ 139.73333333333332, 35.741666666666667 ], [ 139.741666666666674, 35.741666666666667 ] ] ] } },
{ "type": "Feature", "properties": { "cell_id": "r8_c21", "row": 8, "col": 21, "global_row": 6510, "global_col": 38369, "lon": 139.74583333333334, "lat": 35.745833333333337 }, "geometry": { "type": "Polygon", "coordinates": [ [ [ 139.75, 35.741666666666667 ], [ 139.75, 35.75 ], [ 139.741666666666674, 35.75 ], [ 139.741666666666674, 35.741666666666667 ], [ 139.75, 35.741666666666667 ] ] ] } },
{ "type": "Feature", "properties": { "cell_id": "r8_c22", "row": 8, "col": 22, "global_row": 6510, "global_col": 38370, "lon": 139.75416666666666, "lat": 35.745833333333337 }, "geometry": { "type": "Polygon", "coordinates": [ [ [ 139.758333333333326, 35.741666666666667 ], [ 139.758333333333326, 35.75 ], [ 139.75, 35.75 ], [ 139.75, 35.741666666666667 ], [ 139.758333333333326, 35.741666666666667 ] ] ] } },
{ "type": "Feature", "properties": { "cell_id": "r8_c23", "row": 8, "col": 23, "global_row": 6510, "global_col": 38371, "lon": 139.7625, "lat": 35.745833333333337 }, "geometry": { "type": "Polygon", "coordinates": [ [ [ 139.766666666666652, 35.741666666666667 ], [ 139.766666666666652, 35.75 ], [ 139.758333333333326, 35.75 ], [ 139.758333333333326, 35.741666666666667 ], [ 139.766666666666652, 35.741666666666667 ] ] ] } },
{ "type": "Feature", "properties": { "cell_id": "r8_c24", "row": 8, "col": 24, "global_row": 6510, "global_col": 38372, "lon": 139.77083333333331, "lat": 35.745833333333337 }, "geometry": { "type": "Polygon", "coordinates": [ [ [ 139.775, 35.741666666666667 ], [ 139.775, 35.75 ], [ 139.766666666666652, 35.75 ], [ 139.766666666666652, 35.741666666666667 ], [ 139.775, 35.741666666666667 ] ] ] } },
{ "type": "Feature", "properties": { "cell_id": "r8_c25", "row": 8, "col": 25, "global_row": 6510, "global_col": 38373, "lon": 139.7791666666667, "lat": 35.745833333333337 }, "geometry": { "type": "Polygon", "coordinates": [ [ [ 139.783333333333331, 35.741666666666667 ], [ 139.783333333333331, 35.75 ], [ 139.775, 35.75 ], [ 139.775, 35.741666666666667 ], [ 139.783333333333331, 35.741666666666667 ] ] ] } },
{ "type": "Feature", "properties": { "cell_id": "r8_c26", "row": 8, "col": 26, "global_row": 6510, "global_col": 38374, "lon": 139.7875, "lat": 35.745833333333337 }, "geometry": { "type": "Polygon", "coordinates": [ [ [ 139.791666666666657, 35.741666666666667 ], [ 139.791666666666657, 35.75 ], [ 139.783333333333331, 35.75 ], [ 139.783333333333331, 35.741666666666667 ], [ 139.791666666666657, 35.741666666666667 ] ] ] } },
{ "type": "Feature", "properties": { "cell_id": "r8_c27", "row": 8, "col": 27, "global_row": 6510, "global_col": 38375, "lon": 139.79583333333332, "lat": 35.745833333333337 }, "geometry": { "type": "Polygon", "coordinates": [ [ [ 139.8, 35.741666666666667 ], [ 139.8, 35.75 ], [ 139.791666666666657, 35.75 ], [ 139.791666666666657, 35.741666666666667 ], [ 139.8, 35.741666666666667 ] ] ] } },
{ "type": "Feature", "properties": { "cell_id": "r8_c28", "row": 8, "col": 28, "global_row": 6510, "global_col": 38376, "lon": 139.80416666666665, "lat": 35.745833333333337 }, "geometry": { "type": "Polygon", "coordinates": [ [ [ 139.808333333333337, 35.741666666666667 ], [ 139.808333333333337, 35.75 ], [ 139.8, 35.75 ], [ 139.8, 35.741666666666667 ], [ 139.808333333333337, 35.741666666666667 ] ] ] } },
{ "type": "Feature", "properties": { "cell_id": "r8_c29", "row": 8, "col": 29, "global_row": 6510, "global_col": 38377, "lon": 139.8125, "lat": 35.745833333333337 }, "geometry": { "type": "Polygon", "coordinates": [ [ [ 139.816666666666663, 35.741666666666667 ], [ 139.816666666666663, 35.75 ], [ 139.808333333333337, 35.75 ], [ 139.808333333333337, 35.741666666666667 ], [ 139.816666666666663, 35.741666666666667 ] ] ] } },
{ "type": "Feature", "properties": { "cell_id": "r8_c30", "row": 8, "col": 30, "global_row": 6510, "global_col": 38378, "lon": 139.82083333333333, "lat": 35.745833333333337 }, "geometry": { "type": "Polygon", "coordinates": [ [ [ 139.825, 35.741666666666667 ], [ 139.825, 35.75 ], [ 139.816666666666663, 35.75 ], [ 139.816666666666663, 35.741666666666667 ], [ 139.825, 35.741666666666667 ] ] ] } },
{ "type": "Feature", "properties": { "cell_id": "r8_c31", "row": 8, "col": 31, "global_row": 6510, "global_col": 38379, "lon": 139.82916666666665, "lat": 35.745833333333337 }, "geometry": { "type": "Polygon", "coordinates": [ [ [ 139.833333333333343, 35.741666666666667 ], [ 139.833333333333343, 35.75 ], [ 139.825, 35.75 ], [ 139.825, 35.741666666666667 ], [ 139.833333333333343, 35.741666666666667 ] ] ] } },
{ "type": "Feature", "properties": { "cell_id": "r8_c32", "row": 8, "col": 32, "global_row": 6510, "global_col": 38380, "lon": 139.8375, "lat": 35.745833333333337 }, "geometry": { "type": "Polygon", "coordinates": [ [ [ 139.841666666666669, 35.741666666666667 ], [ 139.841666666666669, 35.75 ], [ 139.833333333333343, 35.75 ], [ 139.833333333333343, 35.741666666666667 ], [ 139.841666666666669, 35.741666666666667 ] ] ] } },
{ "type": "Feature", "properties": { "cell_id": "r8_c33", "row": 8, "col": 33, "global_row": 6510, "global_col": 38381, "lon": 139.8458333333333, "lat": 35.745833333333337 }, "geometry": { "type": "Polygon", "coordinates": [ [ [ 139.85, 35.741666666666667 ], [ 139.85, 35.75 ], [ 139.841666666666669, 35.75 ], [ 139.841666666666669, 35.741666666666667 ], [ 139.85, 35.741666666666667 ] ] ] } },
{ "type": "Feature", "properties": { "cell_id": "r8_c34", "row": 8, "col": 34, "global_row": 6510, "global_col": 38382, "lon": 139.85416666666666, "lat": 35.745833333333337 }, "geometry": { "type": "Polygon", "coordinates": [ [ [ 139.85833333333332, 35.741666666666667 ], [ 139.85833333333332, 35.75 ], [ 139.85, 35.75 ], [ 139.85, 35.741666666666667 ], [ 139.85833333333332, 35.741666666666667 ] ] ] } },
{ "type": "Feature", "properties": { "cell_id": "r8_c35", "row": 8, "col": 35, "global_row": 6510, "global_col": 38383, "lon": 139.8625, "lat": 35.745833333333337 }, "geometry": { "type": "Polygon", "coordinates": [ [ [ 139.866666666666674, 35.741666666666667 ], [ 139.866666666666674, 35.75 ], [ 139.85833333333332, 35.75 ], [ 139.85833333333332, 35.741666666666667 ], [ 139.866666666666674, 35.741666666666667 ] ] ] } },
{ "type": "Feature", "properties": { "cell_id": "r8_c36", "row": 8, "col": 36, "global_row": 6510, "global_col": 38384, "lon": 139.87083333333334, "lat": 35.745833333333337 }, "geometry": { "type": "Polygon", "coordinates": [ [ [ 139.875, 35.741666666666667 ], [ 139.875, 35.75 ], [ 139.866666666666674, 35.75 ], [ 139.866666666666674, 35.741666666666667 ], [ 139.875, 35.741666666666667 ] ] ] } },
{ "type": "Feature", "properties": { "cell_id": "r8_c37", "row": 8, "col": 37, "global_row": 6510, "global_col": 38385, "lon": 139.87916666666666, "lat": 35.745833333333337 }, "geometry": { "type": "Polygon", "coordinates": [ [ [ 139.883333333333326, 35.741666666666667 ], [ 139.883333333333326, 35.75 ], [ 139.875, 35.75 ], [ 139.875, 35.741666666666667 ], [ 139.883333333333326, 35.741666666666667 ] ] ] } },
{ "type": "Feature", "properties": { "cell_id": "r8_c38", "row": 8, "col": 38, "global_row": 6510, "global_col": 38386, "lon": 139.8875, "lat": 35.745833333333337 }, "geometry": { "type": "Polygon", "coordinates": [ [ [ 139.891666666666652, 35.741666666666667 ], [ 139.891666666666652, 35.75 ], [ 139.883333333333326, 35.75 ], [ 139.883333333333326, 35.741666666666667 ], [ 139.891666666666652, 35.741666666666667 ] ] ] } },
{ "type": "Feature", "properties": { "cell_id": "r9_c1", "row": 9, "col": 1, "global_row": 6511, "global_col": 38349, "lon": 139.57916666666665, "lat": 35.7375 }, "geometry": { "type": "Polygon", "coordinates": [ [ [ 139.583333333333343, 35.733333333333334 ], [ 139.583333333333343, 35.741666666666667 ], [ 139.575, 35.741666666666667 ], [ 139.575, 35.733333333333334 ], [ 139.583333333333343, 35.733333333333334 ] ] ] } },
{ "type": "Feature", "properties": { "cell_id": "r9_c2", "row": 9, "col": 2, "global_row": 6511, "global_col": 38350, "lon": 139.5875, "lat": 35.7375 }, "geometry": { "type": "Polygon", "coordinates": [ [ [ 139.591666666666669, 35.733333333333334 ], [ 139.591666666666669, 35.741666666666667 ], [ 139.583333333333343, 35.741666666666667 ], [ 139.583333333333343, 35.733333333333334 ], [ 139.591666666666669, 35.733333333333334 ] ] ] } },
{ "type": "Feature", "properties": { "cell_id": "r9_c3", "row": 9, "col": 3, "global_row": 6511, "global_col": 38351, "lon": 139.59583333333333, "lat": 35.7375 }, "geometry": { "type": "Polygon", "coordinates": [ [ [ 139.6, 35.733333333333334 ], [ 139.6, 35.741666666666667 ], [ 139.591666666666669, 35.741666666666667 ], [ 139.591666666666669, 35.733333333333334 ], [ 139.6, 35.733333333333334 ] ] ] } },
{ "type": "Feature", "properties": { "cell_id": "r9_c4", "row": 9, "col": 4, "global_row": 6511, "global_col": 38352, "lon": 139.60416666666666, "lat": 35.7375 }, "geometry": { "type": "Polygon", "coordinates": [ [ [ 139.60833333333332, 35.733333333333334 ], [ 139.60833333333332, 35.741666666666667 ], [ 139.6, 35.741666666666667 ], [ 139.6, 35.733333333333334 ], [ 139.60833333333332, 35.733333333333334 ] ] ] } },
{ "type": "Feature", "properties": { "cell_id": "r9_c5", "row": 9, "col": 5, "global_row": 6511, "global_col": 38353, "lon": 139.6125, "lat": 35.7375 }, "geometry": { "type": "Polygon", "coordinates": [ [ [ 139.616666666666674, 35.733333333333334 ], [ 139.616666666666674, 35.741666666666667 ], [ 139.60833333333332, 35.741666666666667 ], [ 139.60833333333332, 35.733333333333334 ], [ 139.616666666666674, 35.733333333333334 ] ] ] } },
{ "type": "Feature", "properties": { "cell_id": "r9_c6", "row": 9, "col": 6, "global_row": 6511, "global_col": 38354, "lon": 139.62083333333334, "lat": 35.7375 }, "geometry": { "type": "Polygon", "coordinates": [ [ [ 139.625, 35.733333333333334 ], [ 139.625, 35.741666666666667 ], [ 139.616666666666674, 35.741666666666667 ], [ 139.616666666666674, 35.733333333333334 ], [ 139.625, 35.733333333333334 ] ] ] } },
{ "type": "Feature", "properties": { "cell_id": "r9_c7", "row": 9, "col": 7, "global_row": 6511, "global_col": 38355, "lon": 139.62916666666666, "lat": 35.7375 }, "geometry": { "type": "Polygon", "coordinates": [ [ [ 139.633333333333326, 35.733333333333334 ], [ 139.633333333333326, 35.741666666666667 ], [ 139.625, 35.741666666666667 ], [ 139.625, 35.733333333333334 ], [ 139.633333333333326, 35.733333333333334 ] ] ] } },
{ "type": "Feature", "properties": { "cell_id": "r9_c8", "row": 9, "col": 8, "global_row": 6511, "global_col": 38356, "lon": 139.6375, "lat": 35.7375 }, "geometry": { "type": "Polygon", "coordinates": [ [ [ 139.641666666666652, 35.733333333333334 ], [ 139.641666666666652, 35.741666666666667 ], [ 139.633333333333326, 35.741666666666667 ], [ 139.633333333333326, 35.733333333333334 ], [ 139.641666666666652, 35.733333333333334 ] ] ] } },
{ "type": "Feature", "properties": { "cell_id": "r9_c9", "row": 9, "col": 9, "global_row": 6511, "global_col": 38357, "lon": 139.64583333333331, "lat": 35.7375 }, "geometry": { "type": "Polygon", "coordinates": [ [ [ 139.65, 35.733333333333334 ], [ 139.65, 35.741666666666667 ], [ 139.641666666666652, 35.741666666666667 ], [ 139.641666666666652, 35.733333333333334 ], [ 139.65, 35.733333333333334 ] ] ] } },
{ "type": "Feature", "properties": { "cell_id": "r9_c10", "row": 9, "col": 10, "global_row": 6511, "global_col": 38358, "lon": 139.65416666666667, "lat": 35.7375 }, "geometry": { "type": "Polygon", "coordinates": [ [ [ 139.658333333333331, 35.733333333333334 ], [ 139.658333333333331, 35.741666666666667 ], [ 139.65, 35.741666666666667 ], [ 139.65, 35.733333333333334 ], [ 139.658333333333331, 35.733333333333334 ] ] ] } },
{ "type": "Feature", "properties": { "cell_id": "r9_c11", "row": 9, "col": 11, "global_row": 6511, "global_col": 38359, "lon": 139.6625, "lat": 35.7375 }, "geometry": { "type": "Polygon", "coordinates": [ [ [ 139.666666666666657, 35.733333333333334 ], [ 139.666666666666657, 35.741666666666667 ], [ 139.658333333333331, 35.741666666666667 ], [ 139.658333333333331, 35.733333333333334 ], [ 139.666666666666657, 35.733333333333334 ] ] ] } },
{ "type": "Feature", "properties": { "cell_id": "r9_c12", "row": 9, "col": 12, "global_row": 6511, "global_col": 38360, "lon": 139.67083333333335, "lat": 35.7375 }, "geometry": { "type": "Polygon", "coordinates": [ [ [ 139.675, 35.733333333333334 ], [ 139.675, 35.741666666666667 ], [ 139.666666666666657, 35.741666666666667 ], [ 139.666666666666657, 35.733333333333334 ], [ 139.675, 35.733333333333334 ] ] ] } },
{ "type": "Feature", "properties": { "cell_id": "r9_c13", "row": 9, "col": 13, "global_row": 6511, "global_col": 38361, "lon": 139.67916666666667, "lat": 35.7375 }, "geometry": { "type": "Polygon", "coordinates": [ [ [ 139.683333333333337, 35.733333333333334 ], [ 139.683333333333337, 35.741666666666667 ], [ 139.675, 35.741666666666667 ], [ 139.675, 35.733333333333334 ], [ 139.683333333333337, 35.733333333333334 ] ] ] } },
{ "type": "Feature", "properties": { "cell_id": "r9_c14", "row": 9, "col": 14, "global_row": 6511, "global_col": 38362, "lon": 139.6875, "lat": 35.7375 }, "geometry": { "type": "Polygon", "coordinates": [ [ [ 139.691666666666663, 35.733333333333334 ], [ 139.691666666666663, 35.741666666666667 ], [ 139.683333333333337, 35.741666666666667 ], [ 139.683333333333337, 35.733333333333334 ], [ 139.691666666666663, 35.733333333333334 ] ] ] } },
{ "type": "Feature", "properties": { "cell_id": "r9_c15", "row": 9, "col": 15, "global_row": 6511, "global_col": 38363, "lon": 139.69583333333333, "lat": 35.7375 }, "geometry": { "type": "Polygon", "coordinates": [ [ [ 139.7, 35.733333333333334 ], [ 139.7, 35.741666666666667 ], [ 139.691666666666663, 35.741666666666667 ], [ 139.691666666666663, 35.733333333333334 ], [ 139.7, 35.733333333333334 ] ] ] } },
{ "type": "Feature", "properties": { "cell_id": "r9_c16", "row": 9, "col": 16, "global_row": 6511, "global_col": 38364, "lon": 139.70416666666665, "lat": 35.7375 }, "geometry": { "type": "Polygon", "coordinates": [ [ [ 139.708333333333343, 35.733333333333334 ], [ 139.708333333333343, 35.741666666666667 ], [ 139.7, 35.741666666666667 ], [ 139.7, 35.733333333333334 ], [ 139.708333333333343, 35.733333333333334 ] ] ] } },
{ "type": "Feature", "properties": { "cell_id": "r9_c17", "row": 9, "col": 17, "global_row": 6511, "global_col": 38365, "lon": 139.7125, "lat": 35.7375 }, "geometry": { "type": "Polygon", "coordinates": [ [ [ 139.716666666666669, 35.733333333333334 ], [ 139.716666666666669, 35.741666666666667 ], [ 139.708333333333343, 35.741666666666667 ], [ 139.708333333333343, 35.733333333333334 ], [ 139.716666666666669, 35.733333333333334 ] ] ] } },
{ "type": "Feature", "properties": { "cell_id": "r9_c18", "row": 9, "col": 18, "global_row": 6511, "global_col": 38366, "lon": 139.7208333333333, "lat": 35.7375 }, "geometry": { "type": "Polygon", "coordinates": [ [ [ 139.725, 35.733333333333334 ], [ 139.725, 35.741666666666667 ], [ 139.716666666666669, 35.741666666666667 ], [ 139.716666666666669, 35.733333333333334 ], [ 139.725, 35.733333333333334 ] ] ] } },
{ "type": "Feature", "properties": { "cell_id": "r9_c19", "row": 9, "col": 19, "global_row": 6511, "global_col": 38367, "lon": 139.72916666666663, "lat": 35.7375 }, "geometry": { "type": "Polygon", "coordinates": [ [ [ 139.73333333333332, 35.733333333333334 ], [ 139.73333333333332, 35.741666666666667 ], [ 139.725, 35.741666666666667 ], [ 139.725, 35.733333333333334 ], [ 139.73333333333332, 35.733333333333334 ] ] ] } },
{ "type": "Feature", "properties": { "cell_id": "r9_c20", "row": 9, "col": 20, "global_row": 6511, "global_col": 38368, "lon": 139.7375, "lat": 35.7375 }, "geometry": { "type": "Polygon", "coordinates": [ [ [ 139.741666666666674, 35.733333333333334 ], [ 139.741666666666674, 35.741666666666667 ], [ 139.73333333333332, 35.741666666666667 ], [ 139.73333333333332, 35.733333333333334 ], [ 139.741666666666674, 35.733333333333334 ] ] ] } },
{ "type": "Feature", "properties": { "cell_id": "r9_c21", "row": 9, "col": 21, "global_row": 6511, "global_col": 38369, "lon": 139.74583333333334, "lat": 35.7375 }, "geometry": { "type": "Polygon", "coordinates": [ [ [ 139.75, 35.733333333333334 ], [ 139.75, 35.741666666666667 ], [ 139.741666666666674, 35.741666666666667 ], [ 139.741666666666674, 35.733333333333334 ], [ 139.75, 35.733333333333334 ] ] ] } },
{ "type": "Feature", "properties": { "cell_id": "r9_c22", "row": 9, "col": 22, "global_row": 6511, "global_col": 38370, "lon": 139.75416666666666, "lat": 35.7375 }, "geometry": { "type": "Polygon", "coordinates": [ [ [ 139.758333333333326, 35.733333333333334 ], [ 139.758333333333326, 35.741666666666667 ], [ 139.75, 35.741666666666667 ], [ 139.75, 35.733333333333334 ], [ 139.758333333333326, 35.733333333333334 ] ] ] } },
{ "type": "Feature", "properties": { "cell_id": "r9_c23", "row": 9, "col": 23, "global_row": 6511, "global_col": 38371, "lon": 139.7625, "lat": 35.7375 }, "geometry": { "type": "Polygon", "coordinates": [ [ [ 139.766666666666652, 35.733333333333334 ], [ 139.766666666666652, 35.741666666666667 ], [ 139.758333333333326, 35.741666666666667 ], [ 139.758333333333326, 35.733333333333334 ], [ 139.766666666666652, 35.733333333333334 ] ] ] } },
{ "type": "Feature", "properties": { "cell_id": "r9_c24", "row": 9, "col": 24, "global_row": 6511, "global_col": 38372, "lon": 139.77083333333331, "lat": 35.7375 }, "geometry": { "type": "Polygon", "coordinates": [ [ [ 139.775, 35.733333333333334 ], [ 139.775, 35.741666666666667 ], [ 139.766666666666652, 35.741666666666667 ], [ 139.766666666666652, 35.733333333333334 ], [ 139.775, 35.733333333333334 ] ] ] } },
{ "type": "Feature", "properties": { "cell_id": "r9_c25", "row": 9, "col": 25, "global_row": 6511, "global_col": 38373, "lon": 139.7791666666667, "lat": 35.7375 }, "geometry": { "type": "Polygon", "coordinates": [ [ [ 139.783333333333331, 35.733333333333334 ], [ 139.783333333333331, 35.741666666666667 ], [ 139.775, 35.741666666666667 ], [ 139.775, 35.733333333333334 ], [ 139.783333333333331, 35.733333333333334 ] ] ] } },
{ "type": "Feature", "properties": { "cell_id": "r9_c26", "row": 9, "col": 26, "global_row": 6511, "global_col": 38374, "lon": 139.7875, "lat": 35.7375 }, "geometry": { "type": "Polygon", "coordinates": [ [ [ 139.791666666666657, 35.733333333333334 ], [ 139.791666666666657, 35.741666666666667 ], [ 139.783333333333331, 35.741666666666667 ], [ 139.783333333333331, 35.733333333333334 ], [ 139.791666666666657, 35.733333333333334 ] ] ] } },
{ "type": "Feature", "properties": { "cell_id": "r9_c27", "row": 9, "col": 27, "global_row": 6511, "global_col": 38375, "lon": 139.79583333333332, "lat": 35.7375 }, "geometry": { "type": "Polygon", "coordinates": [ [ [ 139.8, 35.733333333333334 ], [ 139.8, 35.741666666666667 ], [ 139.791666666666657, 35.741666666666667 ], [ 139.791666666666657, 35.733333333333334 ], [ 139.8, 35.733333333333334 ] ] ] } },
{ "type": "Feature", "properties": { "cell_id": "r9_c28", "row": 9, "col": 28, "global_row": 6511, "global_col": 38376, "lon": 139.80416666666665, "lat": 35.7375 }, "geometry": { "type": "Polygon", "coordinates": [ [ [ 139.808333333333337, 35.733333333333334 ], [ 139.808333333333337, 35.741666666666667 ], [ 139.8, 35.741666666666667 ], [ 139.8, 35.733333333333334 ], [ 139.808333333333337, 35.733333333333334 ] ] ] } },
{ "type": "Feature", "properties": { "cell_id": "r9_c29", "row": 9, "col": 29, "global_row": 6511, "global_col": 38377, "lon": 139.8125, "lat": 35.7375 }, "geometry": { "type": "Polygon", "coordinates": [ [ [ 139.816666666666663, 35.733333333333334 ], [ 139.816666666666663, 35.741666666666667 ], [ 139.808333333333337, 35.741666666666667 ], [ 139.808333333333337, 35.733333333333334 ], [ 139.816666666666663, 35.733333333333334 ] ] ] } },
{ "type": "Feature", "properties": { "cell_id": "r9_c30", "row": 9, "col": 30, "global_row": 6511, "global_col": 38378, "lon": 139.82083333333333, "lat": 35.7375 }, "geometry": { "type": "Polygon", "coordinates": [ [ [ 139.825, 35.733333333333334 ], [ 139.825, 35.741666666666667 ], [ 139.816666666666663, 35.741666666666667 ], [ 139.816666666666663, 35.733333333333334 ], [ 139.825, 35.733333333333334 ] ] ] } },
{ "type": "Feature", "properties": { "cell_id": "r9_c31", "row": 9, "col": 31, "global_row": 6511, "global_col": 38379, "lon": 139.82916666666665, "lat": 35.7375 }, "geometry": { "type": "Polygon", "coordinates": [ [ [ 139.833333333333343, 35.733333333333334 ], [ 139.833333333333343, 35.741666666666667 ], [ 139.825, 35.741666666666667 ], [ 139.825, 35.733333333333334 ], [ 139.833333333333343, 35.733333333333334 ] ] ] } },
{ "type": "Feature", "properties": { "cell_id": "r9_c32", "row": 9, "col": 32, "global_row": 6511, "global_col": 38380, "lon": 139.8375, "lat": 35.7375 }, "geometry": { "type": "Polygon", "coordinates": [ [ [ 139.841666666666669, 35.733333333333334 ], [ 139.841666666666669, 35.741666666666667 ], [ 139.833333333333343, 35.741666666666667 ], [ 139.833333333333343, 35.733333333333334 ], [ 139.841666666666669, 35.733333333333334 ] ] ] } },
{ "type": "Feature", "properties": { "cell_id": "r9_c33", "row": 9, "col": 33, "global_row": 6511, "global_col": 38381, "lon": 139.8458333333333, "lat": 35.7375 }, "geometry": { "type": "Polygon", "coordinates": [ [ [ 139.85, 35.733333333333334 ], [ 139.85, 35.741666666666667 ], [ 139.841666666666669, 35.741666666666667 ], [ 139.841666666666669, 35.733333333333334 ], [ 139.85, 35.733333333333334 ] ] ] } },
{ "type": "Feature", "properties": { "cell_id": "r9_c34", "row": 9, "col": 34, "global_row": 6511, "global_col": 38382, "lon": 139.85416666666666, "lat": 35.7375 }, "geometry": { "type": "Polygon", "coordinates": [ [ [ 139.85833333333332, 35.733333333333334 ], [ 139.85833333333332, 35.741666666666667 ], [ 139.85, 35.741666666666667 ], [ 139.85, 35.733333333333334 ], [ 139.85833333333332, 35.733333333333334 ] ] ] } },
{ "type": "Feature", "properties": { "cell_id": "r9_c35", "row": 9, "col": 35, "global_row": 6511, "global_col": 38383, "lon": 139.8625, "lat": 35.7375 }, "geometry": { "type": "Polygon", "coordinates": [ [ [ 139.866666666666674, 35.733333333333334 ], [ 139.866666666666674, 35.741666666666667 ], [ 139.85833333333332, 35.741666666666667 ], [ 139.85833333333332, 35.733333333333334 ], [ 139.866666666666674, 35.733333333333334 ] ] ] } },
{ "type": "Feature", "properties": { "cell_id": "r9_c36", "row": 9, "col": 36, "global_row": 6511, "global_col": 38384, "lon": 139.87083333333334, "lat": 35.7375 }, "geometry": { "type": "Polygon", "coordinates": [ [ [ 139.875, 35.733333333333334 ], [ 139.875, 35.741666666666667 ], [ 139.866666666666674, 35.741666666666667 ], [ 139.866666666666674, 35.733333333333334 ], [ 139.875, 35.733333333333334 ] ] ] } },
{ "type": "Feature", "properties": { "cell_id": "r9_c37", "row": 9, "col": 37, "global_row": 6511, "global_col": 38385, "lon": 139.87916666666666, "lat": 35.7375 }, "geometry": { "type": "Polygon", "coordinates": [ [ [ 139.883333333333326, 35.733333333333334 ], [ 139.883333333333326, 35.741666666666667 ], [ 139.875, 35.741666666666667 ], [ 139.875, 35.733333333333334 ], [ 139.883333333333326, 35.733333333333334 ] ] ] } },
{ "type": "Feature", "properties": { "cell_id": "r9_c38", "row": 9, "col": 38, "global_row": 6511, "global_col": 38386, "lon": 139.8875, "lat": 35.7375 }, "geometry": { "type": "Polygon", "coordinates": [ [ [ 139.891666666666652, 35.733333333333334 ], [ 139.891666666666652, 35.741666666666667 ], [ 139.883333333333326, 35.741666666666667 ], [ 139.883333333333326, 35.733333333333334 ], [ 139.891666666666652, 35.733333333333334 ] ] ] } },
{ "type": "Feature", "properties": { "cell_id": "r9_c39", "row": 9, "col": 39, "global_row": 6511, "global_col": 38387, "lon": 139.89583333333331, "lat": 35.7375 }, "geometry": { "type": "Polygon", "coordinates": [ [ [ 139.9, 35.733333333333334 ], [ 139.9, 35.741666666666667 ], [ 139.891666666666652, 35.741666666666667 ], [ 139.891666666666652, 35.733333333333334 ], [ 139.9, 35.733333333333334 ] ] ] } },
{ "type": "Feature", "properties": { "cell_id": "r10_c1", "row": 10, "col": 1, "global_row": 6512, "global_col": 38349, "lon": 139.57916666666665, "lat": 35.729166666666671 }, "geometry": { "type": "Polygon", "coordinates": [ [ [ 139.583333333333343, 35.725 ], [ 139.583333333333343, 35.733333333333334 ], [ 139.575, 35.733333333333334 ], [ 139.575, 35.725 ], [ 139.583333333333343, 35.725 ] ] ] } },
{ "type": "Feature", "properties": { "cell_id": "r10_c2", "row": 10, "col": 2, "global_row": 6512, "global_col": 38350, "lon": 139.5875, "lat": 35.729166666666671 }, "geometry": { "type": "Polygon", "coordinates": [ [ [ 139.591666666666669, 35.725 ], [ 139.591666666666669, 35.733333333333334 ], [ 139.583333333333343, 35.733333333333334 ], [ 139.583333333333343, 35.725 ], [ 139.591666666666669, 35.725 ] ] ] } },
{ "type": "Feature", "properties": { "cell_id": "r10_c3", "row": 10, "col": 3, "global_row": 6512, "global_col": 38351, "lon": 139.59583333333333, "lat": 35.729166666666671 }, "geometry": { "type": "Polygon", "coordinates": [ [ [ 139.6, 35.725 ], [ 139.6, 35.733333333333334 ], [ 139.591666666666669, 35.733333333333334 ], [ 139.591666666666669, 35.725 ], [ 139.6, 35.725 ] ] ] } },
{ "type": "Feature", "properties": { "cell_id": "r10_c4", "row": 10, "col": 4, "global_row": 6512, "global_col": 38352, "lon": 139.60416666666666, "lat": 35.729166666666671 }, "geometry": { "type": "Polygon", "coordinates": [ [ [ 139.60833333333332, 35.725 ], [ 139.60833333333332, 35.733333333333334 ], [ 139.6, 35.733333333333334 ], [ 139.6, 35.725 ], [ 139.60833333333332, 35.725 ] ] ] } },
{ "type": "Feature", "properties": { "cell_id": "r10_c5", "row": 10, "col": 5, "global_row": 6512, "global_col": 38353, "lon": 139.6125, "lat": 35.729166666666671 }, "geometry": { "type": "Polygon", "coordinates": [ [ [ 139.616666666666674, 35.725 ], [ 139.616666666666674, 35.733333333333334 ], [ 139.60833333333332, 35.733333333333334 ], [ 139.60833333333332, 35.725 ], [ 139.616666666666674, 35.725 ] ] ] } },
{ "type": "Feature", "properties": { "cell_id": "r10_c6", "row": 10, "col": 6, "global_row": 6512, "global_col": 38354, "lon": 139.62083333333334, "lat": 35.729166666666671 }, "geometry": { "type": "Polygon", "coordinates": [ [ [ 139.625, 35.725 ], [ 139.625, 35.733333333333334 ], [ 139.616666666666674, 35.733333333333334 ], [ 139.616666666666674, 35.725 ], [ 139.625, 35.725 ] ] ] } },
{ "type": "Feature", "properties": { "cell_id": "r10_c7", "row": 10, "col": 7, "global_row": 6512, "global_col": 38355, "lon": 139.62916666666666, "lat": 35.729166666666671 }, "geometry": { "type": "Polygon", "coordinates": [ [ [ 139.633333333333326, 35.725 ], [ 139.633333333333326, 35.733333333333334 ], [ 139.625, 35.733333333333334 ], [ 139.625, 35.725 ], [ 139.633333333333326, 35.725 ] ] ] } },
{ "type": "Feature", "properties": { "cell_id": "r10_c8", "row": 10, "col": 8, "global_row": 6512, "global_col": 38356, "lon": 139.6375, "lat": 35.729166666666671 }, "geometry": { "type": "Polygon", "coordinates": [ [ [ 139.641666666666652, 35.725 ], [ 139.641666666666652, 35.733333333333334 ], [ 139.633333333333326, 35.733333333333334 ], [ 139.633333333333326, 35.725 ], [ 139.641666666666652, 35.725 ] ] ] } },
{ "type": "Feature", "properties": { "cell_id": "r10_c9", "row": 10, "col": 9, "global_row": 6512, "global_col": 38357, "lon": 139.64583333333331, "lat": 35.729166666666671 }, "geometry": { "type": "Polygon", "coordinates": [ [ [ 139.65, 35.725 ], [ 139.65, 35.733333333333334 ], [ 139.641666666666652, 35.733333333333334 ], [ 139.641666666666652, 35.725 ], [ 139.65, 35.725 ] ] ] } },
{ "type": "Feature", "properties": { "cell_id": "r10_c10", "row": 10, "col": 10, "global_row": 6512, "global_col": 38358, "lon": 139.65416666666667, "lat": 35.729166666666671 }, "geometry": { "type": "Polygon", "coordinates": [ [ [ 139.658333333333331, 35.725 ], [ 139.658333333333331, 35.733333333333334 ], [ 139.65, 35.733333333333334 ], [ 139.65, 35.725 ], [ 139.658333333333331, 35.725 ] ] ] } },
{ "type": "Feature", "properties": { "cell_id": "r10_c11", "row": 10, "col": 11, "global_row": 6512, "global_col": 38359, "lon": 139.6625, "lat": 35.729166666666671 }, "geometry": { "type": "Polygon", "coordinates": [ [ [ 139.666666666666657, 35.725 ], [ 139.666666666666657, 35.733333333333334 ], [ 139.658333333333331, 35.733333333333334 ], [ 139.658333333333331, 35.725 ], [ 139.666666666666657, 35.725 ] ] ] } },
{ "type": "Feature", "properties": { "cell_id": "r10_c12", "row": 10, "col": 12, "global_row": 6512, "global_col": 38360, "lon": 139.67083333333335, "lat": 35.729166666666671 }, "geometry": { "type": "Polygon", "coordinates": [ [ [ 139.675, 35.725 ], [ 139.675, 35.733333333333334 ], [ 139.666666666666657, 35.733333333333334 ], [ 139.666666666666657, 35.725 ], [ 139.675, 35.725 ] ] ] } },
{ "type": "Feature", "properties": { "cell_id": "r10_c13", "row": 10, "col": 13, "global_row": 6512, "global_col": 38361, "lon": 139.67916666666667, "lat": 35.729166666666671 }, "geometry": { "type": "Polygon", "coordinates": [ [ [ 139.683333333333337, 35.725 ], [ 139.683333333333337, 35.733333333333334 ], [ 139.675, 35.733333333333334 ], [ 139.675, 35.725 ], [ 139.683333333333337, 35.725 ] ] ] } },
{ "type": "Feature", "properties": { "cell_id": "r10_c14", "row": 10, "col": 14, "global_row": 6512, "global_col": 38362, "lon": 139.6875, "lat": 35.729166666666671 }, "geometry": { "type": "Polygon", "coordinates": [ [ [ 139.691666666666663, 35.725 ], [ 139.691666666666663, 35.733333333333334 ], [ 139.683333333333337, 35.733333333333334 ], [ 139.683333333333337, 35.725 ], [ 139.691666666666663, 35.725 ] ] ] } },
{ "type": "Feature", "properties": { "cell_id": "r10_c15", "row": 10, "col": 15, "global_row": 6512, "global_col": 38363, "lon": 139.69583333333333, "lat": 35.729166666666671 }, "geometry": { "type": "Polygon", "coordinates": [ [ [ 139.7, 35.725 ], [ 139.7, 35.733333333333334 ], [ 139.691666666666663, 35.733333333333334 ], [ 139.691666666666663, 35.725 ], [ 139.7, 35.725 ] ] ] } },
{ "type": "Feature", "properties": { "cell_id": "r10_c16", "row": 10, "col": 16, "global_row": 6512, "global_col": 38364, "lon": 139.70416666666665, "lat": 35.729166666666671 }, "geometry": { "type": "Polygon", "coordinates": [ [ [ 139.708333333333343, 35.725 ], [ 139.708333333333343, 35.733333333333334 ], [ 139.7, 35.733333333333334 ], [ 139.7, 35.725 ], [ 139.708333333333343, 35.725 ] ] ] } },
{ "type": "Feature", "properties": { "cell_id": "r10_c17", "row": 10, "col": 17, "global_row": 6512, "global_col": 38365, "lon": 139.7125, "lat": 35.729166666666671 }, "geometry": { "type": "Polygon", "coordinates": [ [ [ 139.716666666666669, 35.725 ], [ 139.716666666666669, 35.733333333333334 ], [ 139.708333333333343, 35.733333333333334 ], [ 139.708333333333343, 35.725 ], [ 139.716666666666669, 35.725 ] ] ] } },
{ "type": "Feature", "properties": { "cell_id": "r10_c18", "row": 10, "col": 18, "global_row": 6512, "global_col": 38366, "lon": 139.7208333333333, "lat": 35.729166666666671 }, "geometry": { "type": "Polygon", "coordinates": [ [ [ 139.725, 35.725 ], [ 139.725, 35.733333333333334 ], [ 139.716666666666669, 35.733333333333334 ], [ 139.716666666666669, 35.725 ], [ 139.725, 35.725 ] ] ] } },
{ "type": "Feature", "properties": { "cell_id": "r10_c19", "row": 10, "col": 19, "global_row": 6512, "global_col": 38367, "lon": 139.72916666666663, "lat": 35.729166666666671 }, "geometry": { "type": "Polygon", "coordinates": [ [ [ 139.73333333333332, 35.725 ], [ 139.73333333333332, 35.733333333333334 ], [ 139.725, 35.733333333333334 ], [ 139.725, 35.725 ], [ 139.73333333333332, 35.725 ] ] ] } },
{ "type": "Feature", "properties": { "cell_id": "r10_c20", "row": 10, "col": 20, "global_row": 6512, "global_col": 38368, "lon": 139.7375, "lat": 35.729166666666671 }, "geometry": { "type": "Polygon", "coordinates": [ [ [ 139.741666666666674, 35.725 ], [ 139.741666666666674, 35.733333333333334 ], [ 139.73333333333332, 35.733333333333334 ], [ 139.73333333333332, 35.725 ], [ 139.741666666666674, 35.725 ] ] ] } },
{ "type": "Feature", "properties": { "cell_id": "r10_c21", "row": 10, "col": 21, "global_row": 6512, "global_col": 38369, "lon": 139.74583333333334, "lat": 35.729166666666671 }, "geometry": { "type": "Polygon", "coordinates": [ [ [ 139.75, 35.725 ], [ 139.75, 35.733333333333334 ], [ 139.741666666666674, 35.733333333333334 ], [ 139.741666666666674, 35.725 ], [ 139.75, 35.725 ] ] ] } },
{ "type": "Feature", "properties": { "cell_id": "r10_c22", "row": 10, "col": 22, "global_row": 6512, "global_col": 38370, "lon": 139.75416666666666, "lat": 35.729166666666671 }, "geometry": { "type": "Polygon", "coordinates": [ [ [ 139.758333333333326, 35.725 ], [ 139.758333333333326, 35.733333333333334 ], [ 139.75, 35.733333333333334 ], [ 139.75, 35.725 ], [ 139.758333333333326, 35.725 ] ] ] } },
{ "type": "Feature", "properties": { "cell_id": "r10_c23", "row": 10, "col": 23, "global_row": 6512, "global_col": 38371, "lon": 139.7625, "lat": 35.729166666666671 }, "geometry": { "type": "Polygon", "coordinates": [ [ [ 139.766666666666652, 35.725 ], [ 139.766666666666652, 35.733333333333334 ], [ 139.758333333333326, 35.733333333333334 ], [ 139.758333333333326, 35.725 ], [ 139.766666666666652, 35.725 ] ] ] } },
{ "type": "Feature", "properties": { "cell_id": "r10_c24", "row": 10, "col": 24, "global_row": 6512, "global_col": 38372, "lon": 139.77083333333331, "lat": 35.729166666666671 }, "geometry": { "type": "Polygon", "coordinates": [ [ [ 139.775, 35.725 ], [ 139.775, 35.733333333333334 ], [ 139.766666666666652, 35.733333333333334 ], [ 139.766666666666652, 35.725 ], [ 139.775, 35.725 ] ] ] } },
{ "type": "Feature", "properties": { "cell_id": "r10_c25", "row": 10, "col": 25, "global_row": 6512, "global_col": 38373, "lon": 139.7791666666667, "lat": 35.729166666666671 }, "geometry": { "type": "Polygon", "coordinates": [ [ [ 139.783333333333331, 35.725 ], [ 139.783333333333331, 35.733333333333334 ], [ 139.775, 35.733333333333334 ], [ 139.775, 35.725 ], [ 139.783333333333331, 35.725 ] ] ] } },
{ "type": "Feature", "properties": { "cell_id": "r10_c26", "row": 10, "col": 26, "global_row": 6512, "global_col": 38374, "lon": 139.7875, "lat": 35.729166666666671 }, "geometry": { "type": "Polygon", "coordinates": [ [ [ 139.791666666666657, 35.725 ], [ 139.791666666666657, 35.733333333333334 ], [ 139.783333333333331, 35.733333333333334 ], [ 139.783333333333331, 35.725 ], [ 139.791666666666657, 35.725 ] ] ] } },
{ "type": "Feature", "properties": { "cell_id": "r10_c27", "row": 10, "col": 27, "global_row": 6512, "global_col": 38375, "lon": 139.79583333333332, "lat": 35.729166666666671 }, "geometry": { "type": "Polygon", "coordinates": [ [ [ 139.8, 35.725 ], [ 139.8, 35.733333333333334 ], [ 139.791666666666657, 35.733333333333334 ], [ 139.791666666666657, 35.725 ], [ 139.8, 35.725 ] ] ] } },
{ "type": "Feature", "properties": { "cell_id": "r10_c28", "row": 10, "col": 28, "global_row": 6512, "global_col": 38376, "lon": 139.80416666666665, "lat": 35.729166666666671 }, "geometry": { "type": "Polygon", "coordinates": [ [ [ 139.808333333333337, 35.725 ], [ 139.808333333333337, 35.733333333333334 ], [ 139.8, 35.733333333333334 ], [ 139.8, 35.725 ], [ 139.808333333333337, 35.725 ] ] ] } },
{ "type": "Feature", "properties": { "cell_id": "r10_c29", "row": 10, "col": 29, "global_row": 6512, "global_col": 38377, "lon": 139.8125, "lat": 35.729166666666671 }, "geometry": { "type": "Polygon", "coordinates": [ [ [ 139.816666666666663, 35.725 ], [ 139.816666666666663, 35.733333333333334 ], [ 139.808333333333337, 35.733333333333334 ], [ 139.808333333333337, 35.725 ], [ 139.816666666666663, 35.725 ] ] ] } },
{ "type": "Feature", "properties": { "cell_id": "r10_c30", "row": 10, "col": 30, "global_row": 6512, "global_col": 38378, "lon": 139.82083333333333, "lat": 35.729166666666671 }, "geometry": { "type": "Polygon", "coordinates": [ [ [ 139.825, 35.725 ], [ 139.825, 35.733333333333334 ], [ 139.816666666666663, 35.733333333333334 ], [ 139.816666666666663, 35.725 ], [ 139.825, 35.725 ] ] ] } },
{ "type": "Feature", "properties": { "cell_id": "r10_c31", "row": 10, "col": 31, "global_row": 6512, "global_col": 38379, "lon": 139.82916666666665, "lat": 35.729166666666671 }, "geometry": { "type": "Polygon", "coordinates": [ [ [ 139.833333333333343, 35.725 ], [ 139.833333333333343, 35.733333333333334 ], [ 139.825, 35.733333333333334 ], [ 139.825, 35.725 ], [ 139.833333333333343, 35.725 ] ] ] } },
{ "type": "Feature", "properties": { "cell_id": "r10_c32", "row": 10, "col": 32, "global_row": 6512, "global_col": 38380, "lon": 139.8375, "lat": 35.729166666666671 }, "geometry": { "type": "Polygon", "coordinates": [ [ [ 139.841666666666669, 35.725 ], [ 139.841666666666669, 35.733333333333334 ], [ 139.833333333333343, 35.733333333333334 ], [ 139.833333333333343, 35.725 ], [ 139.841666666666669, 35.725 ] ] ] } },
{ "type": "Feature", "properties": { "cell_id": "r10_c33", "row": 10, "col": 33, "global_row": 6512, "global_col": 38381, "lon": 139.8458333333333, "lat": 35.729166666666671 }, "geometry": { "type": "Polygon", "coordinates": [ [ [ 139.85, 35.725 ], [ 139.85, 35.733333333333334 ], [ 139.841666666666669, 35.733333333333334 ], [ 139.841666666666669, 35.725 ], [ 139.85, 35.725 ] ] ] } },
{ "type": "Feature", "properties": { "cell_id": "r10_c34", "row": 10, "col": 34, "global_row": 6512, "global_col": 38382, "lon": 139.85416666666666, "lat": 35.729166666666671 }, "geometry": { "type": "Polygon", "coordinates": [ [ [ 139.85833333333332, 35.725 ], [ 139.85833333333332, 35.733333333333334 ], [ 139.85, 35.733333333333334 ], [ 139.85, 35.725 ], [ 139.85833333333332, 35.725 ] ] ] } },
{ "type": "Feature", "properties": { "cell_id": "r10_c35", "row": 10, "col": 35, "global_row": 6512, "global_col": 38383, "lon": 139.8625, "lat": 35.729166666666671 }, "geometry": { "type": "Polygon", "coordinates": [ [ [ 139.866666666666674, 35.725 ], [ 139.866666666666674, 35.733333333333334 ], [ 139.85833333333332, 35.733333333333334 ], [ 139.85833333333332, 35.725 ], [ 139.866666666666674, 35.725 ] ] ] } },
{ "type": "Feature", "properties": { "cell_id": "r10_c36", "row": 10, "col": 36, "global_row": 6512, "global_col": 38384, "lon": 139.87083333333334, "lat": 35.729166666666671 }, "geometry": { "type": "Polygon", "coordinates": [ [ [ 139.875, 35.725 ], [ 139.875, 35.733333333333334 ], [ 139.866666666666674, 35.733333333333334 ], [ 139.866666666666674, 35.725 ], [ 139.875, 35.725 ] ] ] } },
{ "type": "Feature", "properties": { "cell_id": "r10_c37", "row": 10, "col": 37, "global_row": 6512, "global_col": 38385, "lon": 139.87916666666666, "lat": 35.729166666666671 }, "geometry": { "type": "Polygon", "coordinates": [ [ [ 139.883333333333326, 35.725 ], [ 139.883333333333326, 35.733333333333334 ], [ 139.875, 35.733333333333334 ], [ 139.875, 35.725 ], [ 139.883333333333326, 35.725 ] ] ] } },
{ "type": "Feature", "properties": { "cell_id": "r10_c38", "row": 10, "col": 38, "global_row": 6512, "global_col": 38386, "lon": 139.8875, "lat": 35.729166666666671 }, "geometry": { "type": "Polygon", "coordinates": [ [ [ 139.891666666666652, 35.725 ], [ 139.891666666666652, 35.733333333333334 ], [ 139.883333333333326, 35.733333333333334 ], [ 139.883333333333326, 35.725 ], [ 139.891666666666652, 35.725 ] ] ] } },
{ "type": "Feature", "properties": { "cell_id": "r10_c39", "row": 10, "col": 39, "global_row": 6512, "global_col": 38387, "lon": 139.89583333333331, "lat": 35.729166666666671 }, "geometry": { "type": "Polygon", "coordinates": [ [ [ 139.9, 35.725 ], [ 139.9, 35.733333333333334 ], [ 139.891666666666652, 35.733333333333334 ], [ 139.891666666666652, 35.725 ], [ 139.9, 35.725 ] ] ] } },
{ "type": "Feature", "properties": { "cell_id": "r10_c40", "row": 10, "col": 40, "global_row": 6512, "global_col": 38388, "lon": 139.90416666666667, "lat": 35.729166666666671 }, "geometry": { "type": "Polygon", "coordinates": [ [ [ 139.908333333333331, 35.725 ], [ 139.908333333333331, 35.733333333333334 ], [ 139.9, 35.733333333333334 ], [ 139.9, 35.725 ], [ 139.908333333333331, 35.725 ] ] ] } },
{ "type": "Feature", "properties": { "cell_id": "r11_c1", "row": 11, "col": 1, "global_row": 6513, "global_col": 38349, "lon": 139.57916666666665, "lat": 35.720833333333331 }, "geometry": { "type": "Polygon", "coordinates": [ [ [ 139.583333333333343, 35.716666666666669 ], [ 139.583333333333343, 35.725 ], [ 139.575, 35.725 ], [ 139.575, 35.716666666666669 ], [ 139.583333333333343, 35.716666666666669 ] ] ] } },
{ "type": "Feature", "properties": { "cell_id": "r11_c2", "row": 11, "col": 2, "global_row": 6513, "global_col": 38350, "lon": 139.5875, "lat": 35.720833333333331 }, "geometry": { "type": "Polygon", "coordinates": [ [ [ 139.591666666666669, 35.716666666666669 ], [ 139.591666666666669, 35.725 ], [ 139.583333333333343, 35.725 ], [ 139.583333333333343, 35.716666666666669 ], [ 139.591666666666669, 35.716666666666669 ] ] ] } },
{ "type": "Feature", "properties": { "cell_id": "r11_c3", "row": 11, "col": 3, "global_row": 6513, "global_col": 38351, "lon": 139.59583333333333, "lat": 35.720833333333331 }, "geometry": { "type": "Polygon", "coordinates": [ [ [ 139.6, 35.716666666666669 ], [ 139.6, 35.725 ], [ 139.591666666666669, 35.725 ], [ 139.591666666666669, 35.716666666666669 ], [ 139.6, 35.716666666666669 ] ] ] } },
{ "type": "Feature", "properties": { "cell_id": "r11_c4", "row": 11, "col": 4, "global_row": 6513, "global_col": 38352, "lon": 139.60416666666666, "lat": 35.720833333333331 }, "geometry": { "type": "Polygon", "coordinates": [ [ [ 139.60833333333332, 35.716666666666669 ], [ 139.60833333333332, 35.725 ], [ 139.6, 35.725 ], [ 139.6, 35.716666666666669 ], [ 139.60833333333332, 35.716666666666669 ] ] ] } },
{ "type": "Feature", "properties": { "cell_id": "r11_c5", "row": 11, "col": 5, "global_row": 6513, "global_col": 38353, "lon": 139.6125, "lat": 35.720833333333331 }, "geometry": { "type": "Polygon", "coordinates": [ [ [ 139.616666666666674, 35.716666666666669 ], [ 139.616666666666674, 35.725 ], [ 139.60833333333332, 35.725 ], [ 139.60833333333332, 35.716666666666669 ], [ 139.616666666666674, 35.716666666666669 ] ] ] } },
{ "type": "Feature", "properties": { "cell_id": "r11_c6", "row": 11, "col": 6, "global_row": 6513, "global_col": 38354, "lon": 139.62083333333334, "lat": 35.720833333333331 }, "geometry": { "type": "Polygon", "coordinates": [ [ [ 139.625, 35.716666666666669 ], [ 139.625, 35.725 ], [ 139.616666666666674, 35.725 ], [ 139.616666666666674, 35.716666666666669 ], [ 139.625, 35.716666666666669 ] ] ] } },
{ "type": "Feature", "properties": { "cell_id": "r11_c7", "row": 11, "col": 7, "global_row": 6513, "global_col": 38355, "lon": 139.62916666666666, "lat": 35.720833333333331 }, "geometry": { "type": "Polygon", "coordinates": [ [ [ 139.633333333333326, 35.716666666666669 ], [ 139.633333333333326, 35.725 ], [ 139.625, 35.725 ], [ 139.625, 35.716666666666669 ], [ 139.633333333333326, 35.716666666666669 ] ] ] } },
{ "type": "Feature", "properties": { "cell_id": "r11_c8", "row": 11, "col": 8, "global_row": 6513, "global_col": 38356, "lon": 139.6375, "lat": 35.720833333333331 }, "geometry": { "type": "Polygon", "coordinates": [ [ [ 139.641666666666652, 35.716666666666669 ], [ 139.641666666666652, 35.725 ], [ 139.633333333333326, 35.725 ], [ 139.633333333333326, 35.716666666666669 ], [ 139.641666666666652, 35.716666666666669 ] ] ] } },
{ "type": "Feature", "properties": { "cell_id": "r11_c9", "row": 11, "col": 9, "global_row": 6513, "global_col": 38357, "lon": 139.64583333333331, "lat": 35.720833333333331 }, "geometry": { "type": "Polygon", "coordinates": [ [ [ 139.65, 35.716666666666669 ], [ 139.65, 35.725 ], [ 139.641666666666652, 35.725 ], [ 139.641666666666652, 35.716666666666669 ], [ 139.65, 35.716666666666669 ] ] ] } },
{ "type": "Feature", "properties": { "cell_id": "r11_c10", "row": 11, "col": 10, "global_row": 6513, "global_col": 38358, "lon": 139.65416666666667, "lat": 35.720833333333331 }, "geometry": { "type": "Polygon", "coordinates": [ [ [ 139.658333333333331, 35.716666666666669 ], [ 139.658333333333331, 35.725 ], [ 139.65, 35.725 ], [ 139.65, 35.716666666666669 ], [ 139.658333333333331, 35.716666666666669 ] ] ] } },
{ "type": "Feature", "properties": { "cell_id": "r11_c11", "row": 11, "col": 11, "global_row": 6513, "global_col": 38359, "lon": 139.6625, "lat": 35.720833333333331 }, "geometry": { "type": "Polygon", "coordinates": [ [ [ 139.666666666666657, 35.716666666666669 ], [ 139.666666666666657, 35.725 ], [ 139.658333333333331, 35.725 ], [ 139.658333333333331, 35.716666666666669 ], [ 139.666666666666657, 35.716666666666669 ] ] ] } },
{ "type": "Feature", "properties": { "cell_id": "r11_c12", "row": 11, "col": 12, "global_row": 6513, "global_col": 38360, "lon": 139.67083333333335, "lat": 35.720833333333331 }, "geometry": { "type": "Polygon", "coordinates": [ [ [ 139.675, 35.716666666666669 ], [ 139.675, 35.725 ], [ 139.666666666666657, 35.725 ], [ 139.666666666666657, 35.716666666666669 ], [ 139.675, 35.716666666666669 ] ] ] } },
{ "type": "Feature", "properties": { "cell_id": "r11_c13", "row": 11, "col": 13, "global_row": 6513, "global_col": 38361, "lon": 139.67916666666667, "lat": 35.720833333333331 }, "geometry": { "type": "Polygon", "coordinates": [ [ [ 139.683333333333337, 35.716666666666669 ], [ 139.683333333333337, 35.725 ], [ 139.675, 35.725 ], [ 139.675, 35.716666666666669 ], [ 139.683333333333337, 35.716666666666669 ] ] ] } },
{ "type": "Feature", "properties": { "cell_id": "r11_c14", "row": 11, "col": 14, "global_row": 6513, "global_col": 38362, "lon": 139.6875, "lat": 35.720833333333331 }, "geometry": { "type": "Polygon", "coordinates": [ [ [ 139.691666666666663, 35.716666666666669 ], [ 139.691666666666663, 35.725 ], [ 139.683333333333337, 35.725 ], [ 139.683333333333337, 35.716666666666669 ], [ 139.691666666666663, 35.716666666666669 ] ] ] } },
{ "type": "Feature", "properties": { "cell_id": "r11_c15", "row": 11, "col": 15, "global_row": 6513, "global_col": 38363, "lon": 139.69583333333333, "lat": 35.720833333333331 }, "geometry": { "type": "Polygon", "coordinates": [ [ [ 139.7, 35.716666666666669 ], [ 139.7, 35.725 ], [ 139.691666666666663, 35.725 ], [ 139.691666666666663, 35.716666666666669 ], [ 139.7, 35.716666666666669 ] ] ] } },
{ "type": "Feature", "properties": { "cell_id": "r11_c16", "row": 11, "col": 16, "global_row": 6513, "global_col": 38364, "lon": 139.70416666666665, "lat": 35.720833333333331 }, "geometry": { "type": "Polygon", "coordinates": [ [ [ 139.708333333333343, 35.716666666666669 ], [ 139.708333333333343, 35.725 ], [ 139.7, 35.725 ], [ 139.7, 35.716666666666669 ], [ 139.708333333333343, 35.716666666666669 ] ] ] } },
{ "type": "Feature", "properties": { "cell_id": "r11_c17", "row": 11, "col": 17, "global_row": 6513, "global_col": 38365, "lon": 139.7125, "lat": 35.720833333333331 }, "geometry": { "type": "Polygon", "coordinates": [ [ [ 139.716666666666669, 35.716666666666669 ], [ 139.716666666666669, 35.725 ], [ 139.708333333333343, 35.725 ], [ 139.708333333333343, 35.716666666666669 ], [ 139.716666666666669, 35.716666666666669 ] ] ] } },
{ "type": "Feature", "properties": { "cell_id": "r11_c18", "row": 11, "col": 18, "global_row": 6513, "global_col": 38366, "lon": 139.7208333333333, "lat": 35.720833333333331 }, "geometry": { "type": "Polygon", "coordinates": [ [ [ 139.725, 35.716666666666669 ], [ 139.725, 35.725 ], [ 139.716666666666669, 35.725 ], [ 139.716666666666669, 35.716666666666669 ], [ 139.725, 35.716666666666669 ] ] ] } },
{ "type": "Feature", "properties": { "cell_id": "r11_c19", "row": 11, "col": 19, "global_row": 6513, "global_col": 38367, "lon": 139.72916666666663, "lat": 35.720833333333331 }, "geometry": { "type": "Polygon", "coordinates": [ [ [ 139.73333333333332, 35.716666666666669 ], [ 139.73333333333332, 35.725 ], [ 139.725, 35.725 ], [ 139.725, 35.716666666666669 ], [ 139.73333333333332, 35.716666666666669 ] ] ] } },
{ "type": "Feature", "properties": { "cell_id": "r11_c20", "row": 11, "col": 20, "global_row": 6513, "global_col": 38368, "lon": 139.7375, "lat": 35.720833333333331 }, "geometry": { "type": "Polygon", "coordinates": [ [ [ 139.741666666666674, 35.716666666666669 ], [ 139.741666666666674, 35.725 ], [ 139.73333333333332, 35.725 ], [ 139.73333333333332, 35.716666666666669 ], [ 139.741666666666674, 35.716666666666669 ] ] ] } },
{ "type": "Feature", "properties": { "cell_id": "r11_c21", "row": 11, "col": 21, "global_row": 6513, "global_col": 38369, "lon": 139.74583333333334, "lat": 35.720833333333331 }, "geometry": { "type": "Polygon", "coordinates": [ [ [ 139.75, 35.716666666666669 ], [ 139.75, 35.725 ], [ 139.741666666666674, 35.725 ], [ 139.741666666666674, 35.716666666666669 ], [ 139.75, 35.716666666666669 ] ] ] } },
{ "type": "Feature", "properties": { "cell_id": "r11_c22", "row": 11, "col": 22, "global_row": 6513, "global_col": 38370, "lon": 139.75416666666666, "lat": 35.720833333333331 }, "geometry": { "type": "Polygon", "coordinates": [ [ [ 139.758333333333326, 35.716666666666669 ], [ 139.758333333333326, 35.725 ], [ 139.75, 35.725 ], [ 139.75, 35.716666666666669 ], [ 139.758333333333326, 35.716666666666669 ] ] ] } },
{ "type": "Feature", "properties": { "cell_id": "r11_c23", "row": 11, "col": 23, "global_row": 6513, "global_col": 38371, "lon": 139.7625, "lat": 35.720833333333331 }, "geometry": { "type": "Polygon", "coordinates": [ [ [ 139.766666666666652, 35.716666666666669 ], [ 139.766666666666652, 35.725 ], [ 139.758333333333326, 35.725 ], [ 139.758333333333326, 35.716666666666669 ], [ 139.766666666666652, 35.716666666666669 ] ] ] } },
{ "type": "Feature", "properties": { "cell_id": "r11_c24", "row": 11, "col": 24, "global_row": 6513, "global_col": 38372, "lon": 139.77083333333331, "lat": 35.720833333333331 }, "geometry": { "type": "Polygon", "coordinates": [ [ [ 139.775, 35.716666666666669 ], [ 139.775, 35.725 ], [ 139.766666666666652, 35.725 ], [ 139.766666666666652, 35.716666666666669 ], [ 139.775, 35.716666666666669 ] ] ] } },
{ "type": "Feature", "properties": { "cell_id": "r11_c25", "row": 11, "col": 25, "global_row": 6513, "global_col": 38373, "lon": 139.7791666666667, "lat": 35.720833333333331 }, "geometry": { "type": "Polygon", "coordinates": [ [ [ 139.783333333333331, 35.716666666666669 ], [ 139.783333333333331, 35.725 ], [ 139.775, 35.725 ], [ 139.775, 35.716666666666669 ], [ 139.783333333333331, 35.716666666666669 ] ] ] } },
{ "type": "Feature", "properties": { "cell_id": "r11_c26", "row": 11, "col": 26, "global_row": 6513, "global_col": 38374, "lon": 139.7875, "lat": 35.720833333333331 }, "geometry": { "type": "Polygon", "coordinates": [ [ [ 139.791666666666657, 35.716666666666669 ], [ 139.791666666666657, 35.725 ], [ 139.783333333333331, 35.725 ], [ 139.783333333333331, 35.716666666666669 ], [ 139.791666666666657, 35.716666666666669 ] ] ] } },
{ "type": "Feature", "properties": { "cell_id": "r11_c27", "row": 11, "col": 27, "global_row": 6513, "global_col": 38375, "lon": 139.79583333333332, "lat": 35.720833333333331 }, "geometry": { "type": "Polygon", "coordinates": [ [ [ 139.8, 35.716666666666669 ], [ 139.8, 35.725 ], [ 139.791666666666657, 35.725 ], [ 139.791666666666657, 35.716666666666669 ], [ 139.8, 35.716666666666669 ] ] ] } },
{ "type": "Feature", "properties": { "cell_id": "r11_c28", "row": 11, "col": 28, "global_row": 6513, "global_col": 38376, "lon": 139.80416666666665, "lat": 35.720833333333331 }, "geometry": { "type": "Polygon", "coordinates": [ [ [ 139.808333333333337, 35.716666666666669 ], [ 139.808333333333337, 35.725 ], [ 139.8, 35.725 ], [ 139.8, 35.716666666666669 ], [ 139.808333333333337, 35.716666666666669 ] ] ] } },
{ "type": "Feature", "properties": { "cell_id": "r11_c29", "row": 11, "col": 29, "global_row": 6513, "global_col": 38377, "lon": 139.8125, "lat": 35.720833333333331 }, "geometry": { "type": "Polygon", "coordinates": [ [ [ 139.816666666666663, 35.716666666666669 ], [ 139.816666666666663, 35.725 ], [ 139.808333333333337, 35.725 ], [ 139.808333333333337, 35.716666666666669 ], [ 139.816666666666663, 35.716666666666669 ] ] ] } },
{ "type": "Feature", "properties": { "cell_id": "r11_c30", "row": 11, "col": 30, "global_row": 6513, "global_col": 38378, "lon": 139.82083333333333, "lat": 35.720833333333331 }, "geometry": { "type": "Polygon", "coordinates": [ [ [ 139.825, 35.716666666666669 ], [ 139.825, 35.725 ], [ 139.816666666666663, 35.725 ], [ 139.816666666666663, 35.716666666666669 ], [ 139.825, 35.716666666666669 ] ] ] } },
{ "type": "Feature", "properties": { "cell_id": "r11_c31", "row": 11, "col": 31, "global_row": 6513, "global_col": 38379, "lon": 139.82916666666665, "lat": 35.720833333333331 }, "geometry": { "type": "Polygon", "coordinates": [ [ [ 139.833333333333343, 35.716666666666669 ], [ 139.833333333333343, 35.725 ], [ 139.825, 35.725 ], [ 139.825, 35.716666666666669 ], [ 139.833333333333343, 35.716666666666669 ] ] ] } },
{ "type": "Feature", "properties": { "cell_id": "r11_c32", "row": 11, "col": 32, "global_row": 6513, "global_col": 38380, "lon": 139.8375, "lat": 35.720833333333331 }, "geometry": { "type": "Polygon", "coordinates": [ [ [ 139.841666666666669, 35.716666666666669 ], [ 139.841666666666669, 35.725 ], [ 139.833333333333343, 35.725 ], [ 139.833333333333343, 35.716666666666669 ], [ 139.841666666666669, 35.716666666666669 ] ] ] } },
{ "type": "Feature", "properties": { "cell_id": "r11_c33", "row": 11, "col": 33, "global_row": 6513, "global_col": 38381, "lon": 139.8458333333333, "lat": 35.720833333333331 }, "geometry": { "type": "Polygon", "coordinates": [ [ [ 139.85, 35.716666666666669 ], [ 139.85, 35.725 ], [ 139.841666666666669, 35.725 ], [ 139.841666666666669, 35.716666666666669 ], [ 139.85, 35.716666666666669 ] ] ] } },
{ "type": "Feature", "properties": { "cell_id": "r11_c34", "row": 11, "col": 34, "global_row": 6513, "global_col": 38382, "lon": 139.85416666666666, "lat": 35.720833333333331 }, "geometry": { "type": "Polygon", "coordinates": [ [ [ 139.85833333333332, 35.716666666666669 ], [ 139.85833333333332, 35.725 ], [ 139.85, 35.725 ], [ 139.85, 35.716666666666669 ], [ 139.85833333333332, 35.716666666666669 ] ] ] } },
{ "type": "Feature", "properties": { "cell_id": "r11_c35", "row": 11, "col": 35, "global_row": 6513, "global_col": 38383, "lon": 139.8625, "lat": 35.720833333333331 }, "geometry": { "type": "Polygon", "coordinates": [ [ [ 139.866666666666674, 35.716666666666669 ], [ 139.866666666666674, 35.725 ], [ 139.85833333333332, 35.725 ], [ 139.85833333333332, 35.716666666666669 ], [ 139.866666666666674, 35.716666666666669 ] ] ] } },
{ "type": "Feature", "properties": { "cell_id": "r11_c36", "row": 11, "col": 36, "global_row": 6513, "global_col": 38384, "lon": 139.87083333333334, "lat": 35.720833333333331 }, "geometry": { "type": "Polygon", "coordinates": [ [ [ 139.875, 35.716666666666669 ], [ 139.875, 35.725 ], [ 139.866666666666674, 35.725 ], [ 139.866666666666674, 35.716666666666669 ], [ 139.875, 35.716666666666669 ] ] ] } },
{ "type": "Feature", "properties": { "cell_id": "r11_c37", "row": 11, "col": 37, "global_row": 6513, "global_col": 38385, "lon": 139.87916666666666, "lat": 35.720833333333331 }, "geometry": { "type": "Polygon", "coordinates": [ [ [ 139.883333333333326, 35.716666666666669 ], [ 139.883333333333326, 35.725 ], [ 139.875, 35.725 ], [ 139.875, 35.716666666666669 ], [ 139.883333333333326, 35.716666666666669 ] ] ] } },
{ "type": "Feature", "properties": { "cell_id": "r11_c38", "row": 11, "col": 38, "global_row": 6513, "global_col": 38386, "lon": 139.8875, "lat": 35.720833333333331 }, "geometry": { "type": "Polygon", "coordinates": [ [ [ 139.891666666666652, 35.716666666666669 ], [ 139.891666666666652, 35.725 ], [ 139.883333333333326, 35.725 ], [ 139.883333333333326, 35.716666666666669 ], [ 139.891666666666652, 35.716666666666669 ] ] ] } },
{ "type": "Feature", "properties": { "cell_id": "r11_c39", "row": 11, "col": 39, "global_row": 6513, "global_col": 38387, "lon": 139.89583333333331, "lat": 35.720833333333331 }, "geometry": { "type": "Polygon", "coordinates": [ [ [ 139.9, 35.716666666666669 ], [ 139.9, 35.725 ], [ 139.891666666666652, 35.725 ], [ 139.891666666666652, 35.716666666666669 ], [ 139.9, 35.716666666666669 ] ] ] } },
{ "type": "Feature", "properties": { "cell_id": "r11_c40", "row": 11, "col": 40, "global_row": 6513, "global_col": 38388, "lon": 139.90416666666667, "lat": 35.720833333333331 }, "geometry": { "type": "Polygon", "coordinates": [ [ [ 139.908333333333331, 35.716666666666669 ], [ 139.908333333333331, 35.725 ], [ 139.9, 35.725 ], [ 139.9, 35.716666666666669 ], [ 139.908333333333331, 35.716666666666669 ] ] ] } },
{ "type": "Feature", "properties": { "cell_id": "r11_c41", "row": 11, "col": 41, "global_row": 6513, "global_col": 38389, "lon": 139.9125, "lat": 35.720833333333331 }, "geometry": { "type": "Polygon", "coordinates": [ [ [ 139.916666666666657, 35.716666666666669 ], [ 139.916666666666657, 35.725 ], [ 139.908333333333331, 35.725 ], [ 139.908333333333331, 35.716666666666669 ], [ 139.916666666666657, 35.716666666666669 ] ] ] } },
{ "type": "Feature", "properties": { "cell_id": "r12_c2", "row": 12, "col": 2, "global_row": 6514, "global_col": 38350, "lon": 139.5875, "lat": 35.7125 }, "geometry": { "type": "Polygon", "coordinates": [ [ [ 139.591666666666669, 35.708333333333336 ], [ 139.591666666666669, 35.716666666666669 ], [ 139.583333333333343, 35.716666666666669 ], [ 139.583333333333343, 35.708333333333336 ], [ 139.591666666666669, 35.708333333333336 ] ] ] } },
{ "type": "Feature", "properties": { "cell_id": "r12_c3", "row": 12, "col": 3, "global_row": 6514, "global_col": 38351, "lon": 139.59583333333333, "lat": 35.7125 }, "geometry": { "type": "Polygon", "coordinates": [ [ [ 139.6, 35.708333333333336 ], [ 139.6, 35.716666666666669 ], [ 139.591666666666669, 35.716666666666669 ], [ 139.591666666666669, 35.708333333333336 ], [ 139.6, 35.708333333333336 ] ] ] } },
{ "type": "Feature", "properties": { "cell_id": "r12_c4", "row": 12, "col": 4, "global_row": 6514, "global_col": 38352, "lon": 139.60416666666666, "lat": 35.7125 }, "geometry": { "type": "Polygon", "coordinates": [ [ [ 139.60833333333332, 35.708333333333336 ], [ 139.60833333333332, 35.716666666666669 ], [ 139.6, 35.716666666666669 ], [ 139.6, 35.708333333333336 ], [ 139.60833333333332, 35.708333333333336 ] ] ] } },
{ "type": "Feature", "properties": { "cell_id": "r12_c5", "row": 12, "col": 5, "global_row": 6514, "global_col": 38353, "lon": 139.6125, "lat": 35.7125 }, "geometry": { "type": "Polygon", "coordinates": [ [ [ 139.616666666666674, 35.708333333333336 ], [ 139.616666666666674, 35.716666666666669 ], [ 139.60833333333332, 35.716666666666669 ], [ 139.60833333333332, 35.708333333333336 ], [ 139.616666666666674, 35.708333333333336 ] ] ] } },
{ "type": "Feature", "properties": { "cell_id": "r12_c6", "row": 12, "col": 6, "global_row": 6514, "global_col": 38354, "lon": 139.62083333333334, "lat": 35.7125 }, "geometry": { "type": "Polygon", "coordinates": [ [ [ 139.625, 35.708333333333336 ], [ 139.625, 35.716666666666669 ], [ 139.616666666666674, 35.716666666666669 ], [ 139.616666666666674, 35.708333333333336 ], [ 139.625, 35.708333333333336 ] ] ] } },
{ "type": "Feature", "properties": { "cell_id": "r12_c7", "row": 12, "col": 7, "global_row": 6514, "global_col": 38355, "lon": 139.62916666666666, "lat": 35.7125 }, "geometry": { "type": "Polygon", "coordinates": [ [ [ 139.633333333333326, 35.708333333333336 ], [ 139.633333333333326, 35.716666666666669 ], [ 139.625, 35.716666666666669 ], [ 139.625, 35.708333333333336 ], [ 139.633333333333326, 35.708333333333336 ] ] ] } },
{ "type": "Feature", "properties": { "cell_id": "r12_c8", "row": 12, "col": 8, "global_row": 6514, "global_col": 38356, "lon": 139.6375, "lat": 35.7125 }, "geometry": { "type": "Polygon", "coordinates": [ [ [ 139.641666666666652, 35.708333333333336 ], [ 139.641666666666652, 35.716666666666669 ], [ 139.633333333333326, 35.716666666666669 ], [ 139.633333333333326, 35.708333333333336 ], [ 139.641666666666652, 35.708333333333336 ] ] ] } },
{ "type": "Feature", "properties": { "cell_id": "r12_c9", "row": 12, "col": 9, "global_row": 6514, "global_col": 38357, "lon": 139.64583333333331, "lat": 35.7125 }, "geometry": { "type": "Polygon", "coordinates": [ [ [ 139.65, 35.708333333333336 ], [ 139.65, 35.716666666666669 ], [ 139.641666666666652, 35.716666666666669 ], [ 139.641666666666652, 35.708333333333336 ], [ 139.65, 35.708333333333336 ] ] ] } },
{ "type": "Feature", "properties": { "cell_id": "r12_c10", "row": 12, "col": 10, "global_row": 6514, "global_col": 38358, "lon": 139.65416666666667, "lat": 35.7125 }, "geometry": { "type": "Polygon", "coordinates": [ [ [ 139.658333333333331, 35.708333333333336 ], [ 139.658333333333331, 35.716666666666669 ], [ 139.65, 35.716666666666669 ], [ 139.65, 35.708333333333336 ], [ 139.658333333333331, 35.708333333333336 ] ] ] } },
{ "type": "Feature", "properties": { "cell_id": "r12_c11", "row": 12, "col": 11, "global_row": 6514, "global_col": 38359, "lon": 139.6625, "lat": 35.7125 }, "geometry": { "type": "Polygon", "coordinates": [ [ [ 139.666666666666657, 35.708333333333336 ], [ 139.666666666666657, 35.716666666666669 ], [ 139.658333333333331, 35.716666666666669 ], [ 139.658333333333331, 35.708333333333336 ], [ 139.666666666666657, 35.708333333333336 ] ] ] } },
{ "type": "Feature", "properties": { "cell_id": "r12_c12", "row": 12, "col": 12, "global_row": 6514, "global_col": 38360, "lon": 139.67083333333335, "lat": 35.7125 }, "geometry": { "type": "Polygon", "coordinates": [ [ [ 139.675, 35.708333333333336 ], [ 139.675, 35.716666666666669 ], [ 139.666666666666657, 35.716666666666669 ], [ 139.666666666666657, 35.708333333333336 ], [ 139.675, 35.708333333333336 ] ] ] } },
{ "type": "Feature", "properties": { "cell_id": "r12_c13", "row": 12, "col": 13, "global_row": 6514, "global_col": 38361, "lon": 139.67916666666667, "lat": 35.7125 }, "geometry": { "type": "Polygon", "coordinates": [ [ [ 139.683333333333337, 35.708333333333336 ], [ 139.683333333333337, 35.716666666666669 ], [ 139.675, 35.716666666666669 ], [ 139.675, 35.708333333333336 ], [ 139.683333333333337, 35.708333333333336 ] ] ] } },
{ "type": "Feature", "properties": { "cell_id": "r12_c14", "row": 12, "col": 14, "global_row": 6514, "global_col": 38362, "lon": 139.6875, "lat": 35.7125 }, "geometry": { "type": "Polygon", "coordinates": [ [ [ 139.691666666666663, 35.708333333333336 ], [ 139.691666666666663, 35.716666666666669 ], [ 139.683333333333337, 35.716666666666669 ], [ 139.683333333333337, 35.708333333333336 ], [ 139.691666666666663, 35.708333333333336 ] ] ] } },
{ "type": "Feature", "properties": { "cell_id": "r12_c15", "row": 12, "col": 15, "global_row": 6514, "global_col": 38363, "lon": 139.69583333333333, "lat": 35.7125 }, "geometry": { "type": "Polygon", "coordinates": [ [ [ 139.7, 35.708333333333336 ], [ 139.7, 35.716666666666669 ], [ 139.691666666666663, 35.716666666666669 ], [ 139.691666666666663, 35.708333333333336 ], [ 139.7, 35.708333333333336 ] ] ] } },
{ "type": "Feature", "properties": { "cell_id": "r12_c16", "row": 12, "col": 16, "global_row": 6514, "global_col": 38364, "lon": 139.70416666666665, "lat": 35.7125 }, "geometry": { "type": "Polygon", "coordinates": [ [ [ 139.708333333333343, 35.708333333333336 ], [ 139.708333333333343, 35.716666666666669 ], [ 139.7, 35.716666666666669 ], [ 139.7, 35.708333333333336 ], [ 139.708333333333343, 35.708333333333336 ] ] ] } },
{ "type": "Feature", "properties": { "cell_id": "r12_c17", "row": 12, "col": 17, "global_row": 6514, "global_col": 38365, "lon": 139.7125, "lat": 35.7125 }, "geometry": { "type": "Polygon", "coordinates": [ [ [ 139.716666666666669, 35.708333333333336 ], [ 139.716666666666669, 35.716666666666669 ], [ 139.708333333333343, 35.716666666666669 ], [ 139.708333333333343, 35.708333333333336 ], [ 139.716666666666669, 35.708333333333336 ] ] ] } },
{ "type": "Feature", "properties": { "cell_id": "r12_c18", "row": 12, "col": 18, "global_row": 6514, "global_col": 38366, "lon": 139.7208333333333, "lat": 35.7125 }, "geometry": { "type": "Polygon", "coordinates": [ [ [ 139.725, 35.708333333333336 ], [ 139.725, 35.716666666666669 ], [ 139.716666666666669, 35.716666666666669 ], [ 139.716666666666669, 35.708333333333336 ], [ 139.725, 35.708333333333336 ] ] ] } },
{ "type": "Feature", "properties": { "cell_id": "r12_c19", "row": 12, "col": 19, "global_row": 6514, "global_col": 38367, "lon": 139.72916666666663, "lat": 35.7125 }, "geometry": { "type": "Polygon", "coordinates": [ [ [ 139.73333333333332, 35.708333333333336 ], [ 139.73333333333332, 35.716666666666669 ], [ 139.725, 35.716666666666669 ], [ 139.725, 35.708333333333336 ], [ 139.73333333333332, 35.708333333333336 ] ] ] } },
{ "type": "Feature", "properties": { "cell_id": "r12_c20", "row": 12, "col": 20, "global_row": 6514, "global_col": 38368, "lon": 139.7375, "lat": 35.7125 }, "geometry": { "type": "Polygon", "coordinates": [ [ [ 139.741666666666674, 35.708333333333336 ], [ 139.741666666666674, 35.716666666666669 ], [ 139.73333333333332, 35.716666666666669 ], [ 139.73333333333332, 35.708333333333336 ], [ 139.741666666666674, 35.708333333333336 ] ] ] } },
{ "type": "Feature", "properties": { "cell_id": "r12_c21", "row": 12, "col": 21, "global_row": 6514, "global_col": 38369, "lon": 139.74583333333334, "lat": 35.7125 }, "geometry": { "type": "Polygon", "coordinates": [ [ [ 139.75, 35.708333333333336 ], [ 139.75, 35.716666666666669 ], [ 139.741666666666674, 35.716666666666669 ], [ 139.741666666666674, 35.708333333333336 ], [ 139.75, 35.708333333333336 ] ] ] } },
{ "type": "Feature", "properties": { "cell_id": "r12_c22", "row": 12, "col": 22, "global_row": 6514, "global_col": 38370, "lon": 139.75416666666666, "lat": 35.7125 }, "geometry": { "type": "Polygon", "coordinates": [ [ [ 139.758333333333326, 35.708333333333336 ], [ 139.758333333333326, 35.716666666666669 ], [ 139.75, 35.716666666666669 ], [ 139.75, 35.708333333333336 ], [ 139.758333333333326, 35.708333333333336 ] ] ] } },
{ "type": "Feature", "properties": { "cell_id": "r12_c23", "row": 12, "col": 23, "global_row": 6514, "global_col": 38371, "lon": 139.7625, "lat": 35.7125 }, "geometry": { "type": "Polygon", "coordinates": [ [ [ 139.766666666666652, 35.708333333333336 ], [ 139.766666666666652, 35.716666666666669 ], [ 139.758333333333326, 35.716666666666669 ], [ 139.758333333333326, 35.708333333333336 ], [ 139.766666666666652, 35.708333333333336 ] ] ] } },
{ "type": "Feature", "properties": { "cell_id": "r12_c24", "row": 12, "col": 24, "global_row": 6514, "global_col": 38372, "lon": 139.77083333333331, "lat": 35.7125 }, "geometry": { "type": "Polygon", "coordinates": [ [ [ 139.775, 35.708333333333336 ], [ 139.775, 35.716666666666669 ], [ 139.766666666666652, 35.716666666666669 ], [ 139.766666666666652, 35.708333333333336 ], [ 139.775, 35.708333333333336 ] ] ] } },
{ "type": "Feature", "properties": { "cell_id": "r12_c25", "row": 12, "col": 25, "global_row": 6514, "global_col": 38373, "lon": 139.7791666666667, "lat": 35.7125 }, "geometry": { "type": "Polygon", "coordinates": [ [ [ 139.783333333333331, 35.708333333333336 ], [ 139.783333333333331, 35.716666666666669 ], [ 139.775, 35.716666666666669 ], [ 139.775, 35.708333333333336 ], [ 139.783333333333331, 35.708333333333336 ] ] ] } },
{ "type": "Feature", "properties": { "cell_id": "r12_c26", "row": 12, "col": 26, "global_row": 6514, "global_col": 38374, "lon": 139.7875, "lat": 35.7125 }, "geometry": { "type": "Polygon", "coordinates": [ [ [ 139.791666666666657, 35.708333333333336 ], [ 139.791666666666657, 35.716666666666669 ], [ 139.783333333333331, 35.716666666666669 ], [ 139.783333333333331, 35.708333333333336 ], [ 139.791666666666657, 35.708333333333336 ] ] ] } },
{ "type": "Feature", "properties": { "cell_id": "r12_c27", "row": 12, "col": 27, "global_row": 6514, "global_col": 38375, "lon": 139.79583333333332, "lat": 35.7125 }, "geometry": { "type": "Polygon", "coordinates": [ [ [ 139.8, 35.708333333333336 ], [ 139.8, 35.716666666666669 ], [ 139.791666666666657, 35.716666666666669 ], [ 139.791666666666657, 35.708333333333336 ], [ 139.8, 35.708333333333336 ] ] ] } },
{ "type": "Feature", "properties": { "cell_id": "r12_c28", "row": 12, "col": 28, "global_row": 6514, "global_col": 38376, "lon": 139.80416666666665, "lat": 35.7125 }, "geometry": { "type": "Polygon", "coordinates": [ [ [ 139.808333333333337, 35.708333333333336 ], [ 139.808333333333337, 35.716666666666669 ], [ 139.8, 35.716666666666669 ], [ 139.8, 35.708333333333336 ], [ 139.808333333333337, 35.708333333333336 ] ] ] } },
{ "type": "Feature", "properties": { "cell_id": "r12_c29", "row": 12, "col": 29, "global_row": 6514, "global_col": 38377, "lon": 139.8125, "lat": 35.7125 }, "geometry": { "type": "Polygon", "coordinates": [ [ [ 139.816666666666663, 35.708333333333336 ], [ 139.816666666666663, 35.716666666666669 ], [ 139.808333333333337, 35.716666666666669 ], [ 139.808333333333337, 35.708333333333336 ], [ 139.816666666666663, 35.708333333333336 ] ] ] } },
{ "type": "Feature", "properties": { "cell_id": "r12_c30", "row": 12, "col": 30, "global_row": 6514, "global_col": 38378, "lon": 139.82083333333333, "lat": 35.7125 }, "geometry": { "type": "Polygon", "coordinates": [ [ [ 139.825, 35.708333333333336 ], [ 139.825, 35.716666666666669 ], [ 139.816666666666663, 35.716666666666669 ], [ 139.816666666666663, 35.708333333333336 ], [ 139.825, 35.708333333333336 ] ] ] } },
{ "type": "Feature", "properties": { "cell_id": "r12_c31", "row": 12, "col": 31, "global_row": 6514, "global_col": 38379, "lon": 139.82916666666665, "lat": 35.7125 }, "geometry": { "type": "Polygon", "coordinates": [ [ [ 139.833333333333343, 35.708333333333336 ], [ 139.833333333333343, 35.716666666666669 ], [ 139.825, 35.716666666666669 ], [ 139.825, 35.708333333333336 ], [ 139.833333333333343, 35.708333333333336 ] ] ] } },
{ "type": "Feature", "properties": { "cell_id": "r12_c32", "row": 12, "col": 32, "global_row": 6514, "global_col": 38380, "lon": 139.8375, "lat": 35.7125 }, "geometry": { "type": "Polygon", "coordinates": [ [ [ 139.841666666666669, 35.708333333333336 ], [ 139.841666666666669, 35.716666666666669 ], [ 139.833333333333343, 35.716666666666669 ], [ 139.833333333333343, 35.708333333333336 ], [ 139.841666666666669, 35.708333333333336 ] ] ] } },
{ "type": "Feature", "properties": { "cell_id": "r12_c33", "row": 12, "col": 33, "global_row": 6514, "global_col": 38381, "lon": 139.8458333333333, "lat": 35.7125 }, "geometry": { "type": "Polygon", "coordinates": [ [ [ 139.85, 35.708333333333336 ], [ 139.85, 35.716666666666669 ], [ 139.841666666666669, 35.716666666666669 ], [ 139.841666666666669, 35.708333333333336 ], [ 139.85, 35.708333333333336 ] ] ] } },
{ "type": "Feature", "properties": { "cell_id": "r12_c34", "row": 12, "col": 34, "global_row": 6514, "global_col": 38382, "lon": 139.85416666666666, "lat": 35.7125 }, "geometry": { "type": "Polygon", "coordinates": [ [ [ 139.85833333333332, 35.708333333333336 ], [ 139.85833333333332, 35.716666666666669 ], [ 139.85, 35.716666666666669 ], [ 139.85, 35.708333333333336 ], [ 139.85833333333332, 35.708333333333336 ] ] ] } },
{ "type": "Feature", "properties": { "cell_id": "r12_c35", "row": 12, "col": 35, "global_row": 6514, "global_col": 38383, "lon": 139.8625, "lat": 35.7125 }, "geometry": { "type": "Polygon", "coordinates": [ [ [ 139.866666666666674, 35.708333333333336 ], [ 139.866666666666674, 35.716666666666669 ], [ 139.85833333333332, 35.716666666666669 ], [ 139.85833333333332, 35.708333333333336 ], [ 139.866666666666674, 35.708333333333336 ] ] ] } },
{ "type": "Feature", "properties": { "cell_id": "r12_c36", "row": 12, "col": 36, "global_row": 6514, "global_col": 38384, "lon": 139.87083333333334, "lat": 35.7125 }, "geometry": { "type": "Polygon", "coordinates": [ [ [ 139.875, 35.708333333333336 ], [ 139.875, 35.716666666666669 ], [ 139.866666666666674, 35.716666666666669 ], [ 139.866666666666674, 35.708333333333336 ], [ 139.875, 35.708333333333336 ] ] ] } },
{ "type": "Feature", "properties": { "cell_id": "r12_c37", "row": 12, "col": 37, "global_row": 6514, "global_col": 38385, "lon": 139.87916666666666, "lat": 35.7125 }, "geometry": { "type": "Polygon", "coordinates": [ [ [ 139.883333333333326, 35.708333333333336 ], [ 139.883333333333326, 35.716666666666669 ], [ 139.875, 35.716666666666669 ], [ 139.875, 35.708333333333336 ], [ 139.883333333333326, 35.708333333333336 ] ] ] } },
{ "type": "Feature", "properties": { "cell_id": "r12_c38", "row": 12, "col": 38, "global_row": 6514, "global_col": 38386, "lon": 139.8875, "lat": 35.7125 }, "geometry": { "type": "Polygon", "coordinates": [ [ [ 139.891666666666652, 35.708333333333336 ], [ 139.891666666666652, 35.716666666666669 ], [ 139.883333333333326, 35.716666666666669 ], [ 139.883333333333326, 35.708333333333336 ], [ 139.891666666666652, 35.708333333333336 ] ] ] } },
{ "type": "Feature", "properties": { "cell_id": "r12_c39", "row": 12, "col": 39, "global_row": 6514, "global_col": 38387, "lon": 139.89583333333331, "lat": 35.7125 }, "geometry": { "type": "Polygon", "coordinates": [ [ [ 139.9, 35.708333333333336 ], [ 139.9, 35.716666666666669 ], [ 139.891666666666652, 35.716666666666669 ], [ 139.891666666666652, 35.708333333333336 ], [ 139.9, 35.708333333333336 ] ] ] } },
{ "type": "Feature", "properties": { "cell_id": "r12_c40", "row": 12, "col": 40, "global_row": 6514, "global_col": 38388, "lon": 139.90416666666667, "lat": 35.7125 }, "geometry": { "type": "Polygon", "coordinates": [ [ [ 139.908333333333331, 35.708333333333336 ], [ 139.908333333333331, 35.716666666666669 ], [ 139.9, 35.716666666666669 ], [ 139.9, 35.708333333333336 ], [ 139.908333333333331, 35.708333333333336 ] ] ] } },
{ "type": "Feature", "properties": { "cell_id": "r12_c41", "row": 12, "col": 41, "global_row": 6514, "global_col": 38389, "lon": 139.9125, "lat": 35.7125 }, "geometry": { "type": "Polygon", "coordinates": [ [ [ 139.916666666666657, 35.708333333333336 ], [ 139.916666666666657, 35.716666666666669 ], [ 139.908333333333331, 35.716666666666669 ], [ 139.908333333333331, 35.708333333333336 ], [ 139.916666666666657, 35.708333333333336 ] ] ] } },
{ "type": "Feature", "properties": { "cell_id": "r12_c42", "row": 12, "col": 42, "global_row": 6514, "global_col": 38390, "lon": 139.92083333333332, "lat": 35.7125 }, "geometry": { "type": "Polygon", "coordinates": [ [ [ 139.925, 35.708333333333336 ], [ 139.925, 35.716666666666669 ], [ 139.916666666666657, 35.716666666666669 ], [ 139.916666666666657, 35.708333333333336 ], [ 139.925, 35.708333333333336 ] ] ] } },
{ "type": "Feature", "properties": { "cell_id": "r13_c4", "row": 13, "col": 4, "global_row": 6515, "global_col": 38352, "lon": 139.60416666666666, "lat": 35.704166666666666 }, "geometry": { "type": "Polygon", "coordinates": [ [ [ 139.60833333333332, 35.7 ], [ 139.60833333333332, 35.708333333333336 ], [ 139.6, 35.708333333333336 ], [ 139.6, 35.7 ], [ 139.60833333333332, 35.7 ] ] ] } },
{ "type": "Feature", "properties": { "cell_id": "r13_c5", "row": 13, "col": 5, "global_row": 6515, "global_col": 38353, "lon": 139.6125, "lat": 35.704166666666666 }, "geometry": { "type": "Polygon", "coordinates": [ [ [ 139.616666666666674, 35.7 ], [ 139.616666666666674, 35.708333333333336 ], [ 139.60833333333332, 35.708333333333336 ], [ 139.60833333333332, 35.7 ], [ 139.616666666666674, 35.7 ] ] ] } },
{ "type": "Feature", "properties": { "cell_id": "r13_c6", "row": 13, "col": 6, "global_row": 6515, "global_col": 38354, "lon": 139.62083333333334, "lat": 35.704166666666666 }, "geometry": { "type": "Polygon", "coordinates": [ [ [ 139.625, 35.7 ], [ 139.625, 35.708333333333336 ], [ 139.616666666666674, 35.708333333333336 ], [ 139.616666666666674, 35.7 ], [ 139.625, 35.7 ] ] ] } },
{ "type": "Feature", "properties": { "cell_id": "r13_c7", "row": 13, "col": 7, "global_row": 6515, "global_col": 38355, "lon": 139.62916666666666, "lat": 35.704166666666666 }, "geometry": { "type": "Polygon", "coordinates": [ [ [ 139.633333333333326, 35.7 ], [ 139.633333333333326, 35.708333333333336 ], [ 139.625, 35.708333333333336 ], [ 139.625, 35.7 ], [ 139.633333333333326, 35.7 ] ] ] } },
{ "type": "Feature", "properties": { "cell_id": "r13_c8", "row": 13, "col": 8, "global_row": 6515, "global_col": 38356, "lon": 139.6375, "lat": 35.704166666666666 }, "geometry": { "type": "Polygon", "coordinates": [ [ [ 139.641666666666652, 35.7 ], [ 139.641666666666652, 35.708333333333336 ], [ 139.633333333333326, 35.708333333333336 ], [ 139.633333333333326, 35.7 ], [ 139.641666666666652, 35.7 ] ] ] } },
{ "type": "Feature", "properties": { "cell_id": "r13_c9", "row": 13, "col": 9, "global_row": 6515, "global_col": 38357, "lon": 139.64583333333331, "lat": 35.704166666666666 }, "geometry": { "type": "Polygon", "coordinates": [ [ [ 139.65, 35.7 ], [ 139.65, 35.708333333333336 ], [ 139.641666666666652, 35.708333333333336 ], [ 139.641666666666652, 35.7 ], [ 139.65, 35.7 ] ] ] } },
{ "type": "Feature", "properties": { "cell_id": "r13_c10", "row": 13, "col": 10, "global_row": 6515, "global_col": 38358, "lon": 139.65416666666667, "lat": 35.704166666666666 }, "geometry": { "type": "Polygon", "coordinates": [ [ [ 139.658333333333331, 35.7 ], [ 139.658333333333331, 35.708333333333336 ], [ 139.65, 35.708333333333336 ], [ 139.65, 35.7 ], [ 139.658333333333331, 35.7 ] ] ] } },
{ "type": "Feature", "properties": { "cell_id": "r13_c11", "row": 13, "col": 11, "global_row": 6515, "global_col": 38359, "lon": 139.6625, "lat": 35.704166666666666 }, "geometry": { "type": "Polygon", "coordinates": [ [ [ 139.666666666666657, 35.7 ], [ 139.666666666666657, 35.708333333333336 ], [ 139.658333333333331, 35.708333333333336 ], [ 139.658333333333331, 35.7 ], [ 139.666666666666657, 35.7 ] ] ] } },
{ "type": "Feature", "properties": { "cell_id": "r13_c12", "row": 13, "col": 12, "global_row": 6515, "global_col": 38360, "lon": 139.67083333333335, "lat": 35.704166666666666 }, "geometry": { "type": "Polygon", "coordinates": [ [ [ 139.675, 35.7 ], [ 139.675, 35.708333333333336 ], [ 139.666666666666657, 35.708333333333336 ], [ 139.666666666666657, 35.7 ], [ 139.675, 35.7 ] ] ] } },
{ "type": "Feature", "properties": { "cell_id": "r13_c13", "row": 13, "col": 13, "global_row": 6515, "global_col": 38361, "lon": 139.67916666666667, "lat": 35.704166666666666 }, "geometry": { "type": "Polygon", "coordinates": [ [ [ 139.683333333333337, 35.7 ], [ 139.683333333333337, 35.708333333333336 ], [ 139.675, 35.708333333333336 ], [ 139.675, 35.7 ], [ 139.683333333333337, 35.7 ] ] ] } },
{ "type": "Feature", "properties": { "cell_id": "r13_c14", "row": 13, "col": 14, "global_row": 6515, "global_col": 38362, "lon": 139.6875, "lat": 35.704166666666666 }, "geometry": { "type": "Polygon", "coordinates": [ [ [ 139.691666666666663, 35.7 ], [ 139.691666666666663, 35.708333333333336 ], [ 139.683333333333337, 35.708333333333336 ], [ 139.683333333333337, 35.7 ], [ 139.691666666666663, 35.7 ] ] ] } },
{ "type": "Feature", "properties": { "cell_id": "r13_c15", "row": 13, "col": 15, "global_row": 6515, "global_col": 38363, "lon": 139.69583333333333, "lat": 35.704166666666666 }, "geometry": { "type": "Polygon", "coordinates": [ [ [ 139.7, 35.7 ], [ 139.7, 35.708333333333336 ], [ 139.691666666666663, 35.708333333333336 ], [ 139.691666666666663, 35.7 ], [ 139.7, 35.7 ] ] ] } },
{ "type": "Feature", "properties": { "cell_id": "r13_c16", "row": 13, "col": 16, "global_row": 6515, "global_col": 38364, "lon": 139.70416666666665, "lat": 35.704166666666666 }, "geometry": { "type": "Polygon", "coordinates": [ [ [ 139.708333333333343, 35.7 ], [ 139.708333333333343, 35.708333333333336 ], [ 139.7, 35.708333333333336 ], [ 139.7, 35.7 ], [ 139.708333333333343, 35.7 ] ] ] } },
{ "type": "Feature", "properties": { "cell_id": "r13_c17", "row": 13, "col": 17, "global_row": 6515, "global_col": 38365, "lon": 139.7125, "lat": 35.704166666666666 }, "geometry": { "type": "Polygon", "coordinates": [ [ [ 139.716666666666669, 35.7 ], [ 139.716666666666669, 35.708333333333336 ], [ 139.708333333333343, 35.708333333333336 ], [ 139.708333333333343, 35.7 ], [ 139.716666666666669, 35.7 ] ] ] } },
{ "type": "Feature", "properties": { "cell_id": "r13_c18", "row": 13, "col": 18, "global_row": 6515, "global_col": 38366, "lon": 139.7208333333333, "lat": 35.704166666666666 }, "geometry": { "type": "Polygon", "coordinates": [ [ [ 139.725, 35.7 ], [ 139.725, 35.708333333333336 ], [ 139.716666666666669, 35.708333333333336 ], [ 139.716666666666669, 35.7 ], [ 139.725, 35.7 ] ] ] } },
{ "type": "Feature", "properties": { "cell_id": "r13_c19", "row": 13, "col": 19, "global_row": 6515, "global_col": 38367, "lon": 139.72916666666663, "lat": 35.704166666666666 }, "geometry": { "type": "Polygon", "coordinates": [ [ [ 139.73333333333332, 35.7 ], [ 139.73333333333332, 35.708333333333336 ], [ 139.725, 35.708333333333336 ], [ 139.725, 35.7 ], [ 139.73333333333332, 35.7 ] ] ] } },
{ "type": "Feature", "properties": { "cell_id": "r13_c20", "row": 13, "col": 20, "global_row": 6515, "global_col": 38368, "lon": 139.7375, "lat": 35.704166666666666 }, "geometry": { "type": "Polygon", "coordinates": [ [ [ 139.741666666666674, 35.7 ], [ 139.741666666666674, 35.708333333333336 ], [ 139.73333333333332, 35.708333333333336 ], [ 139.73333333333332, 35.7 ], [ 139.741666666666674, 35.7 ] ] ] } },
{ "type": "Feature", "properties": { "cell_id": "r13_c21", "row": 13, "col": 21, "global_row": 6515, "global_col": 38369, "lon": 139.74583333333334, "lat": 35.704166666666666 }, "geometry": { "type": "Polygon", "coordinates": [ [ [ 139.75, 35.7 ], [ 139.75, 35.708333333333336 ], [ 139.741666666666674, 35.708333333333336 ], [ 139.741666666666674, 35.7 ], [ 139.75, 35.7 ] ] ] } },
{ "type": "Feature", "properties": { "cell_id": "r13_c22", "row": 13, "col": 22, "global_row": 6515, "global_col": 38370, "lon": 139.75416666666666, "lat": 35.704166666666666 }, "geometry": { "type": "Polygon", "coordinates": [ [ [ 139.758333333333326, 35.7 ], [ 139.758333333333326, 35.708333333333336 ], [ 139.75, 35.708333333333336 ], [ 139.75, 35.7 ], [ 139.758333333333326, 35.7 ] ] ] } },
{ "type": "Feature", "properties": { "cell_id": "r13_c23", "row": 13, "col": 23, "global_row": 6515, "global_col": 38371, "lon": 139.7625, "lat": 35.704166666666666 }, "geometry": { "type": "Polygon", "coordinates": [ [ [ 139.766666666666652, 35.7 ], [ 139.766666666666652, 35.708333333333336 ], [ 139.758333333333326, 35.708333333333336 ], [ 139.758333333333326, 35.7 ], [ 139.766666666666652, 35.7 ] ] ] } },
{ "type": "Feature", "properties": { "cell_id": "r13_c24", "row": 13, "col": 24, "global_row": 6515, "global_col": 38372, "lon": 139.77083333333331, "lat": 35.704166666666666 }, "geometry": { "type": "Polygon", "coordinates": [ [ [ 139.775, 35.7 ], [ 139.775, 35.708333333333336 ], [ 139.766666666666652, 35.708333333333336 ], [ 139.766666666666652, 35.7 ], [ 139.775, 35.7 ] ] ] } },
{ "type": "Feature", "properties": { "cell_id": "r13_c25", "row": 13, "col": 25, "global_row": 6515, "global_col": 38373, "lon": 139.7791666666667, "lat": 35.704166666666666 }, "geometry": { "type": "Polygon", "coordinates": [ [ [ 139.783333333333331, 35.7 ], [ 139.783333333333331, 35.708333333333336 ], [ 139.775, 35.708333333333336 ], [ 139.775, 35.7 ], [ 139.783333333333331, 35.7 ] ] ] } },
{ "type": "Feature", "properties": { "cell_id": "r13_c26", "row": 13, "col": 26, "global_row": 6515, "global_col": 38374, "lon": 139.7875, "lat": 35.704166666666666 }, "geometry": { "type": "Polygon", "coordinates": [ [ [ 139.791666666666657, 35.7 ], [ 139.791666666666657, 35.708333333333336 ], [ 139.783333333333331, 35.708333333333336 ], [ 139.783333333333331, 35.7 ], [ 139.791666666666657, 35.7 ] ] ] } },
{ "type": "Feature", "properties": { "cell_id": "r13_c27", "row": 13, "col": 27, "global_row": 6515, "global_col": 38375, "lon": 139.79583333333332, "lat": 35.704166666666666 }, "geometry": { "type": "Polygon", "coordinates": [ [ [ 139.8, 35.7 ], [ 139.8, 35.708333333333336 ], [ 139.791666666666657, 35.708333333333336 ], [ 139.791666666666657, 35.7 ], [ 139.8, 35.7 ] ] ] } },
{ "type": "Feature", "properties": { "cell_id": "r13_c28", "row": 13, "col": 28, "global_row": 6515, "global_col": 38376, "lon": 139.80416666666665, "lat": 35.704166666666666 }, "geometry": { "type": "Polygon", "coordinates": [ [ [ 139.808333333333337, 35.7 ], [ 139.808333333333337, 35.708333333333336 ], [ 139.8, 35.708333333333336 ], [ 139.8, 35.7 ], [ 139.808333333333337, 35.7 ] ] ] } },
{ "type": "Feature", "properties": { "cell_id": "r13_c29", "row": 13, "col": 29, "global_row": 6515, "global_col": 38377, "lon": 139.8125, "lat": 35.704166666666666 }, "geometry": { "type": "Polygon", "coordinates": [ [ [ 139.816666666666663, 35.7 ], [ 139.816666666666663, 35.708333333333336 ], [ 139.808333333333337, 35.708333333333336 ], [ 139.808333333333337, 35.7 ], [ 139.816666666666663, 35.7 ] ] ] } },
{ "type": "Feature", "properties": { "cell_id": "r13_c30", "row": 13, "col": 30, "global_row": 6515, "global_col": 38378, "lon": 139.82083333333333, "lat": 35.704166666666666 }, "geometry": { "type": "Polygon", "coordinates": [ [ [ 139.825, 35.7 ], [ 139.825, 35.708333333333336 ], [ 139.816666666666663, 35.708333333333336 ], [ 139.816666666666663, 35.7 ], [ 139.825, 35.7 ] ] ] } },
{ "type": "Feature", "properties": { "cell_id": "r13_c31", "row": 13, "col": 31, "global_row": 6515, "global_col": 38379, "lon": 139.82916666666665, "lat": 35.704166666666666 }, "geometry": { "type": "Polygon", "coordinates": [ [ [ 139.833333333333343, 35.7 ], [ 139.833333333333343, 35.708333333333336 ], [ 139.825, 35.708333333333336 ], [ 139.825, 35.7 ], [ 139.833333333333343, 35.7 ] ] ] } },
{ "type": "Feature", "properties": { "cell_id": "r13_c32", "row": 13, "col": 32, "global_row": 6515, "global_col": 38380, "lon": 139.8375, "lat": 35.704166666666666 }, "geometry": { "type": "Polygon", "coordinates": [ [ [ 139.841666666666669, 35.7 ], [ 139.841666666666669, 35.708333333333336 ], [ 139.833333333333343, 35.708333333333336 ], [ 139.833333333333343, 35.7 ], [ 139.841666666666669, 35.7 ] ] ] } },
{ "type": "Feature", "properties": { "cell_id": "r13_c33", "row": 13, "col": 33, "global_row": 6515, "global_col": 38381, "lon": 139.8458333333333, "lat": 35.704166666666666 }, "geometry": { "type": "Polygon", "coordinates": [ [ [ 139.85, 35.7 ], [ 139.85, 35.708333333333336 ], [ 139.841666666666669, 35.708333333333336 ], [ 139.841666666666669, 35.7 ], [ 139.85, 35.7 ] ] ] } },
{ "type": "Feature", "properties": { "cell_id": "r13_c35", "row": 13, "col": 35, "global_row": 6515, "global_col": 38383, "lon": 139.8625, "lat": 35.704166666666666 }, "geometry": { "type": "Polygon", "coordinates": [ [ [ 139.866666666666674, 35.7 ], [ 139.866666666666674, 35.708333333333336 ], [ 139.85833333333332, 35.708333333333336 ], [ 139.85833333333332, 35.7 ], [ 139.866666666666674, 35.7 ] ] ] } },
{ "type": "Feature", "properties": { "cell_id": "r13_c36", "row": 13, "col": 36, "global_row": 6515, "global_col": 38384, "lon": 139.87083333333334, "lat": 35.704166666666666 }, "geometry": { "type": "Polygon", "coordinates": [ [ [ 139.875, 35.7 ], [ 139.875, 35.708333333333336 ], [ 139.866666666666674, 35.708333333333336 ], [ 139.866666666666674, 35.7 ], [ 139.875, 35.7 ] ] ] } },
{ "type": "Feature", "properties": { "cell_id": "r13_c37", "row": 13, "col": 37, "global_row": 6515, "global_col": 38385, "lon": 139.87916666666666, "lat": 35.704166666666666 }, "geometry": { "type": "Polygon", "coordinates": [ [ [ 139.883333333333326, 35.7 ], [ 139.883333333333326, 35.708333333333336 ], [ 139.875, 35.708333333333336 ], [ 139.875, 35.7 ], [ 139.883333333333326, 35.7 ] ] ] } },
{ "type": "Feature", "properties": { "cell_id": "r13_c38", "row": 13, "col": 38, "global_row": 6515, "global_col": 38386, "lon": 139.8875, "lat": 35.704166666666666 }, "geometry": { "type": "Polygon", "coordinates": [ [ [ 139.891666666666652, 35.7 ], [ 139.891666666666652, 35.708333333333336 ], [ 139.883333333333326, 35.708333333333336 ], [ 139.883333333333326, 35.7 ], [ 139.891666666666652, 35.7 ] ] ] } },
{ "type": "Feature", "properties": { "cell_id": "r13_c39", "row": 13, "col": 39, "global_row": 6515, "global_col": 38387, "lon": 139.89583333333331, "lat": 35.704166666666666 }, "geometry": { "type": "Polygon", "coordinates": [ [ [ 139.9, 35.7 ], [ 139.9, 35.708333333333336 ], [ 139.891666666666652, 35.708333333333336 ], [ 139.891666666666652, 35.7 ], [ 139.9, 35.7 ] ] ] } },
{ "type": "Feature", "properties": { "cell_id": "r13_c40", "row": 13, "col": 40, "global_row": 6515, "global_col": 38388, "lon": 139.90416666666667, "lat": 35.704166666666666 }, "geometry": { "type": "Polygon", "coordinates": [ [ [ 139.908333333333331, 35.7 ], [ 139.908333333333331, 35.708333333333336 ], [ 139.9, 35.708333333333336 ], [ 139.9, 35.7 ], [ 139.908333333333331, 35.7 ] ] ] } },
{ "type": "Feature", "properties": { "cell_id": "r13_c41", "row": 13, "col": 41, "global_row": 6515, "global_col": 38389, "lon": 139.9125, "lat": 35.704166666666666 }, "geometry": { "type": "Polygon", "coordinates": [ [ [ 139.916666666666657, 35.7 ], [ 139.916666666666657, 35.708333333333336 ], [ 139.908333333333331, 35.708333333333336 ], [ 139.908333333333331, 35.7 ], [ 139.916666666666657, 35.7 ] ] ] } },
{ "type": "Feature", "properties": { "cell_id": "r13_c42", "row": 13, "col": 42, "global_row": 6515, "global_col": 38390, "lon": 139.92083333333332, "lat": 35.704166666666666 }, "geometry": { "type": "Polygon", "coordinates": [ [ [ 139.925, 35.7 ], [ 139.925, 35.708333333333336 ], [ 139.916666666666657, 35.708333333333336 ], [ 139.916666666666657, 35.7 ], [ 139.925, 35.7 ] ] ] } },
{ "type": "Feature", "properties": { "cell_id": "r14_c4", "row": 14, "col": 4, "global_row": 6516, "global_col": 38352, "lon": 139.60416666666666, "lat": 35.69583333333334 }, "geometry": { "type": "Polygon", "coordinates": [ [ [ 139.60833333333332, 35.69166666666667 ], [ 139.60833333333332, 35.7 ], [ 139.6, 35.7 ], [ 139.6, 35.69166666666667 ], [ 139.60833333333332, 35.69166666666667 ] ] ] } },
{ "type": "Feature", "properties": { "cell_id": "r14_c5", "row": 14, "col": 5, "global_row": 6516, "global_col": 38353, "lon": 139.6125, "lat": 35.695833333333333 }, "geometry": { "type": "Polygon", "coordinates": [ [ [ 139.616666666666674, 35.69166666666667 ], [ 139.616666666666674, 35.7 ], [ 139.60833333333332, 35.7 ], [ 139.60833333333332, 35.69166666666667 ], [ 139.616666666666674, 35.69166666666667 ] ] ] } },
{ "type": "Feature", "properties": { "cell_id": "r14_c6", "row": 14, "col": 6, "global_row": 6516, "global_col": 38354, "lon": 139.62083333333334, "lat": 35.69583333333334 }, "geometry": { "type": "Polygon", "coordinates": [ [ [ 139.625, 35.69166666666667 ], [ 139.625, 35.7 ], [ 139.616666666666674, 35.7 ], [ 139.616666666666674, 35.69166666666667 ], [ 139.625, 35.69166666666667 ] ] ] } },
{ "type": "Feature", "properties": { "cell_id": "r14_c7", "row": 14, "col": 7, "global_row": 6516, "global_col": 38355, "lon": 139.62916666666666, "lat": 35.69583333333334 }, "geometry": { "type": "Polygon", "coordinates": [ [ [ 139.633333333333326, 35.69166666666667 ], [ 139.633333333333326, 35.7 ], [ 139.625, 35.7 ], [ 139.625, 35.69166666666667 ], [ 139.633333333333326, 35.69166666666667 ] ] ] } },
{ "type": "Feature", "properties": { "cell_id": "r14_c8", "row": 14, "col": 8, "global_row": 6516, "global_col": 38356, "lon": 139.6375, "lat": 35.69583333333334 }, "geometry": { "type": "Polygon", "coordinates": [ [ [ 139.641666666666652, 35.69166666666667 ], [ 139.641666666666652, 35.7 ], [ 139.633333333333326, 35.7 ], [ 139.633333333333326, 35.69166666666667 ], [ 139.641666666666652, 35.69166666666667 ] ] ] } },
{ "type": "Feature", "properties": { "cell_id": "r14_c9", "row": 14, "col": 9, "global_row": 6516, "global_col": 38357, "lon": 139.64583333333331, "lat": 35.695833333333333 }, "geometry": { "type": "Polygon", "coordinates": [ [ [ 139.65, 35.69166666666667 ], [ 139.65, 35.7 ], [ 139.641666666666652, 35.7 ], [ 139.641666666666652, 35.69166666666667 ], [ 139.65, 35.69166666666667 ] ] ] } },
{ "type": "Feature", "properties": { "cell_id": "r14_c10", "row": 14, "col": 10, "global_row": 6516, "global_col": 38358, "lon": 139.65416666666667, "lat": 35.69583333333334 }, "geometry": { "type": "Polygon", "coordinates": [ [ [ 139.658333333333331, 35.69166666666667 ], [ 139.658333333333331, 35.7 ], [ 139.65, 35.7 ], [ 139.65, 35.69166666666667 ], [ 139.658333333333331, 35.69166666666667 ] ] ] } },
{ "type": "Feature", "properties": { "cell_id": "r14_c11", "row": 14, "col": 11, "global_row": 6516, "global_col": 38359, "lon": 139.6625, "lat": 35.69583333333334 }, "geometry": { "type": "Polygon", "coordinates": [ [ [ 139.666666666666657, 35.69166666666667 ], [ 139.666666666666657, 35.7 ], [ 139.658333333333331, 35.7 ], [ 139.658333333333331, 35.69166666666667 ], [ 139.666666666666657, 35.69166666666667 ] ] ] } },
{ "type": "Feature", "properties": { "cell_id": "r14_c12", "row": 14, "col": 12, "global_row": 6516, "global_col": 38360, "lon": 139.67083333333335, "lat": 35.69583333333334 }, "geometry": { "type": "Polygon", "coordinates": [ [ [ 139.675, 35.69166666666667 ], [ 139.675, 35.7 ], [ 139.666666666666657, 35.7 ], [ 139.666666666666657, 35.69166666666667 ], [ 139.675, 35.69166666666667 ] ] ] } },
{ "type": "Feature", "properties": { "cell_id": "r14_c13", "row": 14, "col": 13, "global_row": 6516, "global_col": 38361, "lon": 139.67916666666667, "lat": 35.695833333333333 }, "geometry": { "type": "Polygon", "coordinates": [ [ [ 139.683333333333337, 35.69166666666667 ], [ 139.683333333333337, 35.7 ], [ 139.675, 35.7 ], [ 139.675, 35.69166666666667 ], [ 139.683333333333337, 35.69166666666667 ] ] ] } },
{ "type": "Feature", "properties": { "cell_id": "r14_c14", "row": 14, "col": 14, "global_row": 6516, "global_col": 38362, "lon": 139.6875, "lat": 35.69583333333334 }, "geometry": { "type": "Polygon", "coordinates": [ [ [ 139.691666666666663, 35.69166666666667 ], [ 139.691666666666663, 35.7 ], [ 139.683333333333337, 35.7 ], [ 139.683333333333337, 35.69166666666667 ], [ 139.691666666666663, 35.69166666666667 ] ] ] } },
{ "type": "Feature", "properties": { "cell_id": "r14_c15", "row": 14, "col": 15, "global_row": 6516, "global_col": 38363, "lon": 139.69583333333333, "lat": 35.69583333333334 }, "geometry": { "type": "Polygon", "coordinates": [ [ [ 139.7, 35.69166666666667 ], [ 139.7, 35.7 ], [ 139.691666666666663, 35.7 ], [ 139.691666666666663, 35.69166666666667 ], [ 139.7, 35.69166666666667 ] ] ] } },
{ "type": "Feature", "properties": { "cell_id": "r14_c16", "row": 14, "col": 16, "global_row": 6516, "global_col": 38364, "lon": 139.70416666666665, "lat": 35.695833333333333 }, "geometry": { "type": "Polygon", "coordinates": [ [ [ 139.708333333333343, 35.69166666666667 ], [ 139.708333333333343, 35.7 ], [ 139.7, 35.7 ], [ 139.7, 35.69166666666667 ], [ 139.708333333333343, 35.69166666666667 ] ] ] } },
{ "type": "Feature", "properties": { "cell_id": "r14_c17", "row": 14, "col": 17, "global_row": 6516, "global_col": 38365, "lon": 139.7125, "lat": 35.69583333333334 }, "geometry": { "type": "Polygon", "coordinates": [ [ [ 139.716666666666669, 35.69166666666667 ], [ 139.716666666666669, 35.7 ], [ 139.708333333333343, 35.7 ], [ 139.708333333333343, 35.69166666666667 ], [ 139.716666666666669, 35.69166666666667 ] ] ] } },
{ "type": "Feature", "properties": { "cell_id": "r14_c18", "row": 14, "col": 18, "global_row": 6516, "global_col": 38366, "lon": 139.7208333333333, "lat": 35.69583333333334 }, "geometry": { "type": "Polygon", "coordinates": [ [ [ 139.725, 35.69166666666667 ], [ 139.725, 35.7 ], [ 139.716666666666669, 35.7 ], [ 139.716666666666669, 35.69166666666667 ], [ 139.725, 35.69166666666667 ] ] ] } },
{ "type": "Feature", "properties": { "cell_id": "r14_c19", "row": 14, "col": 19, "global_row": 6516, "global_col": 38367, "lon": 139.72916666666663, "lat": 35.69583333333334 }, "geometry": { "type": "Polygon", "coordinates": [ [ [ 139.73333333333332, 35.69166666666667 ], [ 139.73333333333332, 35.7 ], [ 139.725, 35.7 ], [ 139.725, 35.69166666666667 ], [ 139.73333333333332, 35.69166666666667 ] ] ] } },
{ "type": "Feature", "properties": { "cell_id": "r14_c20", "row": 14, "col": 20, "global_row": 6516, "global_col": 38368, "lon": 139.7375, "lat": 35.695833333333333 }, "geometry": { "type": "Polygon", "coordinates": [ [ [ 139.741666666666674, 35.69166666666667 ], [ 139.741666666666674, 35.7 ], [ 139.73333333333332, 35.7 ], [ 139.73333333333332, 35.69166666666667 ], [ 139.741666666666674, 35.69166666666667 ] ] ] } },
{ "type": "Feature", "properties": { "cell_id": "r14_c21", "row": 14, "col": 21, "global_row": 6516, "global_col": 38369, "lon": 139.74583333333334, "lat": 35.69583333333334 }, "geometry": { "type": "Polygon", "coordinates": [ [ [ 139.75, 35.69166666666667 ], [ 139.75, 35.7 ], [ 139.741666666666674, 35.7 ], [ 139.741666666666674, 35.69166666666667 ], [ 139.75, 35.69166666666667 ] ] ] } },
{ "type": "Feature", "properties": { "cell_id": "r14_c22", "row": 14, "col": 22, "global_row": 6516, "global_col": 38370, "lon": 139.75416666666666, "lat": 35.69583333333334 }, "geometry": { "type": "Polygon", "coordinates": [ [ [ 139.758333333333326, 35.69166666666667 ], [ 139.758333333333326, 35.7 ], [ 139.75, 35.7 ], [ 139.75, 35.69166666666667 ], [ 139.758333333333326, 35.69166666666667 ] ] ] } },
{ "type": "Feature", "properties": { "cell_id": "r14_c23", "row": 14, "col": 23, "global_row": 6516, "global_col": 38371, "lon": 139.7625, "lat": 35.69583333333334 }, "geometry": { "type": "Polygon", "coordinates": [ [ [ 139.766666666666652, 35.69166666666667 ], [ 139.766666666666652, 35.7 ], [ 139.758333333333326, 35.7 ], [ 139.758333333333326, 35.69166666666667 ], [ 139.766666666666652, 35.69166666666667 ] ] ] } },
{ "type": "Feature", "properties": { "cell_id": "r14_c24", "row": 14, "col": 24, "global_row": 6516, "global_col": 38372, "lon": 139.77083333333331, "lat": 35.695833333333333 }, "geometry": { "type": "Polygon", "coordinates": [ [ [ 139.775, 35.69166666666667 ], [ 139.775, 35.7 ], [ 139.766666666666652, 35.7 ], [ 139.766666666666652, 35.69166666666667 ], [ 139.775, 35.69166666666667 ] ] ] } },
{ "type": "Feature", "properties": { "cell_id": "r14_c25", "row": 14, "col": 25, "global_row": 6516, "global_col": 38373, "lon": 139.7791666666667, "lat": 35.69583333333334 }, "geometry": { "type": "Polygon", "coordinates": [ [ [ 139.783333333333331, 35.69166666666667 ], [ 139.783333333333331, 35.7 ], [ 139.775, 35.7 ], [ 139.775, 35.69166666666667 ], [ 139.783333333333331, 35.69166666666667 ] ] ] } },
{ "type": "Feature", "properties": { "cell_id": "r14_c26", "row": 14, "col": 26, "global_row": 6516, "global_col": 38374, "lon": 139.7875, "lat": 35.69583333333334 }, "geometry": { "type": "Polygon", "coordinates": [ [ [ 139.791666666666657, 35.69166666666667 ], [ 139.791666666666657, 35.7 ], [ 139.783333333333331, 35.7 ], [ 139.783333333333331, 35.69166666666667 ], [ 139.791666666666657, 35.69166666666667 ] ] ] } },
{ "type": "Feature", "properties": { "cell_id": "r14_c27", "row": 14, "col": 27, "global_row": 6516, "global_col": 38375, "lon": 139.79583333333332, "lat": 35.69583333333334 }, "geometry": { "type": "Polygon", "coordinates": [ [ [ 139.8, 35.69166666666667 ], [ 139.8, 35.7 ], [ 139.791666666666657, 35.7 ], [ 139.791666666666657, 35.69166666666667 ], [ 139.8, 35.69166666666667 ] ] ] } },
{ "type": "Feature", "properties": { "cell_id": "r14_c28", "row": 14, "col": 28, "global_row": 6516, "global_col": 38376, "lon": 139.80416666666665, "lat": 35.695833333333333 }, "geometry": { "type": "Polygon", "coordinates": [ [ [ 139.808333333333337, 35.69166666666667 ], [ 139.808333333333337, 35.7 ], [ 139.8, 35.7 ], [ 139.8, 35.69166666666667 ], [ 139.808333333333337, 35.69166666666667 ] ] ] } },
{ "type": "Feature", "properties": { "cell_id": "r14_c29", "row": 14, "col": 29, "global_row": 6516, "global_col": 38377, "lon": 139.8125, "lat": 35.69583333333334 }, "geometry": { "type": "Polygon", "coordinates": [ [ [ 139.816666666666663, 35.69166666666667 ], [ 139.816666666666663, 35.7 ], [ 139.808333333333337, 35.7 ], [ 139.808333333333337, 35.69166666666667 ], [ 139.816666666666663, 35.69166666666667 ] ] ] } },
{ "type": "Feature", "properties": { "cell_id": "r14_c30", "row": 14, "col": 30, "global_row": 6516, "global_col": 38378, "lon": 139.82083333333333, "lat": 35.69583333333334 }, "geometry": { "type": "Polygon", "coordinates": [ [ [ 139.825, 35.69166666666667 ], [ 139.825, 35.7 ], [ 139.816666666666663, 35.7 ], [ 139.816666666666663, 35.69166666666667 ], [ 139.825, 35.69166666666667 ] ] ] } },
{ "type": "Feature", "properties": { "cell_id": "r14_c31", "row": 14, "col": 31, "global_row": 6516, "global_col": 38379, "lon": 139.82916666666665, "lat": 35.695833333333333 }, "geometry": { "type": "Polygon", "coordinates": [ [ [ 139.833333333333343, 35.69166666666667 ], [ 139.833333333333343, 35.7 ], [ 139.825, 35.7 ], [ 139.825, 35.69166666666667 ], [ 139.833333333333343, 35.69166666666667 ] ] ] } },
{ "type": "Feature", "properties": { "cell_id": "r14_c33", "row": 14, "col": 33, "global_row": 6516, "global_col": 38381, "lon": 139.8458333333333, "lat": 35.69583333333334 }, "geometry": { "type": "Polygon", "coordinates": [ [ [ 139.85, 35.69166666666667 ], [ 139.85, 35.7 ], [ 139.841666666666669, 35.7 ], [ 139.841666666666669, 35.69166666666667 ], [ 139.85, 35.69166666666667 ] ] ] } },
{ "type": "Feature", "properties": { "cell_id": "r14_c34", "row": 14, "col": 34, "global_row": 6516, "global_col": 38382, "lon": 139.85416666666666, "lat": 35.69583333333334 }, "geometry": { "type": "Polygon", "coordinates": [ [ [ 139.85833333333332, 35.69166666666667 ], [ 139.85833333333332, 35.7 ], [ 139.85, 35.7 ], [ 139.85, 35.69166666666667 ], [ 139.85833333333332, 35.69166666666667 ] ] ] } },
{ "type": "Feature", "properties": { "cell_id": "r14_c35", "row": 14, "col": 35, "global_row": 6516, "global_col": 38383, "lon": 139.8625, "lat": 35.695833333333333 }, "geometry": { "type": "Polygon", "coordinates": [ [ [ 139.866666666666674, 35.69166666666667 ], [ 139.866666666666674, 35.7 ], [ 139.85833333333332, 35.7 ], [ 139.85833333333332, 35.69166666666667 ], [ 139.866666666666674, 35.69166666666667 ] ] ] } },
{ "type": "Feature", "properties": { "cell_id": "r14_c36", "row": 14, "col": 36, "global_row": 6516, "global_col": 38384, "lon": 139.87083333333334, "lat": 35.69583333333334 }, "geometry": { "type": "Polygon", "coordinates": [ [ [ 139.875, 35.69166666666667 ], [ 139.875, 35.7 ], [ 139.866666666666674, 35.7 ], [ 139.866666666666674, 35.69166666666667 ], [ 139.875, 35.69166666666667 ] ] ] } },
{ "type": "Feature", "properties": { "cell_id": "r14_c37", "row": 14, "col": 37, "global_row": 6516, "global_col": 38385, "lon": 139.87916666666666, "lat": 35.69583333333334 }, "geometry": { "type": "Polygon", "coordinates": [ [ [ 139.883333333333326, 35.69166666666667 ], [ 139.883333333333326, 35.7 ], [ 139.875, 35.7 ], [ 139.875, 35.69166666666667 ], [ 139.883333333333326, 35.69166666666667 ] ] ] } },
{ "type": "Feature", "properties": { "cell_id": "r14_c38", "row": 14, "col": 38, "global_row": 6516, "global_col": 38386, "lon": 139.8875, "lat": 35.69583333333334 }, "geometry": { "type": "Polygon", "coordinates": [ [ [ 139.891666666666652, 35.69166666666667 ], [ 139.891666666666652, 35.7 ], [ 139.883333333333326, 35.7 ], [ 139.883333333333326, 35.69166666666667 ], [ 139.891666666666652, 35.69166666666667 ] ] ] } },
{ "type": "Feature", "properties": { "cell_id": "r14_c39", "row": 14, "col": 39, "global_row": 6516, "global_col": 38387, "lon": 139.89583333333331, "lat": 35.695833333333333 }, "geometry": { "type": "Polygon", "coordinates": [ [ [ 139.9, 35.69166666666667 ], [ 139.9, 35.7 ], [ 139.891666666666652, 35.7 ], [ 139.891666666666652, 35.69166666666667 ], [ 139.9, 35.69166666666667 ] ] ] } },
{ "type": "Feature", "properties": { "cell_id": "r14_c40", "row": 14, "col": 40, "global_row": 6516, "global_col": 38388, "lon": 139.90416666666667, "lat": 35.69583333333334 }, "geometry": { "type": "Polygon", "coordinates": [ [ [ 139.908333333333331, 35.69166666666667 ], [ 139.908333333333331, 35.7 ], [ 139.9, 35.7 ], [ 139.9, 35.69166666666667 ], [ 139.908333333333331, 35.69166666666667 ] ] ] } },
{ "type": "Feature", "properties": { "cell_id": "r14_c41", "row": 14, "col": 41, "global_row": 6516, "global_col": 38389, "lon": 139.9125, "lat": 35.69583333333334 }, "geometry": { "type": "Polygon", "coordinates": [ [ [ 139.916666666666657, 35.69166666666667 ], [ 139.916666666666657, 35.7 ], [ 139.908333333333331, 35.7 ], [ 139.908333333333331, 35.69166666666667 ], [ 139.916666666666657, 35.69166666666667 ] ] ] } },
{ "type": "Feature", "properties": { "cell_id": "r14_c42", "row": 14, "col": 42, "global_row": 6516, "global_col": 38390, "lon": 139.92083333333332, "lat": 35.69583333333334 }, "geometry": { "type": "Polygon", "coordinates": [ [ [ 139.925, 35.69166666666667 ], [ 139.925, 35.7 ], [ 139.916666666666657, 35.7 ], [ 139.916666666666657, 35.69166666666667 ], [ 139.925, 35.69166666666667 ] ] ] } },
{ "type": "Feature", "properties": { "cell_id": "r14_c43", "row": 14, "col": 43, "global_row": 6516, "global_col": 38391, "lon": 139.92916666666667, "lat": 35.695833333333333 }, "geometry": { "type": "Polygon", "coordinates": [ [ [ 139.933333333333337, 35.69166666666667 ], [ 139.933333333333337, 35.7 ], [ 139.925, 35.7 ], [ 139.925, 35.69166666666667 ], [ 139.933333333333337, 35.69166666666667 ] ] ] } },
{ "type": "Feature", "properties": { "cell_id": "r15_c4", "row": 15, "col": 4, "global_row": 6517, "global_col": 38352, "lon": 139.60416666666666, "lat": 35.6875 }, "geometry": { "type": "Polygon", "coordinates": [ [ [ 139.60833333333332, 35.683333333333337 ], [ 139.60833333333332, 35.69166666666667 ], [ 139.6, 35.69166666666667 ], [ 139.6, 35.683333333333337 ], [ 139.60833333333332, 35.683333333333337 ] ] ] } },
{ "type": "Feature", "properties": { "cell_id": "r15_c5", "row": 15, "col": 5, "global_row": 6517, "global_col": 38353, "lon": 139.6125, "lat": 35.6875 }, "geometry": { "type": "Polygon", "coordinates": [ [ [ 139.616666666666674, 35.683333333333337 ], [ 139.616666666666674, 35.69166666666667 ], [ 139.60833333333332, 35.69166666666667 ], [ 139.60833333333332, 35.683333333333337 ], [ 139.616666666666674, 35.683333333333337 ] ] ] } },
{ "type": "Feature", "properties": { "cell_id": "r15_c6", "row": 15, "col": 6, "global_row": 6517, "global_col": 38354, "lon": 139.62083333333334, "lat": 35.6875 }, "geometry": { "type": "Polygon", "coordinates": [ [ [ 139.625, 35.683333333333337 ], [ 139.625, 35.69166666666667 ], [ 139.616666666666674, 35.69166666666667 ], [ 139.616666666666674, 35.683333333333337 ], [ 139.625, 35.683333333333337 ] ] ] } },
{ "type": "Feature", "properties": { "cell_id": "r15_c7", "row": 15, "col": 7, "global_row": 6517, "global_col": 38355, "lon": 139.62916666666666, "lat": 35.6875 }, "geometry": { "type": "Polygon", "coordinates": [ [ [ 139.633333333333326, 35.683333333333337 ], [ 139.633333333333326, 35.69166666666667 ], [ 139.625, 35.69166666666667 ], [ 139.625, 35.683333333333337 ], [ 139.633333333333326, 35.683333333333337 ] ] ] } },
{ "type": "Feature", "properties": { "cell_id": "r15_c8", "row": 15, "col": 8, "global_row": 6517, "global_col": 38356, "lon": 139.6375, "lat": 35.6875 }, "geometry": { "type": "Polygon", "coordinates": [ [ [ 139.641666666666652, 35.683333333333337 ], [ 139.641666666666652, 35.69166666666667 ], [ 139.633333333333326, 35.69166666666667 ], [ 139.633333333333326, 35.683333333333337 ], [ 139.641666666666652, 35.683333333333337 ] ] ] } },
{ "type": "Feature", "properties": { "cell_id": "r15_c9", "row": 15, "col": 9, "global_row": 6517, "global_col": 38357, "lon": 139.64583333333331, "lat": 35.6875 }, "geometry": { "type": "Polygon", "coordinates": [ [ [ 139.65, 35.683333333333337 ], [ 139.65, 35.69166666666667 ], [ 139.641666666666652, 35.69166666666667 ], [ 139.641666666666652, 35.683333333333337 ], [ 139.65, 35.683333333333337 ] ] ] } },
{ "type": "Feature", "properties": { "cell_id": "r15_c10", "row": 15, "col": 10, "global_row": 6517, "global_col": 38358, "lon": 139.65416666666667, "lat": 35.6875 }, "geometry": { "type": "Polygon", "coordinates": [ [ [ 139.658333333333331, 35.683333333333337 ], [ 139.658333333333331, 35.69166666666667 ], [ 139.65, 35.69166666666667 ], [ 139.65, 35.683333333333337 ], [ 139.658333333333331, 35.683333333333337 ] ] ] } },
{ "type": "Feature", "properties": { "cell_id": "r15_c11", "row": 15, "col": 11, "global_row": 6517, "global_col": 38359, "lon": 139.6625, "lat": 35.6875 }, "geometry": { "type": "Polygon", "coordinates": [ [ [ 139.666666666666657, 35.683333333333337 ], [ 139.666666666666657, 35.69166666666667 ], [ 139.658333333333331, 35.69166666666667 ], [ 139.658333333333331, 35.683333333333337 ], [ 139.666666666666657, 35.683333333333337 ] ] ] } },
{ "type": "Feature", "properties": { "cell_id": "r15_c12", "row": 15, "col": 12, "global_row": 6517, "global_col": 38360, "lon": 139.67083333333335, "lat": 35.6875 }, "geometry": { "type": "Polygon", "coordinates": [ [ [ 139.675, 35.683333333333337 ], [ 139.675, 35.69166666666667 ], [ 139.666666666666657, 35.69166666666667 ], [ 139.666666666666657, 35.683333333333337 ], [ 139.675, 35.683333333333337 ] ] ] } },
{ "type": "Feature", "properties": { "cell_id": "r15_c13", "row": 15, "col": 13, "global_row": 6517, "global_col": 38361, "lon": 139.67916666666667, "lat": 35.6875 }, "geometry": { "type": "Polygon", "coordinates": [ [ [ 139.683333333333337, 35.683333333333337 ], [ 139.683333333333337, 35.69166666666667 ], [ 139.675, 35.69166666666667 ], [ 139.675, 35.683333333333337 ], [ 139.683333333333337, 35.683333333333337 ] ] ] } },
{ "type": "Feature", "properties": { "cell_id": "r15_c14", "row": 15, "col": 14, "global_row": 6517, "global_col": 38362, "lon": 139.6875, "lat": 35.6875 }, "geometry": { "type": "Polygon", "coordinates": [ [ [ 139.691666666666663, 35.683333333333337 ], [ 139.691666666666663, 35.69166666666667 ], [ 139.683333333333337, 35.69166666666667 ], [ 139.683333333333337, 35.683333333333337 ], [ 139.691666666666663, 35.683333333333337 ] ] ] } },
{ "type": "Feature", "properties": { "cell_id": "r15_c15", "row": 15, "col": 15, "global_row": 6517, "global_col": 38363, "lon": 139.69583333333333, "lat": 35.6875 }, "geometry": { "type": "Polygon", "coordinates": [ [ [ 139.7, 35.683333333333337 ], [ 139.7, 35.69166666666667 ], [ 139.691666666666663, 35.69166666666667 ], [ 139.691666666666663, 35.683333333333337 ], [ 139.7, 35.683333333333337 ] ] ] } },
{ "type": "Feature", "properties": { "cell_id": "r15_c16", "row": 15, "col": 16, "global_row": 6517, "global_col": 38364, "lon": 139.70416666666665, "lat": 35.6875 }, "geometry": { "type": "Polygon", "coordinates": [ [ [ 139.708333333333343, 35.683333333333337 ], [ 139.708333333333343, 35.69166666666667 ], [ 139.7, 35.69166666666667 ], [ 139.7, 35.683333333333337 ], [ 139.708333333333343, 35.683333333333337 ] ] ] } },
{ "type": "Feature", "properties": { "cell_id": "r15_c17", "row": 15, "col": 17, "global_row": 6517, "global_col": 38365, "lon": 139.7125, "lat": 35.6875 }, "geometry": { "type": "Polygon", "coordinates": [ [ [ 139.716666666666669, 35.683333333333337 ], [ 139.716666666666669, 35.69166666666667 ], [ 139.708333333333343, 35.69166666666667 ], [ 139.708333333333343, 35.683333333333337 ], [ 139.716666666666669, 35.683333333333337 ] ] ] } },
{ "type": "Feature", "properties": { "cell_id": "r15_c18", "row": 15, "col": 18, "global_row": 6517, "global_col": 38366, "lon": 139.7208333333333, "lat": 35.6875 }, "geometry": { "type": "Polygon", "coordinates": [ [ [ 139.725, 35.683333333333337 ], [ 139.725, 35.69166666666667 ], [ 139.716666666666669, 35.69166666666667 ], [ 139.716666666666669, 35.683333333333337 ], [ 139.725, 35.683333333333337 ] ] ] } },
{ "type": "Feature", "properties": { "cell_id": "r15_c19", "row": 15, "col": 19, "global_row": 6517, "global_col": 38367, "lon": 139.72916666666663, "lat": 35.6875 }, "geometry": { "type": "Polygon", "coordinates": [ [ [ 139.73333333333332, 35.683333333333337 ], [ 139.73333333333332, 35.69166666666667 ], [ 139.725, 35.69166666666667 ], [ 139.725, 35.683333333333337 ], [ 139.73333333333332, 35.683333333333337 ] ] ] } },
{ "type": "Feature", "properties": { "cell_id": "r15_c20", "row": 15, "col": 20, "global_row": 6517, "global_col": 38368, "lon": 139.7375, "lat": 35.6875 }, "geometry": { "type": "Polygon", "coordinates": [ [ [ 139.741666666666674, 35.683333333333337 ], [ 139.741666666666674, 35.69166666666667 ], [ 139.73333333333332, 35.69166666666667 ], [ 139.73333333333332, 35.683333333333337 ], [ 139.741666666666674, 35.683333333333337 ] ] ] } },
{ "type": "Feature", "properties": { "cell_id": "r15_c21", "row": 15, "col": 21, "global_row": 6517, "global_col": 38369, "lon": 139.74583333333334, "lat": 35.6875 }, "geometry": { "type": "Polygon", "coordinates": [ [ [ 139.75, 35.683333333333337 ], [ 139.75, 35.69166666666667 ], [ 139.741666666666674, 35.69166666666667 ], [ 139.741666666666674, 35.683333333333337 ], [ 139.75, 35.683333333333337 ] ] ] } },
{ "type": "Feature", "properties": { "cell_id": "r15_c22", "row": 15, "col": 22, "global_row": 6517, "global_col": 38370, "lon": 139.75416666666666, "lat": 35.6875 }, "geometry": { "type": "Polygon", "coordinates": [ [ [ 139.758333333333326, 35.683333333333337 ], [ 139.758333333333326, 35.69166666666667 ], [ 139.75, 35.69166666666667 ], [ 139.75, 35.683333333333337 ], [ 139.758333333333326, 35.683333333333337 ] ] ] } },
{ "type": "Feature", "properties": { "cell_id": "r15_c23", "row": 15, "col": 23, "global_row": 6517, "global_col": 38371, "lon": 139.7625, "lat": 35.6875 }, "geometry": { "type": "Polygon", "coordinates": [ [ [ 139.766666666666652, 35.683333333333337 ], [ 139.766666666666652, 35.69166666666667 ], [ 139.758333333333326, 35.69166666666667 ], [ 139.758333333333326, 35.683333333333337 ], [ 139.766666666666652, 35.683333333333337 ] ] ] } },
{ "type": "Feature", "properties": { "cell_id": "r15_c24", "row": 15, "col": 24, "global_row": 6517, "global_col": 38372, "lon": 139.77083333333331, "lat": 35.6875 }, "geometry": { "type": "Polygon", "coordinates": [ [ [ 139.775, 35.683333333333337 ], [ 139.775, 35.69166666666667 ], [ 139.766666666666652, 35.69166666666667 ], [ 139.766666666666652, 35.683333333333337 ], [ 139.775, 35.683333333333337 ] ] ] } },
{ "type": "Feature", "properties": { "cell_id": "r15_c25", "row": 15, "col": 25, "global_row": 6517, "global_col": 38373, "lon": 139.7791666666667, "lat": 35.6875 }, "geometry": { "type": "Polygon", "coordinates": [ [ [ 139.783333333333331, 35.683333333333337 ], [ 139.783333333333331, 35.69166666666667 ], [ 139.775, 35.69166666666667 ], [ 139.775, 35.683333333333337 ], [ 139.783333333333331, 35.683333333333337 ] ] ] } },
{ "type": "Feature", "properties": { "cell_id": "r15_c26", "row": 15, "col": 26, "global_row": 6517, "global_col": 38374, "lon": 139.7875, "lat": 35.6875 }, "geometry": { "type": "Polygon", "coordinates": [ [ [ 139.791666666666657, 35.683333333333337 ], [ 139.791666666666657, 35.69166666666667 ], [ 139.783333333333331, 35.69166666666667 ], [ 139.783333333333331, 35.683333333333337 ], [ 139.791666666666657, 35.683333333333337 ] ] ] } },
{ "type": "Feature", "properties": { "cell_id": "r15_c27", "row": 15, "col": 27, "global_row": 6517, "global_col": 38375, "lon": 139.79583333333332, "lat": 35.6875 }, "geometry": { "type": "Polygon", "coordinates": [ [ [ 139.8, 35.683333333333337 ], [ 139.8, 35.69166666666667 ], [ 139.791666666666657, 35.69166666666667 ], [ 139.791666666666657, 35.683333333333337 ], [ 139.8, 35.683333333333337 ] ] ] } },
{ "type": "Feature", "properties": { "cell_id": "r15_c28", "row": 15, "col": 28, "global_row": 6517, "global_col": 38376, "lon": 139.80416666666665, "lat": 35.6875 }, "geometry": { "type": "Polygon", "coordinates": [ [ [ 139.808333333333337, 35.683333333333337 ], [ 139.808333333333337, 35.69166666666667 ], [ 139.8, 35.69166666666667 ], [ 139.8, 35.683333333333337 ], [ 139.808333333333337, 35.683333333333337 ] ] ] } },
{ "type": "Feature", "properties": { "cell_id": "r15_c29", "row": 15, "col": 29, "global_row": 6517, "global_col": 38377, "lon": 139.8125, "lat": 35.6875 }, "geometry": { "type": "Polygon", "coordinates": [ [ [ 139.816666666666663, 35.683333333333337 ], [ 139.816666666666663, 35.69166666666667 ], [ 139.808333333333337, 35.69166666666667 ], [ 139.808333333333337, 35.683333333333337 ], [ 139.816666666666663, 35.683333333333337 ] ] ] } },
{ "type": "Feature", "properties": { "cell_id": "r15_c30", "row": 15, "col": 30, "global_row": 6517, "global_col": 38378, "lon": 139.82083333333333, "lat": 35.6875 }, "geometry": { "type": "Polygon", "coordinates": [ [ [ 139.825, 35.683333333333337 ], [ 139.825, 35.69166666666667 ], [ 139.816666666666663, 35.69166666666667 ], [ 139.816666666666663, 35.683333333333337 ], [ 139.825, 35.683333333333337 ] ] ] } },
{ "type": "Feature", "properties": { "cell_id": "r15_c31", "row": 15, "col": 31, "global_row": 6517, "global_col": 38379, "lon": 139.82916666666665, "lat": 35.6875 }, "geometry": { "type": "Polygon", "coordinates": [ [ [ 139.833333333333343, 35.683333333333337 ], [ 139.833333333333343, 35.69166666666667 ], [ 139.825, 35.69166666666667 ], [ 139.825, 35.683333333333337 ], [ 139.833333333333343, 35.683333333333337 ] ] ] } },
{ "type": "Feature", "properties": { "cell_id": "r15_c32", "row": 15, "col": 32, "global_row": 6517, "global_col": 38380, "lon": 139.8375, "lat": 35.6875 }, "geometry": { "type": "Polygon", "coordinates": [ [ [ 139.841666666666669, 35.683333333333337 ], [ 139.841666666666669, 35.69166666666667 ], [ 139.833333333333343, 35.69166666666667 ], [ 139.833333333333343, 35.683333333333337 ], [ 139.841666666666669, 35.683333333333337 ] ] ] } },
{ "type": "Feature", "properties": { "cell_id": "r15_c33", "row": 15, "col": 33, "global_row": 6517, "global_col": 38381, "lon": 139.8458333333333, "lat": 35.6875 }, "geometry": { "type": "Polygon", "coordinates": [ [ [ 139.85, 35.683333333333337 ], [ 139.85, 35.69166666666667 ], [ 139.841666666666669, 35.69166666666667 ], [ 139.841666666666669, 35.683333333333337 ], [ 139.85, 35.683333333333337 ] ] ] } },
{ "type": "Feature", "properties": { "cell_id": "r15_c35", "row": 15, "col": 35, "global_row": 6517, "global_col": 38383, "lon": 139.8625, "lat": 35.6875 }, "geometry": { "type": "Polygon", "coordinates": [ [ [ 139.866666666666674, 35.683333333333337 ], [ 139.866666666666674, 35.69166666666667 ], [ 139.85833333333332, 35.69166666666667 ], [ 139.85833333333332, 35.683333333333337 ], [ 139.866666666666674, 35.683333333333337 ] ] ] } },
{ "type": "Feature", "properties": { "cell_id": "r15_c36", "row": 15, "col": 36, "global_row": 6517, "global_col": 38384, "lon": 139.87083333333334, "lat": 35.6875 }, "geometry": { "type": "Polygon", "coordinates": [ [ [ 139.875, 35.683333333333337 ], [ 139.875, 35.69166666666667 ], [ 139.866666666666674, 35.69166666666667 ], [ 139.866666666666674, 35.683333333333337 ], [ 139.875, 35.683333333333337 ] ] ] } },
{ "type": "Feature", "properties": { "cell_id": "r15_c37", "row": 15, "col": 37, "global_row": 6517, "global_col": 38385, "lon": 139.87916666666666, "lat": 35.6875 }, "geometry": { "type": "Polygon", "coordinates": [ [ [ 139.883333333333326, 35.683333333333337 ], [ 139.883333333333326, 35.69166666666667 ], [ 139.875, 35.69166666666667 ], [ 139.875, 35.683333333333337 ], [ 139.883333333333326, 35.683333333333337 ] ] ] } },
{ "type": "Feature", "properties": { "cell_id": "r15_c38", "row": 15, "col": 38, "global_row": 6517, "global_col": 38386, "lon": 139.8875, "lat": 35.6875 }, "geometry": { "type": "Polygon", "coordinates": [ [ [ 139.891666666666652, 35.683333333333337 ], [ 139.891666666666652, 35.69166666666667 ], [ 139.883333333333326, 35.69166666666667 ], [ 139.883333333333326, 35.683333333333337 ], [ 139.891666666666652, 35.683333333333337 ] ] ] } },
{ "type": "Feature", "properties": { "cell_id": "r15_c39", "row": 15, "col": 39, "global_row": 6517, "global_col": 38387, "lon": 139.89583333333331, "lat": 35.6875 }, "geometry": { "type": "Polygon", "coordinates": [ [ [ 139.9, 35.683333333333337 ], [ 139.9, 35.69166666666667 ], [ 139.891666666666652, 35.69166666666667 ], [ 139.891666666666652, 35.683333333333337 ], [ 139.9, 35.683333333333337 ] ] ] } },
{ "type": "Feature", "properties": { "cell_id": "r15_c40", "row": 15, "col": 40, "global_row": 6517, "global_col": 38388, "lon": 139.90416666666667, "lat": 35.6875 }, "geometry": { "type": "Polygon", "coordinates": [ [ [ 139.908333333333331, 35.683333333333337 ], [ 139.908333333333331, 35.69166666666667 ], [ 139.9, 35.69166666666667 ], [ 139.9, 35.683333333333337 ], [ 139.908333333333331, 35.683333333333337 ] ] ] } },
{ "type": "Feature", "properties": { "cell_id": "r15_c41", "row": 15, "col": 41, "global_row": 6517, "global_col": 38389, "lon": 139.9125, "lat": 35.6875 }, "geometry": { "type": "Polygon", "coordinates": [ [ [ 139.916666666666657, 35.683333333333337 ], [ 139.916666666666657, 35.69166666666667 ], [ 139.908333333333331, 35.69166666666667 ], [ 139.908333333333331, 35.683333333333337 ], [ 139.916666666666657, 35.683333333333337 ] ] ] } },
{ "type": "Feature", "properties": { "cell_id": "r15_c42", "row": 15, "col": 42, "global_row": 6517, "global_col": 38390, "lon": 139.92083333333332, "lat": 35.6875 }, "geometry": { "type": "Polygon", "coordinates": [ [ [ 139.925, 35.683333333333337 ], [ 139.925, 35.69166666666667 ], [ 139.916666666666657, 35.69166666666667 ], [ 139.916666666666657, 35.683333333333337 ], [ 139.925, 35.683333333333337 ] ] ] } },
{ "type": "Feature", "properties": { "cell_id": "r15_c43", "row": 15, "col": 43, "global_row": 6517, "global_col": 38391, "lon": 139.92916666666667, "lat": 35.6875 }, "geometry": { "type": "Polygon", "coordinates": [ [ [ 139.933333333333337, 35.683333333333337 ], [ 139.933333333333337, 35.69166666666667 ], [ 139.925, 35.69166666666667 ], [ 139.925, 35.683333333333337 ], [ 139.933333333333337, 35.683333333333337 ] ] ] } },
{ "type": "Feature", "properties": { "cell_id": "r15_c44", "row": 15, "col": 44, "global_row": 6517, "global_col": 38392, "lon": 139.9375, "lat": 35.6875 }, "geometry": { "type": "Polygon", "coordinates": [ [ [ 139.941666666666663, 35.683333333333337 ], [ 139.941666666666663, 35.69166666666667 ], [ 139.933333333333337, 35.69166666666667 ], [ 139.933333333333337, 35.683333333333337 ], [ 139.941666666666663, 35.683333333333337 ] ] ] } },
{ "type": "Feature", "properties": { "cell_id": "r16_c3", "row": 16, "col": 3, "global_row": 6518, "global_col": 38351, "lon": 139.59583333333333, "lat": 35.679166666666674 }, "geometry": { "type": "Polygon", "coordinates": [ [ [ 139.6, 35.675 ], [ 139.6, 35.683333333333337 ], [ 139.591666666666669, 35.683333333333337 ], [ 139.591666666666669, 35.675 ], [ 139.6, 35.675 ] ] ] } },
{ "type": "Feature", "properties": { "cell_id": "r16_c4", "row": 16, "col": 4, "global_row": 6518, "global_col": 38352, "lon": 139.60416666666666, "lat": 35.679166666666674 }, "geometry": { "type": "Polygon", "coordinates": [ [ [ 139.60833333333332, 35.675 ], [ 139.60833333333332, 35.683333333333337 ], [ 139.6, 35.683333333333337 ], [ 139.6, 35.675 ], [ 139.60833333333332, 35.675 ] ] ] } },
{ "type": "Feature", "properties": { "cell_id": "r16_c5", "row": 16, "col": 5, "global_row": 6518, "global_col": 38353, "lon": 139.6125, "lat": 35.679166666666667 }, "geometry": { "type": "Polygon", "coordinates": [ [ [ 139.616666666666674, 35.675 ], [ 139.616666666666674, 35.683333333333337 ], [ 139.60833333333332, 35.683333333333337 ], [ 139.60833333333332, 35.675 ], [ 139.616666666666674, 35.675 ] ] ] } },
{ "type": "Feature", "properties": { "cell_id": "r16_c6", "row": 16, "col": 6, "global_row": 6518, "global_col": 38354, "lon": 139.62083333333334, "lat": 35.679166666666674 }, "geometry": { "type": "Polygon", "coordinates": [ [ [ 139.625, 35.675 ], [ 139.625, 35.683333333333337 ], [ 139.616666666666674, 35.683333333333337 ], [ 139.616666666666674, 35.675 ], [ 139.625, 35.675 ] ] ] } },
{ "type": "Feature", "properties": { "cell_id": "r16_c7", "row": 16, "col": 7, "global_row": 6518, "global_col": 38355, "lon": 139.62916666666666, "lat": 35.679166666666674 }, "geometry": { "type": "Polygon", "coordinates": [ [ [ 139.633333333333326, 35.675 ], [ 139.633333333333326, 35.683333333333337 ], [ 139.625, 35.683333333333337 ], [ 139.625, 35.675 ], [ 139.633333333333326, 35.675 ] ] ] } },
{ "type": "Feature", "properties": { "cell_id": "r16_c8", "row": 16, "col": 8, "global_row": 6518, "global_col": 38356, "lon": 139.6375, "lat": 35.679166666666674 }, "geometry": { "type": "Polygon", "coordinates": [ [ [ 139.641666666666652, 35.675 ], [ 139.641666666666652, 35.683333333333337 ], [ 139.633333333333326, 35.683333333333337 ], [ 139.633333333333326, 35.675 ], [ 139.641666666666652, 35.675 ] ] ] } },
{ "type": "Feature", "properties": { "cell_id": "r16_c9", "row": 16, "col": 9, "global_row": 6518, "global_col": 38357, "lon": 139.64583333333331, "lat": 35.679166666666667 }, "geometry": { "type": "Polygon", "coordinates": [ [ [ 139.65, 35.675 ], [ 139.65, 35.683333333333337 ], [ 139.641666666666652, 35.683333333333337 ], [ 139.641666666666652, 35.675 ], [ 139.65, 35.675 ] ] ] } },
{ "type": "Feature", "properties": { "cell_id": "r16_c10", "row": 16, "col": 10, "global_row": 6518, "global_col": 38358, "lon": 139.65416666666667, "lat": 35.679166666666674 }, "geometry": { "type": "Polygon", "coordinates": [ [ [ 139.658333333333331, 35.675 ], [ 139.658333333333331, 35.683333333333337 ], [ 139.65, 35.683333333333337 ], [ 139.65, 35.675 ], [ 139.658333333333331, 35.675 ] ] ] } },
{ "type": "Feature", "properties": { "cell_id": "r16_c11", "row": 16, "col": 11, "global_row": 6518, "global_col": 38359, "lon": 139.6625, "lat": 35.679166666666674 }, "geometry": { "type": "Polygon", "coordinates": [ [ [ 139.666666666666657, 35.675 ], [ 139.666666666666657, 35.683333333333337 ], [ 139.658333333333331, 35.683333333333337 ], [ 139.658333333333331, 35.675 ], [ 139.666666666666657, 35.675 ] ] ] } },
{ "type": "Feature", "properties": { "cell_id": "r16_c12", "row": 16, "col": 12, "global_row": 6518, "global_col": 38360, "lon": 139.67083333333335, "lat": 35.679166666666674 }, "geometry": { "type": "Polygon", "coordinates": [ [ [ 139.675, 35.675 ], [ 139.675, 35.683333333333337 ], [ 139.666666666666657, 35.683333333333337 ], [ 139.666666666666657, 35.675 ], [ 139.675, 35.675 ] ] ] } },
{ "type": "Feature", "properties": { "cell_id": "r16_c14", "row": 16, "col": 14, "global_row": 6518, "global_col": 38362, "lon": 139.6875, "lat": 35.679166666666674 }, "geometry": { "type": "Polygon", "coordinates": [ [ [ 139.691666666666663, 35.675 ], [ 139.691666666666663, 35.683333333333337 ], [ 139.683333333333337, 35.683333333333337 ], [ 139.683333333333337, 35.675 ], [ 139.691666666666663, 35.675 ] ] ] } },
{ "type": "Feature", "properties": { "cell_id": "r16_c15", "row": 16, "col": 15, "global_row": 6518, "global_col": 38363, "lon": 139.69583333333333, "lat": 35.679166666666674 }, "geometry": { "type": "Polygon", "coordinates": [ [ [ 139.7, 35.675 ], [ 139.7, 35.683333333333337 ], [ 139.691666666666663, 35.683333333333337 ], [ 139.691666666666663, 35.675 ], [ 139.7, 35.675 ] ] ] } },
{ "type": "Feature", "properties": { "cell_id": "r16_c16", "row": 16, "col": 16, "global_row": 6518, "global_col": 38364, "lon": 139.70416666666665, "lat": 35.679166666666667 }, "geometry": { "type": "Polygon", "coordinates": [ [ [ 139.708333333333343, 35.675 ], [ 139.708333333333343, 35.683333333333337 ], [ 139.7, 35.683333333333337 ], [ 139.7, 35.675 ], [ 139.708333333333343, 35.675 ] ] ] } },
{ "type": "Feature", "properties": { "cell_id": "r16_c17", "row": 16, "col": 17, "global_row": 6518, "global_col": 38365, "lon": 139.7125, "lat": 35.679166666666674 }, "geometry": { "type": "Polygon", "coordinates": [ [ [ 139.716666666666669, 35.675 ], [ 139.716666666666669, 35.683333333333337 ], [ 139.708333333333343, 35.683333333333337 ], [ 139.708333333333343, 35.675 ], [ 139.716666666666669, 35.675 ] ] ] } },
{ "type": "Feature", "properties": { "cell_id": "r16_c18", "row": 16, "col": 18, "global_row": 6518, "global_col": 38366, "lon": 139.7208333333333, "lat": 35.679166666666674 }, "geometry": { "type": "Polygon", "coordinates": [ [ [ 139.725, 35.675 ], [ 139.725, 35.683333333333337 ], [ 139.716666666666669, 35.683333333333337 ], [ 139.716666666666669, 35.675 ], [ 139.725, 35.675 ] ] ] } },
{ "type": "Feature", "properties": { "cell_id": "r16_c19", "row": 16, "col": 19, "global_row": 6518, "global_col": 38367, "lon": 139.72916666666663, "lat": 35.679166666666674 }, "geometry": { "type": "Polygon", "coordinates": [ [ [ 139.73333333333332, 35.675 ], [ 139.73333333333332, 35.683333333333337 ], [ 139.725, 35.683333333333337 ], [ 139.725, 35.675 ], [ 139.73333333333332, 35.675 ] ] ] } },
{ "type": "Feature", "properties": { "cell_id": "r16_c20", "row": 16, "col": 20, "global_row": 6518, "global_col": 38368, "lon": 139.7375, "lat": 35.679166666666667 }, "geometry": { "type": "Polygon", "coordinates": [ [ [ 139.741666666666674, 35.675 ], [ 139.741666666666674, 35.683333333333337 ], [ 139.73333333333332, 35.683333333333337 ], [ 139.73333333333332, 35.675 ], [ 139.741666666666674, 35.675 ] ] ] } },
{ "type": "Feature", "properties": { "cell_id": "r16_c21", "row": 16, "col": 21, "global_row": 6518, "global_col": 38369, "lon": 139.74583333333334, "lat": 35.679166666666674 }, "geometry": { "type": "Polygon", "coordinates": [ [ [ 139.75, 35.675 ], [ 139.75, 35.683333333333337 ], [ 139.741666666666674, 35.683333333333337 ], [ 139.741666666666674, 35.675 ], [ 139.75, 35.675 ] ] ] } },
{ "type": "Feature", "properties": { "cell_id": "r16_c22", "row": 16, "col": 22, "global_row": 6518, "global_col": 38370, "lon": 139.75416666666666, "lat": 35.679166666666674 }, "geometry": { "type": "Polygon", "coordinates": [ [ [ 139.758333333333326, 35.675 ], [ 139.758333333333326, 35.683333333333337 ], [ 139.75, 35.683333333333337 ], [ 139.75, 35.675 ], [ 139.758333333333326, 35.675 ] ] ] } },
{ "type": "Feature", "properties": { "cell_id": "r16_c23", "row": 16, "col": 23, "global_row": 6518, "global_col": 38371, "lon": 139.7625, "lat": 35.679166666666674 }, "geometry": { "type": "Polygon", "coordinates": [ [ [ 139.766666666666652, 35.675 ], [ 139.766666666666652, 35.683333333333337 ], [ 139.758333333333326, 35.683333333333337 ], [ 139.758333333333326, 35.675 ], [ 139.766666666666652, 35.675 ] ] ] } },
{ "type": "Feature", "properties": { "cell_id": "r16_c24", "row": 16, "col": 24, "global_row": 6518, "global_col": 38372, "lon": 139.77083333333331, "lat": 35.679166666666667 }, "geometry": { "type": "Polygon", "coordinates": [ [ [ 139.775, 35.675 ], [ 139.775, 35.683333333333337 ], [ 139.766666666666652, 35.683333333333337 ], [ 139.766666666666652, 35.675 ], [ 139.775, 35.675 ] ] ] } },
{ "type": "Feature", "properties": { "cell_id": "r16_c25", "row": 16, "col": 25, "global_row": 6518, "global_col": 38373, "lon": 139.7791666666667, "lat": 35.679166666666674 }, "geometry": { "type": "Polygon", "coordinates": [ [ [ 139.783333333333331, 35.675 ], [ 139.783333333333331, 35.683333333333337 ], [ 139.775, 35.683333333333337 ], [ 139.775, 35.675 ], [ 139.783333333333331, 35.675 ] ] ] } },
{ "type": "Feature", "properties": { "cell_id": "r16_c26", "row": 16, "col": 26, "global_row": 6518, "global_col": 38374, "lon": 139.7875, "lat": 35.679166666666674 }, "geometry": { "type": "Polygon", "coordinates": [ [ [ 139.791666666666657, 35.675 ], [ 139.791666666666657, 35.683333333333337 ], [ 139.783333333333331, 35.683333333333337 ], [ 139.783333333333331, 35.675 ], [ 139.791666666666657, 35.675 ] ] ] } },
{ "type": "Feature", "properties": { "cell_id": "r16_c27", "row": 16, "col": 27, "global_row": 6518, "global_col": 38375, "lon": 139.79583333333332, "lat": 35.679166666666674 }, "geometry": { "type": "Polygon", "coordinates": [ [ [ 139.8, 35.675 ], [ 139.8, 35.683333333333337 ], [ 139.791666666666657, 35.683333333333337 ], [ 139.791666666666657, 35.675 ], [ 139.8, 35.675 ] ] ] } },
{ "type": "Feature", "properties": { "cell_id": "r16_c28", "row": 16, "col": 28, "global_row": 6518, "global_col": 38376, "lon": 139.80416666666665, "lat": 35.679166666666667 }, "geometry": { "type": "Polygon", "coordinates": [ [ [ 139.808333333333337, 35.675 ], [ 139.808333333333337, 35.683333333333337 ], [ 139.8, 35.683333333333337 ], [ 139.8, 35.675 ], [ 139.808333333333337, 35.675 ] ] ] } },
{ "type": "Feature", "properties": { "cell_id": "r16_c29", "row": 16, "col": 29, "global_row": 6518, "global_col": 38377, "lon": 139.8125, "lat": 35.679166666666674 }, "geometry": { "type": "Polygon", "coordinates": [ [ [ 139.816666666666663, 35.675 ], [ 139.816666666666663, 35.683333333333337 ], [ 139.808333333333337, 35.683333333333337 ], [ 139.808333333333337, 35.675 ], [ 139.816666666666663, 35.675 ] ] ] } },
{ "type": "Feature", "properties": { "cell_id": "r16_c30", "row": 16, "col": 30, "global_row": 6518, "global_col": 38378, "lon": 139.82083333333333, "lat": 35.679166666666674 }, "geometry": { "type": "Polygon", "coordinates": [ [ [ 139.825, 35.675 ], [ 139.825, 35.683333333333337 ], [ 139.816666666666663, 35.683333333333337 ], [ 139.816666666666663, 35.675 ], [ 139.825, 35.675 ] ] ] } },
{ "type": "Feature", "properties": { "cell_id": "r16_c31", "row": 16, "col": 31, "global_row": 6518, "global_col": 38379, "lon": 139.82916666666665, "lat": 35.679166666666667 }, "geometry": { "type": "Polygon", "coordinates": [ [ [ 139.833333333333343, 35.675 ], [ 139.833333333333343, 35.683333333333337 ], [ 139.825, 35.683333333333337 ], [ 139.825, 35.675 ], [ 139.833333333333343, 35.675 ] ] ] } },
{ "type": "Feature", "properties": { "cell_id": "r16_c32", "row": 16, "col": 32, "global_row": 6518, "global_col": 38380, "lon": 139.8375, "lat": 35.679166666666674 }, "geometry": { "type": "Polygon", "coordinates": [ [ [ 139.841666666666669, 35.675 ], [ 139.841666666666669, 35.683333333333337 ], [ 139.833333333333343, 35.683333333333337 ], [ 139.833333333333343, 35.675 ], [ 139.841666666666669, 35.675 ] ] ] } },
{ "type": "Feature", "properties": { "cell_id": "r16_c33", "row": 16, "col": 33, "global_row": 6518, "global_col": 38381, "lon": 139.8458333333333, "lat": 35.679166666666674 }, "geometry": { "type": "Polygon", "coordinates": [ [ [ 139.85, 35.675 ], [ 139.85, 35.683333333333337 ], [ 139.841666666666669, 35.683333333333337 ], [ 139.841666666666669, 35.675 ], [ 139.85, 35.675 ] ] ] } },
{ "type": "Feature", "properties": { "cell_id": "r16_c34", "row": 16, "col": 34, "global_row": 6518, "global_col": 38382, "lon": 139.85416666666666, "lat": 35.679166666666674 }, "geometry": { "type": "Polygon", "coordinates": [ [ [ 139.85833333333332, 35.675 ], [ 139.85833333333332, 35.683333333333337 ], [ 139.85, 35.683333333333337 ], [ 139.85, 35.675 ], [ 139.85833333333332, 35.675 ] ] ] } },
{ "type": "Feature", "properties": { "cell_id": "r16_c35", "row": 16, "col": 35, "global_row": 6518, "global_col": 38383, "lon": 139.8625, "lat": 35.679166666666667 }, "geometry": { "type": "Polygon", "coordinates": [ [ [ 139.866666666666674, 35.675 ], [ 139.866666666666674, 35.683333333333337 ], [ 139.85833333333332, 35.683333333333337 ], [ 139.85833333333332, 35.675 ], [ 139.866666666666674, 35.675 ] ] ] } },
{ "type": "Feature", "properties": { "cell_id": "r16_c36", "row": 16, "col": 36, "global_row": 6518, "global_col": 38384, "lon": 139.87083333333334, "lat": 35.679166666666674 }, "geometry": { "type": "Polygon", "coordinates": [ [ [ 139.875, 35.675 ], [ 139.875, 35.683333333333337 ], [ 139.866666666666674, 35.683333333333337 ], [ 139.866666666666674, 35.675 ], [ 139.875, 35.675 ] ] ] } },
{ "type": "Feature", "properties": { "cell_id": "r16_c37", "row": 16, "col": 37, "global_row": 6518, "global_col": 38385, "lon": 139.87916666666666, "lat": 35.679166666666674 }, "geometry": { "type": "Polygon", "coordinates": [ [ [ 139.883333333333326, 35.675 ], [ 139.883333333333326, 35.683333333333337 ], [ 139.875, 35.683333333333337 ], [ 139.875, 35.675 ], [ 139.883333333333326, 35.675 ] ] ] } },
{ "type": "Feature", "properties": { "cell_id": "r16_c38", "row": 16, "col": 38, "global_row": 6518, "global_col": 38386, "lon": 139.8875, "lat": 35.679166666666674 }, "geometry": { "type": "Polygon", "coordinates": [ [ [ 139.891666666666652, 35.675 ], [ 139.891666666666652, 35.683333333333337 ], [ 139.883333333333326, 35.683333333333337 ], [ 139.883333333333326, 35.675 ], [ 139.891666666666652, 35.675 ] ] ] } },
{ "type": "Feature", "properties": { "cell_id": "r16_c39", "row": 16, "col": 39, "global_row": 6518, "global_col": 38387, "lon": 139.89583333333331, "lat": 35.679166666666667 }, "geometry": { "type": "Polygon", "coordinates": [ [ [ 139.9, 35.675 ], [ 139.9, 35.683333333333337 ], [ 139.891666666666652, 35.683333333333337 ], [ 139.891666666666652, 35.675 ], [ 139.9, 35.675 ] ] ] } },
{ "type": "Feature", "properties": { "cell_id": "r16_c40", "row": 16, "col": 40, "global_row": 6518, "global_col": 38388, "lon": 139.90416666666667, "lat": 35.679166666666674 }, "geometry": { "type": "Polygon", "coordinates": [ [ [ 139.908333333333331, 35.675 ], [ 139.908333333333331, 35.683333333333337 ], [ 139.9, 35.683333333333337 ], [ 139.9, 35.675 ], [ 139.908333333333331, 35.675 ] ] ] } },
{ "type": "Feature", "properties": { "cell_id": "r16_c41", "row": 16, "col": 41, "global_row": 6518, "global_col": 38389, "lon": 139.9125, "lat": 35.679166666666674 }, "geometry": { "type": "Polygon", "coordinates": [ [ [ 139.916666666666657, 35.675 ], [ 139.916666666666657, 35.683333333333337 ], [ 139.908333333333331, 35.683333333333337 ], [ 139.908333333333331, 35.675 ], [ 139.916666666666657, 35.675 ] ] ] } },
{ "type": "Feature", "properties": { "cell_id": "r16_c42", "row": 16, "col": 42, "global_row": 6518, "global_col": 38390, "lon": 139.92083333333332, "lat": 35.679166666666674 }, "geometry": { "type": "Polygon", "coordinates": [ [ [ 139.925, 35.675 ], [ 139.925, 35.683333333333337 ], [ 139.916666666666657, 35.683333333333337 ], [ 139.916666666666657, 35.675 ], [ 139.925, 35.675 ] ] ] } },
{ "type": "Feature", "properties": { "cell_id": "r16_c43", "row": 16, "col": 43, "global_row": 6518, "global_col": 38391, "lon": 139.92916666666667, "lat": 35.679166666666667 }, "geometry": { "type": "Polygon", "coordinates": [ [ [ 139.933333333333337, 35.675 ], [ 139.933333333333337, 35.683333333333337 ], [ 139.925, 35.683333333333337 ], [ 139.925, 35.675 ], [ 139.933333333333337, 35.675 ] ] ] } },
{ "type": "Feature", "properties": { "cell_id": "r16_c44", "row": 16, "col": 44, "global_row": 6518, "global_col": 38392, "lon": 139.9375, "lat": 35.679166666666674 }, "geometry": { "type": "Polygon", "coordinates": [ [ [ 139.941666666666663, 35.675 ], [ 139.941666666666663, 35.683333333333337 ], [ 139.933333333333337, 35.683333333333337 ], [ 139.933333333333337, 35.675 ], [ 139.941666666666663, 35.675 ] ] ] } },
{ "type": "Feature", "properties": { "cell_id": "r17_c3", "row": 17, "col": 3, "global_row": 6519, "global_col": 38351, "lon": 139.59583333333333, "lat": 35.670833333333341 }, "geometry": { "type": "Polygon", "coordinates": [ [ [ 139.6, 35.666666666666671 ], [ 139.6, 35.675 ], [ 139.591666666666669, 35.675 ], [ 139.591666666666669, 35.666666666666671 ], [ 139.6, 35.666666666666671 ] ] ] } },
{ "type": "Feature", "properties": { "cell_id": "r17_c4", "row": 17, "col": 4, "global_row": 6519, "global_col": 38352, "lon": 139.60416666666666, "lat": 35.670833333333341 }, "geometry": { "type": "Polygon", "coordinates": [ [ [ 139.60833333333332, 35.666666666666671 ], [ 139.60833333333332, 35.675 ], [ 139.6, 35.675 ], [ 139.6, 35.666666666666671 ], [ 139.60833333333332, 35.666666666666671 ] ] ] } },
{ "type": "Feature", "properties": { "cell_id": "r17_c5", "row": 17, "col": 5, "global_row": 6519, "global_col": 38353, "lon": 139.6125, "lat": 35.670833333333341 }, "geometry": { "type": "Polygon", "coordinates": [ [ [ 139.616666666666674, 35.666666666666671 ], [ 139.616666666666674, 35.675 ], [ 139.60833333333332, 35.675 ], [ 139.60833333333332, 35.666666666666671 ], [ 139.616666666666674, 35.666666666666671 ] ] ] } },
{ "type": "Feature", "properties": { "cell_id": "r17_c6", "row": 17, "col": 6, "global_row": 6519, "global_col": 38354, "lon": 139.62083333333334, "lat": 35.670833333333341 }, "geometry": { "type": "Polygon", "coordinates": [ [ [ 139.625, 35.666666666666671 ], [ 139.625, 35.675 ], [ 139.616666666666674, 35.675 ], [ 139.616666666666674, 35.666666666666671 ], [ 139.625, 35.666666666666671 ] ] ] } },
{ "type": "Feature", "properties": { "cell_id": "r17_c7", "row": 17, "col": 7, "global_row": 6519, "global_col": 38355, "lon": 139.62916666666666, "lat": 35.670833333333341 }, "geometry": { "type": "Polygon", "coordinates": [ [ [ 139.633333333333326, 35.666666666666671 ], [ 139.633333333333326, 35.675 ], [ 139.625, 35.675 ], [ 139.625, 35.666666666666671 ], [ 139.633333333333326, 35.666666666666671 ] ] ] } },
{ "type": "Feature", "properties": { "cell_id": "r17_c8", "row": 17, "col": 8, "global_row": 6519, "global_col": 38356, "lon": 139.6375, "lat": 35.670833333333341 }, "geometry": { "type": "Polygon", "coordinates": [ [ [ 139.641666666666652, 35.666666666666671 ], [ 139.641666666666652, 35.675 ], [ 139.633333333333326, 35.675 ], [ 139.633333333333326, 35.666666666666671 ], [ 139.641666666666652, 35.666666666666671 ] ] ] } },
{ "type": "Feature", "properties": { "cell_id": "r17_c9", "row": 17, "col": 9, "global_row": 6519, "global_col": 38357, "lon": 139.64583333333331, "lat": 35.670833333333341 }, "geometry": { "type": "Polygon", "coordinates": [ [ [ 139.65, 35.666666666666671 ], [ 139.65, 35.675 ], [ 139.641666666666652, 35.675 ], [ 139.641666666666652, 35.666666666666671 ], [ 139.65, 35.666666666666671 ] ] ] } },
{ "type": "Feature", "properties": { "cell_id": "r17_c10", "row": 17, "col": 10, "global_row": 6519, "global_col": 38358, "lon": 139.65416666666667, "lat": 35.670833333333341 }, "geometry": { "type": "Polygon", "coordinates": [ [ [ 139.658333333333331, 35.666666666666671 ], [ 139.658333333333331, 35.675 ], [ 139.65, 35.675 ], [ 139.65, 35.666666666666671 ], [ 139.658333333333331, 35.666666666666671 ] ] ] } },
{ "type": "Feature", "properties": { "cell_id": "r17_c11", "row": 17, "col": 11, "global_row": 6519, "global_col": 38359, "lon": 139.6625, "lat": 35.670833333333341 }, "geometry": { "type": "Polygon", "coordinates": [ [ [ 139.666666666666657, 35.666666666666671 ], [ 139.666666666666657, 35.675 ], [ 139.658333333333331, 35.675 ], [ 139.658333333333331, 35.666666666666671 ], [ 139.666666666666657, 35.666666666666671 ] ] ] } },
{ "type": "Feature", "properties": { "cell_id": "r17_c12", "row": 17, "col": 12, "global_row": 6519, "global_col": 38360, "lon": 139.67083333333335, "lat": 35.670833333333341 }, "geometry": { "type": "Polygon", "coordinates": [ [ [ 139.675, 35.666666666666671 ], [ 139.675, 35.675 ], [ 139.666666666666657, 35.675 ], [ 139.666666666666657, 35.666666666666671 ], [ 139.675, 35.666666666666671 ] ] ] } },
{ "type": "Feature", "properties": { "cell_id": "r17_c13", "row": 17, "col": 13, "global_row": 6519, "global_col": 38361, "lon": 139.67916666666667, "lat": 35.670833333333341 }, "geometry": { "type": "Polygon", "coordinates": [ [ [ 139.683333333333337, 35.666666666666671 ], [ 139.683333333333337, 35.675 ], [ 139.675, 35.675 ], [ 139.675, 35.666666666666671 ], [ 139.683333333333337, 35.666666666666671 ] ] ] } },
{ "type": "Feature", "properties": { "cell_id": "r17_c14", "row": 17, "col": 14, "global_row": 6519, "global_col": 38362, "lon": 139.6875, "lat": 35.670833333333341 }, "geometry": { "type": "Polygon", "coordinates": [ [ [ 139.691666666666663, 35.666666666666671 ], [ 139.691666666666663, 35.675 ], [ 139.683333333333337, 35.675 ], [ 139.683333333333337, 35.666666666666671 ], [ 139.691666666666663, 35.666666666666671 ] ] ] } },
{ "type": "Feature", "properties": { "cell_id": "r17_c15", "row": 17, "col": 15, "global_row": 6519, "global_col": 38363, "lon": 139.69583333333333, "lat": 35.670833333333341 }, "geometry": { "type": "Polygon", "coordinates": [ [ [ 139.7, 35.666666666666671 ], [ 139.7, 35.675 ], [ 139.691666666666663, 35.675 ], [ 139.691666666666663, 35.666666666666671 ], [ 139.7, 35.666666666666671 ] ] ] } },
{ "type": "Feature", "properties": { "cell_id": "r17_c16", "row": 17, "col": 16, "global_row": 6519, "global_col": 38364, "lon": 139.70416666666665, "lat": 35.670833333333341 }, "geometry": { "type": "Polygon", "coordinates": [ [ [ 139.708333333333343, 35.666666666666671 ], [ 139.708333333333343, 35.675 ], [ 139.7, 35.675 ], [ 139.7, 35.666666666666671 ], [ 139.708333333333343, 35.666666666666671 ] ] ] } },
{ "type": "Feature", "properties": { "cell_id": "r17_c17", "row": 17, "col": 17, "global_row": 6519, "global_col": 38365, "lon": 139.7125, "lat": 35.670833333333341 }, "geometry": { "type": "Polygon", "coordinates": [ [ [ 139.716666666666669, 35.666666666666671 ], [ 139.716666666666669, 35.675 ], [ 139.708333333333343, 35.675 ], [ 139.708333333333343, 35.666666666666671 ], [ 139.716666666666669, 35.666666666666671 ] ] ] } },
{ "type": "Feature", "properties": { "cell_id": "r17_c18", "row": 17, "col": 18, "global_row": 6519, "global_col": 38366, "lon": 139.7208333333333, "lat": 35.670833333333341 }, "geometry": { "type": "Polygon", "coordinates": [ [ [ 139.725, 35.666666666666671 ], [ 139.725, 35.675 ], [ 139.716666666666669, 35.675 ], [ 139.716666666666669, 35.666666666666671 ], [ 139.725, 35.666666666666671 ] ] ] } },
{ "type": "Feature", "properties": { "cell_id": "r17_c19", "row": 17, "col": 19, "global_row": 6519, "global_col": 38367, "lon": 139.72916666666663, "lat": 35.670833333333341 }, "geometry": { "type": "Polygon", "coordinates": [ [ [ 139.73333333333332, 35.666666666666671 ], [ 139.73333333333332, 35.675 ], [ 139.725, 35.675 ], [ 139.725, 35.666666666666671 ], [ 139.73333333333332, 35.666666666666671 ] ] ] } },
{ "type": "Feature", "properties": { "cell_id": "r17_c20", "row": 17, "col": 20, "global_row": 6519, "global_col": 38368, "lon": 139.7375, "lat": 35.670833333333341 }, "geometry": { "type": "Polygon", "coordinates": [ [ [ 139.741666666666674, 35.666666666666671 ], [ 139.741666666666674, 35.675 ], [ 139.73333333333332, 35.675 ], [ 139.73333333333332, 35.666666666666671 ], [ 139.741666666666674, 35.666666666666671 ] ] ] } },
{ "type": "Feature", "properties": { "cell_id": "r17_c21", "row": 17, "col": 21, "global_row": 6519, "global_col": 38369, "lon": 139.74583333333334, "lat": 35.670833333333341 }, "geometry": { "type": "Polygon", "coordinates": [ [ [ 139.75, 35.666666666666671 ], [ 139.75, 35.675 ], [ 139.741666666666674, 35.675 ], [ 139.741666666666674, 35.666666666666671 ], [ 139.75, 35.666666666666671 ] ] ] } },
{ "type": "Feature", "properties": { "cell_id": "r17_c22", "row": 17, "col": 22, "global_row": 6519, "global_col": 38370, "lon": 139.75416666666666, "lat": 35.670833333333341 }, "geometry": { "type": "Polygon", "coordinates": [ [ [ 139.758333333333326, 35.666666666666671 ], [ 139.758333333333326, 35.675 ], [ 139.75, 35.675 ], [ 139.75, 35.666666666666671 ], [ 139.758333333333326, 35.666666666666671 ] ] ] } },
{ "type": "Feature", "properties": { "cell_id": "r17_c23", "row": 17, "col": 23, "global_row": 6519, "global_col": 38371, "lon": 139.7625, "lat": 35.670833333333341 }, "geometry": { "type": "Polygon", "coordinates": [ [ [ 139.766666666666652, 35.666666666666671 ], [ 139.766666666666652, 35.675 ], [ 139.758333333333326, 35.675 ], [ 139.758333333333326, 35.666666666666671 ], [ 139.766666666666652, 35.666666666666671 ] ] ] } },
{ "type": "Feature", "properties": { "cell_id": "r17_c24", "row": 17, "col": 24, "global_row": 6519, "global_col": 38372, "lon": 139.77083333333331, "lat": 35.670833333333341 }, "geometry": { "type": "Polygon", "coordinates": [ [ [ 139.775, 35.666666666666671 ], [ 139.775, 35.675 ], [ 139.766666666666652, 35.675 ], [ 139.766666666666652, 35.666666666666671 ], [ 139.775, 35.666666666666671 ] ] ] } },
{ "type": "Feature", "properties": { "cell_id": "r17_c25", "row": 17, "col": 25, "global_row": 6519, "global_col": 38373, "lon": 139.7791666666667, "lat": 35.670833333333341 }, "geometry": { "type": "Polygon", "coordinates": [ [ [ 139.783333333333331, 35.666666666666671 ], [ 139.783333333333331, 35.675 ], [ 139.775, 35.675 ], [ 139.775, 35.666666666666671 ], [ 139.783333333333331, 35.666666666666671 ] ] ] } },
{ "type": "Feature", "properties": { "cell_id": "r17_c27", "row": 17, "col": 27, "global_row": 6519, "global_col": 38375, "lon": 139.79583333333332, "lat": 35.670833333333341 }, "geometry": { "type": "Polygon", "coordinates": [ [ [ 139.8, 35.666666666666671 ], [ 139.8, 35.675 ], [ 139.791666666666657, 35.675 ], [ 139.791666666666657, 35.666666666666671 ], [ 139.8, 35.666666666666671 ] ] ] } },
{ "type": "Feature", "properties": { "cell_id": "r17_c28", "row": 17, "col": 28, "global_row": 6519, "global_col": 38376, "lon": 139.80416666666665, "lat": 35.670833333333341 }, "geometry": { "type": "Polygon", "coordinates": [ [ [ 139.808333333333337, 35.666666666666671 ], [ 139.808333333333337, 35.675 ], [ 139.8, 35.675 ], [ 139.8, 35.666666666666671 ], [ 139.808333333333337, 35.666666666666671 ] ] ] } },
{ "type": "Feature", "properties": { "cell_id": "r17_c29", "row": 17, "col": 29, "global_row": 6519, "global_col": 38377, "lon": 139.8125, "lat": 35.670833333333341 }, "geometry": { "type": "Polygon", "coordinates": [ [ [ 139.816666666666663, 35.666666666666671 ], [ 139.816666666666663, 35.675 ], [ 139.808333333333337, 35.675 ], [ 139.808333333333337, 35.666666666666671 ], [ 139.816666666666663, 35.666666666666671 ] ] ] } },
{ "type": "Feature", "properties": { "cell_id": "r17_c30", "row": 17, "col": 30, "global_row": 6519, "global_col": 38378, "lon": 139.82083333333333, "lat": 35.670833333333341 }, "geometry": { "type": "Polygon", "coordinates": [ [ [ 139.825, 35.666666666666671 ], [ 139.825, 35.675 ], [ 139.816666666666663, 35.675 ], [ 139.816666666666663, 35.666666666666671 ], [ 139.825, 35.666666666666671 ] ] ] } },
{ "type": "Feature", "properties": { "cell_id": "r17_c31", "row": 17, "col": 31, "global_row": 6519, "global_col": 38379, "lon": 139.82916666666665, "lat": 35.670833333333341 }, "geometry": { "type": "Polygon", "coordinates": [ [ [ 139.833333333333343, 35.666666666666671 ], [ 139.833333333333343, 35.675 ], [ 139.825, 35.675 ], [ 139.825, 35.666666666666671 ], [ 139.833333333333343, 35.666666666666671 ] ] ] } },
{ "type": "Feature", "properties": { "cell_id": "r17_c32", "row": 17, "col": 32, "global_row": 6519, "global_col": 38380, "lon": 139.8375, "lat": 35.670833333333341 }, "geometry": { "type": "Polygon", "coordinates": [ [ [ 139.841666666666669, 35.666666666666671 ], [ 139.841666666666669, 35.675 ], [ 139.833333333333343, 35.675 ], [ 139.833333333333343, 35.666666666666671 ], [ 139.841666666666669, 35.666666666666671 ] ] ] } },
{ "type": "Feature", "properties": { "cell_id": "r17_c34", "row": 17, "col": 34, "global_row": 6519, "global_col": 38382, "lon": 139.85416666666666, "lat": 35.670833333333341 }, "geometry": { "type": "Polygon", "coordinates": [ [ [ 139.85833333333332, 35.666666666666671 ], [ 139.85833333333332, 35.675 ], [ 139.85, 35.675 ], [ 139.85, 35.666666666666671 ], [ 139.85833333333332, 35.666666666666671 ] ] ] } },
{ "type": "Feature", "properties": { "cell_id": "r17_c35", "row": 17, "col": 35, "global_row": 6519, "global_col": 38383, "lon": 139.8625, "lat": 35.670833333333341 }, "geometry": { "type": "Polygon", "coordinates": [ [ [ 139.866666666666674, 35.666666666666671 ], [ 139.866666666666674, 35.675 ], [ 139.85833333333332, 35.675 ], [ 139.85833333333332, 35.666666666666671 ], [ 139.866666666666674, 35.666666666666671 ] ] ] } },
{ "type": "Feature", "properties": { "cell_id": "r17_c36", "row": 17, "col": 36, "global_row": 6519, "global_col": 38384, "lon": 139.87083333333334, "lat": 35.670833333333341 }, "geometry": { "type": "Polygon", "coordinates": [ [ [ 139.875, 35.666666666666671 ], [ 139.875, 35.675 ], [ 139.866666666666674, 35.675 ], [ 139.866666666666674, 35.666666666666671 ], [ 139.875, 35.666666666666671 ] ] ] } },
{ "type": "Feature", "properties": { "cell_id": "r17_c37", "row": 17, "col": 37, "global_row": 6519, "global_col": 38385, "lon": 139.87916666666666, "lat": 35.670833333333341 }, "geometry": { "type": "Polygon", "coordinates": [ [ [ 139.883333333333326, 35.666666666666671 ], [ 139.883333333333326, 35.675 ], [ 139.875, 35.675 ], [ 139.875, 35.666666666666671 ], [ 139.883333333333326, 35.666666666666671 ] ] ] } },
{ "type": "Feature", "properties": { "cell_id": "r17_c38", "row": 17, "col": 38, "global_row": 6519, "global_col": 38386, "lon": 139.8875, "lat": 35.670833333333341 }, "geometry": { "type": "Polygon", "coordinates": [ [ [ 139.891666666666652, 35.666666666666671 ], [ 139.891666666666652, 35.675 ], [ 139.883333333333326, 35.675 ], [ 139.883333333333326, 35.666666666666671 ], [ 139.891666666666652, 35.666666666666671 ] ] ] } },
{ "type": "Feature", "properties": { "cell_id": "r17_c39", "row": 17, "col": 39, "global_row": 6519, "global_col": 38387, "lon": 139.89583333333331, "lat": 35.670833333333341 }, "geometry": { "type": "Polygon", "coordinates": [ [ [ 139.9, 35.666666666666671 ], [ 139.9, 35.675 ], [ 139.891666666666652, 35.675 ], [ 139.891666666666652, 35.666666666666671 ], [ 139.9, 35.666666666666671 ] ] ] } },
{ "type": "Feature", "properties": { "cell_id": "r17_c40", "row": 17, "col": 40, "global_row": 6519, "global_col": 38388, "lon": 139.90416666666667, "lat": 35.670833333333341 }, "geometry": { "type": "Polygon", "coordinates": [ [ [ 139.908333333333331, 35.666666666666671 ], [ 139.908333333333331, 35.675 ], [ 139.9, 35.675 ], [ 139.9, 35.666666666666671 ], [ 139.908333333333331, 35.666666666666671 ] ] ] } },
{ "type": "Feature", "properties": { "cell_id": "r17_c41", "row": 17, "col": 41, "global_row": 6519, "global_col": 38389, "lon": 139.9125, "lat": 35.670833333333341 }, "geometry": { "type": "Polygon", "coordinates": [ [ [ 139.916666666666657, 35.666666666666671 ], [ 139.916666666666657, 35.675 ], [ 139.908333333333331, 35.675 ], [ 139.908333333333331, 35.666666666666671 ], [ 139.916666666666657, 35.666666666666671 ] ] ] } },
{ "type": "Feature", "properties": { "cell_id": "r17_c42", "row": 17, "col": 42, "global_row": 6519, "global_col": 38390, "lon": 139.92083333333332, "lat": 35.670833333333341 }, "geometry": { "type": "Polygon", "coordinates": [ [ [ 139.925, 35.666666666666671 ], [ 139.925, 35.675 ], [ 139.916666666666657, 35.675 ], [ 139.916666666666657, 35.666666666666671 ], [ 139.925, 35.666666666666671 ] ] ] } },
{ "type": "Feature", "properties": { "cell_id": "r17_c43", "row": 17, "col": 43, "global_row": 6519, "global_col": 38391, "lon": 139.92916666666667, "lat": 35.670833333333341 }, "geometry": { "type": "Polygon", "coordinates": [ [ [ 139.933333333333337, 35.666666666666671 ], [ 139.933333333333337, 35.675 ], [ 139.925, 35.675 ], [ 139.925, 35.666666666666671 ], [ 139.933333333333337, 35.666666666666671 ] ] ] } },
{ "type": "Feature", "properties": { "cell_id": "r17_c44", "row": 17, "col": 44, "global_row": 6519, "global_col": 38392, "lon": 139.9375, "lat": 35.670833333333341 }, "geometry": { "type": "Polygon", "coordinates": [ [ [ 139.941666666666663, 35.666666666666671 ], [ 139.941666666666663, 35.675 ], [ 139.933333333333337, 35.675 ], [ 139.933333333333337, 35.666666666666671 ], [ 139.941666666666663, 35.666666666666671 ] ] ] } },
{ "type": "Feature", "properties": { "cell_id": "r17_c45", "row": 17, "col": 45, "global_row": 6519, "global_col": 38393, "lon": 139.94583333333333, "lat": 35.670833333333341 }, "geometry": { "type": "Polygon", "coordinates": [ [ [ 139.95, 35.666666666666671 ], [ 139.95, 35.675 ], [ 139.941666666666663, 35.675 ], [ 139.941666666666663, 35.666666666666671 ], [ 139.95, 35.666666666666671 ] ] ] } },
{ "type": "Feature", "properties": { "cell_id": "r18_c3", "row": 18, "col": 3, "global_row": 6520, "global_col": 38351, "lon": 139.59583333333333, "lat": 35.6625 }, "geometry": { "type": "Polygon", "coordinates": [ [ [ 139.6, 35.658333333333339 ], [ 139.6, 35.666666666666671 ], [ 139.591666666666669, 35.666666666666671 ], [ 139.591666666666669, 35.658333333333339 ], [ 139.6, 35.658333333333339 ] ] ] } },
{ "type": "Feature", "properties": { "cell_id": "r18_c4", "row": 18, "col": 4, "global_row": 6520, "global_col": 38352, "lon": 139.60416666666666, "lat": 35.6625 }, "geometry": { "type": "Polygon", "coordinates": [ [ [ 139.60833333333332, 35.658333333333339 ], [ 139.60833333333332, 35.666666666666671 ], [ 139.6, 35.666666666666671 ], [ 139.6, 35.658333333333339 ], [ 139.60833333333332, 35.658333333333339 ] ] ] } },
{ "type": "Feature", "properties": { "cell_id": "r18_c5", "row": 18, "col": 5, "global_row": 6520, "global_col": 38353, "lon": 139.6125, "lat": 35.6625 }, "geometry": { "type": "Polygon", "coordinates": [ [ [ 139.616666666666674, 35.658333333333339 ], [ 139.616666666666674, 35.666666666666671 ], [ 139.60833333333332, 35.666666666666671 ], [ 139.60833333333332, 35.658333333333339 ], [ 139.616666666666674, 35.658333333333339 ] ] ] } },
{ "type": "Feature", "properties": { "cell_id": "r18_c6", "row": 18, "col": 6, "global_row": 6520, "global_col": 38354, "lon": 139.62083333333334, "lat": 35.6625 }, "geometry": { "type": "Polygon", "coordinates": [ [ [ 139.625, 35.658333333333339 ], [ 139.625, 35.666666666666671 ], [ 139.616666666666674, 35.666666666666671 ], [ 139.616666666666674, 35.658333333333339 ], [ 139.625, 35.658333333333339 ] ] ] } },
{ "type": "Feature", "properties": { "cell_id": "r18_c7", "row": 18, "col": 7, "global_row": 6520, "global_col": 38355, "lon": 139.62916666666666, "lat": 35.6625 }, "geometry": { "type": "Polygon", "coordinates": [ [ [ 139.633333333333326, 35.658333333333339 ], [ 139.633333333333326, 35.666666666666671 ], [ 139.625, 35.666666666666671 ], [ 139.625, 35.658333333333339 ], [ 139.633333333333326, 35.658333333333339 ] ] ] } },
{ "type": "Feature", "properties": { "cell_id": "r18_c8", "row": 18, "col": 8, "global_row": 6520, "global_col": 38356, "lon": 139.6375, "lat": 35.6625 }, "geometry": { "type": "Polygon", "coordinates": [ [ [ 139.641666666666652, 35.658333333333339 ], [ 139.641666666666652, 35.666666666666671 ], [ 139.633333333333326, 35.666666666666671 ], [ 139.633333333333326, 35.658333333333339 ], [ 139.641666666666652, 35.658333333333339 ] ] ] } },
{ "type": "Feature", "properties": { "cell_id": "r18_c9", "row": 18, "col": 9, "global_row": 6520, "global_col": 38357, "lon": 139.64583333333331, "lat": 35.6625 }, "geometry": { "type": "Polygon", "coordinates": [ [ [ 139.65, 35.658333333333339 ], [ 139.65, 35.666666666666671 ], [ 139.641666666666652, 35.666666666666671 ], [ 139.641666666666652, 35.658333333333339 ], [ 139.65, 35.658333333333339 ] ] ] } },
{ "type": "Feature", "properties": { "cell_id": "r18_c10", "row": 18, "col": 10, "global_row": 6520, "global_col": 38358, "lon": 139.65416666666667, "lat": 35.6625 }, "geometry": { "type": "Polygon", "coordinates": [ [ [ 139.658333333333331, 35.658333333333339 ], [ 139.658333333333331, 35.666666666666671 ], [ 139.65, 35.666666666666671 ], [ 139.65, 35.658333333333339 ], [ 139.658333333333331, 35.658333333333339 ] ] ] } },
{ "type": "Feature", "properties": { "cell_id": "r18_c11", "row": 18, "col": 11, "global_row": 6520, "global_col": 38359, "lon": 139.6625, "lat": 35.6625 }, "geometry": { "type": "Polygon", "coordinates": [ [ [ 139.666666666666657, 35.658333333333339 ], [ 139.666666666666657, 35.666666666666671 ], [ 139.658333333333331, 35.666666666666671 ], [ 139.658333333333331, 35.658333333333339 ], [ 139.666666666666657, 35.658333333333339 ] ] ] } },
{ "type": "Feature", "properties": { "cell_id": "r18_c12", "row": 18, "col": 12, "global_row": 6520, "global_col": 38360, "lon": 139.67083333333335, "lat": 35.6625 }, "geometry": { "type": "Polygon", "coordinates": [ [ [ 139.675, 35.658333333333339 ], [ 139.675, 35.666666666666671 ], [ 139.666666666666657, 35.666666666666671 ], [ 139.666666666666657, 35.658333333333339 ], [ 139.675, 35.658333333333339 ] ] ] } },
{ "type": "Feature", "properties": { "cell_id": "r18_c13", "row": 18, "col": 13, "global_row": 6520, "global_col": 38361, "lon": 139.67916666666667, "lat": 35.6625 }, "geometry": { "type": "Polygon", "coordinates": [ [ [ 139.683333333333337, 35.658333333333339 ], [ 139.683333333333337, 35.666666666666671 ], [ 139.675, 35.666666666666671 ], [ 139.675, 35.658333333333339 ], [ 139.683333333333337, 35.658333333333339 ] ] ] } },
{ "type": "Feature", "properties": { "cell_id": "r18_c15", "row": 18, "col": 15, "global_row": 6520, "global_col": 38363, "lon": 139.69583333333333, "lat": 35.6625 }, "geometry": { "type": "Polygon", "coordinates": [ [ [ 139.7, 35.658333333333339 ], [ 139.7, 35.666666666666671 ], [ 139.691666666666663, 35.666666666666671 ], [ 139.691666666666663, 35.658333333333339 ], [ 139.7, 35.658333333333339 ] ] ] } },
{ "type": "Feature", "properties": { "cell_id": "r18_c16", "row": 18, "col": 16, "global_row": 6520, "global_col": 38364, "lon": 139.70416666666665, "lat": 35.6625 }, "geometry": { "type": "Polygon", "coordinates": [ [ [ 139.708333333333343, 35.658333333333339 ], [ 139.708333333333343, 35.666666666666671 ], [ 139.7, 35.666666666666671 ], [ 139.7, 35.658333333333339 ], [ 139.708333333333343, 35.658333333333339 ] ] ] } },
{ "type": "Feature", "properties": { "cell_id": "r18_c17", "row": 18, "col": 17, "global_row": 6520, "global_col": 38365, "lon": 139.7125, "lat": 35.6625 }, "geometry": { "type": "Polygon", "coordinates": [ [ [ 139.716666666666669, 35.658333333333339 ], [ 139.716666666666669, 35.666666666666671 ], [ 139.708333333333343, 35.666666666666671 ], [ 139.708333333333343, 35.658333333333339 ], [ 139.716666666666669, 35.658333333333339 ] ] ] } },
{ "type": "Feature", "properties": { "cell_id": "r18_c18", "row": 18, "col": 18, "global_row": 6520, "global_col": 38366, "lon": 139.7208333333333, "lat": 35.6625 }, "geometry": { "type": "Polygon", "coordinates": [ [ [ 139.725, 35.658333333333339 ], [ 139.725, 35.666666666666671 ], [ 139.716666666666669, 35.666666666666671 ], [ 139.716666666666669, 35.658333333333339 ], [ 139.725, 35.658333333333339 ] ] ] } },
{ "type": "Feature", "properties": { "cell_id": "r18_c19", "row": 18, "col": 19, "global_row": 6520, "global_col": 38367, "lon": 139.72916666666663, "lat": 35.6625 }, "geometry": { "type": "Polygon", "coordinates": [ [ [ 139.73333333333332, 35.658333333333339 ], [ 139.73333333333332, 35.666666666666671 ], [ 139.725, 35.666666666666671 ], [ 139.725, 35.658333333333339 ], [ 139.73333333333332, 35.658333333333339 ] ] ] } },
{ "type": "Feature", "properties": { "cell_id": "r18_c20", "row": 18, "col": 20, "global_row": 6520, "global_col": 38368, "lon": 139.7375, "lat": 35.6625 }, "geometry": { "type": "Polygon", "coordinates": [ [ [ 139.741666666666674, 35.658333333333339 ], [ 139.741666666666674, 35.666666666666671 ], [ 139.73333333333332, 35.666666666666671 ], [ 139.73333333333332, 35.658333333333339 ], [ 139.741666666666674, 35.658333333333339 ] ] ] } },
{ "type": "Feature", "properties": { "cell_id": "r18_c21", "row": 18, "col": 21, "global_row": 6520, "global_col": 38369, "lon": 139.74583333333334, "lat": 35.6625 }, "geometry": { "type": "Polygon", "coordinates": [ [ [ 139.75, 35.658333333333339 ], [ 139.75, 35.666666666666671 ], [ 139.741666666666674, 35.666666666666671 ], [ 139.741666666666674, 35.658333333333339 ], [ 139.75, 35.658333333333339 ] ] ] } },
{ "type": "Feature", "properties": { "cell_id": "r18_c22", "row": 18, "col": 22, "global_row": 6520, "global_col": 38370, "lon": 139.75416666666666, "lat": 35.6625 }, "geometry": { "type": "Polygon", "coordinates": [ [ [ 139.758333333333326, 35.658333333333339 ], [ 139.758333333333326, 35.666666666666671 ], [ 139.75, 35.666666666666671 ], [ 139.75, 35.658333333333339 ], [ 139.758333333333326, 35.658333333333339 ] ] ] } },
{ "type": "Feature", "properties": { "cell_id": "r18_c23", "row": 18, "col": 23, "global_row": 6520, "global_col": 38371, "lon": 139.7625, "lat": 35.6625 }, "geometry": { "type": "Polygon", "coordinates": [ [ [ 139.766666666666652, 35.658333333333339 ], [ 139.766666666666652, 35.666666666666671 ], [ 139.758333333333326, 35.666666666666671 ], [ 139.758333333333326, 35.658333333333339 ], [ 139.766666666666652, 35.658333333333339 ] ] ] } },
{ "type": "Feature", "properties": { "cell_id": "r18_c24", "row": 18, "col": 24, "global_row": 6520, "global_col": 38372, "lon": 139.77083333333331, "lat": 35.6625 }, "geometry": { "type": "Polygon", "coordinates": [ [ [ 139.775, 35.658333333333339 ], [ 139.775, 35.666666666666671 ], [ 139.766666666666652, 35.666666666666671 ], [ 139.766666666666652, 35.658333333333339 ], [ 139.775, 35.658333333333339 ] ] ] } },
{ "type": "Feature", "properties": { "cell_id": "r18_c25", "row": 18, "col": 25, "global_row": 6520, "global_col": 38373, "lon": 139.7791666666667, "lat": 35.6625 }, "geometry": { "type": "Polygon", "coordinates": [ [ [ 139.783333333333331, 35.658333333333339 ], [ 139.783333333333331, 35.666666666666671 ], [ 139.775, 35.666666666666671 ], [ 139.775, 35.658333333333339 ], [ 139.783333333333331, 35.658333333333339 ] ] ] } },
{ "type": "Feature", "properties": { "cell_id": "r18_c27", "row": 18, "col": 27, "global_row": 6520, "global_col": 38375, "lon": 139.79583333333332, "lat": 35.6625 }, "geometry": { "type": "Polygon", "coordinates": [ [ [ 139.8, 35.658333333333339 ], [ 139.8, 35.666666666666671 ], [ 139.791666666666657, 35.666666666666671 ], [ 139.791666666666657, 35.658333333333339 ], [ 139.8, 35.658333333333339 ] ] ] } },
{ "type": "Feature", "properties": { "cell_id": "r18_c28", "row": 18, "col": 28, "global_row": 6520, "global_col": 38376, "lon": 139.80416666666665, "lat": 35.6625 }, "geometry": { "type": "Polygon", "coordinates": [ [ [ 139.808333333333337, 35.658333333333339 ], [ 139.808333333333337, 35.666666666666671 ], [ 139.8, 35.666666666666671 ], [ 139.8, 35.658333333333339 ], [ 139.808333333333337, 35.658333333333339 ] ] ] } },
{ "type": "Feature", "properties": { "cell_id": "r18_c29", "row": 18, "col": 29, "global_row": 6520, "global_col": 38377, "lon": 139.8125, "lat": 35.6625 }, "geometry": { "type": "Polygon", "coordinates": [ [ [ 139.816666666666663, 35.658333333333339 ], [ 139.816666666666663, 35.666666666666671 ], [ 139.808333333333337, 35.666666666666671 ], [ 139.808333333333337, 35.658333333333339 ], [ 139.816666666666663, 35.658333333333339 ] ] ] } },
{ "type": "Feature", "properties": { "cell_id": "r18_c30", "row": 18, "col": 30, "global_row": 6520, "global_col": 38378, "lon": 139.82083333333333, "lat": 35.6625 }, "geometry": { "type": "Polygon", "coordinates": [ [ [ 139.825, 35.658333333333339 ], [ 139.825, 35.666666666666671 ], [ 139.816666666666663, 35.666666666666671 ], [ 139.816666666666663, 35.658333333333339 ], [ 139.825, 35.658333333333339 ] ] ] } },
{ "type": "Feature", "properties": { "cell_id": "r18_c31", "row": 18, "col": 31, "global_row": 6520, "global_col": 38379, "lon": 139.82916666666665, "lat": 35.6625 }, "geometry": { "type": "Polygon", "coordinates": [ [ [ 139.833333333333343, 35.658333333333339 ], [ 139.833333333333343, 35.666666666666671 ], [ 139.825, 35.666666666666671 ], [ 139.825, 35.658333333333339 ], [ 139.833333333333343, 35.658333333333339 ] ] ] } },
{ "type": "Feature", "properties": { "cell_id": "r18_c32", "row": 18, "col": 32, "global_row": 6520, "global_col": 38380, "lon": 139.8375, "lat": 35.6625 }, "geometry": { "type": "Polygon", "coordinates": [ [ [ 139.841666666666669, 35.658333333333339 ], [ 139.841666666666669, 35.666666666666671 ], [ 139.833333333333343, 35.666666666666671 ], [ 139.833333333333343, 35.658333333333339 ], [ 139.841666666666669, 35.658333333333339 ] ] ] } },
{ "type": "Feature", "properties": { "cell_id": "r18_c34", "row": 18, "col": 34, "global_row": 6520, "global_col": 38382, "lon": 139.85416666666666, "lat": 35.6625 }, "geometry": { "type": "Polygon", "coordinates": [ [ [ 139.85833333333332, 35.658333333333339 ], [ 139.85833333333332, 35.666666666666671 ], [ 139.85, 35.666666666666671 ], [ 139.85, 35.658333333333339 ], [ 139.85833333333332, 35.658333333333339 ] ] ] } },
{ "type": "Feature", "properties": { "cell_id": "r18_c35", "row": 18, "col": 35, "global_row": 6520, "global_col": 38383, "lon": 139.8625, "lat": 35.6625 }, "geometry": { "type": "Polygon", "coordinates": [ [ [ 139.866666666666674, 35.658333333333339 ], [ 139.866666666666674, 35.666666666666671 ], [ 139.85833333333332, 35.666666666666671 ], [ 139.85833333333332, 35.658333333333339 ], [ 139.866666666666674, 35.658333333333339 ] ] ] } },
{ "type": "Feature", "properties": { "cell_id": "r18_c36", "row": 18, "col": 36, "global_row": 6520, "global_col": 38384, "lon": 139.87083333333334, "lat": 35.6625 }, "geometry": { "type": "Polygon", "coordinates": [ [ [ 139.875, 35.658333333333339 ], [ 139.875, 35.666666666666671 ], [ 139.866666666666674, 35.666666666666671 ], [ 139.866666666666674, 35.658333333333339 ], [ 139.875, 35.658333333333339 ] ] ] } },
{ "type": "Feature", "properties": { "cell_id": "r18_c37", "row": 18, "col": 37, "global_row": 6520, "global_col": 38385, "lon": 139.87916666666666, "lat": 35.6625 }, "geometry": { "type": "Polygon", "coordinates": [ [ [ 139.883333333333326, 35.658333333333339 ], [ 139.883333333333326, 35.666666666666671 ], [ 139.875, 35.666666666666671 ], [ 139.875, 35.658333333333339 ], [ 139.883333333333326, 35.658333333333339 ] ] ] } },
{ "type": "Feature", "properties": { "cell_id": "r18_c38", "row": 18, "col": 38, "global_row": 6520, "global_col": 38386, "lon": 139.8875, "lat": 35.6625 }, "geometry": { "type": "Polygon", "coordinates": [ [ [ 139.891666666666652, 35.658333333333339 ], [ 139.891666666666652, 35.666666666666671 ], [ 139.883333333333326, 35.666666666666671 ], [ 139.883333333333326, 35.658333333333339 ], [ 139.891666666666652, 35.658333333333339 ] ] ] } },
{ "type": "Feature", "properties": { "cell_id": "r18_c39", "row": 18, "col": 39, "global_row": 6520, "global_col": 38387, "lon": 139.89583333333331, "lat": 35.6625 }, "geometry": { "type": "Polygon", "coordinates": [ [ [ 139.9, 35.658333333333339 ], [ 139.9, 35.666666666666671 ], [ 139.891666666666652, 35.666666666666671 ], [ 139.891666666666652, 35.658333333333339 ], [ 139.9, 35.658333333333339 ] ] ] } },
{ "type": "Feature", "properties": { "cell_id": "r18_c40", "row": 18, "col": 40, "global_row": 6520, "global_col": 38388, "lon": 139.90416666666667, "lat": 35.6625 }, "geometry": { "type": "Polygon", "coordinates": [ [ [ 139.908333333333331, 35.658333333333339 ], [ 139.908333333333331, 35.666666666666671 ], [ 139.9, 35.666666666666671 ], [ 139.9, 35.658333333333339 ], [ 139.908333333333331, 35.658333333333339 ] ] ] } },
{ "type": "Feature", "properties": { "cell_id": "r18_c41", "row": 18, "col": 41, "global_row": 6520, "global_col": 38389, "lon": 139.9125, "lat": 35.6625 }, "geometry": { "type": "Polygon", "coordinates": [ [ [ 139.916666666666657, 35.658333333333339 ], [ 139.916666666666657, 35.666666666666671 ], [ 139.908333333333331, 35.666666666666671 ], [ 139.908333333333331, 35.658333333333339 ], [ 139.916666666666657, 35.658333333333339 ] ] ] } },
{ "type": "Feature", "properties": { "cell_id": "r18_c42", "row": 18, "col": 42, "global_row": 6520, "global_col": 38390, "lon": 139.92083333333332, "lat": 35.6625 }, "geometry": { "type": "Polygon", "coordinates": [ [ [ 139.925, 35.658333333333339 ], [ 139.925, 35.666666666666671 ], [ 139.916666666666657, 35.666666666666671 ], [ 139.916666666666657, 35.658333333333339 ], [ 139.925, 35.658333333333339 ] ] ] } },
{ "type": "Feature", "properties": { "cell_id": "r19_c4", "row": 19, "col": 4, "global_row": 6521, "global_col": 38352, "lon": 139.60416666666666, "lat": 35.654166666666669 }, "geometry": { "type": "Polygon", "coordinates": [ [ [ 139.60833333333332, 35.65 ], [ 139.60833333333332, 35.658333333333339 ], [ 139.6, 35.658333333333339 ], [ 139.6, 35.65 ], [ 139.60833333333332, 35.65 ] ] ] } },
{ "type": "Feature", "properties": { "cell_id": "r19_c5", "row": 19, "col": 5, "global_row": 6521, "global_col": 38353, "lon": 139.6125, "lat": 35.654166666666669 }, "geometry": { "type": "Polygon", "coordinates": [ [ [ 139.616666666666674, 35.65 ], [ 139.616666666666674, 35.658333333333339 ], [ 139.60833333333332, 35.658333333333339 ], [ 139.60833333333332, 35.65 ], [ 139.616666666666674, 35.65 ] ] ] } },
{ "type": "Feature", "properties": { "cell_id": "r19_c6", "row": 19, "col": 6, "global_row": 6521, "global_col": 38354, "lon": 139.62083333333334, "lat": 35.654166666666669 }, "geometry": { "type": "Polygon", "coordinates": [ [ [ 139.625, 35.65 ], [ 139.625, 35.658333333333339 ], [ 139.616666666666674, 35.658333333333339 ], [ 139.616666666666674, 35.65 ], [ 139.625, 35.65 ] ] ] } },
{ "type": "Feature", "properties": { "cell_id": "r19_c7", "row": 19, "col": 7, "global_row": 6521, "global_col": 38355, "lon": 139.62916666666666, "lat": 35.654166666666669 }, "geometry": { "type": "Polygon", "coordinates": [ [ [ 139.633333333333326, 35.65 ], [ 139.633333333333326, 35.658333333333339 ], [ 139.625, 35.658333333333339 ], [ 139.625, 35.65 ], [ 139.633333333333326, 35.65 ] ] ] } },
{ "type": "Feature", "properties": { "cell_id": "r19_c8", "row": 19, "col": 8, "global_row": 6521, "global_col": 38356, "lon": 139.6375, "lat": 35.654166666666669 }, "geometry": { "type": "Polygon", "coordinates": [ [ [ 139.641666666666652, 35.65 ], [ 139.641666666666652, 35.658333333333339 ], [ 139.633333333333326, 35.658333333333339 ], [ 139.633333333333326, 35.65 ], [ 139.641666666666652, 35.65 ] ] ] } },
{ "type": "Feature", "properties": { "cell_id": "r19_c9", "row": 19, "col": 9, "global_row": 6521, "global_col": 38357, "lon": 139.64583333333331, "lat": 35.654166666666669 }, "geometry": { "type": "Polygon", "coordinates": [ [ [ 139.65, 35.65 ], [ 139.65, 35.658333333333339 ], [ 139.641666666666652, 35.658333333333339 ], [ 139.641666666666652, 35.65 ], [ 139.65, 35.65 ] ] ] } },
{ "type": "Feature", "properties": { "cell_id": "r19_c10", "row": 19, "col": 10, "global_row": 6521, "global_col": 38358, "lon": 139.65416666666667, "lat": 35.654166666666669 }, "geometry": { "type": "Polygon", "coordinates": [ [ [ 139.658333333333331, 35.65 ], [ 139.658333333333331, 35.658333333333339 ], [ 139.65, 35.658333333333339 ], [ 139.65, 35.65 ], [ 139.658333333333331, 35.65 ] ] ] } },
{ "type": "Feature", "properties": { "cell_id": "r19_c11", "row": 19, "col": 11, "global_row": 6521, "global_col": 38359, "lon": 139.6625, "lat": 35.654166666666669 }, "geometry": { "type": "Polygon", "coordinates": [ [ [ 139.666666666666657, 35.65 ], [ 139.666666666666657, 35.658333333333339 ], [ 139.658333333333331, 35.658333333333339 ], [ 139.658333333333331, 35.65 ], [ 139.666666666666657, 35.65 ] ] ] } },
{ "type": "Feature", "properties": { "cell_id": "r19_c12", "row": 19, "col": 12, "global_row": 6521, "global_col": 38360, "lon": 139.67083333333335, "lat": 35.654166666666669 }, "geometry": { "type": "Polygon", "coordinates": [ [ [ 139.675, 35.65 ], [ 139.675, 35.658333333333339 ], [ 139.666666666666657, 35.658333333333339 ], [ 139.666666666666657, 35.65 ], [ 139.675, 35.65 ] ] ] } },
{ "type": "Feature", "properties": { "cell_id": "r19_c13", "row": 19, "col": 13, "global_row": 6521, "global_col": 38361, "lon": 139.67916666666667, "lat": 35.654166666666669 }, "geometry": { "type": "Polygon", "coordinates": [ [ [ 139.683333333333337, 35.65 ], [ 139.683333333333337, 35.658333333333339 ], [ 139.675, 35.658333333333339 ], [ 139.675, 35.65 ], [ 139.683333333333337, 35.65 ] ] ] } },
{ "type": "Feature", "properties": { "cell_id": "r19_c14", "row": 19, "col": 14, "global_row": 6521, "global_col": 38362, "lon": 139.6875, "lat": 35.654166666666669 }, "geometry": { "type": "Polygon", "coordinates": [ [ [ 139.691666666666663, 35.65 ], [ 139.691666666666663, 35.658333333333339 ], [ 139.683333333333337, 35.658333333333339 ], [ 139.683333333333337, 35.65 ], [ 139.691666666666663, 35.65 ] ] ] } },
{ "type": "Feature", "properties": { "cell_id": "r19_c15", "row": 19, "col": 15, "global_row": 6521, "global_col": 38363, "lon": 139.69583333333333, "lat": 35.654166666666669 }, "geometry": { "type": "Polygon", "coordinates": [ [ [ 139.7, 35.65 ], [ 139.7, 35.658333333333339 ], [ 139.691666666666663, 35.658333333333339 ], [ 139.691666666666663, 35.65 ], [ 139.7, 35.65 ] ] ] } },
{ "type": "Feature", "properties": { "cell_id": "r19_c16", "row": 19, "col": 16, "global_row": 6521, "global_col": 38364, "lon": 139.70416666666665, "lat": 35.654166666666669 }, "geometry": { "type": "Polygon", "coordinates": [ [ [ 139.708333333333343, 35.65 ], [ 139.708333333333343, 35.658333333333339 ], [ 139.7, 35.658333333333339 ], [ 139.7, 35.65 ], [ 139.708333333333343, 35.65 ] ] ] } },
{ "type": "Feature", "properties": { "cell_id": "r19_c17", "row": 19, "col": 17, "global_row": 6521, "global_col": 38365, "lon": 139.7125, "lat": 35.654166666666669 }, "geometry": { "type": "Polygon", "coordinates": [ [ [ 139.716666666666669, 35.65 ], [ 139.716666666666669, 35.658333333333339 ], [ 139.708333333333343, 35.658333333333339 ], [ 139.708333333333343, 35.65 ], [ 139.716666666666669, 35.65 ] ] ] } },
{ "type": "Feature", "properties": { "cell_id": "r19_c18", "row": 19, "col": 18, "global_row": 6521, "global_col": 38366, "lon": 139.7208333333333, "lat": 35.654166666666669 }, "geometry": { "type": "Polygon", "coordinates": [ [ [ 139.725, 35.65 ], [ 139.725, 35.658333333333339 ], [ 139.716666666666669, 35.658333333333339 ], [ 139.716666666666669, 35.65 ], [ 139.725, 35.65 ] ] ] } },
{ "type": "Feature", "properties": { "cell_id": "r19_c19", "row": 19, "col": 19, "global_row": 6521, "global_col": 38367, "lon": 139.72916666666663, "lat": 35.654166666666669 }, "geometry": { "type": "Polygon", "coordinates": [ [ [ 139.73333333333332, 35.65 ], [ 139.73333333333332, 35.658333333333339 ], [ 139.725, 35.658333333333339 ], [ 139.725, 35.65 ], [ 139.73333333333332, 35.65 ] ] ] } },
{ "type": "Feature", "properties": { "cell_id": "r19_c20", "row": 19, "col": 20, "global_row": 6521, "global_col": 38368, "lon": 139.7375, "lat": 35.654166666666669 }, "geometry": { "type": "Polygon", "coordinates": [ [ [ 139.741666666666674, 35.65 ], [ 139.741666666666674, 35.658333333333339 ], [ 139.73333333333332, 35.658333333333339 ], [ 139.73333333333332, 35.65 ], [ 139.741666666666674, 35.65 ] ] ] } },
{ "type": "Feature", "properties": { "cell_id": "r19_c21", "row": 19, "col": 21, "global_row": 6521, "global_col": 38369, "lon": 139.74583333333334, "lat": 35.654166666666669 }, "geometry": { "type": "Polygon", "coordinates": [ [ [ 139.75, 35.65 ], [ 139.75, 35.658333333333339 ], [ 139.741666666666674, 35.658333333333339 ], [ 139.741666666666674, 35.65 ], [ 139.75, 35.65 ] ] ] } },
{ "type": "Feature", "properties": { "cell_id": "r19_c22", "row": 19, "col": 22, "global_row": 6521, "global_col": 38370, "lon": 139.75416666666666, "lat": 35.654166666666669 }, "geometry": { "type": "Polygon", "coordinates": [ [ [ 139.758333333333326, 35.65 ], [ 139.758333333333326, 35.658333333333339 ], [ 139.75, 35.658333333333339 ], [ 139.75, 35.65 ], [ 139.758333333333326, 35.65 ] ] ] } },
{ "type": "Feature", "properties": { "cell_id": "r19_c23", "row": 19, "col": 23, "global_row": 6521, "global_col": 38371, "lon": 139.7625, "lat": 35.654166666666669 }, "geometry": { "type": "Polygon", "coordinates": [ [ [ 139.766666666666652, 35.65 ], [ 139.766666666666652, 35.658333333333339 ], [ 139.758333333333326, 35.658333333333339 ], [ 139.758333333333326, 35.65 ], [ 139.766666666666652, 35.65 ] ] ] } },
{ "type": "Feature", "properties": { "cell_id": "r19_c24", "row": 19, "col": 24, "global_row": 6521, "global_col": 38372, "lon": 139.77083333333331, "lat": 35.654166666666669 }, "geometry": { "type": "Polygon", "coordinates": [ [ [ 139.775, 35.65 ], [ 139.775, 35.658333333333339 ], [ 139.766666666666652, 35.658333333333339 ], [ 139.766666666666652, 35.65 ], [ 139.775, 35.65 ] ] ] } },
{ "type": "Feature", "properties": { "cell_id": "r19_c25", "row": 19, "col": 25, "global_row": 6521, "global_col": 38373, "lon": 139.7791666666667, "lat": 35.654166666666669 }, "geometry": { "type": "Polygon", "coordinates": [ [ [ 139.783333333333331, 35.65 ], [ 139.783333333333331, 35.658333333333339 ], [ 139.775, 35.658333333333339 ], [ 139.775, 35.65 ], [ 139.783333333333331, 35.65 ] ] ] } },
{ "type": "Feature", "properties": { "cell_id": "r19_c27", "row": 19, "col": 27, "global_row": 6521, "global_col": 38375, "lon": 139.79583333333332, "lat": 35.654166666666669 }, "geometry": { "type": "Polygon", "coordinates": [ [ [ 139.8, 35.65 ], [ 139.8, 35.658333333333339 ], [ 139.791666666666657, 35.658333333333339 ], [ 139.791666666666657, 35.65 ], [ 139.8, 35.65 ] ] ] } },
{ "type": "Feature", "properties": { "cell_id": "r19_c28", "row": 19, "col": 28, "global_row": 6521, "global_col": 38376, "lon": 139.80416666666665, "lat": 35.654166666666669 }, "geometry": { "type": "Polygon", "coordinates": [ [ [ 139.808333333333337, 35.65 ], [ 139.808333333333337, 35.658333333333339 ], [ 139.8, 35.658333333333339 ], [ 139.8, 35.65 ], [ 139.808333333333337, 35.65 ] ] ] } },
{ "type": "Feature", "properties": { "cell_id": "r19_c31", "row": 19, "col": 31, "global_row": 6521, "global_col": 38379, "lon": 139.82916666666665, "lat": 35.654166666666669 }, "geometry": { "type": "Polygon", "coordinates": [ [ [ 139.833333333333343, 35.65 ], [ 139.833333333333343, 35.658333333333339 ], [ 139.825, 35.658333333333339 ], [ 139.825, 35.65 ], [ 139.833333333333343, 35.65 ] ] ] } },
{ "type": "Feature", "properties": { "cell_id": "r19_c34", "row": 19, "col": 34, "global_row": 6521, "global_col": 38382, "lon": 139.85416666666666, "lat": 35.654166666666669 }, "geometry": { "type": "Polygon", "coordinates": [ [ [ 139.85833333333332, 35.65 ], [ 139.85833333333332, 35.658333333333339 ], [ 139.85, 35.658333333333339 ], [ 139.85, 35.65 ], [ 139.85833333333332, 35.65 ] ] ] } },
{ "type": "Feature", "properties": { "cell_id": "r19_c35", "row": 19, "col": 35, "global_row": 6521, "global_col": 38383, "lon": 139.8625, "lat": 35.654166666666669 }, "geometry": { "type": "Polygon", "coordinates": [ [ [ 139.866666666666674, 35.65 ], [ 139.866666666666674, 35.658333333333339 ], [ 139.85833333333332, 35.658333333333339 ], [ 139.85833333333332, 35.65 ], [ 139.866666666666674, 35.65 ] ] ] } },
{ "type": "Feature", "properties": { "cell_id": "r19_c36", "row": 19, "col": 36, "global_row": 6521, "global_col": 38384, "lon": 139.87083333333334, "lat": 35.654166666666669 }, "geometry": { "type": "Polygon", "coordinates": [ [ [ 139.875, 35.65 ], [ 139.875, 35.658333333333339 ], [ 139.866666666666674, 35.658333333333339 ], [ 139.866666666666674, 35.65 ], [ 139.875, 35.65 ] ] ] } },
{ "type": "Feature", "properties": { "cell_id": "r19_c37", "row": 19, "col": 37, "global_row": 6521, "global_col": 38385, "lon": 139.87916666666666, "lat": 35.654166666666669 }, "geometry": { "type": "Polygon", "coordinates": [ [ [ 139.883333333333326, 35.65 ], [ 139.883333333333326, 35.658333333333339 ], [ 139.875, 35.658333333333339 ], [ 139.875, 35.65 ], [ 139.883333333333326, 35.65 ] ] ] } },
{ "type": "Feature", "properties": { "cell_id": "r19_c39", "row": 19, "col": 39, "global_row": 6521, "global_col": 38387, "lon": 139.89583333333331, "lat": 35.654166666666669 }, "geometry": { "type": "Polygon", "coordinates": [ [ [ 139.9, 35.65 ], [ 139.9, 35.658333333333339 ], [ 139.891666666666652, 35.658333333333339 ], [ 139.891666666666652, 35.65 ], [ 139.9, 35.65 ] ] ] } },
{ "type": "Feature", "properties": { "cell_id": "r19_c40", "row": 19, "col": 40, "global_row": 6521, "global_col": 38388, "lon": 139.90416666666667, "lat": 35.654166666666669 }, "geometry": { "type": "Polygon", "coordinates": [ [ [ 139.908333333333331, 35.65 ], [ 139.908333333333331, 35.658333333333339 ], [ 139.9, 35.658333333333339 ], [ 139.9, 35.65 ], [ 139.908333333333331, 35.65 ] ] ] } },
{ "type": "Feature", "properties": { "cell_id": "r19_c41", "row": 19, "col": 41, "global_row": 6521, "global_col": 38389, "lon": 139.9125, "lat": 35.654166666666669 }, "geometry": { "type": "Polygon", "coordinates": [ [ [ 139.916666666666657, 35.65 ], [ 139.916666666666657, 35.658333333333339 ], [ 139.908333333333331, 35.658333333333339 ], [ 139.908333333333331, 35.65 ], [ 139.916666666666657, 35.65 ] ] ] } },
{ "type": "Feature", "properties": { "cell_id": "r19_c42", "row": 19, "col": 42, "global_row": 6521, "global_col": 38390, "lon": 139.92083333333332, "lat": 35.654166666666669 }, "geometry": { "type": "Polygon", "coordinates": [ [ [ 139.925, 35.65 ], [ 139.925, 35.658333333333339 ], [ 139.916666666666657, 35.658333333333339 ], [ 139.916666666666657, 35.65 ], [ 139.925, 35.65 ] ] ] } },
{ "type": "Feature", "properties": { "cell_id": "r20_c4", "row": 20, "col": 4, "global_row": 6522, "global_col": 38352, "lon": 139.60416666666666, "lat": 35.645833333333343 }, "geometry": { "type": "Polygon", "coordinates": [ [ [ 139.60833333333332, 35.641666666666673 ], [ 139.60833333333332, 35.65 ], [ 139.6, 35.65 ], [ 139.6, 35.641666666666673 ], [ 139.60833333333332, 35.641666666666673 ] ] ] } },
{ "type": "Feature", "properties": { "cell_id": "r20_c5", "row": 20, "col": 5, "global_row": 6522, "global_col": 38353, "lon": 139.6125, "lat": 35.645833333333343 }, "geometry": { "type": "Polygon", "coordinates": [ [ [ 139.616666666666674, 35.641666666666673 ], [ 139.616666666666674, 35.65 ], [ 139.60833333333332, 35.65 ], [ 139.60833333333332, 35.641666666666673 ], [ 139.616666666666674, 35.641666666666673 ] ] ] } },
{ "type": "Feature", "properties": { "cell_id": "r20_c6", "row": 20, "col": 6, "global_row": 6522, "global_col": 38354, "lon": 139.62083333333334, "lat": 35.645833333333343 }, "geometry": { "type": "Polygon", "coordinates": [ [ [ 139.625, 35.641666666666673 ], [ 139.625, 35.65 ], [ 139.616666666666674, 35.65 ], [ 139.616666666666674, 35.641666666666673 ], [ 139.625, 35.641666666666673 ] ] ] } },
{ "type": "Feature", "properties": { "cell_id": "r20_c7", "row": 20, "col": 7, "global_row": 6522, "global_col": 38355, "lon": 139.62916666666666, "lat": 35.645833333333343 }, "geometry": { "type": "Polygon", "coordinates": [ [ [ 139.633333333333326, 35.641666666666673 ], [ 139.633333333333326, 35.65 ], [ 139.625, 35.65 ], [ 139.625, 35.641666666666673 ], [ 139.633333333333326, 35.641666666666673 ] ] ] } },
{ "type": "Feature", "properties": { "cell_id": "r20_c8", "row": 20, "col": 8, "global_row": 6522, "global_col": 38356, "lon": 139.6375, "lat": 35.645833333333343 }, "geometry": { "type": "Polygon", "coordinates": [ [ [ 139.641666666666652, 35.641666666666673 ], [ 139.641666666666652, 35.65 ], [ 139.633333333333326, 35.65 ], [ 139.633333333333326, 35.641666666666673 ], [ 139.641666666666652, 35.641666666666673 ] ] ] } },
{ "type": "Feature", "properties": { "cell_id": "r20_c9", "row": 20, "col": 9, "global_row": 6522, "global_col": 38357, "lon": 139.64583333333331, "lat": 35.645833333333343 }, "geometry": { "type": "Polygon", "coordinates": [ [ [ 139.65, 35.641666666666673 ], [ 139.65, 35.65 ], [ 139.641666666666652, 35.65 ], [ 139.641666666666652, 35.641666666666673 ], [ 139.65, 35.641666666666673 ] ] ] } },
{ "type": "Feature", "properties": { "cell_id": "r20_c10", "row": 20, "col": 10, "global_row": 6522, "global_col": 38358, "lon": 139.65416666666667, "lat": 35.645833333333343 }, "geometry": { "type": "Polygon", "coordinates": [ [ [ 139.658333333333331, 35.641666666666673 ], [ 139.658333333333331, 35.65 ], [ 139.65, 35.65 ], [ 139.65, 35.641666666666673 ], [ 139.658333333333331, 35.641666666666673 ] ] ] } },
{ "type": "Feature", "properties": { "cell_id": "r20_c11", "row": 20, "col": 11, "global_row": 6522, "global_col": 38359, "lon": 139.6625, "lat": 35.645833333333343 }, "geometry": { "type": "Polygon", "coordinates": [ [ [ 139.666666666666657, 35.641666666666673 ], [ 139.666666666666657, 35.65 ], [ 139.658333333333331, 35.65 ], [ 139.658333333333331, 35.641666666666673 ], [ 139.666666666666657, 35.641666666666673 ] ] ] } },
{ "type": "Feature", "properties": { "cell_id": "r20_c12", "row": 20, "col": 12, "global_row": 6522, "global_col": 38360, "lon": 139.67083333333335, "lat": 35.645833333333343 }, "geometry": { "type": "Polygon", "coordinates": [ [ [ 139.675, 35.641666666666673 ], [ 139.675, 35.65 ], [ 139.666666666666657, 35.65 ], [ 139.666666666666657, 35.641666666666673 ], [ 139.675, 35.641666666666673 ] ] ] } },
{ "type": "Feature", "properties": { "cell_id": "r20_c13", "row": 20, "col": 13, "global_row": 6522, "global_col": 38361, "lon": 139.67916666666667, "lat": 35.645833333333343 }, "geometry": { "type": "Polygon", "coordinates": [ [ [ 139.683333333333337, 35.641666666666673 ], [ 139.683333333333337, 35.65 ], [ 139.675, 35.65 ], [ 139.675, 35.641666666666673 ], [ 139.683333333333337, 35.641666666666673 ] ] ] } },
{ "type": "Feature", "properties": { "cell_id": "r20_c14", "row": 20, "col": 14, "global_row": 6522, "global_col": 38362, "lon": 139.6875, "lat": 35.645833333333343 }, "geometry": { "type": "Polygon", "coordinates": [ [ [ 139.691666666666663, 35.641666666666673 ], [ 139.691666666666663, 35.65 ], [ 139.683333333333337, 35.65 ], [ 139.683333333333337, 35.641666666666673 ], [ 139.691666666666663, 35.641666666666673 ] ] ] } },
{ "type": "Feature", "properties": { "cell_id": "r20_c15", "row": 20, "col": 15, "global_row": 6522, "global_col": 38363, "lon": 139.69583333333333, "lat": 35.645833333333343 }, "geometry": { "type": "Polygon", "coordinates": [ [ [ 139.7, 35.641666666666673 ], [ 139.7, 35.65 ], [ 139.691666666666663, 35.65 ], [ 139.691666666666663, 35.641666666666673 ], [ 139.7, 35.641666666666673 ] ] ] } },
{ "type": "Feature", "properties": { "cell_id": "r20_c16", "row": 20, "col": 16, "global_row": 6522, "global_col": 38364, "lon": 139.70416666666665, "lat": 35.645833333333343 }, "geometry": { "type": "Polygon", "coordinates": [ [ [ 139.708333333333343, 35.641666666666673 ], [ 139.708333333333343, 35.65 ], [ 139.7, 35.65 ], [ 139.7, 35.641666666666673 ], [ 139.708333333333343, 35.641666666666673 ] ] ] } },
{ "type": "Feature", "properties": { "cell_id": "r20_c17", "row": 20, "col": 17, "global_row": 6522, "global_col": 38365, "lon": 139.7125, "lat": 35.645833333333343 }, "geometry": { "type": "Polygon", "coordinates": [ [ [ 139.716666666666669, 35.641666666666673 ], [ 139.716666666666669, 35.65 ], [ 139.708333333333343, 35.65 ], [ 139.708333333333343, 35.641666666666673 ], [ 139.716666666666669, 35.641666666666673 ] ] ] } },
{ "type": "Feature", "properties": { "cell_id": "r20_c18", "row": 20, "col": 18, "global_row": 6522, "global_col": 38366, "lon": 139.7208333333333, "lat": 35.645833333333343 }, "geometry": { "type": "Polygon", "coordinates": [ [ [ 139.725, 35.641666666666673 ], [ 139.725, 35.65 ], [ 139.716666666666669, 35.65 ], [ 139.716666666666669, 35.641666666666673 ], [ 139.725, 35.641666666666673 ] ] ] } },
{ "type": "Feature", "properties": { "cell_id": "r20_c19", "row": 20, "col": 19, "global_row": 6522, "global_col": 38367, "lon": 139.72916666666663, "lat": 35.645833333333343 }, "geometry": { "type": "Polygon", "coordinates": [ [ [ 139.73333333333332, 35.641666666666673 ], [ 139.73333333333332, 35.65 ], [ 139.725, 35.65 ], [ 139.725, 35.641666666666673 ], [ 139.73333333333332, 35.641666666666673 ] ] ] } },
{ "type": "Feature", "properties": { "cell_id": "r20_c20", "row": 20, "col": 20, "global_row": 6522, "global_col": 38368, "lon": 139.7375, "lat": 35.645833333333343 }, "geometry": { "type": "Polygon", "coordinates": [ [ [ 139.741666666666674, 35.641666666666673 ], [ 139.741666666666674, 35.65 ], [ 139.73333333333332, 35.65 ], [ 139.73333333333332, 35.641666666666673 ], [ 139.741666666666674, 35.641666666666673 ] ] ] } },
{ "type": "Feature", "properties": { "cell_id": "r20_c21", "row": 20, "col": 21, "global_row": 6522, "global_col": 38369, "lon": 139.74583333333334, "lat": 35.645833333333343 }, "geometry": { "type": "Polygon", "coordinates": [ [ [ 139.75, 35.641666666666673 ], [ 139.75, 35.65 ], [ 139.741666666666674, 35.65 ], [ 139.741666666666674, 35.641666666666673 ], [ 139.75, 35.641666666666673 ] ] ] } },
{ "type": "Feature", "properties": { "cell_id": "r20_c22", "row": 20, "col": 22, "global_row": 6522, "global_col": 38370, "lon": 139.75416666666666, "lat": 35.645833333333343 }, "geometry": { "type": "Polygon", "coordinates": [ [ [ 139.758333333333326, 35.641666666666673 ], [ 139.758333333333326, 35.65 ], [ 139.75, 35.65 ], [ 139.75, 35.641666666666673 ], [ 139.758333333333326, 35.641666666666673 ] ] ] } },
{ "type": "Feature", "properties": { "cell_id": "r20_c26", "row": 20, "col": 26, "global_row": 6522, "global_col": 38374, "lon": 139.7875, "lat": 35.645833333333343 }, "geometry": { "type": "Polygon", "coordinates": [ [ [ 139.791666666666657, 35.641666666666673 ], [ 139.791666666666657, 35.65 ], [ 139.783333333333331, 35.65 ], [ 139.783333333333331, 35.641666666666673 ], [ 139.791666666666657, 35.641666666666673 ] ] ] } },
{ "type": "Feature", "properties": { "cell_id": "r20_c28", "row": 20, "col": 28, "global_row": 6522, "global_col": 38376, "lon": 139.80416666666665, "lat": 35.645833333333343 }, "geometry": { "type": "Polygon", "coordinates": [ [ [ 139.808333333333337, 35.641666666666673 ], [ 139.808333333333337, 35.65 ], [ 139.8, 35.65 ], [ 139.8, 35.641666666666673 ], [ 139.808333333333337, 35.641666666666673 ] ] ] } },
{ "type": "Feature", "properties": { "cell_id": "r20_c29", "row": 20, "col": 29, "global_row": 6522, "global_col": 38377, "lon": 139.8125, "lat": 35.645833333333343 }, "geometry": { "type": "Polygon", "coordinates": [ [ [ 139.816666666666663, 35.641666666666673 ], [ 139.816666666666663, 35.65 ], [ 139.808333333333337, 35.65 ], [ 139.808333333333337, 35.641666666666673 ], [ 139.816666666666663, 35.641666666666673 ] ] ] } },
{ "type": "Feature", "properties": { "cell_id": "r20_c30", "row": 20, "col": 30, "global_row": 6522, "global_col": 38378, "lon": 139.82083333333333, "lat": 35.645833333333343 }, "geometry": { "type": "Polygon", "coordinates": [ [ [ 139.825, 35.641666666666673 ], [ 139.825, 35.65 ], [ 139.816666666666663, 35.65 ], [ 139.816666666666663, 35.641666666666673 ], [ 139.825, 35.641666666666673 ] ] ] } },
{ "type": "Feature", "properties": { "cell_id": "r20_c31", "row": 20, "col": 31, "global_row": 6522, "global_col": 38379, "lon": 139.82916666666665, "lat": 35.645833333333343 }, "geometry": { "type": "Polygon", "coordinates": [ [ [ 139.833333333333343, 35.641666666666673 ], [ 139.833333333333343, 35.65 ], [ 139.825, 35.65 ], [ 139.825, 35.641666666666673 ], [ 139.833333333333343, 35.641666666666673 ] ] ] } },
{ "type": "Feature", "properties": { "cell_id": "r20_c32", "row": 20, "col": 32, "global_row": 6522, "global_col": 38380, "lon": 139.8375, "lat": 35.645833333333343 }, "geometry": { "type": "Polygon", "coordinates": [ [ [ 139.841666666666669, 35.641666666666673 ], [ 139.841666666666669, 35.65 ], [ 139.833333333333343, 35.65 ], [ 139.833333333333343, 35.641666666666673 ], [ 139.841666666666669, 35.641666666666673 ] ] ] } },
{ "type": "Feature", "properties": { "cell_id": "r20_c34", "row": 20, "col": 34, "global_row": 6522, "global_col": 38382, "lon": 139.85416666666666, "lat": 35.645833333333343 }, "geometry": { "type": "Polygon", "coordinates": [ [ [ 139.85833333333332, 35.641666666666673 ], [ 139.85833333333332, 35.65 ], [ 139.85, 35.65 ], [ 139.85, 35.641666666666673 ], [ 139.85833333333332, 35.641666666666673 ] ] ] } },
{ "type": "Feature", "properties": { "cell_id": "r20_c35", "row": 20, "col": 35, "global_row": 6522, "global_col": 38383, "lon": 139.8625, "lat": 35.645833333333343 }, "geometry": { "type": "Polygon", "coordinates": [ [ [ 139.866666666666674, 35.641666666666673 ], [ 139.866666666666674, 35.65 ], [ 139.85833333333332, 35.65 ], [ 139.85833333333332, 35.641666666666673 ], [ 139.866666666666674, 35.641666666666673 ] ] ] } },
{ "type": "Feature", "properties": { "cell_id": "r20_c36", "row": 20, "col": 36, "global_row": 6522, "global_col": 38384, "lon": 139.87083333333334, "lat": 35.645833333333343 }, "geometry": { "type": "Polygon", "coordinates": [ [ [ 139.875, 35.641666666666673 ], [ 139.875, 35.65 ], [ 139.866666666666674, 35.65 ], [ 139.866666666666674, 35.641666666666673 ], [ 139.875, 35.641666666666673 ] ] ] } },
{ "type": "Feature", "properties": { "cell_id": "r20_c37", "row": 20, "col": 37, "global_row": 6522, "global_col": 38385, "lon": 139.87916666666666, "lat": 35.645833333333343 }, "geometry": { "type": "Polygon", "coordinates": [ [ [ 139.883333333333326, 35.641666666666673 ], [ 139.883333333333326, 35.65 ], [ 139.875, 35.65 ], [ 139.875, 35.641666666666673 ], [ 139.883333333333326, 35.641666666666673 ] ] ] } },
{ "type": "Feature", "properties": { "cell_id": "r20_c38", "row": 20, "col": 38, "global_row": 6522, "global_col": 38386, "lon": 139.8875, "lat": 35.645833333333343 }, "geometry": { "type": "Polygon", "coordinates": [ [ [ 139.891666666666652, 35.641666666666673 ], [ 139.891666666666652, 35.65 ], [ 139.883333333333326, 35.65 ], [ 139.883333333333326, 35.641666666666673 ], [ 139.891666666666652, 35.641666666666673 ] ] ] } },
{ "type": "Feature", "properties": { "cell_id": "r20_c39", "row": 20, "col": 39, "global_row": 6522, "global_col": 38387, "lon": 139.89583333333331, "lat": 35.645833333333343 }, "geometry": { "type": "Polygon", "coordinates": [ [ [ 139.9, 35.641666666666673 ], [ 139.9, 35.65 ], [ 139.891666666666652, 35.65 ], [ 139.891666666666652, 35.641666666666673 ], [ 139.9, 35.641666666666673 ] ] ] } },
{ "type": "Feature", "properties": { "cell_id": "r20_c40", "row": 20, "col": 40, "global_row": 6522, "global_col": 38388, "lon": 139.90416666666667, "lat": 35.645833333333343 }, "geometry": { "type": "Polygon", "coordinates": [ [ [ 139.908333333333331, 35.641666666666673 ], [ 139.908333333333331, 35.65 ], [ 139.9, 35.65 ], [ 139.9, 35.641666666666673 ], [ 139.908333333333331, 35.641666666666673 ] ] ] } },
{ "type": "Feature", "properties": { "cell_id": "r20_c41", "row": 20, "col": 41, "global_row": 6522, "global_col": 38389, "lon": 139.9125, "lat": 35.645833333333343 }, "geometry": { "type": "Polygon", "coordinates": [ [ [ 139.916666666666657, 35.641666666666673 ], [ 139.916666666666657, 35.65 ], [ 139.908333333333331, 35.65 ], [ 139.908333333333331, 35.641666666666673 ], [ 139.916666666666657, 35.641666666666673 ] ] ] } },
{ "type": "Feature", "properties": { "cell_id": "r20_c42", "row": 20, "col": 42, "global_row": 6522, "global_col": 38390, "lon": 139.92083333333332, "lat": 35.645833333333343 }, "geometry": { "type": "Polygon", "coordinates": [ [ [ 139.925, 35.641666666666673 ], [ 139.925, 35.65 ], [ 139.916666666666657, 35.65 ], [ 139.916666666666657, 35.641666666666673 ], [ 139.925, 35.641666666666673 ] ] ] } },
{ "type": "Feature", "properties": { "cell_id": "r20_c43", "row": 20, "col": 43, "global_row": 6522, "global_col": 38391, "lon": 139.92916666666667, "lat": 35.645833333333343 }, "geometry": { "type": "Polygon", "coordinates": [ [ [ 139.933333333333337, 35.641666666666673 ], [ 139.933333333333337, 35.65 ], [ 139.925, 35.65 ], [ 139.925, 35.641666666666673 ], [ 139.933333333333337, 35.641666666666673 ] ] ] } },
{ "type": "Feature", "properties": { "cell_id": "r21_c3", "row": 21, "col": 3, "global_row": 6523, "global_col": 38351, "lon": 139.59583333333333, "lat": 35.6375 }, "geometry": { "type": "Polygon", "coordinates": [ [ [ 139.6, 35.63333333333334 ], [ 139.6, 35.641666666666673 ], [ 139.591666666666669, 35.641666666666673 ], [ 139.591666666666669, 35.63333333333334 ], [ 139.6, 35.63333333333334 ] ] ] } },
{ "type": "Feature", "properties": { "cell_id": "r21_c4", "row": 21, "col": 4, "global_row": 6523, "global_col": 38352, "lon": 139.60416666666666, "lat": 35.6375 }, "geometry": { "type": "Polygon", "coordinates": [ [ [ 139.60833333333332, 35.63333333333334 ], [ 139.60833333333332, 35.641666666666673 ], [ 139.6, 35.641666666666673 ], [ 139.6, 35.63333333333334 ], [ 139.60833333333332, 35.63333333333334 ] ] ] } },
{ "type": "Feature", "properties": { "cell_id": "r21_c5", "row": 21, "col": 5, "global_row": 6523, "global_col": 38353, "lon": 139.6125, "lat": 35.6375 }, "geometry": { "type": "Polygon", "coordinates": [ [ [ 139.616666666666674, 35.63333333333334 ], [ 139.616666666666674, 35.641666666666673 ], [ 139.60833333333332, 35.641666666666673 ], [ 139.60833333333332, 35.63333333333334 ], [ 139.616666666666674, 35.63333333333334 ] ] ] } },
{ "type": "Feature", "properties": { "cell_id": "r21_c6", "row": 21, "col": 6, "global_row": 6523, "global_col": 38354, "lon": 139.62083333333334, "lat": 35.6375 }, "geometry": { "type": "Polygon", "coordinates": [ [ [ 139.625, 35.63333333333334 ], [ 139.625, 35.641666666666673 ], [ 139.616666666666674, 35.641666666666673 ], [ 139.616666666666674, 35.63333333333334 ], [ 139.625, 35.63333333333334 ] ] ] } },
{ "type": "Feature", "properties": { "cell_id": "r21_c7", "row": 21, "col": 7, "global_row": 6523, "global_col": 38355, "lon": 139.62916666666666, "lat": 35.6375 }, "geometry": { "type": "Polygon", "coordinates": [ [ [ 139.633333333333326, 35.63333333333334 ], [ 139.633333333333326, 35.641666666666673 ], [ 139.625, 35.641666666666673 ], [ 139.625, 35.63333333333334 ], [ 139.633333333333326, 35.63333333333334 ] ] ] } },
{ "type": "Feature", "properties": { "cell_id": "r21_c8", "row": 21, "col": 8, "global_row": 6523, "global_col": 38356, "lon": 139.6375, "lat": 35.6375 }, "geometry": { "type": "Polygon", "coordinates": [ [ [ 139.641666666666652, 35.63333333333334 ], [ 139.641666666666652, 35.641666666666673 ], [ 139.633333333333326, 35.641666666666673 ], [ 139.633333333333326, 35.63333333333334 ], [ 139.641666666666652, 35.63333333333334 ] ] ] } },
{ "type": "Feature", "properties": { "cell_id": "r21_c9", "row": 21, "col": 9, "global_row": 6523, "global_col": 38357, "lon": 139.64583333333331, "lat": 35.6375 }, "geometry": { "type": "Polygon", "coordinates": [ [ [ 139.65, 35.63333333333334 ], [ 139.65, 35.641666666666673 ], [ 139.641666666666652, 35.641666666666673 ], [ 139.641666666666652, 35.63333333333334 ], [ 139.65, 35.63333333333334 ] ] ] } },
{ "type": "Feature", "properties": { "cell_id": "r21_c10", "row": 21, "col": 10, "global_row": 6523, "global_col": 38358, "lon": 139.65416666666667, "lat": 35.6375 }, "geometry": { "type": "Polygon", "coordinates": [ [ [ 139.658333333333331, 35.63333333333334 ], [ 139.658333333333331, 35.641666666666673 ], [ 139.65, 35.641666666666673 ], [ 139.65, 35.63333333333334 ], [ 139.658333333333331, 35.63333333333334 ] ] ] } },
{ "type": "Feature", "properties": { "cell_id": "r21_c11", "row": 21, "col": 11, "global_row": 6523, "global_col": 38359, "lon": 139.6625, "lat": 35.6375 }, "geometry": { "type": "Polygon", "coordinates": [ [ [ 139.666666666666657, 35.63333333333334 ], [ 139.666666666666657, 35.641666666666673 ], [ 139.658333333333331, 35.641666666666673 ], [ 139.658333333333331, 35.63333333333334 ], [ 139.666666666666657, 35.63333333333334 ] ] ] } },
{ "type": "Feature", "properties": { "cell_id": "r21_c12", "row": 21, "col": 12, "global_row": 6523, "global_col": 38360, "lon": 139.67083333333335, "lat": 35.6375 }, "geometry": { "type": "Polygon", "coordinates": [ [ [ 139.675, 35.63333333333334 ], [ 139.675, 35.641666666666673 ], [ 139.666666666666657, 35.641666666666673 ], [ 139.666666666666657, 35.63333333333334 ], [ 139.675, 35.63333333333334 ] ] ] } },
{ "type": "Feature", "properties": { "cell_id": "r21_c13", "row": 21, "col": 13, "global_row": 6523, "global_col": 38361, "lon": 139.67916666666667, "lat": 35.6375 }, "geometry": { "type": "Polygon", "coordinates": [ [ [ 139.683333333333337, 35.63333333333334 ], [ 139.683333333333337, 35.641666666666673 ], [ 139.675, 35.641666666666673 ], [ 139.675, 35.63333333333334 ], [ 139.683333333333337, 35.63333333333334 ] ] ] } },
{ "type": "Feature", "properties": { "cell_id": "r21_c14", "row": 21, "col": 14, "global_row": 6523, "global_col": 38362, "lon": 139.6875, "lat": 35.6375 }, "geometry": { "type": "Polygon", "coordinates": [ [ [ 139.691666666666663, 35.63333333333334 ], [ 139.691666666666663, 35.641666666666673 ], [ 139.683333333333337, 35.641666666666673 ], [ 139.683333333333337, 35.63333333333334 ], [ 139.691666666666663, 35.63333333333334 ] ] ] } },
{ "type": "Feature", "properties": { "cell_id": "r21_c15", "row": 21, "col": 15, "global_row": 6523, "global_col": 38363, "lon": 139.69583333333333, "lat": 35.6375 }, "geometry": { "type": "Polygon", "coordinates": [ [ [ 139.7, 35.63333333333334 ], [ 139.7, 35.641666666666673 ], [ 139.691666666666663, 35.641666666666673 ], [ 139.691666666666663, 35.63333333333334 ], [ 139.7, 35.63333333333334 ] ] ] } },
{ "type": "Feature", "properties": { "cell_id": "r21_c16", "row": 21, "col": 16, "global_row": 6523, "global_col": 38364, "lon": 139.70416666666665, "lat": 35.6375 }, "geometry": { "type": "Polygon", "coordinates": [ [ [ 139.708333333333343, 35.63333333333334 ], [ 139.708333333333343, 35.641666666666673 ], [ 139.7, 35.641666666666673 ], [ 139.7, 35.63333333333334 ], [ 139.708333333333343, 35.63333333333334 ] ] ] } },
{ "type": "Feature", "properties": { "cell_id": "r21_c17", "row": 21, "col": 17, "global_row": 6523, "global_col": 38365, "lon": 139.7125, "lat": 35.6375 }, "geometry": { "type": "Polygon", "coordinates": [ [ [ 139.716666666666669, 35.63333333333334 ], [ 139.716666666666669, 35.641666666666673 ], [ 139.708333333333343, 35.641666666666673 ], [ 139.708333333333343, 35.63333333333334 ], [ 139.716666666666669, 35.63333333333334 ] ] ] } },
{ "type": "Feature", "properties": { "cell_id": "r21_c18", "row": 21, "col": 18, "global_row": 6523, "global_col": 38366, "lon": 139.7208333333333, "lat": 35.6375 }, "geometry": { "type": "Polygon", "coordinates": [ [ [ 139.725, 35.63333333333334 ], [ 139.725, 35.641666666666673 ], [ 139.716666666666669, 35.641666666666673 ], [ 139.716666666666669, 35.63333333333334 ], [ 139.725, 35.63333333333334 ] ] ] } },
{ "type": "Feature", "properties": { "cell_id": "r21_c19", "row": 21, "col": 19, "global_row": 6523, "global_col": 38367, "lon": 139.72916666666663, "lat": 35.6375 }, "geometry": { "type": "Polygon", "coordinates": [ [ [ 139.73333333333332, 35.63333333333334 ], [ 139.73333333333332, 35.641666666666673 ], [ 139.725, 35.641666666666673 ], [ 139.725, 35.63333333333334 ], [ 139.73333333333332, 35.63333333333334 ] ] ] } },
{ "type": "Feature", "properties": { "cell_id": "r21_c20", "row": 21, "col": 20, "global_row": 6523, "global_col": 38368, "lon": 139.7375, "lat": 35.6375 }, "geometry": { "type": "Polygon", "coordinates": [ [ [ 139.741666666666674, 35.63333333333334 ], [ 139.741666666666674, 35.641666666666673 ], [ 139.73333333333332, 35.641666666666673 ], [ 139.73333333333332, 35.63333333333334 ], [ 139.741666666666674, 35.63333333333334 ] ] ] } },
{ "type": "Feature", "properties": { "cell_id": "r21_c21", "row": 21, "col": 21, "global_row": 6523, "global_col": 38369, "lon": 139.74583333333334, "lat": 35.6375 }, "geometry": { "type": "Polygon", "coordinates": [ [ [ 139.75, 35.63333333333334 ], [ 139.75, 35.641666666666673 ], [ 139.741666666666674, 35.641666666666673 ], [ 139.741666666666674, 35.63333333333334 ], [ 139.75, 35.63333333333334 ] ] ] } },
{ "type": "Feature", "properties": { "cell_id": "r21_c22", "row": 21, "col": 22, "global_row": 6523, "global_col": 38370, "lon": 139.75416666666666, "lat": 35.6375 }, "geometry": { "type": "Polygon", "coordinates": [ [ [ 139.758333333333326, 35.63333333333334 ], [ 139.758333333333326, 35.641666666666673 ], [ 139.75, 35.641666666666673 ], [ 139.75, 35.63333333333334 ], [ 139.758333333333326, 35.63333333333334 ] ] ] } },
{ "type": "Feature", "properties": { "cell_id": "r21_c25", "row": 21, "col": 25, "global_row": 6523, "global_col": 38373, "lon": 139.7791666666667, "lat": 35.6375 }, "geometry": { "type": "Polygon", "coordinates": [ [ [ 139.783333333333331, 35.63333333333334 ], [ 139.783333333333331, 35.641666666666673 ], [ 139.775, 35.641666666666673 ], [ 139.775, 35.63333333333334 ], [ 139.783333333333331, 35.63333333333334 ] ] ] } },
{ "type": "Feature", "properties": { "cell_id": "r21_c26", "row": 21, "col": 26, "global_row": 6523, "global_col": 38374, "lon": 139.7875, "lat": 35.6375 }, "geometry": { "type": "Polygon", "coordinates": [ [ [ 139.791666666666657, 35.63333333333334 ], [ 139.791666666666657, 35.641666666666673 ], [ 139.783333333333331, 35.641666666666673 ], [ 139.783333333333331, 35.63333333333334 ], [ 139.791666666666657, 35.63333333333334 ] ] ] } },
{ "type": "Feature", "properties": { "cell_id": "r21_c27", "row": 21, "col": 27, "global_row": 6523, "global_col": 38375, "lon": 139.79583333333332, "lat": 35.6375 }, "geometry": { "type": "Polygon", "coordinates": [ [ [ 139.8, 35.63333333333334 ], [ 139.8, 35.641666666666673 ], [ 139.791666666666657, 35.641666666666673 ], [ 139.791666666666657, 35.63333333333334 ], [ 139.8, 35.63333333333334 ] ] ] } },
{ "type": "Feature", "properties": { "cell_id": "r21_c28", "row": 21, "col": 28, "global_row": 6523, "global_col": 38376, "lon": 139.80416666666665, "lat": 35.6375 }, "geometry": { "type": "Polygon", "coordinates": [ [ [ 139.808333333333337, 35.63333333333334 ], [ 139.808333333333337, 35.641666666666673 ], [ 139.8, 35.641666666666673 ], [ 139.8, 35.63333333333334 ], [ 139.808333333333337, 35.63333333333334 ] ] ] } },
{ "type": "Feature", "properties": { "cell_id": "r21_c30", "row": 21, "col": 30, "global_row": 6523, "global_col": 38378, "lon": 139.82083333333333, "lat": 35.6375 }, "geometry": { "type": "Polygon", "coordinates": [ [ [ 139.825, 35.63333333333334 ], [ 139.825, 35.641666666666673 ], [ 139.816666666666663, 35.641666666666673 ], [ 139.816666666666663, 35.63333333333334 ], [ 139.825, 35.63333333333334 ] ] ] } },
{ "type": "Feature", "properties": { "cell_id": "r21_c31", "row": 21, "col": 31, "global_row": 6523, "global_col": 38379, "lon": 139.82916666666665, "lat": 35.6375 }, "geometry": { "type": "Polygon", "coordinates": [ [ [ 139.833333333333343, 35.63333333333334 ], [ 139.833333333333343, 35.641666666666673 ], [ 139.825, 35.641666666666673 ], [ 139.825, 35.63333333333334 ], [ 139.833333333333343, 35.63333333333334 ] ] ] } },
{ "type": "Feature", "properties": { "cell_id": "r21_c32", "row": 21, "col": 32, "global_row": 6523, "global_col": 38380, "lon": 139.8375, "lat": 35.6375 }, "geometry": { "type": "Polygon", "coordinates": [ [ [ 139.841666666666669, 35.63333333333334 ], [ 139.841666666666669, 35.641666666666673 ], [ 139.833333333333343, 35.641666666666673 ], [ 139.833333333333343, 35.63333333333334 ], [ 139.841666666666669, 35.63333333333334 ] ] ] } },
{ "type": "Feature", "properties": { "cell_id": "r21_c37", "row": 21, "col": 37, "global_row": 6523, "global_col": 38385, "lon": 139.87916666666666, "lat": 35.6375 }, "geometry": { "type": "Polygon", "coordinates": [ [ [ 139.883333333333326, 35.63333333333334 ], [ 139.883333333333326, 35.641666666666673 ], [ 139.875, 35.641666666666673 ], [ 139.875, 35.63333333333334 ], [ 139.883333333333326, 35.63333333333334 ] ] ] } },
{ "type": "Feature", "properties": { "cell_id": "r21_c38", "row": 21, "col": 38, "global_row": 6523, "global_col": 38386, "lon": 139.8875, "lat": 35.6375 }, "geometry": { "type": "Polygon", "coordinates": [ [ [ 139.891666666666652, 35.63333333333334 ], [ 139.891666666666652, 35.641666666666673 ], [ 139.883333333333326, 35.641666666666673 ], [ 139.883333333333326, 35.63333333333334 ], [ 139.891666666666652, 35.63333333333334 ] ] ] } },
{ "type": "Feature", "properties": { "cell_id": "r21_c39", "row": 21, "col": 39, "global_row": 6523, "global_col": 38387, "lon": 139.89583333333331, "lat": 35.6375 }, "geometry": { "type": "Polygon", "coordinates": [ [ [ 139.9, 35.63333333333334 ], [ 139.9, 35.641666666666673 ], [ 139.891666666666652, 35.641666666666673 ], [ 139.891666666666652, 35.63333333333334 ], [ 139.9, 35.63333333333334 ] ] ] } },
{ "type": "Feature", "properties": { "cell_id": "r21_c40", "row": 21, "col": 40, "global_row": 6523, "global_col": 38388, "lon": 139.90416666666667, "lat": 35.6375 }, "geometry": { "type": "Polygon", "coordinates": [ [ [ 139.908333333333331, 35.63333333333334 ], [ 139.908333333333331, 35.641666666666673 ], [ 139.9, 35.641666666666673 ], [ 139.9, 35.63333333333334 ], [ 139.908333333333331, 35.63333333333334 ] ] ] } },
{ "type": "Feature", "properties": { "cell_id": "r21_c41", "row": 21, "col": 41, "global_row": 6523, "global_col": 38389, "lon": 139.9125, "lat": 35.6375 }, "geometry": { "type": "Polygon", "coordinates": [ [ [ 139.916666666666657, 35.63333333333334 ], [ 139.916666666666657, 35.641666666666673 ], [ 139.908333333333331, 35.641666666666673 ], [ 139.908333333333331, 35.63333333333334 ], [ 139.916666666666657, 35.63333333333334 ] ] ] } },
{ "type": "Feature", "properties": { "cell_id": "r21_c42", "row": 21, "col": 42, "global_row": 6523, "global_col": 38390, "lon": 139.92083333333332, "lat": 35.6375 }, "geometry": { "type": "Polygon", "coordinates": [ [ [ 139.925, 35.63333333333334 ], [ 139.925, 35.641666666666673 ], [ 139.916666666666657, 35.641666666666673 ], [ 139.916666666666657, 35.63333333333334 ], [ 139.925, 35.63333333333334 ] ] ] } },
{ "type": "Feature", "properties": { "cell_id": "r21_c43", "row": 21, "col": 43, "global_row": 6523, "global_col": 38391, "lon": 139.92916666666667, "lat": 35.6375 }, "geometry": { "type": "Polygon", "coordinates": [ [ [ 139.933333333333337, 35.63333333333334 ], [ 139.933333333333337, 35.641666666666673 ], [ 139.925, 35.641666666666673 ], [ 139.925, 35.63333333333334 ], [ 139.933333333333337, 35.63333333333334 ] ] ] } },
{ "type": "Feature", "properties": { "cell_id": "r22_c4", "row": 22, "col": 4, "global_row": 6524, "global_col": 38352, "lon": 139.60416666666666, "lat": 35.62916666666667 }, "geometry": { "type": "Polygon", "coordinates": [ [ [ 139.60833333333332, 35.625 ], [ 139.60833333333332, 35.63333333333334 ], [ 139.6, 35.63333333333334 ], [ 139.6, 35.625 ], [ 139.60833333333332, 35.625 ] ] ] } },
{ "type": "Feature", "properties": { "cell_id": "r22_c5", "row": 22, "col": 5, "global_row": 6524, "global_col": 38353, "lon": 139.6125, "lat": 35.629166666666677 }, "geometry": { "type": "Polygon", "coordinates": [ [ [ 139.616666666666674, 35.625 ], [ 139.616666666666674, 35.63333333333334 ], [ 139.60833333333332, 35.63333333333334 ], [ 139.60833333333332, 35.625 ], [ 139.616666666666674, 35.625 ] ] ] } },
{ "type": "Feature", "properties": { "cell_id": "r22_c6", "row": 22, "col": 6, "global_row": 6524, "global_col": 38354, "lon": 139.62083333333334, "lat": 35.62916666666667 }, "geometry": { "type": "Polygon", "coordinates": [ [ [ 139.625, 35.625 ], [ 139.625, 35.63333333333334 ], [ 139.616666666666674, 35.63333333333334 ], [ 139.616666666666674, 35.625 ], [ 139.625, 35.625 ] ] ] } },
{ "type": "Feature", "properties": { "cell_id": "r22_c7", "row": 22, "col": 7, "global_row": 6524, "global_col": 38355, "lon": 139.62916666666666, "lat": 35.62916666666667 }, "geometry": { "type": "Polygon", "coordinates": [ [ [ 139.633333333333326, 35.625 ], [ 139.633333333333326, 35.63333333333334 ], [ 139.625, 35.63333333333334 ], [ 139.625, 35.625 ], [ 139.633333333333326, 35.625 ] ] ] } },
{ "type": "Feature", "properties": { "cell_id": "r22_c8", "row": 22, "col": 8, "global_row": 6524, "global_col": 38356, "lon": 139.6375, "lat": 35.62916666666667 }, "geometry": { "type": "Polygon", "coordinates": [ [ [ 139.641666666666652, 35.625 ], [ 139.641666666666652, 35.63333333333334 ], [ 139.633333333333326, 35.63333333333334 ], [ 139.633333333333326, 35.625 ], [ 139.641666666666652, 35.625 ] ] ] } },
{ "type": "Feature", "properties": { "cell_id": "r22_c9", "row": 22, "col": 9, "global_row": 6524, "global_col": 38357, "lon": 139.64583333333331, "lat": 35.629166666666677 }, "geometry": { "type": "Polygon", "coordinates": [ [ [ 139.65, 35.625 ], [ 139.65, 35.63333333333334 ], [ 139.641666666666652, 35.63333333333334 ], [ 139.641666666666652, 35.625 ], [ 139.65, 35.625 ] ] ] } },
{ "type": "Feature", "properties": { "cell_id": "r22_c10", "row": 22, "col": 10, "global_row": 6524, "global_col": 38358, "lon": 139.65416666666667, "lat": 35.62916666666667 }, "geometry": { "type": "Polygon", "coordinates": [ [ [ 139.658333333333331, 35.625 ], [ 139.658333333333331, 35.63333333333334 ], [ 139.65, 35.63333333333334 ], [ 139.65, 35.625 ], [ 139.658333333333331, 35.625 ] ] ] } },
{ "type": "Feature", "properties": { "cell_id": "r22_c11", "row": 22, "col": 11, "global_row": 6524, "global_col": 38359, "lon": 139.6625, "lat": 35.62916666666667 }, "geometry": { "type": "Polygon", "coordinates": [ [ [ 139.666666666666657, 35.625 ], [ 139.666666666666657, 35.63333333333334 ], [ 139.658333333333331, 35.63333333333334 ], [ 139.658333333333331, 35.625 ], [ 139.666666666666657, 35.625 ] ] ] } },
{ "type": "Feature", "properties": { "cell_id": "r22_c12", "row": 22, "col": 12, "global_row": 6524, "global_col": 38360, "lon": 139.67083333333332, "lat": 35.62916666666667 }, "geometry": { "type": "Polygon", "coordinates": [ [ [ 139.675, 35.625 ], [ 139.675, 35.63333333333334 ], [ 139.666666666666657, 35.63333333333334 ], [ 139.666666666666657, 35.625 ], [ 139.675, 35.625 ] ] ] } },
{ "type": "Feature", "properties": { "cell_id": "r22_c13", "row": 22, "col": 13, "global_row": 6524, "global_col": 38361, "lon": 139.67916666666665, "lat": 35.629166666666677 }, "geometry": { "type": "Polygon", "coordinates": [ [ [ 139.683333333333337, 35.625 ], [ 139.683333333333337, 35.63333333333334 ], [ 139.675, 35.63333333333334 ], [ 139.675, 35.625 ], [ 139.683333333333337, 35.625 ] ] ] } },
{ "type": "Feature", "properties": { "cell_id": "r22_c14", "row": 22, "col": 14, "global_row": 6524, "global_col": 38362, "lon": 139.6875, "lat": 35.62916666666667 }, "geometry": { "type": "Polygon", "coordinates": [ [ [ 139.691666666666663, 35.625 ], [ 139.691666666666663, 35.63333333333334 ], [ 139.683333333333337, 35.63333333333334 ], [ 139.683333333333337, 35.625 ], [ 139.691666666666663, 35.625 ] ] ] } },
{ "type": "Feature", "properties": { "cell_id": "r22_c15", "row": 22, "col": 15, "global_row": 6524, "global_col": 38363, "lon": 139.69583333333333, "lat": 35.62916666666667 }, "geometry": { "type": "Polygon", "coordinates": [ [ [ 139.7, 35.625 ], [ 139.7, 35.63333333333334 ], [ 139.691666666666663, 35.63333333333334 ], [ 139.691666666666663, 35.625 ], [ 139.7, 35.625 ] ] ] } },
{ "type": "Feature", "properties": { "cell_id": "r22_c16", "row": 22, "col": 16, "global_row": 6524, "global_col": 38364, "lon": 139.70416666666665, "lat": 35.629166666666677 }, "geometry": { "type": "Polygon", "coordinates": [ [ [ 139.708333333333343, 35.625 ], [ 139.708333333333343, 35.63333333333334 ], [ 139.7, 35.63333333333334 ], [ 139.7, 35.625 ], [ 139.708333333333343, 35.625 ] ] ] } },
{ "type": "Feature", "properties": { "cell_id": "r22_c17", "row": 22, "col": 17, "global_row": 6524, "global_col": 38365, "lon": 139.7125, "lat": 35.62916666666667 }, "geometry": { "type": "Polygon", "coordinates": [ [ [ 139.716666666666669, 35.625 ], [ 139.716666666666669, 35.63333333333334 ], [ 139.708333333333343, 35.63333333333334 ], [ 139.708333333333343, 35.625 ], [ 139.716666666666669, 35.625 ] ] ] } },
{ "type": "Feature", "properties": { "cell_id": "r22_c18", "row": 22, "col": 18, "global_row": 6524, "global_col": 38366, "lon": 139.7208333333333, "lat": 35.62916666666667 }, "geometry": { "type": "Polygon", "coordinates": [ [ [ 139.725, 35.625 ], [ 139.725, 35.63333333333334 ], [ 139.716666666666669, 35.63333333333334 ], [ 139.716666666666669, 35.625 ], [ 139.725, 35.625 ] ] ] } },
{ "type": "Feature", "properties": { "cell_id": "r22_c19", "row": 22, "col": 19, "global_row": 6524, "global_col": 38367, "lon": 139.72916666666663, "lat": 35.62916666666667 }, "geometry": { "type": "Polygon", "coordinates": [ [ [ 139.73333333333332, 35.625 ], [ 139.73333333333332, 35.63333333333334 ], [ 139.725, 35.63333333333334 ], [ 139.725, 35.625 ], [ 139.73333333333332, 35.625 ] ] ] } },
{ "type": "Feature", "properties": { "cell_id": "r22_c20", "row": 22, "col": 20, "global_row": 6524, "global_col": 38368, "lon": 139.7375, "lat": 35.629166666666677 }, "geometry": { "type": "Polygon", "coordinates": [ [ [ 139.741666666666674, 35.625 ], [ 139.741666666666674, 35.63333333333334 ], [ 139.73333333333332, 35.63333333333334 ], [ 139.73333333333332, 35.625 ], [ 139.741666666666674, 35.625 ] ] ] } },
{ "type": "Feature", "properties": { "cell_id": "r22_c21", "row": 22, "col": 21, "global_row": 6524, "global_col": 38369, "lon": 139.74583333333337, "lat": 35.62916666666667 }, "geometry": { "type": "Polygon", "coordinates": [ [ [ 139.75, 35.625 ], [ 139.75, 35.63333333333334 ], [ 139.741666666666674, 35.63333333333334 ], [ 139.741666666666674, 35.625 ], [ 139.75, 35.625 ] ] ] } },
{ "type": "Feature", "properties": { "cell_id": "r22_c22", "row": 22, "col": 22, "global_row": 6524, "global_col": 38370, "lon": 139.75416666666666, "lat": 35.62916666666667 }, "geometry": { "type": "Polygon", "coordinates": [ [ [ 139.758333333333326, 35.625 ], [ 139.758333333333326, 35.63333333333334 ], [ 139.75, 35.63333333333334 ], [ 139.75, 35.625 ], [ 139.758333333333326, 35.625 ] ] ] } },
{ "type": "Feature", "properties": { "cell_id": "r22_c25", "row": 22, "col": 25, "global_row": 6524, "global_col": 38373, "lon": 139.77916666666667, "lat": 35.62916666666667 }, "geometry": { "type": "Polygon", "coordinates": [ [ [ 139.783333333333331, 35.625 ], [ 139.783333333333331, 35.63333333333334 ], [ 139.775, 35.63333333333334 ], [ 139.775, 35.625 ], [ 139.783333333333331, 35.625 ] ] ] } },
{ "type": "Feature", "properties": { "cell_id": "r22_c26", "row": 22, "col": 26, "global_row": 6524, "global_col": 38374, "lon": 139.7875, "lat": 35.62916666666667 }, "geometry": { "type": "Polygon", "coordinates": [ [ [ 139.791666666666657, 35.625 ], [ 139.791666666666657, 35.63333333333334 ], [ 139.783333333333331, 35.63333333333334 ], [ 139.783333333333331, 35.625 ], [ 139.791666666666657, 35.625 ] ] ] } },
{ "type": "Feature", "properties": { "cell_id": "r22_c27", "row": 22, "col": 27, "global_row": 6524, "global_col": 38375, "lon": 139.79583333333332, "lat": 35.62916666666667 }, "geometry": { "type": "Polygon", "coordinates": [ [ [ 139.8, 35.625 ], [ 139.8, 35.63333333333334 ], [ 139.791666666666657, 35.63333333333334 ], [ 139.791666666666657, 35.625 ], [ 139.8, 35.625 ] ] ] } },
{ "type": "Feature", "properties": { "cell_id": "r22_c31", "row": 22, "col": 31, "global_row": 6524, "global_col": 38379, "lon": 139.82916666666668, "lat": 35.629166666666677 }, "geometry": { "type": "Polygon", "coordinates": [ [ [ 139.833333333333343, 35.625 ], [ 139.833333333333343, 35.63333333333334 ], [ 139.825, 35.63333333333334 ], [ 139.825, 35.625 ], [ 139.833333333333343, 35.625 ] ] ] } },
{ "type": "Feature", "properties": { "cell_id": "r22_c32", "row": 22, "col": 32, "global_row": 6524, "global_col": 38380, "lon": 139.8375, "lat": 35.62916666666667 }, "geometry": { "type": "Polygon", "coordinates": [ [ [ 139.841666666666669, 35.625 ], [ 139.841666666666669, 35.63333333333334 ], [ 139.833333333333343, 35.63333333333334 ], [ 139.833333333333343, 35.625 ], [ 139.841666666666669, 35.625 ] ] ] } },
{ "type": "Feature", "properties": { "cell_id": "r22_c37", "row": 22, "col": 37, "global_row": 6524, "global_col": 38385, "lon": 139.87916666666669, "lat": 35.62916666666667 }, "geometry": { "type": "Polygon", "coordinates": [ [ [ 139.883333333333326, 35.625 ], [ 139.883333333333326, 35.63333333333334 ], [ 139.875, 35.63333333333334 ], [ 139.875, 35.625 ], [ 139.883333333333326, 35.625 ] ] ] } },
{ "type": "Feature", "properties": { "cell_id": "r22_c38", "row": 22, "col": 38, "global_row": 6524, "global_col": 38386, "lon": 139.8875, "lat": 35.62916666666667 }, "geometry": { "type": "Polygon", "coordinates": [ [ [ 139.891666666666652, 35.625 ], [ 139.891666666666652, 35.63333333333334 ], [ 139.883333333333326, 35.63333333333334 ], [ 139.883333333333326, 35.625 ], [ 139.891666666666652, 35.625 ] ] ] } },
{ "type": "Feature", "properties": { "cell_id": "r22_c39", "row": 22, "col": 39, "global_row": 6524, "global_col": 38387, "lon": 139.89583333333331, "lat": 35.629166666666677 }, "geometry": { "type": "Polygon", "coordinates": [ [ [ 139.9, 35.625 ], [ 139.9, 35.63333333333334 ], [ 139.891666666666652, 35.63333333333334 ], [ 139.891666666666652, 35.625 ], [ 139.9, 35.625 ] ] ] } },
{ "type": "Feature", "properties": { "cell_id": "r22_c41", "row": 22, "col": 41, "global_row": 6524, "global_col": 38389, "lon": 139.9125, "lat": 35.62916666666667 }, "geometry": { "type": "Polygon", "coordinates": [ [ [ 139.916666666666657, 35.625 ], [ 139.916666666666657, 35.63333333333334 ], [ 139.908333333333331, 35.63333333333334 ], [ 139.908333333333331, 35.625 ], [ 139.916666666666657, 35.625 ] ] ] } },
{ "type": "Feature", "properties": { "cell_id": "r23_c4", "row": 23, "col": 4, "global_row": 6525, "global_col": 38352, "lon": 139.60416666666666, "lat": 35.620833333333337 }, "geometry": { "type": "Polygon", "coordinates": [ [ [ 139.60833333333332, 35.616666666666667 ], [ 139.60833333333332, 35.625 ], [ 139.6, 35.625 ], [ 139.6, 35.616666666666667 ], [ 139.60833333333332, 35.616666666666667 ] ] ] } },
{ "type": "Feature", "properties": { "cell_id": "r23_c5", "row": 23, "col": 5, "global_row": 6525, "global_col": 38353, "lon": 139.6125, "lat": 35.620833333333337 }, "geometry": { "type": "Polygon", "coordinates": [ [ [ 139.616666666666674, 35.616666666666667 ], [ 139.616666666666674, 35.625 ], [ 139.60833333333332, 35.625 ], [ 139.60833333333332, 35.616666666666667 ], [ 139.616666666666674, 35.616666666666667 ] ] ] } },
{ "type": "Feature", "properties": { "cell_id": "r23_c6", "row": 23, "col": 6, "global_row": 6525, "global_col": 38354, "lon": 139.62083333333334, "lat": 35.620833333333337 }, "geometry": { "type": "Polygon", "coordinates": [ [ [ 139.625, 35.616666666666667 ], [ 139.625, 35.625 ], [ 139.616666666666674, 35.625 ], [ 139.616666666666674, 35.616666666666667 ], [ 139.625, 35.616666666666667 ] ] ] } },
{ "type": "Feature", "properties": { "cell_id": "r23_c7", "row": 23, "col": 7, "global_row": 6525, "global_col": 38355, "lon": 139.62916666666666, "lat": 35.620833333333337 }, "geometry": { "type": "Polygon", "coordinates": [ [ [ 139.633333333333326, 35.616666666666667 ], [ 139.633333333333326, 35.625 ], [ 139.625, 35.625 ], [ 139.625, 35.616666666666667 ], [ 139.633333333333326, 35.616666666666667 ] ] ] } },
{ "type": "Feature", "properties": { "cell_id": "r23_c8", "row": 23, "col": 8, "global_row": 6525, "global_col": 38356, "lon": 139.6375, "lat": 35.620833333333337 }, "geometry": { "type": "Polygon", "coordinates": [ [ [ 139.641666666666652, 35.616666666666667 ], [ 139.641666666666652, 35.625 ], [ 139.633333333333326, 35.625 ], [ 139.633333333333326, 35.616666666666667 ], [ 139.641666666666652, 35.616666666666667 ] ] ] } },
{ "type": "Feature", "properties": { "cell_id": "r23_c9", "row": 23, "col": 9, "global_row": 6525, "global_col": 38357, "lon": 139.64583333333331, "lat": 35.620833333333337 }, "geometry": { "type": "Polygon", "coordinates": [ [ [ 139.65, 35.616666666666667 ], [ 139.65, 35.625 ], [ 139.641666666666652, 35.625 ], [ 139.641666666666652, 35.616666666666667 ], [ 139.65, 35.616666666666667 ] ] ] } },
{ "type": "Feature", "properties": { "cell_id": "r23_c10", "row": 23, "col": 10, "global_row": 6525, "global_col": 38358, "lon": 139.65416666666667, "lat": 35.620833333333337 }, "geometry": { "type": "Polygon", "coordinates": [ [ [ 139.658333333333331, 35.616666666666667 ], [ 139.658333333333331, 35.625 ], [ 139.65, 35.625 ], [ 139.65, 35.616666666666667 ], [ 139.658333333333331, 35.616666666666667 ] ] ] } },
{ "type": "Feature", "properties": { "cell_id": "r23_c11", "row": 23, "col": 11, "global_row": 6525, "global_col": 38359, "lon": 139.6625, "lat": 35.620833333333337 }, "geometry": { "type": "Polygon", "coordinates": [ [ [ 139.666666666666657, 35.616666666666667 ], [ 139.666666666666657, 35.625 ], [ 139.658333333333331, 35.625 ], [ 139.658333333333331, 35.616666666666667 ], [ 139.666666666666657, 35.616666666666667 ] ] ] } },
{ "type": "Feature", "properties": { "cell_id": "r23_c12", "row": 23, "col": 12, "global_row": 6525, "global_col": 38360, "lon": 139.67083333333335, "lat": 35.620833333333337 }, "geometry": { "type": "Polygon", "coordinates": [ [ [ 139.675, 35.616666666666667 ], [ 139.675, 35.625 ], [ 139.666666666666657, 35.625 ], [ 139.666666666666657, 35.616666666666667 ], [ 139.675, 35.616666666666667 ] ] ] } },
{ "type": "Feature", "properties": { "cell_id": "r23_c13", "row": 23, "col": 13, "global_row": 6525, "global_col": 38361, "lon": 139.67916666666667, "lat": 35.620833333333337 }, "geometry": { "type": "Polygon", "coordinates": [ [ [ 139.683333333333337, 35.616666666666667 ], [ 139.683333333333337, 35.625 ], [ 139.675, 35.625 ], [ 139.675, 35.616666666666667 ], [ 139.683333333333337, 35.616666666666667 ] ] ] } },
{ "type": "Feature", "properties": { "cell_id": "r23_c14", "row": 23, "col": 14, "global_row": 6525, "global_col": 38362, "lon": 139.6875, "lat": 35.620833333333337 }, "geometry": { "type": "Polygon", "coordinates": [ [ [ 139.691666666666663, 35.616666666666667 ], [ 139.691666666666663, 35.625 ], [ 139.683333333333337, 35.625 ], [ 139.683333333333337, 35.616666666666667 ], [ 139.691666666666663, 35.616666666666667 ] ] ] } },
{ "type": "Feature", "properties": { "cell_id": "r23_c15", "row": 23, "col": 15, "global_row": 6525, "global_col": 38363, "lon": 139.69583333333333, "lat": 35.620833333333337 }, "geometry": { "type": "Polygon", "coordinates": [ [ [ 139.7, 35.616666666666667 ], [ 139.7, 35.625 ], [ 139.691666666666663, 35.625 ], [ 139.691666666666663, 35.616666666666667 ], [ 139.7, 35.616666666666667 ] ] ] } },
{ "type": "Feature", "properties": { "cell_id": "r23_c16", "row": 23, "col": 16, "global_row": 6525, "global_col": 38364, "lon": 139.70416666666665, "lat": 35.620833333333337 }, "geometry": { "type": "Polygon", "coordinates": [ [ [ 139.708333333333343, 35.616666666666667 ], [ 139.708333333333343, 35.625 ], [ 139.7, 35.625 ], [ 139.7, 35.616666666666667 ], [ 139.708333333333343, 35.616666666666667 ] ] ] } },
{ "type": "Feature", "properties": { "cell_id": "r23_c17", "row": 23, "col": 17, "global_row": 6525, "global_col": 38365, "lon": 139.7125, "lat": 35.620833333333337 }, "geometry": { "type": "Polygon", "coordinates": [ [ [ 139.716666666666669, 35.616666666666667 ], [ 139.716666666666669, 35.625 ], [ 139.708333333333343, 35.625 ], [ 139.708333333333343, 35.616666666666667 ], [ 139.716666666666669, 35.616666666666667 ] ] ] } },
{ "type": "Feature", "properties": { "cell_id": "r23_c18", "row": 23, "col": 18, "global_row": 6525, "global_col": 38366, "lon": 139.7208333333333, "lat": 35.620833333333337 }, "geometry": { "type": "Polygon", "coordinates": [ [ [ 139.725, 35.616666666666667 ], [ 139.725, 35.625 ], [ 139.716666666666669, 35.625 ], [ 139.716666666666669, 35.616666666666667 ], [ 139.725, 35.616666666666667 ] ] ] } },
{ "type": "Feature", "properties": { "cell_id": "r23_c19", "row": 23, "col": 19, "global_row": 6525, "global_col": 38367, "lon": 139.72916666666663, "lat": 35.620833333333337 }, "geometry": { "type": "Polygon", "coordinates": [ [ [ 139.73333333333332, 35.616666666666667 ], [ 139.73333333333332, 35.625 ], [ 139.725, 35.625 ], [ 139.725, 35.616666666666667 ], [ 139.73333333333332, 35.616666666666667 ] ] ] } },
{ "type": "Feature", "properties": { "cell_id": "r23_c20", "row": 23, "col": 20, "global_row": 6525, "global_col": 38368, "lon": 139.7375, "lat": 35.620833333333337 }, "geometry": { "type": "Polygon", "coordinates": [ [ [ 139.741666666666674, 35.616666666666667 ], [ 139.741666666666674, 35.625 ], [ 139.73333333333332, 35.625 ], [ 139.73333333333332, 35.616666666666667 ], [ 139.741666666666674, 35.616666666666667 ] ] ] } },
{ "type": "Feature", "properties": { "cell_id": "r23_c21", "row": 23, "col": 21, "global_row": 6525, "global_col": 38369, "lon": 139.74583333333334, "lat": 35.620833333333337 }, "geometry": { "type": "Polygon", "coordinates": [ [ [ 139.75, 35.616666666666667 ], [ 139.75, 35.625 ], [ 139.741666666666674, 35.625 ], [ 139.741666666666674, 35.616666666666667 ], [ 139.75, 35.616666666666667 ] ] ] } },
{ "type": "Feature", "properties": { "cell_id": "r23_c22", "row": 23, "col": 22, "global_row": 6525, "global_col": 38370, "lon": 139.75416666666666, "lat": 35.620833333333337 }, "geometry": { "type": "Polygon", "coordinates": [ [ [ 139.758333333333326, 35.616666666666667 ], [ 139.758333333333326, 35.625 ], [ 139.75, 35.625 ], [ 139.75, 35.616666666666667 ], [ 139.758333333333326, 35.616666666666667 ] ] ] } },
{ "type": "Feature", "properties": { "cell_id": "r23_c24", "row": 23, "col": 24, "global_row": 6525, "global_col": 38372, "lon": 139.77083333333331, "lat": 35.620833333333337 }, "geometry": { "type": "Polygon", "coordinates": [ [ [ 139.775, 35.616666666666667 ], [ 139.775, 35.625 ], [ 139.766666666666652, 35.625 ], [ 139.766666666666652, 35.616666666666667 ], [ 139.775, 35.616666666666667 ] ] ] } },
{ "type": "Feature", "properties": { "cell_id": "r23_c25", "row": 23, "col": 25, "global_row": 6525, "global_col": 38373, "lon": 139.7791666666667, "lat": 35.620833333333337 }, "geometry": { "type": "Polygon", "coordinates": [ [ [ 139.783333333333331, 35.616666666666667 ], [ 139.783333333333331, 35.625 ], [ 139.775, 35.625 ], [ 139.775, 35.616666666666667 ], [ 139.783333333333331, 35.616666666666667 ] ] ] } },
{ "type": "Feature", "properties": { "cell_id": "r23_c31", "row": 23, "col": 31, "global_row": 6525, "global_col": 38379, "lon": 139.82916666666665, "lat": 35.620833333333337 }, "geometry": { "type": "Polygon", "coordinates": [ [ [ 139.833333333333343, 35.616666666666667 ], [ 139.833333333333343, 35.625 ], [ 139.825, 35.625 ], [ 139.825, 35.616666666666667 ], [ 139.833333333333343, 35.616666666666667 ] ] ] } },
{ "type": "Feature", "properties": { "cell_id": "r23_c32", "row": 23, "col": 32, "global_row": 6525, "global_col": 38380, "lon": 139.8375, "lat": 35.620833333333337 }, "geometry": { "type": "Polygon", "coordinates": [ [ [ 139.841666666666669, 35.616666666666667 ], [ 139.841666666666669, 35.625 ], [ 139.833333333333343, 35.625 ], [ 139.833333333333343, 35.616666666666667 ], [ 139.841666666666669, 35.616666666666667 ] ] ] } },
{ "type": "Feature", "properties": { "cell_id": "r23_c39", "row": 23, "col": 39, "global_row": 6525, "global_col": 38387, "lon": 139.89583333333331, "lat": 35.620833333333337 }, "geometry": { "type": "Polygon", "coordinates": [ [ [ 139.9, 35.616666666666667 ], [ 139.9, 35.625 ], [ 139.891666666666652, 35.625 ], [ 139.891666666666652, 35.616666666666667 ], [ 139.9, 35.616666666666667 ] ] ] } },
{ "type": "Feature", "properties": { "cell_id": "r24_c5", "row": 24, "col": 5, "global_row": 6526, "global_col": 38353, "lon": 139.6125, "lat": 35.6125 }, "geometry": { "type": "Polygon", "coordinates": [ [ [ 139.616666666666674, 35.608333333333334 ], [ 139.616666666666674, 35.616666666666667 ], [ 139.60833333333332, 35.616666666666667 ], [ 139.60833333333332, 35.608333333333334 ], [ 139.616666666666674, 35.608333333333334 ] ] ] } },
{ "type": "Feature", "properties": { "cell_id": "r24_c6", "row": 24, "col": 6, "global_row": 6526, "global_col": 38354, "lon": 139.62083333333334, "lat": 35.6125 }, "geometry": { "type": "Polygon", "coordinates": [ [ [ 139.625, 35.608333333333334 ], [ 139.625, 35.616666666666667 ], [ 139.616666666666674, 35.616666666666667 ], [ 139.616666666666674, 35.608333333333334 ], [ 139.625, 35.608333333333334 ] ] ] } },
{ "type": "Feature", "properties": { "cell_id": "r24_c7", "row": 24, "col": 7, "global_row": 6526, "global_col": 38355, "lon": 139.62916666666666, "lat": 35.6125 }, "geometry": { "type": "Polygon", "coordinates": [ [ [ 139.633333333333326, 35.608333333333334 ], [ 139.633333333333326, 35.616666666666667 ], [ 139.625, 35.616666666666667 ], [ 139.625, 35.608333333333334 ], [ 139.633333333333326, 35.608333333333334 ] ] ] } },
{ "type": "Feature", "properties": { "cell_id": "r24_c8", "row": 24, "col": 8, "global_row": 6526, "global_col": 38356, "lon": 139.6375, "lat": 35.6125 }, "geometry": { "type": "Polygon", "coordinates": [ [ [ 139.641666666666652, 35.608333333333334 ], [ 139.641666666666652, 35.616666666666667 ], [ 139.633333333333326, 35.616666666666667 ], [ 139.633333333333326, 35.608333333333334 ], [ 139.641666666666652, 35.608333333333334 ] ] ] } },
{ "type": "Feature", "properties": { "cell_id": "r24_c9", "row": 24, "col": 9, "global_row": 6526, "global_col": 38357, "lon": 139.64583333333331, "lat": 35.6125 }, "geometry": { "type": "Polygon", "coordinates": [ [ [ 139.65, 35.608333333333334 ], [ 139.65, 35.616666666666667 ], [ 139.641666666666652, 35.616666666666667 ], [ 139.641666666666652, 35.608333333333334 ], [ 139.65, 35.608333333333334 ] ] ] } },
{ "type": "Feature", "properties": { "cell_id": "r24_c10", "row": 24, "col": 10, "global_row": 6526, "global_col": 38358, "lon": 139.65416666666667, "lat": 35.6125 }, "geometry": { "type": "Polygon", "coordinates": [ [ [ 139.658333333333331, 35.608333333333334 ], [ 139.658333333333331, 35.616666666666667 ], [ 139.65, 35.616666666666667 ], [ 139.65, 35.608333333333334 ], [ 139.658333333333331, 35.608333333333334 ] ] ] } },
{ "type": "Feature", "properties": { "cell_id": "r24_c11", "row": 24, "col": 11, "global_row": 6526, "global_col": 38359, "lon": 139.6625, "lat": 35.6125 }, "geometry": { "type": "Polygon", "coordinates": [ [ [ 139.666666666666657, 35.608333333333334 ], [ 139.666666666666657, 35.616666666666667 ], [ 139.658333333333331, 35.616666666666667 ], [ 139.658333333333331, 35.608333333333334 ], [ 139.666666666666657, 35.608333333333334 ] ] ] } },
{ "type": "Feature", "properties": { "cell_id": "r24_c12", "row": 24, "col": 12, "global_row": 6526, "global_col": 38360, "lon": 139.67083333333335, "lat": 35.6125 }, "geometry": { "type": "Polygon", "coordinates": [ [ [ 139.675, 35.608333333333334 ], [ 139.675, 35.616666666666667 ], [ 139.666666666666657, 35.616666666666667 ], [ 139.666666666666657, 35.608333333333334 ], [ 139.675, 35.608333333333334 ] ] ] } },
{ "type": "Feature", "properties": { "cell_id": "r24_c13", "row": 24, "col": 13, "global_row": 6526, "global_col": 38361, "lon": 139.67916666666667, "lat": 35.6125 }, "geometry": { "type": "Polygon", "coordinates": [ [ [ 139.683333333333337, 35.608333333333334 ], [ 139.683333333333337, 35.616666666666667 ], [ 139.675, 35.616666666666667 ], [ 139.675, 35.608333333333334 ], [ 139.683333333333337, 35.608333333333334 ] ] ] } },
{ "type": "Feature", "properties": { "cell_id": "r24_c14", "row": 24, "col": 14, "global_row": 6526, "global_col": 38362, "lon": 139.6875, "lat": 35.6125 }, "geometry": { "type": "Polygon", "coordinates": [ [ [ 139.691666666666663, 35.608333333333334 ], [ 139.691666666666663, 35.616666666666667 ], [ 139.683333333333337, 35.616666666666667 ], [ 139.683333333333337, 35.608333333333334 ], [ 139.691666666666663, 35.608333333333334 ] ] ] } },
{ "type": "Feature", "properties": { "cell_id": "r24_c15", "row": 24, "col": 15, "global_row": 6526, "global_col": 38363, "lon": 139.69583333333333, "lat": 35.6125 }, "geometry": { "type": "Polygon", "coordinates": [ [ [ 139.7, 35.608333333333334 ], [ 139.7, 35.616666666666667 ], [ 139.691666666666663, 35.616666666666667 ], [ 139.691666666666663, 35.608333333333334 ], [ 139.7, 35.608333333333334 ] ] ] } },
{ "type": "Feature", "properties": { "cell_id": "r24_c16", "row": 24, "col": 16, "global_row": 6526, "global_col": 38364, "lon": 139.70416666666665, "lat": 35.6125 }, "geometry": { "type": "Polygon", "coordinates": [ [ [ 139.708333333333343, 35.608333333333334 ], [ 139.708333333333343, 35.616666666666667 ], [ 139.7, 35.616666666666667 ], [ 139.7, 35.608333333333334 ], [ 139.708333333333343, 35.608333333333334 ] ] ] } },
{ "type": "Feature", "properties": { "cell_id": "r24_c17", "row": 24, "col": 17, "global_row": 6526, "global_col": 38365, "lon": 139.7125, "lat": 35.6125 }, "geometry": { "type": "Polygon", "coordinates": [ [ [ 139.716666666666669, 35.608333333333334 ], [ 139.716666666666669, 35.616666666666667 ], [ 139.708333333333343, 35.616666666666667 ], [ 139.708333333333343, 35.608333333333334 ], [ 139.716666666666669, 35.608333333333334 ] ] ] } },
{ "type": "Feature", "properties": { "cell_id": "r24_c18", "row": 24, "col": 18, "global_row": 6526, "global_col": 38366, "lon": 139.7208333333333, "lat": 35.6125 }, "geometry": { "type": "Polygon", "coordinates": [ [ [ 139.725, 35.608333333333334 ], [ 139.725, 35.616666666666667 ], [ 139.716666666666669, 35.616666666666667 ], [ 139.716666666666669, 35.608333333333334 ], [ 139.725, 35.608333333333334 ] ] ] } },
{ "type": "Feature", "properties": { "cell_id": "r24_c19", "row": 24, "col": 19, "global_row": 6526, "global_col": 38367, "lon": 139.72916666666663, "lat": 35.6125 }, "geometry": { "type": "Polygon", "coordinates": [ [ [ 139.73333333333332, 35.608333333333334 ], [ 139.73333333333332, 35.616666666666667 ], [ 139.725, 35.616666666666667 ], [ 139.725, 35.608333333333334 ], [ 139.73333333333332, 35.608333333333334 ] ] ] } },
{ "type": "Feature", "properties": { "cell_id": "r24_c20", "row": 24, "col": 20, "global_row": 6526, "global_col": 38368, "lon": 139.7375, "lat": 35.6125 }, "geometry": { "type": "Polygon", "coordinates": [ [ [ 139.741666666666674, 35.608333333333334 ], [ 139.741666666666674, 35.616666666666667 ], [ 139.73333333333332, 35.616666666666667 ], [ 139.73333333333332, 35.608333333333334 ], [ 139.741666666666674, 35.608333333333334 ] ] ] } },
{ "type": "Feature", "properties": { "cell_id": "r24_c21", "row": 24, "col": 21, "global_row": 6526, "global_col": 38369, "lon": 139.74583333333334, "lat": 35.6125 }, "geometry": { "type": "Polygon", "coordinates": [ [ [ 139.75, 35.608333333333334 ], [ 139.75, 35.616666666666667 ], [ 139.741666666666674, 35.616666666666667 ], [ 139.741666666666674, 35.608333333333334 ], [ 139.75, 35.608333333333334 ] ] ] } },
{ "type": "Feature", "properties": { "cell_id": "r24_c22", "row": 24, "col": 22, "global_row": 6526, "global_col": 38370, "lon": 139.75416666666666, "lat": 35.6125 }, "geometry": { "type": "Polygon", "coordinates": [ [ [ 139.758333333333326, 35.608333333333334 ], [ 139.758333333333326, 35.616666666666667 ], [ 139.75, 35.616666666666667 ], [ 139.75, 35.608333333333334 ], [ 139.758333333333326, 35.608333333333334 ] ] ] } },
{ "type": "Feature", "properties": { "cell_id": "r24_c23", "row": 24, "col": 23, "global_row": 6526, "global_col": 38371, "lon": 139.7625, "lat": 35.6125 }, "geometry": { "type": "Polygon", "coordinates": [ [ [ 139.766666666666652, 35.608333333333334 ], [ 139.766666666666652, 35.616666666666667 ], [ 139.758333333333326, 35.616666666666667 ], [ 139.758333333333326, 35.608333333333334 ], [ 139.766666666666652, 35.608333333333334 ] ] ] } },
{ "type": "Feature", "properties": { "cell_id": "r24_c25", "row": 24, "col": 25, "global_row": 6526, "global_col": 38373, "lon": 139.7791666666667, "lat": 35.6125 }, "geometry": { "type": "Polygon", "coordinates": [ [ [ 139.783333333333331, 35.608333333333334 ], [ 139.783333333333331, 35.616666666666667 ], [ 139.775, 35.616666666666667 ], [ 139.775, 35.608333333333334 ], [ 139.783333333333331, 35.608333333333334 ] ] ] } },
{ "type": "Feature", "properties": { "cell_id": "r24_c26", "row": 24, "col": 26, "global_row": 6526, "global_col": 38374, "lon": 139.7875, "lat": 35.6125 }, "geometry": { "type": "Polygon", "coordinates": [ [ [ 139.791666666666657, 35.608333333333334 ], [ 139.791666666666657, 35.616666666666667 ], [ 139.783333333333331, 35.616666666666667 ], [ 139.783333333333331, 35.608333333333334 ], [ 139.791666666666657, 35.608333333333334 ] ] ] } },
{ "type": "Feature", "properties": { "cell_id": "r25_c8", "row": 25, "col": 8, "global_row": 6527, "global_col": 38356, "lon": 139.6375, "lat": 35.604166666666671 }, "geometry": { "type": "Polygon", "coordinates": [ [ [ 139.641666666666652, 35.6 ], [ 139.641666666666652, 35.608333333333334 ], [ 139.633333333333326, 35.608333333333334 ], [ 139.633333333333326, 35.6 ], [ 139.641666666666652, 35.6 ] ] ] } },
{ "type": "Feature", "properties": { "cell_id": "r25_c9", "row": 25, "col": 9, "global_row": 6527, "global_col": 38357, "lon": 139.64583333333331, "lat": 35.604166666666671 }, "geometry": { "type": "Polygon", "coordinates": [ [ [ 139.65, 35.6 ], [ 139.65, 35.608333333333334 ], [ 139.641666666666652, 35.608333333333334 ], [ 139.641666666666652, 35.6 ], [ 139.65, 35.6 ] ] ] } },
{ "type": "Feature", "properties": { "cell_id": "r25_c10", "row": 25, "col": 10, "global_row": 6527, "global_col": 38358, "lon": 139.65416666666667, "lat": 35.604166666666671 }, "geometry": { "type": "Polygon", "coordinates": [ [ [ 139.658333333333331, 35.6 ], [ 139.658333333333331, 35.608333333333334 ], [ 139.65, 35.608333333333334 ], [ 139.65, 35.6 ], [ 139.658333333333331, 35.6 ] ] ] } },
{ "type": "Feature", "properties": { "cell_id": "r25_c11", "row": 25, "col": 11, "global_row": 6527, "global_col": 38359, "lon": 139.6625, "lat": 35.604166666666671 }, "geometry": { "type": "Polygon", "coordinates": [ [ [ 139.666666666666657, 35.6 ], [ 139.666666666666657, 35.608333333333334 ], [ 139.658333333333331, 35.608333333333334 ], [ 139.658333333333331, 35.6 ], [ 139.666666666666657, 35.6 ] ] ] } },
{ "type": "Feature", "properties": { "cell_id": "r25_c12", "row": 25, "col": 12, "global_row": 6527, "global_col": 38360, "lon": 139.67083333333335, "lat": 35.604166666666671 }, "geometry": { "type": "Polygon", "coordinates": [ [ [ 139.675, 35.6 ], [ 139.675, 35.608333333333334 ], [ 139.666666666666657, 35.608333333333334 ], [ 139.666666666666657, 35.6 ], [ 139.675, 35.6 ] ] ] } },
{ "type": "Feature", "properties": { "cell_id": "r25_c13", "row": 25, "col": 13, "global_row": 6527, "global_col": 38361, "lon": 139.67916666666667, "lat": 35.604166666666671 }, "geometry": { "type": "Polygon", "coordinates": [ [ [ 139.683333333333337, 35.6 ], [ 139.683333333333337, 35.608333333333334 ], [ 139.675, 35.608333333333334 ], [ 139.675, 35.6 ], [ 139.683333333333337, 35.6 ] ] ] } },
{ "type": "Feature", "properties": { "cell_id": "r25_c14", "row": 25, "col": 14, "global_row": 6527, "global_col": 38362, "lon": 139.6875, "lat": 35.604166666666671 }, "geometry": { "type": "Polygon", "coordinates": [ [ [ 139.691666666666663, 35.6 ], [ 139.691666666666663, 35.608333333333334 ], [ 139.683333333333337, 35.608333333333334 ], [ 139.683333333333337, 35.6 ], [ 139.691666666666663, 35.6 ] ] ] } },
{ "type": "Feature", "properties": { "cell_id": "r25_c15", "row": 25, "col": 15, "global_row": 6527, "global_col": 38363, "lon": 139.69583333333333, "lat": 35.604166666666671 }, "geometry": { "type": "Polygon", "coordinates": [ [ [ 139.7, 35.6 ], [ 139.7, 35.608333333333334 ], [ 139.691666666666663, 35.608333333333334 ], [ 139.691666666666663, 35.6 ], [ 139.7, 35.6 ] ] ] } },
{ "type": "Feature", "properties": { "cell_id": "r25_c16", "row": 25, "col": 16, "global_row": 6527, "global_col": 38364, "lon": 139.70416666666665, "lat": 35.604166666666671 }, "geometry": { "type": "Polygon", "coordinates": [ [ [ 139.708333333333343, 35.6 ], [ 139.708333333333343, 35.608333333333334 ], [ 139.7, 35.608333333333334 ], [ 139.7, 35.6 ], [ 139.708333333333343, 35.6 ] ] ] } },
{ "type": "Feature", "properties": { "cell_id": "r25_c17", "row": 25, "col": 17, "global_row": 6527, "global_col": 38365, "lon": 139.7125, "lat": 35.604166666666671 }, "geometry": { "type": "Polygon", "coordinates": [ [ [ 139.716666666666669, 35.6 ], [ 139.716666666666669, 35.608333333333334 ], [ 139.708333333333343, 35.608333333333334 ], [ 139.708333333333343, 35.6 ], [ 139.716666666666669, 35.6 ] ] ] } },
{ "type": "Feature", "properties": { "cell_id": "r25_c18", "row": 25, "col": 18, "global_row": 6527, "global_col": 38366, "lon": 139.7208333333333, "lat": 35.604166666666671 }, "geometry": { "type": "Polygon", "coordinates": [ [ [ 139.725, 35.6 ], [ 139.725, 35.608333333333334 ], [ 139.716666666666669, 35.608333333333334 ], [ 139.716666666666669, 35.6 ], [ 139.725, 35.6 ] ] ] } },
{ "type": "Feature", "properties": { "cell_id": "r25_c19", "row": 25, "col": 19, "global_row": 6527, "global_col": 38367, "lon": 139.72916666666663, "lat": 35.604166666666671 }, "geometry": { "type": "Polygon", "coordinates": [ [ [ 139.73333333333332, 35.6 ], [ 139.73333333333332, 35.608333333333334 ], [ 139.725, 35.608333333333334 ], [ 139.725, 35.6 ], [ 139.73333333333332, 35.6 ] ] ] } },
{ "type": "Feature", "properties": { "cell_id": "r25_c20", "row": 25, "col": 20, "global_row": 6527, "global_col": 38368, "lon": 139.7375, "lat": 35.604166666666671 }, "geometry": { "type": "Polygon", "coordinates": [ [ [ 139.741666666666674, 35.6 ], [ 139.741666666666674, 35.608333333333334 ], [ 139.73333333333332, 35.608333333333334 ], [ 139.73333333333332, 35.6 ], [ 139.741666666666674, 35.6 ] ] ] } },
{ "type": "Feature", "properties": { "cell_id": "r25_c21", "row": 25, "col": 21, "global_row": 6527, "global_col": 38369, "lon": 139.74583333333334, "lat": 35.604166666666671 }, "geometry": { "type": "Polygon", "coordinates": [ [ [ 139.75, 35.6 ], [ 139.75, 35.608333333333334 ], [ 139.741666666666674, 35.608333333333334 ], [ 139.741666666666674, 35.6 ], [ 139.75, 35.6 ] ] ] } },
{ "type": "Feature", "properties": { "cell_id": "r25_c22", "row": 25, "col": 22, "global_row": 6527, "global_col": 38370, "lon": 139.75416666666666, "lat": 35.604166666666671 }, "geometry": { "type": "Polygon", "coordinates": [ [ [ 139.758333333333326, 35.6 ], [ 139.758333333333326, 35.608333333333334 ], [ 139.75, 35.608333333333334 ], [ 139.75, 35.6 ], [ 139.758333333333326, 35.6 ] ] ] } },
{ "type": "Feature", "properties": { "cell_id": "r25_c23", "row": 25, "col": 23, "global_row": 6527, "global_col": 38371, "lon": 139.7625, "lat": 35.604166666666671 }, "geometry": { "type": "Polygon", "coordinates": [ [ [ 139.766666666666652, 35.6 ], [ 139.766666666666652, 35.608333333333334 ], [ 139.758333333333326, 35.608333333333334 ], [ 139.758333333333326, 35.6 ], [ 139.766666666666652, 35.6 ] ] ] } },
{ "type": "Feature", "properties": { "cell_id": "r25_c26", "row": 25, "col": 26, "global_row": 6527, "global_col": 38374, "lon": 139.7875, "lat": 35.604166666666671 }, "geometry": { "type": "Polygon", "coordinates": [ [ [ 139.791666666666657, 35.6 ], [ 139.791666666666657, 35.608333333333334 ], [ 139.783333333333331, 35.608333333333334 ], [ 139.783333333333331, 35.6 ], [ 139.791666666666657, 35.6 ] ] ] } },
{ "type": "Feature", "properties": { "cell_id": "r25_c28", "row": 25, "col": 28, "global_row": 6527, "global_col": 38376, "lon": 139.80416666666665, "lat": 35.604166666666671 }, "geometry": { "type": "Polygon", "coordinates": [ [ [ 139.808333333333337, 35.6 ], [ 139.808333333333337, 35.608333333333334 ], [ 139.8, 35.608333333333334 ], [ 139.8, 35.6 ], [ 139.808333333333337, 35.6 ] ] ] } },
{ "type": "Feature", "properties": { "cell_id": "r25_c30", "row": 25, "col": 30, "global_row": 6527, "global_col": 38378, "lon": 139.82083333333333, "lat": 35.604166666666671 }, "geometry": { "type": "Polygon", "coordinates": [ [ [ 139.825, 35.6 ], [ 139.825, 35.608333333333334 ], [ 139.816666666666663, 35.608333333333334 ], [ 139.816666666666663, 35.6 ], [ 139.825, 35.6 ] ] ] } },
{ "type": "Feature", "properties": { "cell_id": "r26_c9", "row": 26, "col": 9, "global_row": 6528, "global_col": 38357, "lon": 139.64583333333331, "lat": 35.595833333333331 }, "geometry": { "type": "Polygon", "coordinates": [ [ [ 139.65, 35.591666666666669 ], [ 139.65, 35.6 ], [ 139.641666666666652, 35.6 ], [ 139.641666666666652, 35.591666666666669 ], [ 139.65, 35.591666666666669 ] ] ] } },
{ "type": "Feature", "properties": { "cell_id": "r26_c10", "row": 26, "col": 10, "global_row": 6528, "global_col": 38358, "lon": 139.65416666666667, "lat": 35.595833333333331 }, "geometry": { "type": "Polygon", "coordinates": [ [ [ 139.658333333333331, 35.591666666666669 ], [ 139.658333333333331, 35.6 ], [ 139.65, 35.6 ], [ 139.65, 35.591666666666669 ], [ 139.658333333333331, 35.591666666666669 ] ] ] } },
{ "type": "Feature", "properties": { "cell_id": "r26_c11", "row": 26, "col": 11, "global_row": 6528, "global_col": 38359, "lon": 139.6625, "lat": 35.595833333333331 }, "geometry": { "type": "Polygon", "coordinates": [ [ [ 139.666666666666657, 35.591666666666669 ], [ 139.666666666666657, 35.6 ], [ 139.658333333333331, 35.6 ], [ 139.658333333333331, 35.591666666666669 ], [ 139.666666666666657, 35.591666666666669 ] ] ] } },
{ "type": "Feature", "properties": { "cell_id": "r26_c12", "row": 26, "col": 12, "global_row": 6528, "global_col": 38360, "lon": 139.67083333333335, "lat": 35.595833333333331 }, "geometry": { "type": "Polygon", "coordinates": [ [ [ 139.675, 35.591666666666669 ], [ 139.675, 35.6 ], [ 139.666666666666657, 35.6 ], [ 139.666666666666657, 35.591666666666669 ], [ 139.675, 35.591666666666669 ] ] ] } },
{ "type": "Feature", "properties": { "cell_id": "r26_c13", "row": 26, "col": 13, "global_row": 6528, "global_col": 38361, "lon": 139.67916666666667, "lat": 35.595833333333331 }, "geometry": { "type": "Polygon", "coordinates": [ [ [ 139.683333333333337, 35.591666666666669 ], [ 139.683333333333337, 35.6 ], [ 139.675, 35.6 ], [ 139.675, 35.591666666666669 ], [ 139.683333333333337, 35.591666666666669 ] ] ] } },
{ "type": "Feature", "properties": { "cell_id": "r26_c14", "row": 26, "col": 14, "global_row": 6528, "global_col": 38362, "lon": 139.6875, "lat": 35.595833333333331 }, "geometry": { "type": "Polygon", "coordinates": [ [ [ 139.691666666666663, 35.591666666666669 ], [ 139.691666666666663, 35.6 ], [ 139.683333333333337, 35.6 ], [ 139.683333333333337, 35.591666666666669 ], [ 139.691666666666663, 35.591666666666669 ] ] ] } },
{ "type": "Feature", "properties": { "cell_id": "r26_c15", "row": 26, "col": 15, "global_row": 6528, "global_col": 38363, "lon": 139.69583333333333, "lat": 35.595833333333331 }, "geometry": { "type": "Polygon", "coordinates": [ [ [ 139.7, 35.591666666666669 ], [ 139.7, 35.6 ], [ 139.691666666666663, 35.6 ], [ 139.691666666666663, 35.591666666666669 ], [ 139.7, 35.591666666666669 ] ] ] } },
{ "type": "Feature", "properties": { "cell_id": "r26_c16", "row": 26, "col": 16, "global_row": 6528, "global_col": 38364, "lon": 139.70416666666665, "lat": 35.595833333333331 }, "geometry": { "type": "Polygon", "coordinates": [ [ [ 139.708333333333343, 35.591666666666669 ], [ 139.708333333333343, 35.6 ], [ 139.7, 35.6 ], [ 139.7, 35.591666666666669 ], [ 139.708333333333343, 35.591666666666669 ] ] ] } },
{ "type": "Feature", "properties": { "cell_id": "r26_c17", "row": 26, "col": 17, "global_row": 6528, "global_col": 38365, "lon": 139.7125, "lat": 35.595833333333331 }, "geometry": { "type": "Polygon", "coordinates": [ [ [ 139.716666666666669, 35.591666666666669 ], [ 139.716666666666669, 35.6 ], [ 139.708333333333343, 35.6 ], [ 139.708333333333343, 35.591666666666669 ], [ 139.716666666666669, 35.591666666666669 ] ] ] } },
{ "type": "Feature", "properties": { "cell_id": "r26_c18", "row": 26, "col": 18, "global_row": 6528, "global_col": 38366, "lon": 139.7208333333333, "lat": 35.595833333333331 }, "geometry": { "type": "Polygon", "coordinates": [ [ [ 139.725, 35.591666666666669 ], [ 139.725, 35.6 ], [ 139.716666666666669, 35.6 ], [ 139.716666666666669, 35.591666666666669 ], [ 139.725, 35.591666666666669 ] ] ] } },
{ "type": "Feature", "properties": { "cell_id": "r26_c19", "row": 26, "col": 19, "global_row": 6528, "global_col": 38367, "lon": 139.72916666666663, "lat": 35.595833333333331 }, "geometry": { "type": "Polygon", "coordinates": [ [ [ 139.73333333333332, 35.591666666666669 ], [ 139.73333333333332, 35.6 ], [ 139.725, 35.6 ], [ 139.725, 35.591666666666669 ], [ 139.73333333333332, 35.591666666666669 ] ] ] } },
{ "type": "Feature", "properties": { "cell_id": "r26_c20", "row": 26, "col": 20, "global_row": 6528, "global_col": 38368, "lon": 139.7375, "lat": 35.595833333333331 }, "geometry": { "type": "Polygon", "coordinates": [ [ [ 139.741666666666674, 35.591666666666669 ], [ 139.741666666666674, 35.6 ], [ 139.73333333333332, 35.6 ], [ 139.73333333333332, 35.591666666666669 ], [ 139.741666666666674, 35.591666666666669 ] ] ] } },
{ "type": "Feature", "properties": { "cell_id": "r26_c21", "row": 26, "col": 21, "global_row": 6528, "global_col": 38369, "lon": 139.74583333333334, "lat": 35.595833333333331 }, "geometry": { "type": "Polygon", "coordinates": [ [ [ 139.75, 35.591666666666669 ], [ 139.75, 35.6 ], [ 139.741666666666674, 35.6 ], [ 139.741666666666674, 35.591666666666669 ], [ 139.75, 35.591666666666669 ] ] ] } },
{ "type": "Feature", "properties": { "cell_id": "r26_c22", "row": 26, "col": 22, "global_row": 6528, "global_col": 38370, "lon": 139.75416666666666, "lat": 35.595833333333331 }, "geometry": { "type": "Polygon", "coordinates": [ [ [ 139.758333333333326, 35.591666666666669 ], [ 139.758333333333326, 35.6 ], [ 139.75, 35.6 ], [ 139.75, 35.591666666666669 ], [ 139.758333333333326, 35.591666666666669 ] ] ] } },
{ "type": "Feature", "properties": { "cell_id": "r26_c23", "row": 26, "col": 23, "global_row": 6528, "global_col": 38371, "lon": 139.7625, "lat": 35.595833333333331 }, "geometry": { "type": "Polygon", "coordinates": [ [ [ 139.766666666666652, 35.591666666666669 ], [ 139.766666666666652, 35.6 ], [ 139.758333333333326, 35.6 ], [ 139.758333333333326, 35.591666666666669 ], [ 139.766666666666652, 35.591666666666669 ] ] ] } },
{ "type": "Feature", "properties": { "cell_id": "r26_c24", "row": 26, "col": 24, "global_row": 6528, "global_col": 38372, "lon": 139.77083333333331, "lat": 35.595833333333331 }, "geometry": { "type": "Polygon", "coordinates": [ [ [ 139.775, 35.591666666666669 ], [ 139.775, 35.6 ], [ 139.766666666666652, 35.6 ], [ 139.766666666666652, 35.591666666666669 ], [ 139.775, 35.591666666666669 ] ] ] } },
{ "type": "Feature", "properties": { "cell_id": "r26_c29", "row": 26, "col": 29, "global_row": 6528, "global_col": 38377, "lon": 139.8125, "lat": 35.595833333333331 }, "geometry": { "type": "Polygon", "coordinates": [ [ [ 139.816666666666663, 35.591666666666669 ], [ 139.816666666666663, 35.6 ], [ 139.808333333333337, 35.6 ], [ 139.808333333333337, 35.591666666666669 ], [ 139.816666666666663, 35.591666666666669 ] ] ] } },
{ "type": "Feature", "properties": { "cell_id": "r26_c30", "row": 26, "col": 30, "global_row": 6528, "global_col": 38378, "lon": 139.82083333333333, "lat": 35.595833333333331 }, "geometry": { "type": "Polygon", "coordinates": [ [ [ 139.825, 35.591666666666669 ], [ 139.825, 35.6 ], [ 139.816666666666663, 35.6 ], [ 139.816666666666663, 35.591666666666669 ], [ 139.825, 35.591666666666669 ] ] ] } },
{ "type": "Feature", "properties": { "cell_id": "r27_c12", "row": 27, "col": 12, "global_row": 6529, "global_col": 38360, "lon": 139.67083333333335, "lat": 35.5875 }, "geometry": { "type": "Polygon", "coordinates": [ [ [ 139.675, 35.583333333333336 ], [ 139.675, 35.591666666666669 ], [ 139.666666666666657, 35.591666666666669 ], [ 139.666666666666657, 35.583333333333336 ], [ 139.675, 35.583333333333336 ] ] ] } },
{ "type": "Feature", "properties": { "cell_id": "r27_c13", "row": 27, "col": 13, "global_row": 6529, "global_col": 38361, "lon": 139.67916666666667, "lat": 35.5875 }, "geometry": { "type": "Polygon", "coordinates": [ [ [ 139.683333333333337, 35.583333333333336 ], [ 139.683333333333337, 35.591666666666669 ], [ 139.675, 35.591666666666669 ], [ 139.675, 35.583333333333336 ], [ 139.683333333333337, 35.583333333333336 ] ] ] } },
{ "type": "Feature", "properties": { "cell_id": "r27_c14", "row": 27, "col": 14, "global_row": 6529, "global_col": 38362, "lon": 139.6875, "lat": 35.5875 }, "geometry": { "type": "Polygon", "coordinates": [ [ [ 139.691666666666663, 35.583333333333336 ], [ 139.691666666666663, 35.591666666666669 ], [ 139.683333333333337, 35.591666666666669 ], [ 139.683333333333337, 35.583333333333336 ], [ 139.691666666666663, 35.583333333333336 ] ] ] } },
{ "type": "Feature", "properties": { "cell_id": "r27_c15", "row": 27, "col": 15, "global_row": 6529, "global_col": 38363, "lon": 139.69583333333333, "lat": 35.5875 }, "geometry": { "type": "Polygon", "coordinates": [ [ [ 139.7, 35.583333333333336 ], [ 139.7, 35.591666666666669 ], [ 139.691666666666663, 35.591666666666669 ], [ 139.691666666666663, 35.583333333333336 ], [ 139.7, 35.583333333333336 ] ] ] } },
{ "type": "Feature", "properties": { "cell_id": "r27_c16", "row": 27, "col": 16, "global_row": 6529, "global_col": 38364, "lon": 139.70416666666665, "lat": 35.5875 }, "geometry": { "type": "Polygon", "coordinates": [ [ [ 139.708333333333343, 35.583333333333336 ], [ 139.708333333333343, 35.591666666666669 ], [ 139.7, 35.591666666666669 ], [ 139.7, 35.583333333333336 ], [ 139.708333333333343, 35.583333333333336 ] ] ] } },
{ "type": "Feature", "properties": { "cell_id": "r27_c17", "row": 27, "col": 17, "global_row": 6529, "global_col": 38365, "lon": 139.7125, "lat": 35.5875 }, "geometry": { "type": "Polygon", "coordinates": [ [ [ 139.716666666666669, 35.583333333333336 ], [ 139.716666666666669, 35.591666666666669 ], [ 139.708333333333343, 35.591666666666669 ], [ 139.708333333333343, 35.583333333333336 ], [ 139.716666666666669, 35.583333333333336 ] ] ] } },
{ "type": "Feature", "properties": { "cell_id": "r27_c18", "row": 27, "col": 18, "global_row": 6529, "global_col": 38366, "lon": 139.7208333333333, "lat": 35.5875 }, "geometry": { "type": "Polygon", "coordinates": [ [ [ 139.725, 35.583333333333336 ], [ 139.725, 35.591666666666669 ], [ 139.716666666666669, 35.591666666666669 ], [ 139.716666666666669, 35.583333333333336 ], [ 139.725, 35.583333333333336 ] ] ] } },
{ "type": "Feature", "properties": { "cell_id": "r27_c19", "row": 27, "col": 19, "global_row": 6529, "global_col": 38367, "lon": 139.72916666666663, "lat": 35.5875 }, "geometry": { "type": "Polygon", "coordinates": [ [ [ 139.73333333333332, 35.583333333333336 ], [ 139.73333333333332, 35.591666666666669 ], [ 139.725, 35.591666666666669 ], [ 139.725, 35.583333333333336 ], [ 139.73333333333332, 35.583333333333336 ] ] ] } },
{ "type": "Feature", "properties": { "cell_id": "r27_c20", "row": 27, "col": 20, "global_row": 6529, "global_col": 38368, "lon": 139.7375, "lat": 35.5875 }, "geometry": { "type": "Polygon", "coordinates": [ [ [ 139.741666666666674, 35.583333333333336 ], [ 139.741666666666674, 35.591666666666669 ], [ 139.73333333333332, 35.591666666666669 ], [ 139.73333333333332, 35.583333333333336 ], [ 139.741666666666674, 35.583333333333336 ] ] ] } },
{ "type": "Feature", "properties": { "cell_id": "r27_c21", "row": 27, "col": 21, "global_row": 6529, "global_col": 38369, "lon": 139.74583333333334, "lat": 35.5875 }, "geometry": { "type": "Polygon", "coordinates": [ [ [ 139.75, 35.583333333333336 ], [ 139.75, 35.591666666666669 ], [ 139.741666666666674, 35.591666666666669 ], [ 139.741666666666674, 35.583333333333336 ], [ 139.75, 35.583333333333336 ] ] ] } },
{ "type": "Feature", "properties": { "cell_id": "r27_c22", "row": 27, "col": 22, "global_row": 6529, "global_col": 38370, "lon": 139.75416666666666, "lat": 35.5875 }, "geometry": { "type": "Polygon", "coordinates": [ [ [ 139.758333333333326, 35.583333333333336 ], [ 139.758333333333326, 35.591666666666669 ], [ 139.75, 35.591666666666669 ], [ 139.75, 35.583333333333336 ], [ 139.758333333333326, 35.583333333333336 ] ] ] } },
{ "type": "Feature", "properties": { "cell_id": "r27_c23", "row": 27, "col": 23, "global_row": 6529, "global_col": 38371, "lon": 139.7625, "lat": 35.5875 }, "geometry": { "type": "Polygon", "coordinates": [ [ [ 139.766666666666652, 35.583333333333336 ], [ 139.766666666666652, 35.591666666666669 ], [ 139.758333333333326, 35.591666666666669 ], [ 139.758333333333326, 35.583333333333336 ], [ 139.766666666666652, 35.583333333333336 ] ] ] } },
{ "type": "Feature", "properties": { "cell_id": "r27_c24", "row": 27, "col": 24, "global_row": 6529, "global_col": 38372, "lon": 139.77083333333331, "lat": 35.5875 }, "geometry": { "type": "Polygon", "coordinates": [ [ [ 139.775, 35.583333333333336 ], [ 139.775, 35.591666666666669 ], [ 139.766666666666652, 35.591666666666669 ], [ 139.766666666666652, 35.583333333333336 ], [ 139.775, 35.583333333333336 ] ] ] } },
{ "type": "Feature", "properties": { "cell_id": "r28_c13", "row": 28, "col": 13, "global_row": 6530, "global_col": 38361, "lon": 139.67916666666667, "lat": 35.579166666666673 }, "geometry": { "type": "Polygon", "coordinates": [ [ [ 139.683333333333337, 35.575 ], [ 139.683333333333337, 35.583333333333336 ], [ 139.675, 35.583333333333336 ], [ 139.675, 35.575 ], [ 139.683333333333337, 35.575 ] ] ] } },
{ "type": "Feature", "properties": { "cell_id": "r28_c14", "row": 28, "col": 14, "global_row": 6530, "global_col": 38362, "lon": 139.6875, "lat": 35.579166666666673 }, "geometry": { "type": "Polygon", "coordinates": [ [ [ 139.691666666666663, 35.575 ], [ 139.691666666666663, 35.583333333333336 ], [ 139.683333333333337, 35.583333333333336 ], [ 139.683333333333337, 35.575 ], [ 139.691666666666663, 35.575 ] ] ] } },
{ "type": "Feature", "properties": { "cell_id": "r28_c15", "row": 28, "col": 15, "global_row": 6530, "global_col": 38363, "lon": 139.69583333333333, "lat": 35.579166666666673 }, "geometry": { "type": "Polygon", "coordinates": [ [ [ 139.7, 35.575 ], [ 139.7, 35.583333333333336 ], [ 139.691666666666663, 35.583333333333336 ], [ 139.691666666666663, 35.575 ], [ 139.7, 35.575 ] ] ] } },
{ "type": "Feature", "properties": { "cell_id": "r28_c16", "row": 28, "col": 16, "global_row": 6530, "global_col": 38364, "lon": 139.70416666666665, "lat": 35.579166666666673 }, "geometry": { "type": "Polygon", "coordinates": [ [ [ 139.708333333333343, 35.575 ], [ 139.708333333333343, 35.583333333333336 ], [ 139.7, 35.583333333333336 ], [ 139.7, 35.575 ], [ 139.708333333333343, 35.575 ] ] ] } },
{ "type": "Feature", "properties": { "cell_id": "r28_c17", "row": 28, "col": 17, "global_row": 6530, "global_col": 38365, "lon": 139.7125, "lat": 35.579166666666673 }, "geometry": { "type": "Polygon", "coordinates": [ [ [ 139.716666666666669, 35.575 ], [ 139.716666666666669, 35.583333333333336 ], [ 139.708333333333343, 35.583333333333336 ], [ 139.708333333333343, 35.575 ], [ 139.716666666666669, 35.575 ] ] ] } },
{ "type": "Feature", "properties": { "cell_id": "r28_c18", "row": 28, "col": 18, "global_row": 6530, "global_col": 38366, "lon": 139.7208333333333, "lat": 35.579166666666673 }, "geometry": { "type": "Polygon", "coordinates": [ [ [ 139.725, 35.575 ], [ 139.725, 35.583333333333336 ], [ 139.716666666666669, 35.583333333333336 ], [ 139.716666666666669, 35.575 ], [ 139.725, 35.575 ] ] ] } },
{ "type": "Feature", "properties": { "cell_id": "r28_c19", "row": 28, "col": 19, "global_row": 6530, "global_col": 38367, "lon": 139.72916666666663, "lat": 35.579166666666673 }, "geometry": { "type": "Polygon", "coordinates": [ [ [ 139.73333333333332, 35.575 ], [ 139.73333333333332, 35.583333333333336 ], [ 139.725, 35.583333333333336 ], [ 139.725, 35.575 ], [ 139.73333333333332, 35.575 ] ] ] } },
{ "type": "Feature", "properties": { "cell_id": "r28_c20", "row": 28, "col": 20, "global_row": 6530, "global_col": 38368, "lon": 139.7375, "lat": 35.579166666666673 }, "geometry": { "type": "Polygon", "coordinates": [ [ [ 139.741666666666674, 35.575 ], [ 139.741666666666674, 35.583333333333336 ], [ 139.73333333333332, 35.583333333333336 ], [ 139.73333333333332, 35.575 ], [ 139.741666666666674, 35.575 ] ] ] } },
{ "type": "Feature", "properties": { "cell_id": "r28_c21", "row": 28, "col": 21, "global_row": 6530, "global_col": 38369, "lon": 139.74583333333334, "lat": 35.579166666666673 }, "geometry": { "type": "Polygon", "coordinates": [ [ [ 139.75, 35.575 ], [ 139.75, 35.583333333333336 ], [ 139.741666666666674, 35.583333333333336 ], [ 139.741666666666674, 35.575 ], [ 139.75, 35.575 ] ] ] } },
{ "type": "Feature", "properties": { "cell_id": "r28_c22", "row": 28, "col": 22, "global_row": 6530, "global_col": 38370, "lon": 139.75416666666666, "lat": 35.579166666666673 }, "geometry": { "type": "Polygon", "coordinates": [ [ [ 139.758333333333326, 35.575 ], [ 139.758333333333326, 35.583333333333336 ], [ 139.75, 35.583333333333336 ], [ 139.75, 35.575 ], [ 139.758333333333326, 35.575 ] ] ] } },
{ "type": "Feature", "properties": { "cell_id": "r28_c23", "row": 28, "col": 23, "global_row": 6530, "global_col": 38371, "lon": 139.7625, "lat": 35.579166666666673 }, "geometry": { "type": "Polygon", "coordinates": [ [ [ 139.766666666666652, 35.575 ], [ 139.766666666666652, 35.583333333333336 ], [ 139.758333333333326, 35.583333333333336 ], [ 139.758333333333326, 35.575 ], [ 139.766666666666652, 35.575 ] ] ] } },
{ "type": "Feature", "properties": { "cell_id": "r28_c24", "row": 28, "col": 24, "global_row": 6530, "global_col": 38372, "lon": 139.77083333333331, "lat": 35.579166666666673 }, "geometry": { "type": "Polygon", "coordinates": [ [ [ 139.775, 35.575 ], [ 139.775, 35.583333333333336 ], [ 139.766666666666652, 35.583333333333336 ], [ 139.766666666666652, 35.575 ], [ 139.775, 35.575 ] ] ] } },
{ "type": "Feature", "properties": { "cell_id": "r28_c25", "row": 28, "col": 25, "global_row": 6530, "global_col": 38373, "lon": 139.7791666666667, "lat": 35.579166666666673 }, "geometry": { "type": "Polygon", "coordinates": [ [ [ 139.783333333333331, 35.575 ], [ 139.783333333333331, 35.583333333333336 ], [ 139.775, 35.583333333333336 ], [ 139.775, 35.575 ], [ 139.783333333333331, 35.575 ] ] ] } },
{ "type": "Feature", "properties": { "cell_id": "r29_c13", "row": 29, "col": 13, "global_row": 6531, "global_col": 38361, "lon": 139.67916666666667, "lat": 35.57083333333334 }, "geometry": { "type": "Polygon", "coordinates": [ [ [ 139.683333333333337, 35.56666666666667 ], [ 139.683333333333337, 35.575 ], [ 139.675, 35.575 ], [ 139.675, 35.56666666666667 ], [ 139.683333333333337, 35.56666666666667 ] ] ] } },
{ "type": "Feature", "properties": { "cell_id": "r29_c14", "row": 29, "col": 14, "global_row": 6531, "global_col": 38362, "lon": 139.6875, "lat": 35.57083333333334 }, "geometry": { "type": "Polygon", "coordinates": [ [ [ 139.691666666666663, 35.56666666666667 ], [ 139.691666666666663, 35.575 ], [ 139.683333333333337, 35.575 ], [ 139.683333333333337, 35.56666666666667 ], [ 139.691666666666663, 35.56666666666667 ] ] ] } },
{ "type": "Feature", "properties": { "cell_id": "r29_c15", "row": 29, "col": 15, "global_row": 6531, "global_col": 38363, "lon": 139.69583333333333, "lat": 35.57083333333334 }, "geometry": { "type": "Polygon", "coordinates": [ [ [ 139.7, 35.56666666666667 ], [ 139.7, 35.575 ], [ 139.691666666666663, 35.575 ], [ 139.691666666666663, 35.56666666666667 ], [ 139.7, 35.56666666666667 ] ] ] } },
{ "type": "Feature", "properties": { "cell_id": "r29_c16", "row": 29, "col": 16, "global_row": 6531, "global_col": 38364, "lon": 139.70416666666665, "lat": 35.57083333333334 }, "geometry": { "type": "Polygon", "coordinates": [ [ [ 139.708333333333343, 35.56666666666667 ], [ 139.708333333333343, 35.575 ], [ 139.7, 35.575 ], [ 139.7, 35.56666666666667 ], [ 139.708333333333343, 35.56666666666667 ] ] ] } },
{ "type": "Feature", "properties": { "cell_id": "r29_c17", "row": 29, "col": 17, "global_row": 6531, "global_col": 38365, "lon": 139.7125, "lat": 35.57083333333334 }, "geometry": { "type": "Polygon", "coordinates": [ [ [ 139.716666666666669, 35.56666666666667 ], [ 139.716666666666669, 35.575 ], [ 139.708333333333343, 35.575 ], [ 139.708333333333343, 35.56666666666667 ], [ 139.716666666666669, 35.56666666666667 ] ] ] } },
{ "type": "Feature", "properties": { "cell_id": "r29_c18", "row": 29, "col": 18, "global_row": 6531, "global_col": 38366, "lon": 139.7208333333333, "lat": 35.57083333333334 }, "geometry": { "type": "Polygon", "coordinates": [ [ [ 139.725, 35.56666666666667 ], [ 139.725, 35.575 ], [ 139.716666666666669, 35.575 ], [ 139.716666666666669, 35.56666666666667 ], [ 139.725, 35.56666666666667 ] ] ] } },
{ "type": "Feature", "properties": { "cell_id": "r29_c19", "row": 29, "col": 19, "global_row": 6531, "global_col": 38367, "lon": 139.72916666666663, "lat": 35.57083333333334 }, "geometry": { "type": "Polygon", "coordinates": [ [ [ 139.73333333333332, 35.56666666666667 ], [ 139.73333333333332, 35.575 ], [ 139.725, 35.575 ], [ 139.725, 35.56666666666667 ], [ 139.73333333333332, 35.56666666666667 ] ] ] } },
{ "type": "Feature", "properties": { "cell_id": "r29_c20", "row": 29, "col": 20, "global_row": 6531, "global_col": 38368, "lon": 139.7375, "lat": 35.57083333333334 }, "geometry": { "type": "Polygon", "coordinates": [ [ [ 139.741666666666674, 35.56666666666667 ], [ 139.741666666666674, 35.575 ], [ 139.73333333333332, 35.575 ], [ 139.73333333333332, 35.56666666666667 ], [ 139.741666666666674, 35.56666666666667 ] ] ] } },
{ "type": "Feature", "properties": { "cell_id": "r29_c21", "row": 29, "col": 21, "global_row": 6531, "global_col": 38369, "lon": 139.74583333333334, "lat": 35.57083333333334 }, "geometry": { "type": "Polygon", "coordinates": [ [ [ 139.75, 35.56666666666667 ], [ 139.75, 35.575 ], [ 139.741666666666674, 35.575 ], [ 139.741666666666674, 35.56666666666667 ], [ 139.75, 35.56666666666667 ] ] ] } },
{ "type": "Feature", "properties": { "cell_id": "r29_c22", "row": 29, "col": 22, "global_row": 6531, "global_col": 38370, "lon": 139.75416666666666, "lat": 35.57083333333334 }, "geometry": { "type": "Polygon", "coordinates": [ [ [ 139.758333333333326, 35.56666666666667 ], [ 139.758333333333326, 35.575 ], [ 139.75, 35.575 ], [ 139.75, 35.56666666666667 ], [ 139.758333333333326, 35.56666666666667 ] ] ] } },
{ "type": "Feature", "properties": { "cell_id": "r29_c23", "row": 29, "col": 23, "global_row": 6531, "global_col": 38371, "lon": 139.7625, "lat": 35.57083333333334 }, "geometry": { "type": "Polygon", "coordinates": [ [ [ 139.766666666666652, 35.56666666666667 ], [ 139.766666666666652, 35.575 ], [ 139.758333333333326, 35.575 ], [ 139.758333333333326, 35.56666666666667 ], [ 139.766666666666652, 35.56666666666667 ] ] ] } },
{ "type": "Feature", "properties": { "cell_id": "r29_c24", "row": 29, "col": 24, "global_row": 6531, "global_col": 38372, "lon": 139.77083333333331, "lat": 35.57083333333334 }, "geometry": { "type": "Polygon", "coordinates": [ [ [ 139.775, 35.56666666666667 ], [ 139.775, 35.575 ], [ 139.766666666666652, 35.575 ], [ 139.766666666666652, 35.56666666666667 ], [ 139.775, 35.56666666666667 ] ] ] } },
{ "type": "Feature", "properties": { "cell_id": "r30_c14", "row": 30, "col": 14, "global_row": 6532, "global_col": 38362, "lon": 139.6875, "lat": 35.5625 }, "geometry": { "type": "Polygon", "coordinates": [ [ [ 139.691666666666663, 35.558333333333337 ], [ 139.691666666666663, 35.56666666666667 ], [ 139.683333333333337, 35.56666666666667 ], [ 139.683333333333337, 35.558333333333337 ], [ 139.691666666666663, 35.558333333333337 ] ] ] } },
{ "type": "Feature", "properties": { "cell_id": "r30_c15", "row": 30, "col": 15, "global_row": 6532, "global_col": 38363, "lon": 139.69583333333333, "lat": 35.5625 }, "geometry": { "type": "Polygon", "coordinates": [ [ [ 139.7, 35.558333333333337 ], [ 139.7, 35.56666666666667 ], [ 139.691666666666663, 35.56666666666667 ], [ 139.691666666666663, 35.558333333333337 ], [ 139.7, 35.558333333333337 ] ] ] } },
{ "type": "Feature", "properties": { "cell_id": "r30_c16", "row": 30, "col": 16, "global_row": 6532, "global_col": 38364, "lon": 139.70416666666665, "lat": 35.5625 }, "geometry": { "type": "Polygon", "coordinates": [ [ [ 139.708333333333343, 35.558333333333337 ], [ 139.708333333333343, 35.56666666666667 ], [ 139.7, 35.56666666666667 ], [ 139.7, 35.558333333333337 ], [ 139.708333333333343, 35.558333333333337 ] ] ] } },
{ "type": "Feature", "properties": { "cell_id": "r30_c17", "row": 30, "col": 17, "global_row": 6532, "global_col": 38365, "lon": 139.7125, "lat": 35.5625 }, "geometry": { "type": "Polygon", "coordinates": [ [ [ 139.716666666666669, 35.558333333333337 ], [ 139.716666666666669, 35.56666666666667 ], [ 139.708333333333343, 35.56666666666667 ], [ 139.708333333333343, 35.558333333333337 ], [ 139.716666666666669, 35.558333333333337 ] ] ] } },
{ "type": "Feature", "properties": { "cell_id": "r30_c18", "row": 30, "col": 18, "global_row": 6532, "global_col": 38366, "lon": 139.7208333333333, "lat": 35.5625 }, "geometry": { "type": "Polygon", "coordinates": [ [ [ 139.725, 35.558333333333337 ], [ 139.725, 35.56666666666667 ], [ 139.716666666666669, 35.56666666666667 ], [ 139.716666666666669, 35.558333333333337 ], [ 139.725, 35.558333333333337 ] ] ] } },
{ "type": "Feature", "properties": { "cell_id": "r30_c19", "row": 30, "col": 19, "global_row": 6532, "global_col": 38367, "lon": 139.72916666666663, "lat": 35.5625 }, "geometry": { "type": "Polygon", "coordinates": [ [ [ 139.73333333333332, 35.558333333333337 ], [ 139.73333333333332, 35.56666666666667 ], [ 139.725, 35.56666666666667 ], [ 139.725, 35.558333333333337 ], [ 139.73333333333332, 35.558333333333337 ] ] ] } },
{ "type": "Feature", "properties": { "cell_id": "r30_c20", "row": 30, "col": 20, "global_row": 6532, "global_col": 38368, "lon": 139.7375, "lat": 35.5625 }, "geometry": { "type": "Polygon", "coordinates": [ [ [ 139.741666666666674, 35.558333333333337 ], [ 139.741666666666674, 35.56666666666667 ], [ 139.73333333333332, 35.56666666666667 ], [ 139.73333333333332, 35.558333333333337 ], [ 139.741666666666674, 35.558333333333337 ] ] ] } },
{ "type": "Feature", "properties": { "cell_id": "r30_c21", "row": 30, "col": 21, "global_row": 6532, "global_col": 38369, "lon": 139.74583333333334, "lat": 35.5625 }, "geometry": { "type": "Polygon", "coordinates": [ [ [ 139.75, 35.558333333333337 ], [ 139.75, 35.56666666666667 ], [ 139.741666666666674, 35.56666666666667 ], [ 139.741666666666674, 35.558333333333337 ], [ 139.75, 35.558333333333337 ] ] ] } },
{ "type": "Feature", "properties": { "cell_id": "r30_c24", "row": 30, "col": 24, "global_row": 6532, "global_col": 38372, "lon": 139.77083333333331, "lat": 35.5625 }, "geometry": { "type": "Polygon", "coordinates": [ [ [ 139.775, 35.558333333333337 ], [ 139.775, 35.56666666666667 ], [ 139.766666666666652, 35.56666666666667 ], [ 139.766666666666652, 35.558333333333337 ], [ 139.775, 35.558333333333337 ] ] ] } },
{ "type": "Feature", "properties": { "cell_id": "r30_c25", "row": 30, "col": 25, "global_row": 6532, "global_col": 38373, "lon": 139.7791666666667, "lat": 35.5625 }, "geometry": { "type": "Polygon", "coordinates": [ [ [ 139.783333333333331, 35.558333333333337 ], [ 139.783333333333331, 35.56666666666667 ], [ 139.775, 35.56666666666667 ], [ 139.775, 35.558333333333337 ], [ 139.783333333333331, 35.558333333333337 ] ] ] } },
{ "type": "Feature", "properties": { "cell_id": "r31_c16", "row": 31, "col": 16, "global_row": 6533, "global_col": 38364, "lon": 139.70416666666665, "lat": 35.554166666666674 }, "geometry": { "type": "Polygon", "coordinates": [ [ [ 139.708333333333343, 35.55 ], [ 139.708333333333343, 35.558333333333337 ], [ 139.7, 35.558333333333337 ], [ 139.7, 35.55 ], [ 139.708333333333343, 35.55 ] ] ] } },
{ "type": "Feature", "properties": { "cell_id": "r31_c17", "row": 31, "col": 17, "global_row": 6533, "global_col": 38365, "lon": 139.7125, "lat": 35.554166666666667 }, "geometry": { "type": "Polygon", "coordinates": [ [ [ 139.716666666666669, 35.55 ], [ 139.716666666666669, 35.558333333333337 ], [ 139.708333333333343, 35.558333333333337 ], [ 139.708333333333343, 35.55 ], [ 139.716666666666669, 35.55 ] ] ] } },
{ "type": "Feature", "properties": { "cell_id": "r31_c18", "row": 31, "col": 18, "global_row": 6533, "global_col": 38366, "lon": 139.7208333333333, "lat": 35.554166666666667 }, "geometry": { "type": "Polygon", "coordinates": [ [ [ 139.725, 35.55 ], [ 139.725, 35.558333333333337 ], [ 139.716666666666669, 35.558333333333337 ], [ 139.716666666666669, 35.55 ], [ 139.725, 35.55 ] ] ] } },
{ "type": "Feature", "properties": { "cell_id": "r31_c19", "row": 31, "col": 19, "global_row": 6533, "global_col": 38367, "lon": 139.72916666666663, "lat": 35.554166666666667 }, "geometry": { "type": "Polygon", "coordinates": [ [ [ 139.73333333333332, 35.55 ], [ 139.73333333333332, 35.558333333333337 ], [ 139.725, 35.558333333333337 ], [ 139.725, 35.55 ], [ 139.73333333333332, 35.55 ] ] ] } },
{ "type": "Feature", "properties": { "cell_id": "r31_c20", "row": 31, "col": 20, "global_row": 6533, "global_col": 38368, "lon": 139.7375, "lat": 35.554166666666674 }, "geometry": { "type": "Polygon", "coordinates": [ [ [ 139.741666666666674, 35.55 ], [ 139.741666666666674, 35.558333333333337 ], [ 139.73333333333332, 35.558333333333337 ], [ 139.73333333333332, 35.55 ], [ 139.741666666666674, 35.55 ] ] ] } },
{ "type": "Feature", "properties": { "cell_id": "r31_c21", "row": 31, "col": 21, "global_row": 6533, "global_col": 38369, "lon": 139.74583333333334, "lat": 35.554166666666667 }, "geometry": { "type": "Polygon", "coordinates": [ [ [ 139.75, 35.55 ], [ 139.75, 35.558333333333337 ], [ 139.741666666666674, 35.558333333333337 ], [ 139.741666666666674, 35.55 ], [ 139.75, 35.55 ] ] ] } },
{ "type": "Feature", "properties": { "cell_id": "r31_c22", "row": 31, "col": 22, "global_row": 6533, "global_col": 38370, "lon": 139.75416666666666, "lat": 35.554166666666667 }, "geometry": { "type": "Polygon", "coordinates": [ [ [ 139.758333333333326, 35.55 ], [ 139.758333333333326, 35.558333333333337 ], [ 139.75, 35.558333333333337 ], [ 139.75, 35.55 ], [ 139.758333333333326, 35.55 ] ] ] } },
{ "type": "Feature", "properties": { "cell_id": "r31_c23", "row": 31, "col": 23, "global_row": 6533, "global_col": 38371, "lon": 139.7625, "lat": 35.554166666666667 }, "geometry": { "type": "Polygon", "coordinates": [ [ [ 139.766666666666652, 35.55 ], [ 139.766666666666652, 35.558333333333337 ], [ 139.758333333333326, 35.558333333333337 ], [ 139.758333333333326, 35.55 ], [ 139.766666666666652, 35.55 ] ] ] } },
{ "type": "Feature", "properties": { "cell_id": "r31_c24", "row": 31, "col": 24, "global_row": 6533, "global_col": 38372, "lon": 139.77083333333331, "lat": 35.554166666666674 }, "geometry": { "type": "Polygon", "coordinates": [ [ [ 139.775, 35.55 ], [ 139.775, 35.558333333333337 ], [ 139.766666666666652, 35.558333333333337 ], [ 139.766666666666652, 35.55 ], [ 139.775, 35.55 ] ] ] } },
{ "type": "Feature", "properties": { "cell_id": "r31_c25", "row": 31, "col": 25, "global_row": 6533, "global_col": 38373, "lon": 139.7791666666667, "lat": 35.554166666666667 }, "geometry": { "type": "Polygon", "coordinates": [ [ [ 139.783333333333331, 35.55 ], [ 139.783333333333331, 35.558333333333337 ], [ 139.775, 35.558333333333337 ], [ 139.775, 35.55 ], [ 139.783333333333331, 35.55 ] ] ] } },
{ "type": "Feature", "properties": { "cell_id": "r31_c26", "row": 31, "col": 26, "global_row": 6533, "global_col": 38374, "lon": 139.7875, "lat": 35.554166666666667 }, "geometry": { "type": "Polygon", "coordinates": [ [ [ 139.791666666666657, 35.55 ], [ 139.791666666666657, 35.558333333333337 ], [ 139.783333333333331, 35.558333333333337 ], [ 139.783333333333331, 35.55 ], [ 139.791666666666657, 35.55 ] ] ] } },
{ "type": "Feature", "properties": { "cell_id": "r32_c17", "row": 32, "col": 17, "global_row": 6534, "global_col": 38365, "lon": 139.7125, "lat": 35.545833333333334 }, "geometry": { "type": "Polygon", "coordinates": [ [ [ 139.716666666666669, 35.541666666666671 ], [ 139.716666666666669, 35.55 ], [ 139.708333333333343, 35.55 ], [ 139.708333333333343, 35.541666666666671 ], [ 139.716666666666669, 35.541666666666671 ] ] ] } },
{ "type": "Feature", "properties": { "cell_id": "r32_c18", "row": 32, "col": 18, "global_row": 6534, "global_col": 38366, "lon": 139.7208333333333, "lat": 35.545833333333334 }, "geometry": { "type": "Polygon", "coordinates": [ [ [ 139.725, 35.541666666666671 ], [ 139.725, 35.55 ], [ 139.716666666666669, 35.55 ], [ 139.716666666666669, 35.541666666666671 ], [ 139.725, 35.541666666666671 ] ] ] } },
{ "type": "Feature", "properties": { "cell_id": "r32_c19", "row": 32, "col": 19, "global_row": 6534, "global_col": 38367, "lon": 139.72916666666663, "lat": 35.545833333333334 }, "geometry": { "type": "Polygon", "coordinates": [ [ [ 139.73333333333332, 35.541666666666671 ], [ 139.73333333333332, 35.55 ], [ 139.725, 35.55 ], [ 139.725, 35.541666666666671 ], [ 139.73333333333332, 35.541666666666671 ] ] ] } },
{ "type": "Feature", "properties": { "cell_id": "r32_c20", "row": 32, "col": 20, "global_row": 6534, "global_col": 38368, "lon": 139.7375, "lat": 35.545833333333341 }, "geometry": { "type": "Polygon", "coordinates": [ [ [ 139.741666666666674, 35.541666666666671 ], [ 139.741666666666674, 35.55 ], [ 139.73333333333332, 35.55 ], [ 139.73333333333332, 35.541666666666671 ], [ 139.741666666666674, 35.541666666666671 ] ] ] } },
{ "type": "Feature", "properties": { "cell_id": "r32_c21", "row": 32, "col": 21, "global_row": 6534, "global_col": 38369, "lon": 139.74583333333334, "lat": 35.545833333333334 }, "geometry": { "type": "Polygon", "coordinates": [ [ [ 139.75, 35.541666666666671 ], [ 139.75, 35.55 ], [ 139.741666666666674, 35.55 ], [ 139.741666666666674, 35.541666666666671 ], [ 139.75, 35.541666666666671 ] ] ] } },
{ "type": "Feature", "properties": { "cell_id": "r32_c22", "row": 32, "col": 22, "global_row": 6534, "global_col": 38370, "lon": 139.75416666666666, "lat": 35.545833333333334 }, "geometry": { "type": "Polygon", "coordinates": [ [ [ 139.758333333333326, 35.541666666666671 ], [ 139.758333333333326, 35.55 ], [ 139.75, 35.55 ], [ 139.75, 35.541666666666671 ], [ 139.758333333333326, 35.541666666666671 ] ] ] } },
{ "type": "Feature", "properties": { "cell_id": "r32_c23", "row": 32, "col": 23, "global_row": 6534, "global_col": 38371, "lon": 139.7625, "lat": 35.545833333333334 }, "geometry": { "type": "Polygon", "coordinates": [ [ [ 139.766666666666652, 35.541666666666671 ], [ 139.766666666666652, 35.55 ], [ 139.758333333333326, 35.55 ], [ 139.758333333333326, 35.541666666666671 ], [ 139.766666666666652, 35.541666666666671 ] ] ] } },
{ "type": "Feature", "properties": { "cell_id": "r32_c24", "row": 32, "col": 24, "global_row": 6534, "global_col": 38372, "lon": 139.77083333333331, "lat": 35.545833333333341 }, "geometry": { "type": "Polygon", "coordinates": [ [ [ 139.775, 35.541666666666671 ], [ 139.775, 35.55 ], [ 139.766666666666652, 35.55 ], [ 139.766666666666652, 35.541666666666671 ], [ 139.775, 35.541666666666671 ] ] ] } },
{ "type": "Feature", "properties": { "cell_id": "r32_c25", "row": 32, "col": 25, "global_row": 6534, "global_col": 38373, "lon": 139.7791666666667, "lat": 35.545833333333334 }, "geometry": { "type": "Polygon", "coordinates": [ [ [ 139.783333333333331, 35.541666666666671 ], [ 139.783333333333331, 35.55 ], [ 139.775, 35.55 ], [ 139.775, 35.541666666666671 ], [ 139.783333333333331, 35.541666666666671 ] ] ] } },
{ "type": "Feature", "properties": { "cell_id": "r32_c26", "row": 32, "col": 26, "global_row": 6534, "global_col": 38374, "lon": 139.7875, "lat": 35.545833333333334 }, "geometry": { "type": "Polygon", "coordinates": [ [ [ 139.791666666666657, 35.541666666666671 ], [ 139.791666666666657, 35.55 ], [ 139.783333333333331, 35.55 ], [ 139.783333333333331, 35.541666666666671 ], [ 139.791666666666657, 35.541666666666671 ] ] ] } },
{ "type": "Feature", "properties": { "cell_id": "r33_c17", "row": 33, "col": 17, "global_row": 6535, "global_col": 38365, "lon": 139.7125, "lat": 35.5375 }, "geometry": { "type": "Polygon", "coordinates": [ [ [ 139.716666666666669, 35.533333333333339 ], [ 139.716666666666669, 35.541666666666671 ], [ 139.708333333333343, 35.541666666666671 ], [ 139.708333333333343, 35.533333333333339 ], [ 139.716666666666669, 35.533333333333339 ] ] ] } },
{ "type": "Feature", "properties": { "cell_id": "r33_c26", "row": 33, "col": 26, "global_row": 6535, "global_col": 38374, "lon": 139.7875, "lat": 35.5375 }, "geometry": { "type": "Polygon", "coordinates": [ [ [ 139.791666666666657, 35.533333333333339 ], [ 139.791666666666657, 35.541666666666671 ], [ 139.783333333333331, 35.541666666666671 ], [ 139.783333333333331, 35.533333333333339 ], [ 139.791666666666657, 35.533333333333339 ] ] ] } },
{ "type": "Feature", "properties": { "cell_id": "r33_c27", "row": 33, "col": 27, "global_row": 6535, "global_col": 38375, "lon": 139.79583333333332, "lat": 35.5375 }, "geometry": { "type": "Polygon", "coordinates": [ [ [ 139.8, 35.533333333333339 ], [ 139.8, 35.541666666666671 ], [ 139.791666666666657, 35.541666666666671 ], [ 139.791666666666657, 35.533333333333339 ], [ 139.8, 35.533333333333339 ] ] ] } }
]
}
